Tag,acquisition_function
1,0.0031834990680015274
2,0.001916791090673886
3,0.25510667662155107
4,0.008656352817211777
5,0.008656352817211777
6,6.13591771930766e-05
7,6.13591771930766e-05
8,6.13591771930766e-05
9,6.13591771930766e-05
10,6.13591771930766e-05
11,0.0022372910559044223
12,0.0022372910559044223
13,0.0022372910559044223
14,0.0022372910559044223
15,0.0022372910559044223
16,0.0144851002638553
17,0.0144851002638553
18,0.0144851002638553
19,0.0144851002638553
20,0.016229351793953573
21,0.016229351793953573
22,0.016229351793953573
23,0.016229351793953573
24,0.016229351793953573
25,0.007695677661556322
26,0.007695677661556322
27,0.007695677661556322
28,1.1530177328578084e-05
29,5.5454976414570645e-05
30,0.004620148447939676
31,0.00019830895255368297
32,0.0006852585921240939
33,0.4497757923081698
34,0.18911977309465078
35,0.06520487400394159
36,0.6056027869269442
37,0.18911977309465078
38,0.4497757923081698
39,0.06520487400394159
40,0.699108560579574
41,0.6056027869269442
42,0.18911977309465078
43,0.06520487400394159
44,0.699108560579574
45,0.18911977309465078
46,0.06520487400394159
47,0.6056027869269442
48,0.18911977309465078
49,0.4497757923081698
50,0.06520487400394159
51,0.699108560579574
52,0.6056027869269442
53,0.18911977309465078
54,0.4497757923081698
55,0.06520487400394159
56,0.699108560579574
57,0.6056027869269442
58,0.18911977309465078
59,0.4497757923081698
60,0.06520487400394159
61,0.699108560579574
62,0.6056027869269442
63,0.18911977309465078
64,0.4497757923081698
65,0.06520487400394159
66,0.699108560579574
67,0.6056027869269442
68,0.18911977309465078
69,0.4497757923081698
70,0.06520487400394159
71,0.699108560579574
84,0.0022499876050228185
85,0.0022499876050228185
86,0.0022499876050228185
87,0.0022499876050228185
88,0.0022499876050228185
89,0.0022499876050228185
90,0.0022499876050228185
91,0.0022499876050228185
92,0.00035493447690759794
93,0.00035493447690759794
94,0.00035493447690759794
95,0.00035493447690759794
96,0.00035493447690759794
97,0.00035493447690759794
100,3.279175092574249e-07
101,4.121761709940941e-06
102,1.604604943161725e-05
103,8.170505271376527e-05
105,1.1144229669968198e-05
106,0.0012867428767822098
109,1.5131775791710211e-05
110,5.787652445077285e-06
118,0.761678542437244
120,0.761678542437244
123,0.761678542437244
164,0.04387239159592837
165,0.03223409551796064
166,0.04387239159592837
167,0.03223409551796064
168,0.04387239159592837
169,0.03223409551796064
170,0.3197277664823608
171,0.3170499811508124
172,0.31513405847779663
173,0.24213848959289141
174,0.01969654315075653
175,0.3763714577312327
176,0.35419297389188875
177,0.6708020498786504
178,0.2315007454791389
179,0.016293201615363073
180,0.404579785812187
181,0.4466118180617159
182,0.16484646061451236
183,5.5454976414570645e-05
184,0.40100089196474575
186,0.2752742773554462
187,0.8966511792816478
188,0.23546510057118208
189,0.04506398939280576
190,2.5557315153079685e-09
191,3.808292292628579e-08
192,0.0002599860028299483
193,0.000180556224646522
194,0.0017416406588649513
195,1.8241519406103635e-11
196,1.8241519406103635e-11
197,3.7929085030530274e-06
198,3.7929085030530274e-06
199,2.2217739556684712e-05
200,2.2217739556684712e-05
201,3.289717932508651e-06
202,0.2215312060728405
203,0.2215312060728405
204,0.002013547612380706
205,2.5557315153079685e-09
206,2.5557315153079685e-09
207,0.005493908126225411
208,0.6056027869269442
209,0.6056027869269442
210,0.08208267371795952
211,0.1488959985347521
212,0.6830737967976531
213,3.808292292628579e-08
214,5.119394172470315e-06
215,3.5691801445469906e-06
216,3.590118117124952e-06
217,2.6618502386721588e-06
218,2.2527800960236988e-06
219,3.1315925771435715e-06
220,5.119394172470315e-06
221,3.5691801445469906e-06
222,3.590118117124952e-06
223,2.6618502386721588e-06
224,2.2527800960236988e-06
225,3.1315925771435715e-06
226,5.119394172470315e-06
227,3.5691801445469906e-06
228,3.590118117124952e-06
229,2.6618502386721588e-06
230,2.2527800960236988e-06
231,3.1315925771435715e-06
232,5.119394172470315e-06
233,3.5691801445469906e-06
234,3.590118117124952e-06
235,2.6618502386721588e-06
236,2.2527800960236988e-06
237,3.1315925771435715e-06
238,5.119394172470315e-06
239,3.5691801445469906e-06
240,3.590118117124952e-06
241,2.6618502386721588e-06
242,2.2527800960236988e-06
243,3.1315925771435715e-06
244,5.119394172470315e-06
245,3.5691801445469906e-06
246,3.590118117124952e-06
247,2.6618502386721588e-06
248,2.2527800960236988e-06
249,3.1315925771435715e-06
250,5.119394172470315e-06
251,3.5691801445469906e-06
252,3.590118117124952e-06
253,2.6618502386721588e-06
254,2.2527800960236988e-06
255,3.1315925771435715e-06
256,3.590118117124952e-06
257,2.6618502386721588e-06
258,2.2527800960236988e-06
259,3.1315925771435715e-06
260,5.119394172470315e-06
261,3.5691801445469906e-06
262,3.590118117124952e-06
263,2.6618502386721588e-06
264,2.2527800960236988e-06
265,3.1315925771435715e-06
266,2.2527800960236988e-06
267,5.119394172470315e-06
268,3.5691801445469906e-06
269,3.590118117124952e-06
270,2.6618502386721588e-06
271,2.2527800960236988e-06
272,3.1315925771435715e-06
273,3.590118117124952e-06
274,2.6618502386721588e-06
275,2.2527800960236988e-06
276,3.1315925771435715e-06
277,0.6044134809529169
278,0.6044134809529169
279,0.6044134809529169
280,0.6044134809529169
281,0.6044134809529169
282,0.6044134809529169
283,0.6044134809529169
284,0.6044134809529169
285,0.6044134809529169
286,0.6044134809529169
287,0.6044134809529169
288,0.6044134809529169
289,0.6044134809529169
290,0.6044134809529169
291,0.6044134809529169
292,0.6044134809529169
293,0.6044134809529169
294,0.6044134809529169
295,4.8524218014489584e-05
296,4.8524218014489584e-05
297,4.8524218014489584e-05
298,4.8524218014489584e-05
299,4.8524218014489584e-05
300,4.8524218014489584e-05
301,4.8524218014489584e-05
302,4.8524218014489584e-05
303,4.8524218014489584e-05
304,0.002450694234776951
305,0.002450694234776951
306,0.002450694234776951
307,0.002450694234776951
308,0.002450694234776951
315,2.8634037111396893e-06
316,2.8634037111396893e-06
317,2.8634037111396893e-06
318,2.8634037111396893e-06
319,5.788846571097572e-06
320,5.788846571097572e-06
321,5.788846571097572e-06
322,5.788846571097572e-06
323,2.468964814483776e-06
324,2.468964814483776e-06
325,2.468964814483776e-06
326,2.8634037111396893e-06
327,5.788846571097572e-06
328,2.468964814483776e-06
329,0.0013413241673220222
330,0.05285146869885737
331,0.05285146869885737
332,0.05285146869885737
333,0.05285146869885737
334,0.05285146869885737
335,0.05285146869885737
336,0.05285146869885737
337,0.05285146869885737
338,0.05285146869885737
339,0.05285146869885737
340,0.05285146869885737
341,0.05285146869885737
342,0.05285146869885737
343,0.05285146869885737
344,0.05285146869885737
345,0.05285146869885737
346,0.05285146869885737
347,0.05285146869885737
359,0.15529101520722066
360,0.15529101520722066
366,0.33481205045922324
368,0.33481205045922324
373,0.5244219712758778
374,0.5244219712758778
375,0.5244219712758778
379,0.43542210544615634
380,0.43542210544615634
381,0.43542210544615634
382,0.43542210544615634
455,0.008622705587894686
456,2.137540333735366e-05
457,0.008959048112787693
458,0.005445606178019702
459,0.0034546322921704675
460,0.0008210829025379063
508,0.10480517759751229
511,0.0006362649963012057
516,0.0006362649963012057
521,0.0006362649963012057
526,0.0006362649963012057
543,0.0007355397999206925
544,0.0007355397999206925
545,0.0007355397999206925
547,0.000631887110133067
548,0.000631887110133067
561,1.2968959239856304e-11
562,0.00014081437267421393
563,0.00011737516192766861
564,0.0019313141470828077
565,5.267805846786988e-05
566,1.1738875689282224e-06
567,6.952130710213833e-05
568,0.000631887110133067
569,0.0016279561640432094
570,1.0242749870492673e-08
571,0.003329013547266446
572,0.047728061013268874
573,0.12179746189512453
574,0.0037783054028251994
575,0.04112567516578558
576,0.12048826414254221
577,0.00022390188537080302
578,0.0011525769366649286
579,0.003522541880997765
580,0.0037783054028251994
581,0.0037783054028251994
582,0.0037783054028251994
583,0.0037783054028251994
584,0.0037783054028251994
585,0.025142392899320964
586,0.025142392899320964
587,0.025142392899320964
654,0.6739664357452465
655,0.6739664357452465
656,0.6739664357452465
657,0.6739664357452465
658,0.6739664357452465
659,0.6739664357452465
660,0.6739664357452465
661,0.6739664357452465
662,0.01667477007018947
663,0.01667477007018947
665,0.01667477007018947
666,0.01667477007018947
667,0.01667477007018947
668,0.01667477007018947
669,0.01667477007018947
670,0.009325217010106024
672,0.009325217010106024
673,0.009325217010106024
674,0.009325217010106024
675,0.009325217010106024
676,0.009325217010106024
677,0.009325217010106024
678,0.18179153925176172
679,0.18179153925176172
681,0.18179153925176172
682,0.18179153925176172
683,0.18179153925176172
684,0.18179153925176172
685,0.18179153925176172
686,0.04414032047089245
687,0.04414032047089245
688,0.04414032047089245
689,0.04414032047089245
690,0.04414032047089245
691,0.04414032047089245
692,0.04414032047089245
693,0.04414032047089245
694,0.04414032047089245
695,0.04414032047089245
696,0.7095938618574642
697,0.7095938618574642
698,0.7095938618574642
699,0.7095938618574642
700,0.7095938618574642
701,0.7095938618574642
702,0.7095938618574642
703,0.7095938618574642
704,0.7095938618574642
705,0.7095938618574642
706,0.5148123406140246
707,0.5148123406140246
708,0.5148123406140246
709,0.5148123406140246
710,0.5148123406140246
711,0.5148123406140246
712,0.5148123406140246
713,0.5148123406140246
714,0.5148123406140246
715,0.5148123406140246
716,0.27901104736067583
717,0.27901104736067583
718,0.27901104736067583
719,0.27901104736067583
720,0.27901104736067583
721,0.27901104736067583
722,0.27901104736067583
723,0.27901104736067583
724,0.27901104736067583
725,0.27901104736067583
726,0.27901104736067583
727,0.27901104736067583
728,0.27901104736067583
729,0.27901104736067583
744,0.0144851002638553
745,0.0144851002638553
746,0.0144851002638553
747,0.0144851002638553
748,0.0144851002638553
749,0.016229351793953573
750,0.016229351793953573
751,0.016229351793953573
752,0.016229351793953573
753,0.016229351793953573
760,0.017015392426377507
777,0.8531710461839439
908,6.13591771930766e-05
909,0.0004914662421150462
986,0.009213251851781123
987,0.009213251851781123
989,0.009213251851781123
990,0.009213251851781123
991,0.009213251851781123
1027,0.45446167323625497
1028,0.45446167323625497
1057,0.0015970766150610327
1072,6.7853307649135e-05
1073,6.7853307649135e-05
1074,6.7853307649135e-05
1075,6.7853307649135e-05
1076,6.7853307649135e-05
1077,6.7853307649135e-05
1078,6.7853307649135e-05
1079,6.7853307649135e-05
1090,1.1825565875422939e-06
1175,0.10704866284646208
1193,0.03161015245490595
1196,0.03005447661622751
1197,0.03193909451954202
1200,0.039131872053185024
1203,0.04277045220363285
1232,0.025214490200477946
1233,0.025214490200477946
1234,0.03727936001370902
1235,0.03727936001370902
1236,0.03783257972742249
1237,0.03783257972742249
1238,0.04481788233345341
1239,0.04481788233345341
1240,0.12174064065921264
1241,0.12174064065921264
1242,0.04505248004364315
1243,0.04505248004364315
1244,0.023958002374700582
1245,0.023958002374700582
1246,0.020674450573790804
1247,0.020674450573790804
1248,0.026823856024846826
1249,0.026823856024846826
1250,0.05051386850768813
1251,0.05051386850768813
1252,0.033739895711676904
1253,0.033739895711676904
1260,0.08055486654491495
1262,0.05116800222357676
1263,0.05116800222357676
1264,0.05116800222357676
1295,0.000255807540388564
1296,0.013855333125161406
1297,1.0962668550718035e-09
1298,0.003409835681229212
1300,0.020682642361958936
1301,0.020682642361958936
1302,0.020682642361958936
1361,0.413195910064733
1362,0.37077095391474635
1363,0.41173044309304596
1364,0.34237628361175465
1365,0.335287054165036
1366,0.35328024069269204
1367,0.36995285992872673
1368,0.35024208135452717
1369,0.413195910064733
1370,0.37077095391474635
1371,0.41173044309304596
1372,0.34237628361175465
1373,0.335287054165036
1374,0.35328024069269204
1375,0.36995285992872673
1376,0.35024208135452717
1377,0.413195910064733
1378,0.37077095391474635
1379,0.41173044309304596
1380,0.34237628361175465
1381,0.335287054165036
1382,0.35328024069269204
1383,0.36995285992872673
1384,0.35024208135452717
1385,0.413195910064733
1386,0.37077095391474635
1387,0.41173044309304596
1388,0.34237628361175465
1389,0.335287054165036
1390,0.35328024069269204
1391,0.36995285992872673
1392,0.35024208135452717
1393,0.413195910064733
1394,0.37077095391474635
1395,0.41173044309304596
1396,0.34237628361175465
1397,0.335287054165036
1398,0.35328024069269204
1399,0.36995285992872673
1400,0.35024208135452717
1401,0.413195910064733
1402,0.37077095391474635
1403,0.41173044309304596
1404,0.34237628361175465
1405,0.335287054165036
1406,0.35328024069269204
1407,0.36995285992872673
1408,0.35024208135452717
1417,0.413195910064733
1418,0.37077095391474635
1419,0.41173044309304596
1420,0.34237628361175465
1421,0.335287054165036
1422,0.35328024069269204
1423,0.36995285992872673
1424,0.35024208135452717
1425,0.005841265141843688
1426,0.005841265141843688
1427,0.005841265141843688
1428,0.005841265141843688
1429,0.005841265141843688
1430,0.005841265141843688
1431,0.006894514981556132
1432,0.006894514981556132
1433,0.006894514981556132
1434,0.006894514981556132
1488,0.030214370232253263
1497,0.03812803065584591
1528,0.04196157748814955
1532,0.11116330926214801
1537,0.05629728183305771
1538,0.05629728183305771
1582,0.00015555914754661337
1605,9.504646203417622e-08
1606,9.504646203417622e-08
1607,9.504646203417622e-08
1608,9.504646203417622e-08
1614,0.006492873890020956
1615,0.006492873890020956
1616,0.006492873890020956
1617,0.006492873890020956
1629,2.766445035462528e-05
1630,0.00021203333787933598
1631,0.0014049238884620285
1632,0.0005508092291128808
1633,2.7312416933655825e-05
1634,0.003843309412466689
1635,0.00010125703051921953
1636,0.002326262460334294
1637,0.00047530164360587435
1638,0.003091897935286636
1639,0.000340843049929096
1640,2.766445035462528e-05
1641,0.00021203333787933598
1642,0.0014049238884620285
1643,2.7312416933655825e-05
1644,0.003843309412466689
1645,0.00010125703051921953
1646,0.002326262460334294
1647,0.00047530164360587435
1648,0.003091897935286636
1649,0.000340843049929096
1650,2.766445035462528e-05
1651,0.00021203333787933598
1652,0.0014049238884620285
1653,0.0005508092291128808
1654,2.7312416933655825e-05
1655,0.003843309412466689
1656,0.00010125703051921953
1657,0.002326262460334294
1658,0.00047530164360587435
1659,0.003091897935286636
1660,0.000340843049929096
1661,2.766445035462528e-05
1662,0.00021203333787933598
1663,0.0014049238884620285
1664,0.0005508092291128808
1665,2.7312416933655825e-05
1666,0.003843309412466689
1667,0.00010125703051921953
1668,0.002326262460334294
1669,0.00047530164360587435
1670,0.003091897935286636
1671,0.000340843049929096
1687,0.009993336751554116
1688,0.009993336751554116
1689,0.009993336751554116
1690,0.009993336751554116
1691,0.009993336751554116
1692,0.009993336751554116
1693,0.015424105645176045
1694,0.015424105645176045
1695,0.015424105645176045
1696,0.015424105645176045
1697,0.015424105645176045
1698,0.015424105645176045
1699,0.011275837565030145
1700,0.011275837565030145
1701,0.011275837565030145
1702,0.011275837565030145
1703,0.011275837565030145
1704,0.011275837565030145
1705,0.014516768305863348
1706,0.014516768305863348
1707,0.014516768305863348
1708,0.014516768305863348
1709,0.014516768305863348
1710,0.014516768305863348
1711,0.01687631381128607
1712,0.01687631381128607
1713,0.01687631381128607
1714,0.01687631381128607
1715,0.01687631381128607
1716,0.01687631381128607
1717,0.010798701694009427
1718,0.010798701694009427
1719,0.010798701694009427
1720,0.010798701694009427
1721,0.010798701694009427
1722,0.010798701694009427
1723,0.008184452424779831
1724,0.008184452424779831
1725,0.008184452424779831
1726,0.008184452424779831
1727,0.008184452424779831
1728,0.008184452424779831
1729,0.006027855022382567
1730,0.006027855022382567
1731,0.006027855022382567
1732,0.006027855022382567
1733,0.006027855022382567
1734,0.006027855022382567
1735,0.0053992682065627795
1736,0.0053992682065627795
1737,0.0053992682065627795
1738,0.0053992682065627795
1739,0.0053992682065627795
1740,0.0053992682065627795
1741,0.029444406217608687
1742,0.029444406217608687
1743,0.029444406217608687
1744,0.029444406217608687
1745,0.029444406217608687
1747,0.054772844298026535
1748,0.054772844298026535
1749,0.054772844298026535
1750,0.054772844298026535
1751,0.054772844298026535
1753,0.03461280235594366
1754,0.03461280235594366
1755,0.03461280235594366
1756,0.03461280235594366
1757,0.03461280235594366
1759,0.02245134976415486
1760,0.02245134976415486
1761,0.02245134976415486
1762,0.02245134976415486
1763,0.02245134976415486
1765,0.02204760223114155
1766,0.02204760223114155
1767,0.02204760223114155
1768,0.02204760223114155
1769,0.02204760223114155
1771,0.009437791379809157
1772,0.009437791379809157
1773,0.009437791379809157
1774,0.009437791379809157
1775,0.009437791379809157
1777,0.0178420878402763
1778,0.0178420878402763
1779,0.0178420878402763
1780,0.0178420878402763
1781,0.0178420878402763
1783,0.0182953929654609
1784,0.0182953929654609
1785,0.0182953929654609
1786,0.0182953929654609
1787,0.0182953929654609
1789,0.016228011577726242
1790,0.016228011577726242
1791,0.016228011577726242
1792,0.016228011577726242
1793,0.016228011577726242
1795,0.01768453433019146
1796,0.01768453433019146
1797,0.01768453433019146
1798,0.01768453433019146
1799,0.01768453433019146
1804,0.36138853237668433
1805,0.3115483875297116
1806,0.40852161553674937
1807,0.36138853237668433
1808,0.3115483875297116
1809,0.40852161553674937
1835,0.4768695528871685
1836,0.8966511792816478
1837,0.9231940423440859
1838,0.9079326143091996
1839,0.8788293291913771
1840,0.8480243808348529
1841,0.35350889087070847
1842,0.6350374464291388
1843,0.879208718606937
1844,0.704015637404382
1845,0.22743335094532657
1846,0.4768695528871685
1847,0.4768695528871685
1848,0.4768695528871685
1849,0.4768695528871685
1850,0.4768695528871685
1851,0.4768695528871685
1852,0.8966511792816478
1853,0.8966511792816478
1854,0.8966511792816478
1855,0.8966511792816478
1856,0.8966511792816478
1857,0.8966511792816478
1858,0.9231940423440859
1859,0.9231940423440859
1860,0.9231940423440859
1861,0.9231940423440859
1862,0.9231940423440859
1863,0.9231940423440859
1864,0.9079326143091996
1865,0.9079326143091996
1866,0.9079326143091996
1867,0.9079326143091996
1868,0.9079326143091996
1869,0.9079326143091996
1870,0.8788293291913771
1871,0.8788293291913771
1872,0.8788293291913771
1873,0.8788293291913771
1874,0.8788293291913771
1875,0.8788293291913771
1876,0.8480243808348529
1877,0.8480243808348529
1878,0.8480243808348529
1879,0.8480243808348529
1880,0.8480243808348529
1881,0.8480243808348529
1882,0.35350889087070847
1883,0.35350889087070847
1884,0.35350889087070847
1885,0.35350889087070847
1886,0.35350889087070847
1887,0.35350889087070847
1888,0.6350374464291388
1889,0.6350374464291388
1890,0.6350374464291388
1891,0.6350374464291388
1892,0.879208718606937
1893,0.879208718606937
1894,0.879208718606937
1895,0.879208718606937
1896,0.879208718606937
1897,0.879208718606937
1898,0.704015637404382
1965,1.1433491919676797e-05
1966,3.134105933344511e-05
1967,0.026248462587256216
1968,0.016852173349158117
1969,0.0016097560498697927
1970,0.0011632098265376145
1971,2.291077317784218e-05
1972,3.388260369230345e-05
1979,0.01698139563175083
1980,0.0027158286648112373
1981,0.010644873023803791
1982,0.3485477896618616
1983,0.35159768087872034
1984,0.0037411786225846067
1986,0.03124906874488853
1988,0.03990536614410345
1990,0.005878972334064425
1992,0.08619799042546794
1995,0.0027158286648112373
2114,0.010469699939576249
2115,0.010469699939576249
2117,0.010469699939576249
2118,0.010469699939576249
2119,0.010469699939576249
2120,0.010469699939576249
2121,0.010469699939576249
2122,0.010469699939576249
2123,0.003476870362851381
2124,0.003476870362851381
2126,0.003476870362851381
2127,0.003476870362851381
2128,0.003476870362851381
2129,0.003476870362851381
2130,0.003476870362851381
2131,0.003476870362851381
2132,0.0024289109829809252
2133,0.002291791904500018
2134,1.9951707296961274e-05
2135,1.6333081198971477e-05
2136,2.453560465909277e-09
2137,6.573711189528098e-05
2139,0.004451214839639728
2149,1.1575312872658117e-06
2227,0.018820518439473077
2234,0.008382245686395562
2237,0.01787805012544119
2244,0.11468166789194956
2260,0.06002138991182959
2261,0.17856066958691108
2262,0.20775295917646242
2263,0.06584059283057475
2264,0.1165024527026699
2265,0.32373586605120286
2266,0.1780311305995077
2267,0.24172905848065307
2268,0.22873686886319533
2269,0.2837645673608633
2270,0.1961504198986066
2271,0.14303572852692548
2272,0.06032570761807199
2273,0.39610655901819725
2274,0.0873018122121837
2275,0.2131021762279235
2276,0.3038623221796197
2277,0.300590154104561
2278,0.2998752656803101
2279,0.14020529165376439
2280,0.15289364308524367
2281,0.06002138991182959
2282,0.17856066958691108
2283,0.20775295917646242
2284,0.06584059283057475
2285,0.1165024527026699
2286,0.32373586605120286
2287,0.1780311305995077
2288,0.24172905848065307
2289,0.22873686886319533
2290,0.2837645673608633
2291,0.1961504198986066
2292,0.14303572852692548
2293,0.06032570761807199
2294,0.39610655901819725
2295,0.0873018122121837
2296,0.2131021762279235
2297,0.3038623221796197
2298,0.300590154104561
2299,0.2998752656803101
2300,0.14020529165376439
2301,0.15289364308524367
2302,0.06002138991182959
2303,0.17856066958691108
2304,0.20775295917646242
2305,0.06584059283057475
2306,0.1165024527026699
2307,0.32373586605120286
2308,0.1780311305995077
2309,0.24172905848065307
2310,0.22873686886319533
2311,0.2837645673608633
2312,0.1961504198986066
2313,0.14303572852692548
2314,0.06032570761807199
2315,0.39610655901819725
2316,0.0873018122121837
2317,0.2131021762279235
2318,0.3038623221796197
2319,0.300590154104561
2320,0.2998752656803101
2321,0.14020529165376439
2322,0.15289364308524367
2323,0.06002138991182959
2324,0.17856066958691108
2325,0.20775295917646242
2326,0.06584059283057475
2327,0.1165024527026699
2328,0.32373586605120286
2329,0.1780311305995077
2330,0.24172905848065307
2331,0.22873686886319533
2332,0.2837645673608633
2333,0.1961504198986066
2334,0.14303572852692548
2335,0.06032570761807199
2336,0.39610655901819725
2337,0.0873018122121837
2338,0.2131021762279235
2339,0.3038623221796197
2340,0.300590154104561
2341,0.2998752656803101
2342,0.14020529165376439
2343,0.15289364308524367
2344,0.06002138991182959
2345,0.17856066958691108
2346,0.20775295917646242
2347,0.06584059283057475
2348,0.1165024527026699
2349,0.32373586605120286
2350,0.1780311305995077
2351,0.24172905848065307
2352,0.22873686886319533
2353,0.2837645673608633
2354,0.1961504198986066
2355,0.14303572852692548
2356,0.06032570761807199
2357,0.39610655901819725
2358,0.0873018122121837
2359,0.2131021762279235
2360,0.3038623221796197
2361,0.300590154104561
2362,0.2998752656803101
2363,0.14020529165376439
2364,0.15289364308524367
2365,0.06002138991182959
2366,0.17856066958691108
2367,0.20775295917646242
2368,0.06584059283057475
2369,0.1165024527026699
2370,0.32373586605120286
2371,0.1780311305995077
2372,0.24172905848065307
2373,0.22873686886319533
2374,0.2837645673608633
2375,0.1961504198986066
2376,0.14303572852692548
2377,0.06032570761807199
2378,0.39610655901819725
2379,0.0873018122121837
2380,0.2131021762279235
2381,0.3038623221796197
2382,0.300590154104561
2383,0.2998752656803101
2384,0.14020529165376439
2385,0.15289364308524367
2503,0.002310174621038774
2504,0.009543777650626084
2505,0.005492910058901512
2506,0.02741038613173563
2507,0.0019826357578391907
2508,0.008184718570549587
2509,0.026241702477219242
2555,0.09763279393116031
2556,0.09763279393116031
2571,3.9347763269859115e-08
2732,0.006655642541329554
2787,0.0005781412266986363
2788,0.0005781412266986363
2789,0.0005781412266986363
2790,0.0005781412266986363
2791,0.0005781412266986363
2792,0.0005781412266986363
2793,0.0005781412266986363
2794,0.0005781412266986363
2795,0.0005781412266986363
2796,0.0005781412266986363
2797,0.0005781412266986363
2798,0.0005781412266986363
2799,0.08208267371795952
2800,0.08208267371795952
2801,0.08208267371795952
2802,0.08208267371795952
2803,0.08208267371795952
2804,0.08208267371795952
2805,0.08208267371795952
2806,0.08208267371795952
2807,0.08208267371795952
2808,0.08208267371795952
2809,0.07340394859743615
2810,0.07340394859743615
2811,0.07340394859743615
2812,0.07340394859743615
2813,0.07340394859743615
2814,0.07340394859743615
2815,0.07340394859743615
2816,0.07340394859743615
2817,0.07340394859743615
2818,0.07340394859743615
2819,0.07340394859743615
2820,0.07340394859743615
2821,0.07340394859743615
2822,0.07340394859743615
2823,0.07340394859743615
2824,0.07340394859743615
2825,0.07340394859743615
2826,0.07340394859743615
2827,0.07340394859743615
2828,0.07340394859743615
2829,0.07340394859743615
2830,0.07340394859743615
2831,0.06944474044632809
2832,0.06944474044632809
2833,0.06944474044632809
2834,0.06944474044632809
2835,0.06944474044632809
2836,0.06944474044632809
2837,0.06944474044632809
2838,0.06944474044632809
2839,0.06944474044632809
2964,0.020790917770998174
2970,0.024703918278137893
2976,0.0408647421659033
2979,0.06535725939221826
2982,0.057584361661852324
2984,0.05522546942065565
2985,0.05522546942065565
2992,0.025787186192926637
2993,0.025787186192926637
2994,0.025787186192926637
2995,0.025787186192926637
2996,0.025787186192926637
3042,0.0208951930302802
3182,0.7244669460620369
3186,0.9501285323063927
3187,0.7185701476236899
3210,0.9037286105052765
3215,0.36830117980899213
3216,0.8575130253754957
3226,0.8620722284034928
3252,0.3182445398869481
3253,0.300986791246301
3254,0.5760599284490497
3274,0.49387364491206365
3275,0.45746892371184333
3283,0.900455821798073
3285,0.9017932338683472
3290,0.9195810873050727
3302,0.8294498626741736
3304,0.6014226361859556
3334,0.5177562872095834
3335,0.5196367465266667
3368,0.0222840205288678
3405,0.0016704234255335848
3407,0.0016704234255335848
3413,0.0001668715670732901
3415,0.0001668715670732901
3466,0.00037953844301941153
3467,0.00037953844301941153
3468,0.00037953844301941153
3469,0.00037953844301941153
3470,0.00037953844301941153
3471,0.00037953844301941153
3490,0.3429179022196436
3491,0.3429179022196436
3492,0.3429179022196436
3493,0.3429179022196436
3494,0.3429179022196436
3495,0.3429179022196436
3496,0.3429179022196436
3497,0.3429179022196436
3498,0.3429179022196436
3499,0.3429179022196436
3500,0.3429179022196436
3632,0.0017416406588649513
3637,0.0017416406588649513
3662,0.0014874267933800978
3663,0.0007492864137138566
3664,0.004632336580243979
3665,0.010842919729814549
3666,0.009519293677089036
3667,0.006411355962666843
3668,0.01403701748240771
3669,0.006150329459895465
3670,0.0020792880271558456
3671,0.006283737338109718
3672,0.0042132103579463065
3673,0.013876014561283512
3674,0.008406173096144776
3675,0.00752193180798022
3676,0.051407272473153354
3677,0.03881012029658948
3678,0.002233255802885914
3679,0.0028452241749872265
3680,0.0026327708042533926
3681,0.2184984899842729
3682,0.0302077202379325
3683,0.13271670106354527
3684,0.05489471080380037
3685,0.08332807901354389
3686,0.155629489703907
3687,0.06396328919039851
3688,0.07566462977552102
3689,0.0645576565189464
3690,0.1769811697921807
3691,0.015193935155023208
3692,0.11470153619411227
3723,8.763936143463269e-08
3724,0.20437725682682917
3725,0.03334572443450623
3726,0.05119447361491547
3727,8.763936143463269e-08
3728,0.20437725682682917
3729,0.03334572443450623
3730,0.05119447361491547
3731,8.763936143463269e-08
3732,0.20437725682682917
3733,0.03334572443450623
3734,0.05119447361491547
3791,0.0009546580603073673
3792,0.0023553043677637664
3793,0.03161981795467328
3794,0.03804021838161087
3795,0.0455327254656942
3796,0.0009546580603073673
3797,0.0023553043677637664
3798,0.03161981795467328
3799,0.03804021838161087
3800,0.0455327254656942
3801,0.0009546580603073673
3802,0.0023553043677637664
3803,0.03161981795467328
3804,0.03804021838161087
3805,0.0455327254656942
3859,0.008042124054394084
3860,0.45065898869693877
3861,0.5191502829734469
3862,0.24852983686270402
3867,0.008042124054394084
3868,0.45065898869693877
3869,0.5191502829734469
3870,0.24852983686270402
3876,0.02673713213471296
3877,0.0507292326015254
3878,0.027172796746375072
3879,0.07209816804520164
3880,0.32613335776727437
3922,0.0007516108128476917
3923,0.0007516108128476917
3924,0.0007516108128476917
3925,0.0007516108128476917
3926,0.0007516108128476917
3927,0.0007516108128476917
3928,0.0007516108128476917
3929,0.0007516108128476917
3930,0.0011187256765724518
3931,0.0011187256765724518
3932,0.0011187256765724518
3933,0.0011187256765724518
3934,0.0011187256765724518
3935,0.0011187256765724518
3936,0.0011187256765724518
3937,0.0011187256765724518
3977,0.8217203382717457
3978,0.8217203382717457
3979,0.8217203382717457
3980,0.8217203382717457
3981,0.8217203382717457
3982,0.8217203382717457
3983,0.8217203382717457
3985,0.8439190519252403
3986,0.8439190519252403
3987,0.8439190519252403
3988,0.8439190519252403
3989,0.8439190519252403
3990,0.8439190519252403
3991,0.8439190519252403
3993,0.7782106498268446
3994,0.7782106498268446
3995,0.7782106498268446
3996,0.7782106498268446
3997,0.7782106498268446
3998,0.7782106498268446
3999,0.7782106498268446
4001,0.821877792161706
4002,0.821877792161706
4003,0.821877792161706
4004,0.821877792161706
4005,0.821877792161706
4006,0.821877792161706
4007,0.821877792161706
4031,0.17140230862502848
4032,0.32717751059988653
4037,0.17140230862502848
4038,0.32717751059988653
4138,0.0036710429522731625
4139,0.004979770330602706
4140,0.004252457240037311
4141,0.004331116578902949
4142,0.004497809797332386
4143,0.021117296024647958
4144,0.018495730929992238
4145,0.018500124789247785
4146,0.020764077727441044
4183,0.0037176060265147193
4184,0.0037176060265147193
4185,0.0037176060265147193
4186,0.0037176060265147193
4187,0.0037176060265147193
4188,0.0037176060265147193
4189,0.0037176060265147193
4190,0.0037176060265147193
4191,0.0037176060265147193
4192,0.0037176060265147193
4193,0.017374670303900608
4194,0.017374670303900608
4195,0.017374670303900608
4196,0.017374670303900608
4197,0.017374670303900608
4198,0.017374670303900608
4199,0.017374670303900608
4200,0.017374670303900608
4201,0.017374670303900608
4202,0.017374670303900608
4203,0.013779833670572561
4204,0.013779833670572561
4205,0.013779833670572561
4206,0.013779833670572561
4207,0.013779833670572561
4208,0.013779833670572561
4209,0.013779833670572561
4210,0.013779833670572561
4211,0.013779833670572561
4212,0.013779833670572561
4213,0.007083350518827247
4214,0.007083350518827247
4215,0.007083350518827247
4216,0.007083350518827247
4217,0.007083350518827247
4218,0.007083350518827247
4219,0.007083350518827247
4220,0.007083350518827247
4221,0.007083350518827247
4222,0.007083350518827247
4223,0.0018450864724152138
4224,0.0018450864724152138
4225,0.0018450864724152138
4226,0.0018450864724152138
4227,0.0018450864724152138
4228,0.0018450864724152138
4229,0.0018450864724152138
4230,0.0018450864724152138
4231,0.0018450864724152138
4232,0.0018450864724152138
4233,0.0037176060265147193
4234,0.017374670303900608
4235,0.013779833670572561
4236,0.007083350518827247
4237,0.0018450864724152138
4238,0.0037176060265147193
4239,0.017374670303900608
4240,0.013779833670572561
4241,0.007083350518827247
4242,0.0018450864724152138
4355,0.24237627275530282
4356,0.24237627275530282
4358,0.24237627275530282
4359,0.24237627275530282
4368,0.1395475002427473
4374,0.001755392353415819
4375,0.001755392353415819
4376,0.001755392353415819
4377,0.001755392353415819
4378,0.001755392353415819
4379,0.001755392353415819
4380,0.001755392353415819
4381,0.001755392353415819
4382,0.001755392353415819
4383,0.001755392353415819
4384,0.001755392353415819
4385,0.001755392353415819
4431,0.0012773595424721007
4432,0.0004382918827057214
4433,0.0008098602662220955
4434,0.0012395021062071576
4435,0.0004241607842583317
4436,0.0015922621912954904
4444,0.5674631327117383
4445,0.5674631327117383
4447,0.5674631327117383
4448,0.5674631327117383
4598,0.0002012628544186823
4599,0.0009811437728273198
4600,0.0013737267168070222
4601,0.00031421993655478264
4602,0.0004341865840992165
4603,0.0009357201866515563
4604,0.00011830492694020478
4605,0.0005737645423314897
4606,0.000941749886931853
4607,0.00020837489710212598
4625,0.01760979246702421
4639,0.002081463320581789
4647,0.002081463320581789
4648,0.07653767851634374
4649,0.0001824953329832013
4650,0.0001824953329832013
4651,0.0001824953329832013
4652,0.0001824953329832013
4653,0.00018209871262808708
4654,0.00018209871262808708
4655,0.00018209871262808708
4656,0.00018209871262808708
4657,0.00015871235418540852
4658,0.00015871235418540852
4659,0.00015871235418540852
4660,0.00015871235418540852
4661,4.4702223755965775e-07
4684,0.018437534776899578
4685,0.020251870053917265
4694,0.001367997210616756
4695,0.001367997210616756
4696,0.001367997210616756
4697,0.001367997210616756
4698,0.001367997210616756
4699,0.001367997210616756
4700,0.001367997210616756
4701,0.00034877083485873595
4702,0.00034877083485873595
4703,0.00034877083485873595
4704,0.00034877083485873595
4705,0.00034877083485873595
4706,0.00034877083485873595
4707,0.00034877083485873595
4708,2.2522161309490585e-05
4709,0.4266488295142621
4716,0.4266488295142621
4717,0.4266488295142621
4718,0.4266488295142621
4719,0.4266488295142621
4720,0.4266488295142621
4721,0.4266488295142621
4722,0.4266488295142621
4723,0.4266488295142621
4724,0.4266488295142621
4727,0.006110708617234728
4730,0.011090625163400647
4777,0.0031986012507937422
4813,0.013872843384408862
4814,0.013872843384408862
4815,0.013872843384408862
4816,0.013872843384408862
4817,0.013872843384408862
4820,0.09985278806333275
4821,0.09985278806333275
4822,0.09985278806333275
4823,0.09985278806333275
4824,0.09985278806333275
4827,0.20509890554637333
4828,0.20509890554637333
4829,0.20509890554637333
4830,0.20509890554637333
4831,0.20509890554637333
4834,0.08578216877294553
4835,0.08578216877294553
4836,0.08578216877294553
4837,0.08578216877294553
4838,0.08578216877294553
4841,0.16826327468935043
4842,0.16826327468935043
4843,0.16826327468935043
4844,0.16826327468935043
4845,0.16826327468935043
4848,0.14032863020994868
4849,0.14032863020994868
4850,0.14032863020994868
4851,0.14032863020994868
4852,0.14032863020994868
4879,0.00039129168412577187
4880,0.00039129168412577187
4882,0.00039129168412577187
4883,0.00039129168412577187
4884,0.00039129168412577187
4887,0.00039129168412577187
4888,0.00039129168412577187
4890,0.018879150301284287
4958,0.00040707149497765105
4959,0.00010411169135970955
4960,0.00010411169135970955
4961,0.00010411169135970955
4962,0.00010411169135970955
4963,0.00010411169135970955
4964,0.00010411169135970955
4965,0.00010411169135970955
4966,0.00010411169135970955
4967,0.00010411169135970955
4968,0.00010411169135970955
4969,0.00010411169135970955
4970,0.00010411169135970955
4971,0.00010411169135970955
4972,0.00010411169135970955
4973,0.0005547352250836468
4975,0.0005547352250836468
4976,0.0005547352250836468
4977,0.0005547352250836468
4980,0.0005547352250836468
4982,0.0005547352250836468
4996,0.0006256243964514185
4997,0.0013168362573474646
4998,0.0007892591802511895
4999,0.0002322678500277231
5000,2.2782904544271787e-05
5001,0.0006256243964514185
5002,0.0013168362573474646
5003,0.0007892591802511895
5004,0.0002322678500277231
5005,2.2782904544271787e-05
5040,0.0021749377468397446
5043,0.0021749377468397446
5046,0.0021749377468397446
5074,0.47155153860802346
5143,0.19950052935646745
5211,0.09372464262605207
5280,0.0077932253698165255
5281,0.0077932253698165255
5282,0.0077932253698165255
5283,0.0077932253698165255
5284,0.0077932253698165255
5285,0.0077932253698165255
5286,0.0077932253698165255
5287,0.0077932253698165255
5288,0.0077932253698165255
5289,0.0077932253698165255
5290,0.0077932253698165255
5291,0.0077932253698165255
5292,0.0077932253698165255
5293,0.0077932253698165255
5294,0.0077932253698165255
5358,0.015203027476042186
5359,0.015203027476042186
5360,0.015203027476042186
5361,0.015203027476042186
5362,0.015203027476042186
5363,0.015203027476042186
5364,0.015203027476042186
5365,0.015203027476042186
5366,0.015203027476042186
5367,0.015203027476042186
5368,0.015880466270679294
5369,0.015880466270679294
5370,0.015880466270679294
5371,0.015880466270679294
5372,0.015880466270679294
5373,0.015880466270679294
5449,0.07729079634419922
5450,0.07729079634419922
5451,0.07729079634419922
5452,0.07729079634419922
5453,0.07729079634419922
5454,0.07729079634419922
5455,0.07729079634419922
5456,0.07729079634419922
5457,0.07729079634419922
5458,0.07729079634419922
5459,0.07729079634419922
5460,0.07729079634419922
5461,0.07729079634419922
5462,0.07729079634419922
5463,0.5121508708405852
5464,0.5121508708405852
5465,0.5121508708405852
5466,0.5121508708405852
5467,0.5121508708405852
5468,0.5121508708405852
5469,0.5121508708405852
5470,0.5121508708405852
5471,0.5121508708405852
5472,0.5121508708405852
5473,0.5121508708405852
5474,0.5121508708405852
5475,0.5121508708405852
5476,0.5121508708405852
5515,7.149380503168601e-07
5577,0.0025473260923111196
5578,0.0025473260923111196
5579,0.0025473260923111196
5599,0.5516182934387132
5600,0.5671332229901453
5601,0.20168863027395167
5602,0.6018822306273086
5603,0.46759100876099924
5604,0.1985950301424929
5605,0.518092381493848
5606,0.5922045737168353
5607,0.2259001170955831
5608,0.23566427326743555
5609,0.5516182934387132
5610,0.5671332229901453
5611,0.20168863027395167
5612,0.6018822306273086
5613,0.46759100876099924
5614,0.1985950301424929
5615,0.518092381493848
5616,0.5922045737168353
5617,0.2259001170955831
5618,0.23566427326743555
5619,0.5516182934387132
5620,0.5671332229901453
5621,0.20168863027395167
5622,0.6018822306273086
5623,0.46759100876099924
5624,0.1985950301424929
5625,0.518092381493848
5626,0.5922045737168353
5627,0.2259001170955831
5628,0.23566427326743555
5629,0.5516182934387132
5630,0.5671332229901453
5631,0.20168863027395167
5632,0.6018822306273086
5633,0.46759100876099924
5634,0.1985950301424929
5635,0.518092381493848
5636,0.5922045737168353
5637,0.2259001170955831
5638,0.23566427326743555
5662,0.01625204543327685
5663,2.698971672043804e-06
5664,0.31367256087658313
5665,0.3138075191941754
5672,0.5820120782130012
5673,0.5730244995137718
5678,0.45239887324881933
5682,0.5161031038754824
5684,0.5868904326647746
5685,0.5735634283477058
5686,0.4812461212251291
5687,0.44300258797154113
5689,0.5114686644573292
5691,0.5104401723597449
5693,0.41890485988873305
5694,0.3747262765405145
5697,0.43547543010179324
5699,0.3750088270112426
5700,0.5934334843643234
5701,0.4457057616669178
5702,0.1821291099380251
5743,0.0419478337972824
5745,0.0419478337972824
5746,0.0419478337972824
5747,0.0419478337972824
5748,0.0419478337972824
5749,0.0419478337972824
5750,0.0419478337972824
5751,0.0419478337972824
5752,0.0419478337972824
5753,0.0419478337972824
5754,0.0419478337972824
5756,0.0419478337972824
5757,0.0419478337972824
5758,0.0419478337972824
5759,0.0419478337972824
5760,0.0419478337972824
5761,0.0419478337972824
5762,0.0419478337972824
5763,0.0419478337972824
5764,0.030784477991922188
5765,0.030784477991922188
5766,0.030784477991922188
5767,0.030784477991922188
5768,0.030784477991922188
5769,0.030784477991922188
5770,0.030784477991922188
5783,0.04057236353650884
5785,0.04057236353650884
5787,0.04057236353650884
5788,0.04057236353650884
5790,0.07277253429591535
5792,0.07277253429591535
5794,0.07277253429591535
5795,0.07277253429591535
5797,0.004977810435009666
5799,0.004977810435009666
5801,0.004977810435009666
5803,0.03875276492861657
5805,0.03875276492861657
5807,0.03875276492861657
5857,1.1097952268279698e-07
5858,1.1097952268279698e-07
5859,1.1097952268279698e-07
5860,1.1097952268279698e-07
5861,1.1097952268279698e-07
5862,1.1097952268279698e-07
5863,1.1097952268279698e-07
5864,1.1097952268279698e-07
5875,2.357784603890245e-06
5876,2.357784603890245e-06
5877,2.357784603890245e-06
5878,2.357784603890245e-06
5879,2.357784603890245e-06
5880,2.357784603890245e-06
5881,2.357784603890245e-06
5882,2.357784603890245e-06
5883,2.357784603890245e-06
5884,2.357784603890245e-06
5892,0.2094668949855809
5893,0.2094668949855809
5894,0.2094668949855809
5895,0.2094668949855809
5896,0.2094668949855809
5897,0.2094668949855809
5911,0.3185266199767284
5933,0.032319539940505404
5934,0.032319539940505404
5935,0.032319539940505404
5936,0.032319539940505404
5937,0.032319539940505404
5938,0.032319539940505404
5939,0.032319539940505404
5940,0.032319539940505404
5941,0.032319539940505404
5942,0.032319539940505404
5943,0.032319539940505404
5944,0.032319539940505404
5945,0.032319539940505404
5946,0.3417532522085015
5947,0.3417532522085015
5948,0.3417532522085015
5949,0.3417532522085015
5950,0.3417532522085015
5951,0.3417532522085015
5952,0.3417532522085015
5953,0.3417532522085015
5954,0.3417532522085015
5955,0.3417532522085015
5956,0.3417532522085015
5957,0.33976995319844117
5958,0.33976995319844117
5959,0.33976995319844117
5960,0.33976995319844117
5961,0.33976995319844117
5962,0.33976995319844117
5963,0.33976995319844117
5964,0.33976995319844117
5965,0.33976995319844117
5966,0.33976995319844117
5967,0.33976995319844117
5968,0.23205547062368193
5969,0.23205547062368193
5970,0.23205547062368193
5971,0.23205547062368193
5972,0.23205547062368193
5973,0.23205547062368193
5974,0.23205547062368193
5975,0.23205547062368193
5976,0.23205547062368193
5977,0.23205547062368193
5978,0.23205547062368193
6040,0.023587485039439415
6041,0.023587485039439415
6042,0.023587485039439415
6043,0.023587485039439415
6044,0.023587485039439415
6045,0.023587485039439415
6046,0.3241940870415586
6047,0.3241940870415586
6048,0.3241940870415586
6049,0.3241940870415586
6050,0.3241940870415586
6051,0.3241940870415586
6052,0.3241940870415586
6053,0.3241940870415586
6054,0.3241940870415586
6055,0.3241940870415586
6056,0.3241940870415586
6057,0.3241940870415586
6058,0.3241940870415586
6059,0.3241940870415586
6060,0.3241940870415586
6061,0.3241940870415586
6062,0.3241940870415586
6063,0.3241940870415586
6064,0.3241940870415586
6065,0.3241940870415586
6066,0.3241940870415586
6067,0.3241940870415586
6121,0.17910373576611405
6123,0.20341568342873384
6125,0.27346984350433057
6127,0.1299818847119809
6206,0.08071280250225688
6207,0.11255721569120947
6208,0.10435338781056036
6209,0.1790331852765088
6210,0.08071280250225688
6211,0.11255721569120947
6212,0.10435338781056036
6213,0.1790331852765088
6214,0.007047393417258685
6215,0.006991355745450845
6216,0.007047393417258685
6217,0.006991355745450845
6218,5.238059243184434e-05
6219,0.014319791761100875
6220,0.007287302108471616
6221,0.015299246406810907
6222,5.238059243184434e-05
6223,0.014319791761100875
6224,0.007287302108471616
6225,0.015299246406810907
6226,5.238059243184434e-05
6227,0.014319791761100875
6228,0.007287302108471616
6229,0.015299246406810907
6230,5.238059243184434e-05
6231,0.014319791761100875
6232,0.007287302108471616
6233,0.015299246406810907
6248,0.013742977667101197
6249,0.008972148033062788
6259,0.0005139204904011097
6260,0.00746554532947008
6261,0.0005139204904011097
6262,0.00746554532947008
6263,0.0005139204904011097
6264,0.00746554532947008
6265,0.0005139204904011097
6266,0.00746554532947008
6267,0.0005139204904011097
6268,0.00746554532947008
6270,0.016793796047903542
6271,0.02511899676860596
6272,0.154184069998635
6273,0.029770680078990197
6278,0.007456210461267321
6279,0.019292053553637722
6280,0.007456210461267321
6281,0.019292053553637722
6282,0.019348901062608004
6283,0.03860338962965537
6284,0.019348901062608004
6285,0.03860338962965537
6286,0.1515274837767563
6287,0.05578564236104866
6288,0.06889679553184236
6289,0.06733906864903294
6290,0.06581273160814405
6291,0.06728541452210335
6292,0.07126319763625344
6293,0.04561491464231071
6294,0.06889679553184236
6295,0.06733906864903294
6296,0.06581273160814405
6297,0.06728541452210335
6298,0.07126319763625344
6299,0.04561491464231071
6306,0.028403219375723543
6307,0.026183782553303336
6308,0.21818185657704448
6309,0.1497055315616712
6310,0.3867825336808576
6311,0.26681223473833915
6312,0.028403219375723543
6313,0.026183782553303336
6314,0.21818185657704448
6315,0.1497055315616712
6316,0.3867825336808576
6317,0.26681223473833915
6318,0.028403219375723543
6319,0.026183782553303336
6320,0.21818185657704448
6321,0.1497055315616712
6351,0.0023155560711325407
6352,0.08604457867485027
6353,0.0023155560711325407
6354,0.08604457867485027
6355,0.0023155560711325407
6356,0.0023155560711325407
6357,0.0023155560711325407
6358,0.0023155560711325407
6359,0.0023155560711325407
6360,0.0023155560711325407
6361,0.0023155560711325407
6362,0.0023155560711325407
6363,0.0023155560711325407
6364,0.0023155560711325407
6365,0.0023155560711325407
6366,0.0023155560711325407
6367,0.0023155560711325407
6368,0.08604457867485027
6369,0.08604457867485027
6370,0.08604457867485027
6371,0.08604457867485027
6372,0.08604457867485027
6373,0.08604457867485027
6374,0.08604457867485027
6375,0.08604457867485027
6376,0.08604457867485027
6377,0.08604457867485027
6378,0.08604457867485027
6379,0.08604457867485027
6380,0.16283604095574322
6381,0.16283604095574322
6382,0.16283604095574322
6383,0.16283604095574322
6384,0.16283604095574322
6385,0.16283604095574322
6401,0.005933901832226418
6402,0.005933901832226418
6403,0.005933901832226418
6404,0.005933901832226418
6405,0.005933901832226418
6406,0.005933901832226418
6407,0.004553995636032648
6408,0.004553995636032648
6409,0.004553995636032648
6410,0.004553995636032648
6411,0.004553995636032648
6412,0.004553995636032648
6416,0.013540487544316027
6417,0.013540487544316027
6418,0.013540487544316027
6419,0.013540487544316027
6421,0.10731523352373107
6422,0.10731523352373107
6423,0.10731523352373107
6424,0.10731523352373107
6426,0.3471532849314203
6427,0.3471532849314203
6428,0.3471532849314203
6429,0.3471532849314203
6430,0.013540487544316027
6431,0.10731523352373107
6432,0.3471532849314203
6440,0.0004704631400905823
6445,0.0013392327896970535
6446,0.042406126021501955
6447,0.3420071719042348
6448,0.30981842999602915
6459,0.0022817312970740966
6460,0.0022817312970740966
6461,0.0022817312970740966
6462,0.0034180676110919794
6463,0.0034180676110919794
6464,0.0034180676110919794
6465,0.04114814434280489
6466,0.04114814434280489
6467,0.04114814434280489
6468,0.1931863832637879
6469,0.1931863832637879
6470,0.1931863832637879
6476,0.08413865070197157
6477,0.13157204475683126
6478,0.06684468099013852
6479,0.08810492799954162
6480,0.021677868705551107
6481,2.513719554553262e-05
6482,0.021677868705551107
6483,2.513719554553262e-05
6487,0.4850921749597604
6500,0.16694833834908807
6501,0.231911985260981
6502,0.16694833834908807
6503,0.231911985260981
6504,0.001054292647583055
6505,0.0035953951014647823
6506,0.06368020683694708
6507,0.03588157692847427
6508,0.0037411786225846067
6509,0.0037411786225846067
6510,0.001054292647583055
6511,0.0035953951014647823
6512,0.06368020683694708
6513,0.03588157692847427
6526,0.08619799042546794
6536,0.00011644153138656854
6537,0.0001722831435041483
6538,0.0001125619461380678
6539,0.00016272589176069552
6540,0.26915562697870454
6541,0.0156577620274011
6542,0.2232492511891463
6543,0.239176985697114
6548,0.016008343206883935
6549,0.030278829650583594
6550,0.016008343206883935
6551,0.030278829650583594
6552,0.0006639319832859591
6553,0.003599886221517634
6554,0.033307407026280766
6555,0.0006639319832859591
6556,0.003599886221517634
6557,0.033307407026280766
6558,0.0006639319832859591
6559,0.003599886221517634
6560,0.033307407026280766
6561,0.0006639319832859591
6562,0.003599886221517634
6563,0.033307407026280766
6564,4.2733538190287135e-05
6565,0.005500449401435681
6566,0.0027965147974838844
6567,4.2733538190287135e-05
6568,0.005500449401435681
6569,0.0027965147974838844
6571,0.0076991418419291024
6590,0.06505763885659044
6591,0.06505763885659044
6614,0.0018480754849357073
6621,0.1960968972680185
6622,0.1960968972680185
6623,0.1960968972680185
6624,0.1960968972680185
6625,0.03212968117873627
6627,0.03212968117873627
6628,0.03212968117873627
6629,0.03212968117873627
6630,0.030784829672235725
6632,0.030784829672235725
6633,0.030784829672235725
6634,0.030784829672235725
6635,0.0018013952857375282
6636,0.018108437414413925
6637,0.05729957251478612
6638,0.10224637095360833
6639,0.001108486231828465
6640,0.0018013952857375282
6641,0.018108437414413925
6642,0.05729957251478612
6643,0.10224637095360833
6644,0.001108486231828465
6645,0.0018013952857375282
6646,0.018108437414413925
6647,0.05729957251478612
6648,0.10224637095360833
6649,0.001108486231828465
6650,0.0018013952857375282
6651,0.018108437414413925
6652,0.05729957251478612
6653,0.10224637095360833
6654,0.001108486231828465
6655,0.0018013952857375282
6656,0.018108437414413925
6657,0.05729957251478612
6658,0.10224637095360833
6659,0.001108486231828465
6662,0.0025528911505141583
6663,0.0025528911505141583
6664,0.0025528911505141583
6665,0.0025528911505141583
6666,0.0025528911505141583
6667,0.004257114455370914
6668,0.004257114455370914
6669,0.004257114455370914
6670,0.004257114455370914
6671,0.004257114455370914
6672,0.035798717443483286
6673,0.035798717443483286
6674,0.035798717443483286
6675,0.035798717443483286
6676,0.035798717443483286
6677,0.06557493976868645
6678,0.06557493976868645
6679,0.06557493976868645
6680,0.06557493976868645
6681,0.06557493976868645
6682,0.0025528911505141583
6683,0.004257114455370914
6684,0.035798717443483286
6685,0.06557493976868645
6686,0.0025528911505141583
6687,0.004257114455370914
6688,0.035798717443483286
6689,0.06557493976868645
6704,0.1957608875937379
6705,0.4472161513212243
6706,0.25947007650696063
6707,0.1957608875937379
6708,0.4472161513212243
6709,0.25947007650696063
6713,0.0008159722612354203
6714,0.0008159722612354203
6716,0.0008159722612354203
6717,0.0008803776524902718
6718,0.0008803776524902718
6720,0.0008803776524902718
6729,0.004486427630605028
6731,0.004486427630605028
6732,0.00021706045016767206
6733,0.00021706045016767206
6738,0.03313989437094311
6739,0.006412916609733865
6740,0.0007216763569443119
6741,0.03313989437094311
6742,0.006412916609733865
6743,0.0007216763569443119
6747,0.00047194747354273314
6748,0.00014398032636420144
6749,0.00047194747354273314
6750,0.00014398032636420144
6751,0.0005256382793372705
6752,0.0005256382793372705
6753,0.0005256382793372705
6754,0.0005256382793372705
6755,0.0005256382793372705
6756,0.0005256382793372705
6757,0.0005256382793372705
6758,0.00027096391321490554
6759,0.00027096391321490554
6760,0.00027096391321490554
6761,0.00027096391321490554
6762,0.00027096391321490554
6763,0.00027096391321490554
6764,0.00027096391321490554
6765,0.007522806518770353
6766,0.007522806518770353
6767,0.007522806518770353
6768,0.007522806518770353
6769,0.007522806518770353
6770,0.007522806518770353
6771,0.007522806518770353
6779,0.0019398305356209677
6780,0.0003267220166669471
6781,0.02565772348926998
6782,0.007823179707308614
6783,0.027603711596898117
6784,0.008532081869225827
6785,0.011537437895524194
6786,0.0015090479668867784
6788,0.0015090479668867784
6789,0.0015090479668867784
6790,0.002795682569900926
6792,0.002795682569900926
6793,0.002795682569900926
6794,0.0015090479668867784
6795,0.002795682569900926
6798,7.345424221205654e-06
6800,7.345424221205654e-06
6801,7.345424221205654e-06
6802,7.345424221205654e-06
6803,7.345424221205654e-06
6804,6.935864382828782e-08
6806,6.935864382828782e-08
6807,6.935864382828782e-08
6808,6.935864382828782e-08
6809,6.935864382828782e-08
6851,0.038596794444271
6856,0.038596794444271
6877,7.967848451251314e-05
6878,7.967848451251314e-05
6880,7.967848451251314e-05
6881,7.967848451251314e-05
6882,7.967848451251314e-05
6886,0.004898224657955974
6887,0.004898224657955974
6888,0.004898224657955974
6890,0.004898224657955974
6891,0.004898224657955974
6893,0.004898224657955974
6896,0.04831019835252859
6897,0.04831019835252859
6898,0.04831019835252859
6900,0.04831019835252859
6901,0.04831019835252859
6903,0.04831019835252859
6904,0.04831019835252859
6938,0.0034803615685141676
6939,0.0034803615685141676
6940,0.0034803615685141676
6941,0.0034803615685141676
6942,0.005233546829116031
6943,0.005233546829116031
6944,0.005233546829116031
6945,0.005233546829116031
6946,0.021893573789031673
6947,0.021893573789031673
6948,0.021893573789031673
6949,0.021893573789031673
6950,0.08541245367570682
6951,0.08541245367570682
6952,0.08541245367570682
6953,0.08541245367570682
6958,0.0010617671316718313
6959,0.0013520786961445097
6960,0.00036961344308328314
6961,0.0008724955283402336
6962,0.0009450072663385045
6963,0.00036961344308328314
6964,0.0008724955283402336
6965,0.0009450072663385045
6990,0.034834488063243074
7008,1.7248893613430738e-07
7009,1.7248893613430738e-07
7011,0.026302528582923257
7012,0.026302528582923257
7013,1.7248893613430738e-07
7014,0.026302528582923257
7028,0.037188928690081946
7029,0.037188928690081946
7030,0.037188928690081946
7031,0.037188928690081946
7032,0.037188928690081946
7033,0.037188928690081946
7034,0.037188928690081946
7035,0.037188928690081946
7036,0.037188928690081946
7037,0.037188928690081946
7038,5.9586178040471616e-05
7039,5.9586178040471616e-05
7040,5.9586178040471616e-05
7041,5.9586178040471616e-05
7042,5.9586178040471616e-05
7043,5.9586178040471616e-05
7045,5.9586178040471616e-05
7046,5.9586178040471616e-05
7047,5.9586178040471616e-05
7048,5.9586178040471616e-05
7050,0.022314351117865172
7051,0.022314351117865172
7052,0.022314351117865172
7053,0.022314351117865172
7054,0.022314351117865172
7055,0.022314351117865172
7056,0.022314351117865172
7058,0.022314351117865172
7059,0.022314351117865172
7060,0.022314351117865172
7061,0.020726866112219966
7062,0.020726866112219966
7063,0.020726866112219966
7064,0.020726866112219966
7065,0.020726866112219966
7066,0.020726866112219966
7067,0.020726866112219966
7069,0.020726866112219966
7070,0.020726866112219966
7071,0.020726866112219966
7072,0.021017550963385645
7073,0.021017550963385645
7074,0.021017550963385645
7075,0.021017550963385645
7076,0.021017550963385645
7077,0.021017550963385645
7078,0.021017550963385645
7079,0.021017550963385645
7081,0.021017550963385645
7082,0.021017550963385645
7103,0.027441067259862173
7104,0.02082905821775871
7105,0.002603215521474689
7106,0.02845966618389606
7107,0.027441067259862173
7108,0.02082905821775871
7109,0.002603215521474689
7110,0.02845966618389606
7124,0.15264319609165278
7133,0.00013666241490539743
7134,0.028218561854353674
7136,5.9435462669954475e-05
7141,1.0737784835512798e-05
7144,0.0009734750848239271
7280,0.07750726753899229
7289,0.07432913429219512
7290,0.07432913429219512
7291,0.07432913429219512
7292,0.07432913429219512
7293,0.07432913429219512
7294,0.07432913429219512
7295,0.07432913429219512
7296,0.07432913429219512
7297,0.07432913429219512
7298,0.07432913429219512
7321,0.16568495012070683
7322,0.16568495012070683
7345,0.0019219091522140186
7346,0.0019219091522140186
7347,0.0019219091522140186
7348,0.0019219091522140186
7349,0.0019219091522140186
7350,0.0019219091522140186
7351,0.0019219091522140186
7352,0.0019219091522140186
7353,0.0019219091522140186
7354,0.0019219091522140186
7355,0.0019219091522140186
7356,0.0019219091522140186
7357,0.0019219091522140186
7358,0.0019219091522140186
7359,0.0024840434882471563
7360,0.0024840434882471563
7361,0.0024840434882471563
7362,0.0024840434882471563
7363,0.0024840434882471563
7364,0.0024840434882471563
7365,0.0024840434882471563
7366,0.0024840434882471563
7367,0.0024840434882471563
7368,0.0024840434882471563
7369,0.0024840434882471563
7370,0.0024840434882471563
7371,0.0024840434882471563
7372,0.0024840434882471563
7373,0.004359495506145561
7374,0.004359495506145561
7375,0.004359495506145561
7376,0.004359495506145561
7377,0.004359495506145561
7378,0.004359495506145561
7379,0.004359495506145561
7380,0.004359495506145561
7381,0.004359495506145561
7382,0.004359495506145561
7383,0.004359495506145561
7384,0.004359495506145561
7385,0.004359495506145561
7386,0.004359495506145561
7387,0.005963614076255452
7388,0.005963614076255452
7389,0.005963614076255452
7390,0.005963614076255452
7391,0.005963614076255452
7392,0.005963614076255452
7393,0.005963614076255452
7394,0.005963614076255452
7395,0.005963614076255452
7396,0.005963614076255452
7397,0.005963614076255452
7398,0.005963614076255452
7399,0.005963614076255452
7400,0.005963614076255452
7467,0.9050979951587851
7468,0.9050979951587851
7530,0.32641874608279653
7531,0.32641874608279653
7535,0.1500759943877874
7537,0.20733744199713744
7538,0.20733744199713744
7542,0.1160600674308967
7543,0.1160600674308967
7544,0.1160600674308967
7546,0.0522543354484275
7548,0.02981480670663983
7551,0.10867589779529618
7552,0.10867589779529618
7553,0.10867589779529618
7555,0.05325108871694484
7557,0.02840488018385956
7559,0.08329380100613182
7560,0.08329380100613182
7561,0.08329380100613182
7563,0.04736045641892972
7566,0.17375947894137245
7567,0.17375947894137245
7569,0.6613190082566159
7570,0.6886293569985086
7571,0.6731607203698441
7572,0.6999260937597163
7573,0.6818006685933924
7574,0.7128647731671406
7575,0.7198141378055458
7576,0.7157270396804936
7577,0.6613190082566159
7578,0.6886293569985086
7579,0.6731607203698441
7580,0.6999260937597163
7581,0.6818006685933924
7582,0.7128647731671406
7583,0.7198141378055458
7584,0.7157270396804936
7629,0.018960731337079872
7631,0.05889557375397292
7632,0.2190499353466504
7636,0.20471358364817238
7652,0.014883503970643974
7653,0.056549321255289886
7654,0.056549321255289886
7679,0.05967890637031381
7685,0.12437789504001695
7764,0.01462757572199691
7765,0.05464676588294737
7766,0.07077945725674473
7767,0.03900464450734731
7768,0.021265351455644455
7769,0.05655625756003224
7770,0.04691256395228527
7771,0.04573159683922001
7772,0.22729619984711724
7773,0.0005611461454181343
7774,0.01871728667730921
7775,0.0918633856767177
7776,0.0562354884529741
7777,0.017952615536903194
7778,0.03272188439964685
7779,0.058674975366591164
7780,0.01462757572199691
7781,0.05464676588294737
7782,0.07077945725674473
7783,0.03900464450734731
7784,0.021265351455644455
7785,0.05655625756003224
7786,0.04691256395228527
7787,0.04573159683922001
7788,0.22729619984711724
7789,0.0005611461454181343
7790,0.01871728667730921
7791,0.0918633856767177
7792,0.0562354884529741
7793,0.017952615536903194
7794,0.03272188439964685
7795,0.058674975366591164
7813,0.05464676588294737
7814,0.07077945725674473
7815,0.03900464450734731
7816,0.021265351455644455
7817,0.05655625756003224
7818,0.04691256395228527
7819,0.04573159683922001
7820,0.22729619984711724
7821,0.0005611461454181343
7822,0.01871728667730921
7823,0.0918633856767177
7824,0.0562354884529741
7825,0.017952615536903194
7826,0.03272188439964685
7827,0.058674975366591164
7828,0.01462757572199691
7829,0.05464676588294737
7830,0.07077945725674473
7831,0.03900464450734731
7832,0.021265351455644455
7833,0.05655625756003224
7834,0.04691256395228527
7835,0.04573159683922001
7836,0.22729619984711724
7837,0.0005611461454181343
7838,0.01871728667730921
7839,0.0918633856767177
7840,0.0562354884529741
7841,0.017952615536903194
7842,0.03272188439964685
7843,0.058674975366591164
7856,0.12449345873377382
7861,0.06596902252239967
7863,0.06596902252239967
7864,0.06596902252239967
7865,0.06596902252239967
7889,2.8748995900551577e-06
7894,2.8748995900551577e-06
7895,2.8748995900551577e-06
7896,2.8748995900551577e-06
7897,2.8748995900551577e-06
7898,0.00010034069115794075
7903,0.00010034069115794075
7904,0.00010034069115794075
7905,0.00010034069115794075
7906,0.00010034069115794075
7907,2.8748995900551577e-06
7908,0.00010034069115794075
7928,0.45903332671195796
7937,0.000275457919462041
7938,1.2551257270176919e-06
7939,0.02104626074160887
7940,0.00657221363479632
7941,0.45903332671195796
7942,0.07141646493846743
7943,0.11752037459126152
8143,0.00013077375798564717
8153,0.03968085382324893
8154,0.023553279376366087
8155,0.03968085382324893
8156,0.023553279376366087
8157,0.03968085382324893
8158,0.023553279376366087
8159,0.03968085382324893
8160,0.023553279376366087
8165,0.0009233510233931375
8166,5.547870712829805e-07
8167,0.0773076226405306
8168,0.09002358873615923
8169,0.0009233510233931375
8170,5.547870712829805e-07
8171,0.0773076226405306
8172,0.09002358873615923
8173,4.0613923335541813e-10
8174,4.0613923335541813e-10
8175,4.0613923335541813e-10
8177,4.0613923335541813e-10
8178,4.0613923335541813e-10
8179,0.00010002417312393597
8180,0.00010002417312393597
8181,0.00010002417312393597
8183,0.00010002417312393597
8184,0.00010002417312393597
8185,0.00043413210450216067
8186,0.00043413210450216067
8187,0.00043413210450216067
8189,0.00043413210450216067
8190,0.00043413210450216067
8242,0.01732190516211618
8243,0.01732190516211618
8244,0.01732190516211618
8245,0.01732190516211618
8246,0.01732190516211618
8247,0.01732190516211618
8248,0.01732190516211618
8249,0.01732190516211618
8250,0.01732190516211618
8251,0.01732190516211618
8283,0.18998639922029015
8284,0.18998639922029015
8290,0.004705501391632061
8291,0.004705501391632061
8292,0.004705501391632061
8294,0.004705501391632061
8295,0.019422268982821178
8296,0.019422268982821178
8297,0.019422268982821178
8299,0.019422268982821178
8300,0.0031192927733444398
8301,0.0031192927733444398
8302,0.0031192927733444398
8304,0.0031192927733444398
8305,0.013293545327025313
8306,0.013293545327025313
8307,0.013293545327025313
8309,0.013293545327025313
8310,0.01609804338963594
8311,0.01609804338963594
8312,0.01609804338963594
8314,0.01609804338963594
8315,0.021081880582920487
8316,0.021081880582920487
8317,0.021081880582920487
8319,0.021081880582920487
8320,4.329753336529407e-06
8321,4.329753336529407e-06
8322,4.329753336529407e-06
8324,4.329753336529407e-06
8325,0.005826639435265402
8326,0.005826639435265402
8327,0.005826639435265402
8329,0.005826639435265402
8330,0.057475117525906394
8331,0.057475117525906394
8332,0.057475117525906394
8334,0.057475117525906394
8335,0.08313575662598782
8336,0.08313575662598782
8337,0.08313575662598782
8339,0.08313575662598782
8417,0.14161860596244225
8418,0.17139626889183257
8419,0.107529005711828
8420,0.0788948860972295
8421,0.14161860596244225
8422,0.17139626889183257
8423,0.107529005711828
8424,0.0788948860972295
8426,3.2577805274547345e-06
8427,3.2577805274547345e-06
8428,3.2577805274547345e-06
8430,3.2577805274547345e-06
8431,3.2577805274547345e-06
8432,3.2577805274547345e-06
8435,0.04125466940881173
8436,0.04125466940881173
8437,0.04125466940881173
8439,0.04125466940881173
8440,0.04125466940881173
8441,0.04125466940881173
8444,0.057750129505713454
8445,0.057750129505713454
8446,0.057750129505713454
8448,0.057750129505713454
8449,0.057750129505713454
8450,0.057750129505713454
8453,0.04123189268788241
8454,0.04123189268788241
8455,0.04123189268788241
8457,0.04123189268788241
8458,0.04123189268788241
8459,0.04123189268788241
8463,7.2838503645256125e-06
8464,7.2838503645256125e-06
8468,9.205107794951761e-05
8469,9.205107794951761e-05
8473,0.0009739448998825617
8474,0.0009739448998825617
8557,0.6978106005615845
8558,0.6978106005615845
8559,0.6978106005615845
8560,0.6978106005615845
8561,0.6978106005615845
8562,0.6978106005615845
8580,0.004370761494650988
8581,0.003037954902801121
8582,0.003037954902801121
8585,0.2186577689511866
8586,0.2186577689511866
8587,0.2186577689511866
8591,0.2060566315334844
8592,0.2060566315334844
8596,0.14088215708874863
8597,0.14088215708874863
8598,1.5287761044979753e-05
8599,0.0032867702579419955
8600,0.024610654437940083
8601,0.0004134953649719275
8603,3.3978841623705236e-05
8605,6.90509508999293e-05
8607,9.639617997225791e-05
8618,0.0021951987978133802
8619,0.00297607991095028
8620,0.06274641132681169
8621,0.144570255890208
8622,0.043045836727041986
8623,9.910204434859793e-09
8630,0.0021951987978133802
8631,0.0021951987978133802
8632,0.0021951987978133802
8633,0.0021951987978133802
8634,0.0021951987978133802
8635,0.0021951987978133802
8636,0.0021951987978133802
8637,0.0021951987978133802
8638,0.0021951987978133802
8639,0.0021951987978133802
8640,0.00297607991095028
8641,0.00297607991095028
8642,0.00297607991095028
8643,0.00297607991095028
8644,0.00297607991095028
8645,0.00297607991095028
8646,0.00297607991095028
8647,0.00297607991095028
8648,0.00297607991095028
8649,0.00297607991095028
8650,0.06274641132681169
8651,0.06274641132681169
8652,0.06274641132681169
8653,0.06274641132681169
8654,0.06274641132681169
8655,0.06274641132681169
8656,0.06274641132681169
8657,0.06274641132681169
8658,0.06274641132681169
8659,0.06274641132681169
8660,0.144570255890208
8661,0.144570255890208
8662,0.144570255890208
8663,0.144570255890208
8664,0.144570255890208
8665,0.144570255890208
8666,0.144570255890208
8667,0.144570255890208
8668,0.144570255890208
8669,0.144570255890208
8670,0.043045836727041986
8671,0.043045836727041986
8672,0.043045836727041986
8673,0.043045836727041986
8674,0.043045836727041986
8675,0.043045836727041986
8676,0.043045836727041986
8677,0.043045836727041986
8678,0.043045836727041986
8679,0.043045836727041986
8680,9.910204434859793e-09
8681,9.910204434859793e-09
8682,9.910204434859793e-09
8683,9.910204434859793e-09
8684,9.910204434859793e-09
8685,9.910204434859793e-09
8686,9.910204434859793e-09
8687,9.910204434859793e-09
8688,9.910204434859793e-09
8689,9.910204434859793e-09
8690,0.0008235963505706101
8691,0.0008235963505706101
8692,0.0008235963505706101
8716,0.08738331839528657
8717,0.08738331839528657
8718,0.08738331839528657
8719,0.08738331839528657
8720,0.08738331839528657
8721,0.08738331839528657
8722,0.08738331839528657
8723,0.08738331839528657
8724,0.08738331839528657
8725,0.08738331839528657
8726,0.08738331839528657
8727,0.08738331839528657
8728,0.08738331839528657
8729,0.08738331839528657
8730,0.08738331839528657
8731,0.08738331839528657
8732,0.08738331839528657
8733,0.08738331839528657
8734,0.08738331839528657
8735,0.21830850830768223
8736,0.21830850830768223
8737,0.21830850830768223
8738,0.21830850830768223
8739,0.21830850830768223
8740,0.21830850830768223
8741,0.21830850830768223
8742,0.21830850830768223
8743,0.21830850830768223
8744,0.21830850830768223
8745,0.21830850830768223
8746,0.21830850830768223
8747,0.21830850830768223
8748,0.21830850830768223
8749,0.21830850830768223
8750,0.21830850830768223
8751,0.21830850830768223
8752,0.21830850830768223
8829,0.0069354990270000805
8830,0.0069354990270000805
8831,0.0069354990270000805
8832,0.0069354990270000805
8833,0.0069354990270000805
8834,0.0069354990270000805
8835,0.0069354990270000805
8836,0.0069354990270000805
8837,0.0069354990270000805
8838,0.010601491223571236
8839,0.010601491223571236
8840,0.010601491223571236
8841,0.010601491223571236
8842,0.010601491223571236
8843,0.010601491223571236
8844,0.010601491223571236
8845,0.010601491223571236
8846,0.0041348153005463795
8847,0.0041348153005463795
8848,0.0041348153005463795
8849,0.0041348153005463795
8850,0.0041348153005463795
8851,0.0041348153005463795
8852,0.0041348153005463795
8853,0.0041348153005463795
8854,0.0041348153005463795
8855,0.010693582620163844
8856,0.010693582620163844
8857,0.010693582620163844
8858,0.010693582620163844
8859,0.010693582620163844
8860,0.010693582620163844
8861,0.010693582620163844
8862,0.010693582620163844
8863,0.010693582620163844
8864,0.0024743176302185477
8865,0.0024743176302185477
8866,0.0024743176302185477
8867,0.0024743176302185477
8868,0.0024743176302185477
8869,0.0024743176302185477
8870,0.001320054090729661
8871,0.001320054090729661
8872,0.001320054090729661
8873,0.001320054090729661
8874,0.001320054090729661
8875,0.001320054090729661
8876,0.001320054090729661
8877,0.001320054090729661
8878,0.001320054090729661
8879,0.002594128952123853
8880,0.002594128952123853
8881,0.002594128952123853
8882,0.002594128952123853
8883,0.002594128952123853
8884,0.017100011467071075
8885,0.017100011467071075
8886,0.017100011467071075
8887,0.017100011467071075
8888,0.017100011467071075
8889,0.017100011467071075
8890,0.017100011467071075
8891,0.017100011467071075
8892,0.017100011467071075
8893,0.013732018952048786
8894,0.013732018952048786
8895,0.013732018952048786
8896,0.013732018952048786
8897,0.013732018952048786
8898,0.013732018952048786
8899,0.013732018952048786
8900,0.013732018952048786
8901,0.013732018952048786
8902,0.013732018952048786
8903,0.006405075837908614
8904,0.006405075837908614
8905,0.006405075837908614
8906,0.006405075837908614
8907,0.006405075837908614
8915,0.018387598544773454
8916,0.018387598544773454
8917,0.018387598544773454
8918,0.018387598544773454
8919,0.018387598544773454
8920,0.018387598544773454
8921,0.018387598544773454
8922,0.018387598544773454
8923,0.018387598544773454
8924,0.018387598544773454
8925,0.04057236353650884
8926,0.04057236353650884
8927,0.04057236353650884
8928,0.04057236353650884
8929,0.04057236353650884
8930,0.04057236353650884
8931,0.04057236353650884
8932,0.04057236353650884
8933,0.04057236353650884
8934,0.04057236353650884
8935,0.08120336630318392
8936,0.08120336630318392
8937,0.08120336630318392
8938,0.08120336630318392
8939,0.08120336630318392
8940,0.08120336630318392
8941,0.08120336630318392
8942,0.08120336630318392
8943,0.08120336630318392
8944,0.08120336630318392
8945,0.0534011201955944
8946,0.0534011201955944
8947,0.0534011201955944
8948,0.0534011201955944
8949,0.0534011201955944
8950,0.0534011201955944
8951,0.0534011201955944
8952,0.0534011201955944
8953,0.0534011201955944
8954,0.0534011201955944
8955,0.031453182038724714
8956,0.031453182038724714
8957,0.031453182038724714
8958,0.031453182038724714
8959,0.031453182038724714
8960,0.031453182038724714
8961,0.031453182038724714
8962,0.031453182038724714
8963,0.031453182038724714
8964,0.031453182038724714
8984,0.02276475310147663
8985,0.02276475310147663
8986,0.02276475310147663
8987,0.02276475310147663
8988,0.02276475310147663
8989,0.014587797643307643
8990,0.014587797643307643
8991,0.014587797643307643
8992,0.014587797643307643
8993,0.014587797643307643
9016,0.019233470382090112
9017,0.03192710048491276
9018,0.0012855560068567584
9019,0.006634822701860332
9020,0.02772085671948532
9021,0.015175592726078602
9022,0.008973082047886938
9023,0.0004278826087729115
9024,0.03400898996854218
9025,0.019233470382090112
9026,0.03192710048491276
9027,0.0012855560068567584
9028,0.006634822701860332
9029,0.02772085671948532
9030,0.015175592726078602
9031,0.008973082047886938
9032,0.0004278826087729115
9033,0.03400898996854218
9034,0.019233470382090112
9035,0.03192710048491276
9036,0.0012855560068567584
9037,0.006634822701860332
9038,0.02772085671948532
9039,0.015175592726078602
9040,0.008973082047886938
9041,0.0004278826087729115
9042,0.03400898996854218
9043,0.019233470382090112
9044,0.03192710048491276
9045,0.0012855560068567584
9046,0.006634822701860332
9047,0.02772085671948532
9048,0.015175592726078602
9049,0.008973082047886938
9050,0.0004278826087729115
9051,0.03400898996854218
9052,0.002310174621038774
9054,0.002310174621038774
9055,0.002310174621038774
9056,0.009543777650626084
9058,0.009543777650626084
9059,0.009543777650626084
9060,0.005492910058901512
9062,0.005492910058901512
9063,0.005492910058901512
9065,0.02741038613173563
9066,0.02741038613173563
9067,0.0019826357578391907
9069,0.0019826357578391907
9070,0.0019826357578391907
9071,0.008184718570549587
9073,0.008184718570549587
9074,0.008184718570549587
9076,0.026241702477219242
9077,0.026241702477219242
9099,0.4270952722267962
9100,0.5516182934387132
9124,9.318589455631354e-09
9180,0.1961881566591125
9211,0.9440557086601247
9212,0.9440557086601247
9213,0.9440557086601247
9225,0.6374792061888142
9228,0.5156084964138926
9229,0.5156084964138926
9230,0.5156084964138926
9231,0.5156084964138926
9242,0.6041856520838588
9248,0.15395441433695856
9250,0.00012001137718009591
9251,0.0002143302090885646
9252,0.000498459946783214
9253,0.0013559851620866814
9254,0.003810041103231465
9255,0.0001063795174108817
9256,0.0007132457271785686
9257,0.005183223157346428
9258,0.00747167533112203
9259,0.035301439936586965
9260,0.00012001137718009591
9261,0.0002143302090885646
9262,0.000498459946783214
9263,0.0013559851620866814
9264,0.003810041103231465
9265,0.0001063795174108817
9266,0.0007132457271785686
9267,0.005183223157346428
9268,0.00747167533112203
9269,0.035301439936586965
9270,0.33481293828515357
9271,0.33481293828515357
9272,0.33481293828515357
9273,0.33481293828515357
9274,0.33481293828515357
9275,0.33481293828515357
9276,0.33481293828515357
9277,0.33481293828515357
9278,0.33481293828515357
9279,0.33481293828515357
9280,0.33481293828515357
9281,0.33481293828515357
9282,0.5013214326803196
9283,0.5013214326803196
9284,0.5013214326803196
9285,0.5013214326803196
9286,0.5013214326803196
9287,0.5013214326803196
9288,0.5013214326803196
9289,0.5013214326803196
9290,0.5013214326803196
9291,0.5013214326803196
9292,0.5013214326803196
9293,0.5013214326803196
9301,0.23018041991619898
9302,0.0020585044849613654
9303,0.002633368791871149
9304,0.002001403393707135
9305,0.000867360805566153
9306,0.002621814737825523
9307,0.002442999413726832
9308,0.0021337890607154852
9309,0.0003410062458192309
9319,0.00014507730870183533
9323,0.00022306965153862102
9324,0.00022306965153862102
9325,0.00022306965153862102
9326,0.00022306965153862102
9327,0.00022306965153862102
9328,0.0006204218821463936
9329,0.0006204218821463936
9330,0.0006204218821463936
9331,0.0006204218821463936
9332,0.0006204218821463936
9333,0.0009231470424494459
9334,0.0009231470424494459
9335,0.0009231470424494459
9336,0.0009231470424494459
9337,0.00016416107777639244
9338,0.00016416107777639244
9339,0.00016416107777639244
9340,0.00016416107777639244
9341,0.00016416107777639244
9342,0.0002663850710163951
9343,0.0002663850710163951
9344,0.0002663850710163951
9345,0.0002663850710163951
9346,0.0002663850710163951
9347,0.000711039530725821
9348,0.000711039530725821
9349,0.000711039530725821
9350,0.000711039530725821
9351,0.000711039530725821
9357,0.9207374500008438
9360,0.9430941832148666
9366,0.7597339441639211
9369,0.8028918110306477
9370,0.03378722753306951
9373,0.03378722753306951
9375,0.03378722753306951
9376,0.03378722753306951
9377,0.03378722753306951
9378,0.03378722753306951
9379,0.03478531068131796
9380,0.03478531068131796
9382,0.03478531068131796
9383,0.03478531068131796
9384,0.03478531068131796
9385,0.03478531068131796
9386,0.03478531068131796
9387,0.03478531068131796
9388,0.08099443077114898
9389,0.08099443077114898
9391,0.08099443077114898
9392,0.08099443077114898
9393,0.08099443077114898
9394,0.08099443077114898
9395,0.08099443077114898
9396,0.08099443077114898
9397,0.028825380916304377
9398,0.028825380916304377
9399,0.028825380916304377
9400,0.028825380916304377
9401,0.028825380916304377
9402,0.028825380916304377
9403,0.028825380916304377
9404,0.028825380916304377
9405,0.028825380916304377
9410,0.00011620615999574646
9412,0.00027062375284159224
9427,0.03363371322130215
9464,0.009503410017867031
9465,0.03275281173069977
9466,0.01388349005326317
9467,0.04666001584309276
9468,0.019823922606393984
9469,0.009503410017867031
9470,0.03275281173069977
9471,0.01388349005326317
9472,0.04666001584309276
9473,0.019823922606393984
9474,0.009503410017867031
9475,0.03275281173069977
9476,0.01388349005326317
9477,0.04666001584309276
9478,0.019823922606393984
9479,0.009503410017867031
9480,0.03275281173069977
9481,0.01388349005326317
9482,0.04666001584309276
9483,0.019823922606393984
9484,0.009503410017867031
9485,0.03275281173069977
9486,0.01388349005326317
9487,0.04666001584309276
9488,0.019823922606393984
9489,0.009503410017867031
9490,0.03275281173069977
9491,0.01388349005326317
9492,0.04666001584309276
9493,0.019823922606393984
9494,0.009503410017867031
9495,0.03275281173069977
9496,0.01388349005326317
9497,0.04666001584309276
9498,0.019823922606393984
9499,0.05447596052305215
9500,0.05447596052305215
9501,0.05447596052305215
9502,0.05447596052305215
9503,0.05447596052305215
9504,0.05447596052305215
9505,0.05447596052305215
9506,0.05447596052305215
9507,0.05447596052305215
9508,0.05447596052305215
9509,0.05447596052305215
9510,0.05447596052305215
9511,0.05447596052305215
9512,0.05447596052305215
9530,0.3936457648568654
9531,0.3936457648568654
9532,0.3936457648568654
9533,0.3936457648568654
9534,0.3936457648568654
9535,0.3936457648568654
9536,0.3936457648568654
9537,0.3936457648568654
9561,0.16998965576763325
9562,0.16998965576763325
9563,0.16998965576763325
9564,0.16998965576763325
9565,0.16998965576763325
9566,0.16998965576763325
9691,0.01088115772856546
9697,0.0016016037586160659
9698,0.0016016037586160659
9699,0.0016016037586160659
9700,0.0016016037586160659
9701,0.0016016037586160659
9702,0.0016016037586160659
9703,0.0016016037586160659
9704,0.0016016037586160659
9705,0.0016016037586160659
9724,0.002574426822746778
9728,0.009319033823614653
9731,0.002574426822746778
9736,0.09386669511412482
9737,0.09386669511412482
9738,0.09386669511412482
9739,0.09386669511412482
9740,0.2671956109072253
9741,0.2671956109072253
9742,0.2671956109072253
9743,0.2671956109072253
9775,0.04141481132830116
9785,0.04141481132830116
9789,0.0031758423953573978
9790,0.0031758423953573978
9791,0.0031758423953573978
9792,0.0031758423953573978
9793,0.0031758423953573978
9794,0.0031758423953573978
9795,0.03598519965141744
9796,0.025412189164359833
9797,0.058062275488094506
9854,0.0025088313630300396
9855,0.0025088313630300396
9856,0.0025088313630300396
9857,0.0025088313630300396
9858,0.0025088313630300396
9859,0.0025088313630300396
9860,0.0025088313630300396
9861,0.0025088313630300396
9862,0.0025088313630300396
9863,0.031056689732425924
9864,0.031056689732425924
9865,0.031056689732425924
9866,0.031056689732425924
9867,0.031056689732425924
9868,0.031056689732425924
9869,0.031056689732425924
9870,0.031056689732425924
9871,0.031056689732425924
9872,0.031056689732425924
9873,0.031056689732425924
9874,0.031056689732425924
9875,0.031056689732425924
9876,0.031056689732425924
9877,0.031056689732425924
9878,0.021628809748579392
9879,0.021628809748579392
9880,0.021628809748579392
9881,0.021628809748579392
9882,0.021628809748579392
9883,0.021628809748579392
9884,0.021628809748579392
9885,0.021628809748579392
9886,0.021628809748579392
9887,0.021628809748579392
9888,0.021628809748579392
9889,0.021628809748579392
9896,0.027868826964240645
9905,4.6936785229045874e-05
9912,4.9432111719815985e-05
9919,0.06277650045920447
9920,0.4420130165389682
9921,0.4386431359083811
9923,0.0006411439298165122
9925,0.16701136240280035
9927,0.021257823958043653
9974,0.0009005951662576228
9975,0.0009005951662576228
9977,0.017164441305556166
9978,0.017164441305556166
9981,0.0038731812620736994
9982,0.0038731812620736994
9985,0.02032213712424935
9986,0.02032213712424935
9996,0.08471566503643402
9997,0.10248595555163009
9998,0.15460993910865317
10008,0.005770214159423026
10009,0.005770214159423026
10011,0.004632530920083533
10023,0.009694851258711945
10024,0.009694851258711945
10028,0.8725909232613769
10029,0.8725909232613769
10030,0.8725909232613769
10031,0.8725909232613769
10032,0.8725909232613769
10033,0.8725909232613769
10034,0.8725909232613769
10035,0.8725909232613769
10036,0.8725909232613769
10067,0.03705684642901064
10068,0.03705684642901064
10069,0.03705684642901064
10070,0.03705684642901064
10071,0.03705684642901064
10072,0.03705684642901064
10073,0.03705684642901064
10074,0.06273836599539528
10075,0.06273836599539528
10076,0.06273836599539528
10077,0.06273836599539528
10078,0.06273836599539528
10079,0.06273836599539528
10080,0.06273836599539528
10081,0.0830148060205338
10082,0.0830148060205338
10083,0.0830148060205338
10084,0.0830148060205338
10085,0.0830148060205338
10086,0.0830148060205338
10087,0.0830148060205338
10088,0.02766231218983395
10089,0.02766231218983395
10090,0.02766231218983395
10091,0.02766231218983395
10092,0.02766231218983395
10093,0.04768753974166351
10094,0.04768753974166351
10095,0.04768753974166351
10096,0.04768753974166351
10097,0.04768753974166351
10098,0.06827975859950897
10099,0.06827975859950897
10100,0.06827975859950897
10101,0.06827975859950897
10102,0.06827975859950897
10103,0.0005107332760032612
10104,0.029989286775274904
10129,0.25699455063680066
10130,0.25699455063680066
10138,0.34594503928722686
10139,0.34594503928722686
10162,0.03296598484772417
10163,0.016845146489802842
10164,0.3318763124633307
10277,0.5168771153760991
10278,0.5168771153760991
10279,0.5168771153760991
10280,0.5168771153760991
10281,0.5168771153760991
10282,0.5168771153760991
10283,0.5168771153760991
10284,0.5168771153760991
10285,0.5266649054468654
10286,0.5266649054468654
10287,0.5266649054468654
10288,0.5266649054468654
10289,0.5266649054468654
10290,0.5266649054468654
10291,0.5266649054468654
10292,0.5266649054468654
10293,0.529088109249715
10294,0.529088109249715
10295,0.529088109249715
10296,0.529088109249715
10297,0.529088109249715
10298,0.529088109249715
10299,0.529088109249715
10300,0.529088109249715
10329,0.0
10330,0.0
10331,0.0
10332,0.0
10333,0.0
10334,0.0
10379,0.06739291831293748
10380,0.09037794613984873
10381,0.03752865503553271
10382,0.08417085196836704
10383,0.1361070030995638
10384,0.17668568541083374
10385,0.035033493844108254
10386,0.035033493844108254
10387,0.035033493844108254
10388,0.035033493844108254
10389,0.035033493844108254
10390,0.035033493844108254
10391,0.035033493844108254
10392,0.035033493844108254
10393,0.035033493844108254
10394,0.008486708686303635
10395,0.008486708686303635
10396,0.008486708686303635
10397,0.008486708686303635
10398,0.008486708686303635
10399,0.008486708686303635
10400,0.008486708686303635
10401,0.008486708686303635
10402,0.008486708686303635
10403,0.05712537847973831
10404,0.05712537847973831
10405,0.05712537847973831
10406,0.05712537847973831
10407,0.05712537847973831
10408,0.05712537847973831
10409,0.05712537847973831
10410,0.06585525542718973
10411,0.06585525542718973
10412,0.06585525542718973
10413,0.06585525542718973
10414,0.06585525542718973
10415,0.06585525542718973
10416,0.06585525542718973
10417,0.06585525542718973
10418,0.06585525542718973
10419,0.15404110157473405
10420,0.15404110157473405
10421,0.15404110157473405
10422,0.15404110157473405
10423,0.15404110157473405
10424,0.15404110157473405
10425,0.15404110157473405
10426,0.15404110157473405
10427,0.15404110157473405
10428,0.33100300459896836
10429,0.33100300459896836
10430,0.33100300459896836
10431,0.33100300459896836
10432,0.33100300459896836
10433,0.33100300459896836
10434,0.33100300459896836
10435,0.33100300459896836
10436,0.33100300459896836
10452,7.440508362255294e-05
10453,7.440508362255294e-05
10454,7.440508362255294e-05
10455,7.440508362255294e-05
10456,7.440508362255294e-05
10457,7.440508362255294e-05
10458,7.440508362255294e-05
10459,7.440508362255294e-05
10460,7.440508362255294e-05
10468,0.3139164074903814
10479,0.018510592621484023
10480,0.018510592621484023
10481,0.018510592621484023
10482,0.018510592621484023
10483,0.018510592621484023
10484,0.018510592621484023
10485,0.018510592621484023
10486,0.018510592621484023
10487,0.018510592621484023
10488,0.018510592621484023
10489,0.022583524936918953
10490,0.022583524936918953
10491,0.022583524936918953
10492,0.022583524936918953
10493,0.022583524936918953
10494,0.022583524936918953
10495,0.022583524936918953
10496,0.022583524936918953
10497,0.022583524936918953
10498,0.022583524936918953
10512,0.009172278553312485
10513,0.02203760157014023
10514,0.05222311000689994
10574,0.2053736113031921
10575,0.2053736113031921
10576,0.2053736113031921
10577,0.2053736113031921
10578,0.2053736113031921
10589,0.32658004979042854
10590,0.32658004979042854
10591,0.32658004979042854
10592,0.32658004979042854
10593,0.32658004979042854
10604,0.4580174899842069
10605,0.4580174899842069
10606,0.4580174899842069
10607,0.4580174899842069
10608,0.4580174899842069
10609,0.47415655584636673
10610,0.47415655584636673
10611,0.47415655584636673
10612,0.47415655584636673
10613,0.47415655584636673
10624,0.46654998256038616
10625,0.46654998256038616
10626,0.46654998256038616
10627,0.46654998256038616
10628,0.46654998256038616
10629,0.5258534086067818
10630,0.5258534086067818
10631,0.5258534086067818
10632,0.5258534086067818
10633,0.5258534086067818
10682,0.12094669774820177
10683,0.12194519267520221
10684,0.14808649401489637
10685,0.1429747522958218
10686,0.1326583252594904
10687,0.1350795520464726
10688,0.16245520021960713
10689,0.14440661563268997
10690,0.003909915360262639
10691,0.003909915360262639
10692,0.003909915360262639
10693,0.003909915360262639
10694,0.003909915360262639
10695,0.003909915360262639
10696,0.003909915360262639
10697,0.003909915360262639
10698,0.003909915360262639
10699,0.003909915360262639
10700,0.003909915360262639
10701,0.003909915360262639
10702,0.003909915360262639
10703,0.003909915360262639
10704,0.003909915360262639
10705,0.003909915360262639
10706,0.003909915360262639
10707,0.003909915360262639
10708,0.003909915360262639
10709,0.003909915360262639
10710,0.003909915360262639
10711,0.003909915360262639
10712,0.003909915360262639
10713,0.003909915360262639
10714,0.003909915360262639
10715,0.003909915360262639
10716,0.003909915360262639
10717,0.003909915360262639
10718,0.00370032037376844
10719,0.00370032037376844
10720,0.00370032037376844
10721,0.00370032037376844
10722,0.00370032037376844
10723,0.00370032037376844
10724,0.00370032037376844
10725,0.00370032037376844
10726,0.00370032037376844
10727,0.00370032037376844
10728,0.00370032037376844
10729,0.00370032037376844
10730,0.00370032037376844
10731,0.00370032037376844
10732,0.00370032037376844
10733,0.00370032037376844
10734,0.00370032037376844
10735,0.00370032037376844
10736,0.00370032037376844
10737,0.00370032037376844
10738,0.00370032037376844
10739,0.00370032037376844
10740,0.00370032037376844
10741,0.00370032037376844
10742,0.00370032037376844
10743,0.00370032037376844
10744,0.00370032037376844
10745,0.00370032037376844
10746,0.0036833904253102956
10747,0.0036833904253102956
10748,0.0036833904253102956
10749,0.0036833904253102956
10750,0.0036833904253102956
10751,0.0036833904253102956
10752,0.0036833904253102956
10753,0.0036833904253102956
10754,0.0036833904253102956
10755,0.0036833904253102956
10756,0.0036833904253102956
10757,0.0036833904253102956
10758,0.0036833904253102956
10759,0.0036833904253102956
10760,0.0036833904253102956
10761,0.0036833904253102956
10762,0.0036833904253102956
10763,0.0036833904253102956
10764,0.0036833904253102956
10765,0.0036833904253102956
10766,0.0036833904253102956
10767,0.0036833904253102956
10768,0.0036833904253102956
10769,0.0036833904253102956
10770,0.0036833904253102956
10771,0.0036833904253102956
10772,0.0036833904253102956
10773,0.0036833904253102956
10828,0.33408212074273214
10829,0.33408212074273214
10830,0.33408212074273214
10831,0.33408212074273214
10832,0.33408212074273214
10833,0.33408212074273214
10834,0.33408212074273214
10835,0.33408212074273214
10836,0.2819976054741914
10837,0.2819976054741914
10838,0.2819976054741914
10839,0.2819976054741914
10840,0.2819976054741914
10841,0.2819976054741914
10842,0.2819976054741914
10843,0.2819976054741914
10878,0.06393174036998439
10879,0.06393174036998439
10882,0.009799560903270388
10883,0.009799560903270388
10884,0.009799560903270388
10885,0.009799560903270388
10886,0.009799560903270388
10887,0.009799560903270388
10888,0.009799560903270388
10889,0.009799560903270388
10890,0.009799560903270388
10891,0.009799560903270388
10892,0.009799560903270388
10893,0.009799560903270388
10894,0.009799560903270388
10895,0.009799560903270388
10896,0.009799560903270388
10897,0.009799560903270388
10898,0.009799560903270388
10899,0.0014023410410795023
10900,0.0014023410410795023
10901,0.0014023410410795023
10902,0.0014023410410795023
10903,0.0014023410410795023
10904,0.0014023410410795023
10905,0.0014023410410795023
10906,0.0014023410410795023
10907,0.0014023410410795023
10908,0.0014023410410795023
10909,0.0014023410410795023
10910,0.0014023410410795023
10911,0.0014023410410795023
10912,0.0014023410410795023
10913,0.0014023410410795023
10914,0.0014023410410795023
10915,0.0014023410410795023
10916,0.0010817006523805572
10917,0.0010817006523805572
10918,0.0010817006523805572
10919,0.0010817006523805572
10920,0.0010817006523805572
10921,0.0010817006523805572
10922,0.0010817006523805572
10923,0.0010817006523805572
10924,0.0010817006523805572
10925,0.0010817006523805572
10926,0.0010817006523805572
10927,0.0010817006523805572
10928,0.0010817006523805572
10929,0.0010817006523805572
10930,0.0010817006523805572
10931,0.0010817006523805572
10932,0.0010817006523805572
10933,0.001088791180312354
10934,0.001088791180312354
10935,0.001088791180312354
10936,0.001088791180312354
10937,0.001088791180312354
10938,0.001088791180312354
10939,0.001088791180312354
10940,0.001088791180312354
10941,0.001088791180312354
10942,0.001088791180312354
10943,0.001088791180312354
10944,0.001088791180312354
10945,0.001088791180312354
10946,0.001088791180312354
10947,0.001088791180312354
10948,0.001088791180312354
10949,0.001088791180312354
10950,0.001876175269219682
10951,0.001876175269219682
10952,0.001876175269219682
10953,0.001876175269219682
10954,0.001876175269219682
10955,0.001876175269219682
10956,0.001876175269219682
10957,0.001876175269219682
10958,0.001876175269219682
10959,0.001876175269219682
10960,0.001876175269219682
10961,0.001876175269219682
10962,0.001876175269219682
10963,0.001876175269219682
10964,0.001876175269219682
10965,0.001876175269219682
10966,0.001876175269219682
10967,0.010873625462091696
10968,0.010873625462091696
10969,0.010873625462091696
10970,0.010873625462091696
10971,0.010873625462091696
10972,0.010873625462091696
10973,0.010873625462091696
10974,0.010873625462091696
10975,0.010873625462091696
10976,0.010873625462091696
10977,0.010873625462091696
10978,0.010873625462091696
10979,0.010873625462091696
10980,0.010873625462091696
10981,0.010873625462091696
10982,0.010873625462091696
10983,0.010873625462091696
10985,0.003486183375763563
10987,0.003486183375763563
10988,0.003486183375763563
10991,0.012928264833607983
10993,0.012928264833607983
10994,0.012928264833607983
11013,0.02848723744055337
11029,0.1103126210464489
11031,0.1103126210464489
11068,0.3980553135696382
11069,0.3802548407864218
11070,0.4349194107699039
11071,0.45359854448105263
11072,0.379981585491734
11073,0.3647986284043986
11074,0.4225038178577195
11075,0.4383406040525588
11076,0.3485308430799854
11077,0.3353513667597725
11078,0.3966956362127415
11079,0.4091540142696398
11120,0.0461178837076448
11133,2.9976021664879227e-15
11165,0.001367997210616756
11166,0.001367997210616756
11167,0.001367997210616756
11168,0.001367997210616756
11169,0.001367997210616756
11170,0.001367997210616756
11171,0.001367997210616756
11177,8.93004356194993e-06
11178,8.93004356194993e-06
11180,8.93004356194993e-06
11181,8.93004356194993e-06
11182,8.93004356194993e-06
11183,8.93004356194993e-06
11186,7.908443790727304e-06
11187,7.908443790727304e-06
11189,7.908443790727304e-06
11190,7.908443790727304e-06
11191,7.908443790727304e-06
11192,7.908443790727304e-06
11195,5.978149017926704e-05
11196,5.978149017926704e-05
11198,5.978149017926704e-05
11199,5.978149017926704e-05
11200,5.978149017926704e-05
11201,5.978149017926704e-05
11204,5.3273019790744947e-05
11205,5.3273019790744947e-05
11207,5.3273019790744947e-05
11208,5.3273019790744947e-05
11209,5.3273019790744947e-05
11210,5.3273019790744947e-05
11212,4.889354829562542e-06
11213,4.889354829562542e-06
11214,4.889354829562542e-06
11215,4.889354829562542e-06
11216,4.889354829562542e-06
11217,4.889354829562542e-06
11218,2.8219154194486507e-06
11224,1.0331413502484565e-10
11230,0.008287923165563371
11236,0.05402868717570153
11237,0.05402868717570153
11238,0.05402868717570153
11239,0.05402868717570153
11240,0.05402868717570153
11241,0.05402868717570153
11242,0.05402868717570153
11243,0.05402868717570153
11244,0.05402868717570153
11245,0.05402868717570153
11246,0.05402868717570153
11247,0.05402868717570153
11248,0.044728862893033794
11249,0.044728862893033794
11250,0.044728862893033794
11251,0.044728862893033794
11252,0.044728862893033794
11253,0.044728862893033794
11254,0.044728862893033794
11255,0.044728862893033794
11256,0.044728862893033794
11257,0.044728862893033794
11258,0.044728862893033794
11259,0.044728862893033794
11260,0.06437004348092001
11261,0.06437004348092001
11262,0.06437004348092001
11263,0.06437004348092001
11264,0.06437004348092001
11265,0.06437004348092001
11266,0.06437004348092001
11267,0.06437004348092001
11268,0.06437004348092001
11269,0.06437004348092001
11270,0.06437004348092001
11271,0.06437004348092001
11272,0.07391844296661809
11273,0.07391844296661809
11274,0.07391844296661809
11275,0.07391844296661809
11276,0.07391844296661809
11277,0.07391844296661809
11278,0.07391844296661809
11279,0.07391844296661809
11280,0.07391844296661809
11281,0.07391844296661809
11282,0.07391844296661809
11283,0.07391844296661809
11284,0.05635709164070546
11285,0.05635709164070546
11286,0.05635709164070546
11287,0.05635709164070546
11288,0.05635709164070546
11289,0.05635709164070546
11290,0.05635709164070546
11291,0.05635709164070546
11292,0.05635709164070546
11293,0.05635709164070546
11294,0.05018920248564496
11295,0.05018920248564496
11296,0.05018920248564496
11297,0.05018920248564496
11298,0.05018920248564496
11299,0.05018920248564496
11300,0.05018920248564496
11301,0.05018920248564496
11302,0.05018920248564496
11303,0.05018920248564496
11304,0.05018920248564496
11305,0.05018920248564496
11306,0.03698732226526236
11307,0.03698732226526236
11308,0.03698732226526236
11309,0.03698732226526236
11310,0.03698732226526236
11311,0.03698732226526236
11312,0.03698732226526236
11313,0.03698732226526236
11314,0.03698732226526236
11315,0.03698732226526236
11316,0.03698732226526236
11317,0.03698732226526236
11318,0.02658290704692945
11319,0.02658290704692945
11320,0.02658290704692945
11321,0.02658290704692945
11322,0.02658290704692945
11323,0.02658290704692945
11324,0.02658290704692945
11325,0.02658290704692945
11326,0.02658290704692945
11327,0.02658290704692945
11328,0.02658290704692945
11329,0.02658290704692945
11330,0.05145904866982942
11331,0.05145904866982942
11332,0.05145904866982942
11333,0.05145904866982942
11334,0.05145904866982942
11335,0.05145904866982942
11336,0.05145904866982942
11337,0.05145904866982942
11338,0.05145904866982942
11339,0.05145904866982942
11340,0.05145904866982942
11341,0.1629663118926895
11342,0.1629663118926895
11343,0.1629663118926895
11344,0.1629663118926895
11345,0.1629663118926895
11346,0.1629663118926895
11347,0.1629663118926895
11348,0.1629663118926895
11349,0.1629663118926895
11350,0.5955664301963493
11351,0.5955664301963493
11352,0.5955664301963493
11353,0.5955664301963493
11354,0.5955664301963493
11355,0.713243430094713
11356,0.713243430094713
11357,0.713243430094713
11358,0.713243430094713
11359,0.713243430094713
11399,0.01403461191178712
11400,0.01403461191178712
11401,0.01403461191178712
11402,0.01403461191178712
11403,0.01403461191178712
11404,0.01403461191178712
11405,0.01403461191178712
11420,0.00011697500080154466
11421,0.00011697500080154466
11422,0.00011697500080154466
11423,0.00011697500080154466
11424,0.00011697500080154466
11425,0.00011697500080154466
11426,0.00011697500080154466
11427,0.00011697500080154466
11444,1.3353078309741306e-08
11448,0.000131573222239334
11451,1.6857626405908377e-12
11456,0.04023475777332164
11457,0.050604270865153955
11458,0.06194915018516345
11459,0.061248608485228506
11460,0.08105789202874669
11461,0.051141951270547104
11462,0.06575190583983359
11463,0.07660516935710304
11464,0.021481555822725262
11465,0.01631830159025982
11466,0.028668001797807374
11467,0.020274626248599215
11468,0.030773445624220797
11469,0.03423130472424185
11470,0.03437391800103773
11471,0.028394716273143494
11472,0.03653024024860907
11473,0.03259875692218317
11474,0.03328219723622294
11475,0.050171357949178375
11476,0.039389722894085044
11477,0.02921565478730026
11478,0.044600617964224876
11479,0.052596204306489036
11480,0.03713591484068457
11481,0.047512779891356605
11482,0.05946756646447093
11483,0.08607088085026704
11484,0.10950178416830769
11485,0.12997677674041574
11486,0.04385970730054445
11487,0.05742547388100816
11488,0.07020509946412001
11489,0.06293128917901047
11490,0.08473095882306814
11491,0.09876631535973268
11492,0.002740844195346148
11493,0.002740844195346148
11494,0.002740844195346148
11495,0.002740844195346148
11496,0.002740844195346148
11497,0.002740844195346148
11498,0.002740844195346148
11499,0.002740844195346148
11500,0.002740844195346148
11501,0.002740844195346148
11502,0.002740844195346148
11503,0.08101817971370251
11504,0.08101817971370251
11505,0.08101817971370251
11506,0.08101817971370251
11507,0.08101817971370251
11508,0.08101817971370251
11509,0.08101817971370251
11510,0.08101817971370251
11511,0.1327530148061684
11512,0.1327530148061684
11513,0.1327530148061684
11514,0.1327530148061684
11515,0.1327530148061684
11516,0.1327530148061684
11517,0.1327530148061684
11518,0.1327530148061684
11519,0.19066708591906056
11520,0.19066708591906056
11521,0.19066708591906056
11522,0.19066708591906056
11523,0.19066708591906056
11524,0.19066708591906056
11525,0.19066708591906056
11526,0.19066708591906056
11545,0.18350670000026348
11548,0.18350670000026348
11568,0.06275086889755088
11570,0.18869934629716156
11574,0.3621245605956259
11577,0.38480509416230724
11580,0.3258239017078671
11581,0.004413912068808812
11582,0.018758968063332992
11583,0.0043694898194699405
11584,0.0002581927159818198
11585,0.0002581927159818198
11586,0.0002581927159818198
11587,0.0002581927159818198
11588,0.0002581927159818198
11589,0.0002581927159818198
11590,0.0002581927159818198
11591,0.0002581927159818198
11592,0.0002581927159818198
11593,0.0002581927159818198
11595,0.00035894563048000094
11596,0.00035894563048000094
11598,0.00035894563048000094
11599,0.00035894563048000094
11600,0.00035894563048000094
11601,0.00035894563048000094
11603,0.00035894563048000094
11661,0.4129849980958852
11662,0.4129849980958852
11663,0.4129849980958852
11664,0.4129849980958852
11665,0.4129849980958852
11666,0.4129849980958852
11667,0.4129849980958852
11668,0.4129849980958852
11669,0.4129849980958852
11670,0.4129849980958852
11671,0.4129849980958852
11672,0.4129849980958852
11673,0.4129849980958852
11674,0.4129849980958852
11675,0.4129849980958852
11676,0.4129849980958852
11677,0.4129849980958852
11678,0.4129849980958852
11705,7.597045544660563e-05
11706,0.00017605663072750577
11713,0.002597724547764302
11714,0.002597724547764302
11715,0.002597724547764302
11716,0.002597724547764302
11717,0.002597724547764302
11718,0.002597724547764302
11719,0.002597724547764302
11720,0.002597724547764302
11721,0.33803427118101226
11722,0.33803427118101226
11723,0.33803427118101226
11724,0.3453997621619357
11725,0.3453997621619357
11726,0.3453997621619357
11727,0.36879602131312994
11728,0.36879602131312994
11729,0.36879602131312994
11730,0.3687056404384167
11731,0.3687056404384167
11732,0.3687056404384167
11733,0.3842590754471432
11734,0.3842590754471432
11735,0.3842590754471432
11736,0.38371320271010334
11737,0.38371320271010334
11738,0.38371320271010334
11739,0.08805942211850548
11740,0.08805942211850548
11759,2.793228315312035e-09
11821,0.13399166984771915
11834,0.01538349113400117
11835,0.030319435879304746
11871,0.042828962312306595
11872,0.042828962312306595
11873,0.042828962312306595
11876,0.04698889600915768
11877,0.04698889600915768
11878,0.04698889600915768
11881,0.04962206794394819
11882,0.04962206794394819
11883,0.04962206794394819
11901,4.167135896759877e-05
11902,0.06257189747052849
11903,0.07811792835013298
11904,0.07520765049075939
11905,0.08266458093547346
11906,0.11145898412444377
11907,3.287634231519121e-08
11933,0.03989871650560184
11935,0.03989871650560184
11936,0.03989871650560184
11937,0.03989871650560184
11939,0.03989871650560184
11949,0.016916682585692344
11951,0.016916682585692344
11952,0.016916682585692344
11953,0.016916682585692344
11955,0.016916682585692344
11989,2.778065013897546e-05
11998,2.778065013897546e-05
11999,2.778065013897546e-05
12000,2.778065013897546e-05
12001,2.778065013897546e-05
12002,2.778065013897546e-05
12003,0.01359796714454331
12004,0.02111967995011832
12021,0.0008697237087893495
12022,0.0008697237087893495
12025,0.00018035982795627792
12026,0.00018035982795627792
12027,0.00018035982795627792
12028,0.00018035982795627792
12029,0.00018035982795627792
12030,0.00018035982795627792
12031,0.00018035982795627792
12032,0.00018035982795627792
12033,0.00018035982795627792
12034,0.00018035982795627792
12035,0.00018035982795627792
12036,0.00018035982795627792
12037,0.00018035982795627792
12038,0.00018035982795627792
12039,0.00018035982795627792
12040,0.00018035982795627792
12041,0.00018035982795627792
12042,0.00018035982795627792
12043,0.00018035982795627792
12044,0.00018035982795627792
12045,0.0005892650057390814
12046,0.0005892650057390814
12047,0.0005892650057390814
12048,0.0005892650057390814
12049,0.0005892650057390814
12050,0.0005892650057390814
12051,0.0005892650057390814
12052,0.0005892650057390814
12053,0.0005892650057390814
12054,0.0005892650057390814
12055,0.0005892650057390814
12056,0.0005892650057390814
12057,0.0005892650057390814
12058,0.0005892650057390814
12059,0.0005892650057390814
12060,0.0005892650057390814
12061,0.0005892650057390814
12062,0.0005892650057390814
12063,0.0005892650057390814
12064,0.0005892650057390814
12065,0.0012031422387848156
12066,0.0012031422387848156
12067,0.0012031422387848156
12068,0.0012031422387848156
12069,0.0012031422387848156
12070,0.0012031422387848156
12071,0.0012031422387848156
12072,0.0012031422387848156
12073,0.0012031422387848156
12074,0.0012031422387848156
12075,0.0012031422387848156
12076,0.0012031422387848156
12077,0.0012031422387848156
12078,0.0012031422387848156
12079,0.0012031422387848156
12080,0.0012031422387848156
12081,0.0012031422387848156
12082,0.0012031422387848156
12083,0.0012031422387848156
12084,0.0012031422387848156
12116,0.2037242786218264
12117,0.2037242786218264
12118,0.2037242786218264
12119,0.2037242786218264
12124,0.364371444622796
12125,0.364371444622796
12126,0.364371444622796
12131,0.0035291394108537544
12132,0.0035291394108537544
12133,0.0035291394108537544
12138,0.50098140718148
12139,0.50098140718148
12140,0.50098140718148
12141,0.50098140718148
12142,0.50098140718148
12143,0.50098140718148
12144,0.50098140718148
12145,0.50098140718148
12146,0.50098140718148
12147,0.50098140718148
12148,0.50098140718148
12149,0.50098140718148
12150,0.50098140718148
12151,0.50098140718148
12152,0.50098140718148
12153,0.50098140718148
12154,0.50098140718148
12162,0.09990143862148848
12170,0.04073403340599935
12171,0.04073403340599935
12186,0.05294819347106994
12187,0.05294819347106994
12202,0.24576762240153072
12203,0.24576762240153072
12245,0.010130205671623593
12246,0.010130205671623593
12247,0.010130205671623593
12248,0.010130205671623593
12249,0.0050384228117332786
12250,4.003037560551537e-05
12251,4.003037560551537e-05
12252,4.003037560551537e-05
12253,4.003037560551537e-05
12254,4.003037560551537e-05
12255,4.003037560551537e-05
12256,4.003037560551537e-05
12257,4.003037560551537e-05
12258,4.003037560551537e-05
12259,4.003037560551537e-05
12260,4.003037560551537e-05
12261,4.003037560551537e-05
12262,4.003037560551537e-05
12263,4.003037560551537e-05
12264,4.003037560551537e-05
12265,4.003037560551537e-05
12370,0.005494455088191574
12371,0.04243083076420118
12372,0.0015861003345117863
12373,0.023919843398375162
12374,0.0012602867019996244
12375,0.012989822530872441
12376,1.7817042324841381e-06
12377,0.1918484461261717
12378,0.22733645228685107
12379,0.2082902744885824
12380,0.2669294279844212
12381,0.2581284610816127
12382,0.2653539095705614
12383,0.2557642975238481
12384,0.2407593332741642
12385,0.23292242212766645
12386,0.3043358377745665
12387,0.28650190014082766
12388,0.26085053011785675
12389,0.35840304434327375
12390,0.26551131397921524
12391,0.24197585328268756
12392,0.2321066544897452
12393,0.25460439951816904
12397,0.05967890637031381
12399,0.12437789504001695
12402,0.08897058311820305
12406,0.0106130969581405
12410,0.0061649884313370595
12411,0.00012307648765585988
12461,0.0040651598119521015
12462,0.0040651598119521015
12463,0.0040651598119521015
12465,0.0040651598119521015
12467,0.0040651598119521015
12470,0.0026382594777542012
12471,0.0026382594777542012
12474,0.0026382594777542012
12480,0.0006798217701210474
12481,0.0006798217701210474
12482,0.0006798217701210474
12494,0.0006446964009504397
12495,0.0007240286779596206
12496,0.0009795130918255346
12497,0.005917271856736961
12498,0.004528092538683026
12499,0.005555112843594556
12500,0.025310387937729995
12501,0.001089441607718511
12502,0.0022554714060962766
12503,0.0022554714060962766
12504,0.0022554714060962766
12505,0.0022554714060962766
12506,0.0022554714060962766
12507,0.0022554714060962766
12508,0.0022554714060962766
12509,0.0022554714060962766
12510,0.0022554714060962766
12522,0.020123197733470488
12523,0.040935848703520406
12524,0.09249825791529032
12525,0.02458467717540047
12526,0.08685663459750259
12527,0.14742253695522878
12565,0.1436551851437602
12566,0.035333130603451335
12567,0.032130978502273644
12568,0.04802368183048478
12569,0.00025350882296992783
12570,0.0003700550468985764
12571,0.027789661287153655
12572,0.011528940792633668
12573,0.0090344985502403
12574,0.04218603679604993
12575,0.029964557000700998
12576,0.0590290788850113
12577,0.04604993920926381
12578,0.04487452156418126
12579,0.05881540195161372
12580,0.0447342917662753
12581,0.01262086660160422
12588,0.5854202165742064
12595,0.9547462646284445
12602,0.8957231222963097
12609,0.5564229024972809
12727,0.031398527769069484
12728,0.031398527769069484
12746,0.21629790831050577
12747,0.23386048268703574
12748,0.0019890202334970075
12749,0.002255155512084106
12750,0.02180832459700821
12751,0.1835742678963046
12752,0.21629790831050577
12753,0.23386048268703574
12754,0.0019890202334970075
12755,0.002255155512084106
12756,0.02180832459700821
12757,0.1835742678963046
12758,0.21629790831050577
12759,0.23386048268703574
12769,0.28429298840314066
12771,0.28429298840314066
12772,0.5973711225267024
12773,0.5973711225267024
12774,0.5973711225267024
12802,0.3369070145031904
12805,0.3369070145031904
12817,0.016631721153970047
12818,8.574698728835983e-10
12819,2.6113754131085187e-05
12820,0.0318239453242104
12821,0.00018174727381647937
12822,2.7160842464013513e-09
12823,0.019103462063146504
12824,4.045768056459842e-06
12830,0.96063032429418
12832,0.976088397008144
12839,0.4347466149699384
12840,0.31735923772914065
12841,0.3734925672007664
12842,0.1860807421116255
12844,0.336034125446952
12848,0.31735923772914065
12850,0.1860807421116255
12855,0.001744157607974528
12856,0.001744157607974528
12857,0.001744157607974528
12858,0.001744157607974528
12879,1.960190514826987e-05
12881,1.960190514826987e-05
12889,0.0001691930065953473
12891,0.0001691930065953473
12918,0.9803641581130211
12922,0.9536658273373381
12926,0.884827799526978
12930,0.8949921678738488
12934,0.9029524192728082
12938,0.9551815082288121
12942,0.785372737702208
12946,0.7841026087591739
12950,0.6136218304075867
12952,0.5700272609155416
12954,0.5700272609155416
12967,0.1036034501058678
12968,0.0849660608484255
12969,0.042644005390421014
12970,0.04109666216942465
12971,0.00010690968861393202
12972,0.024622298570264434
12979,0.0392484305289903
12980,0.021177370495764847
12981,0.037054413242435524
12982,0.052421013500681624
12983,0.052421013500681624
12984,0.052421013500681624
12985,0.052421013500681624
12986,0.052421013500681624
12987,0.052421013500681624
12988,0.052421013500681624
12989,0.052421013500681624
12990,0.052421013500681624
12991,0.052421013500681624
12992,0.052421013500681624
12993,0.052421013500681624
12995,0.004977810435009666
12997,0.004977810435009666
12998,0.004977810435009666
12999,0.004977810435009666
13001,0.007847685527698323
13003,0.007847685527698323
13004,0.007847685527698323
13005,0.007847685527698323
13007,0.03875276492861657
13009,0.03875276492861657
13010,0.03875276492861657
13011,0.03875276492861657
13015,0.00456140496317381
13016,0.00010061481479584078
13022,0.03358604566020207
13023,0.011040426254651181
13024,0.0018738350285355532
13025,0.0016547079083291116
13026,0.0010105054505461508
13027,0.02430989430971464
13033,0.0001539194489078577
13038,0.0022639769830057332
13042,0.00010061481479584078
13048,0.03358604566020207
13049,0.011040426254651181
13050,0.0018738350285355532
13051,0.0016547079083291116
13052,0.0010105054505461508
13054,5.208232416231695e-06
13084,0.00023465111576947972
13085,0.0020296519410362146
13086,0.08641153809654456
13087,0.15206450995393228
13088,0.14498703908494448
13089,0.18266184114864226
13090,0.18852312596547094
13091,0.18858182245937538
13092,0.26114378804157146
13093,0.1968335893215042
13094,0.23717260553711317
13095,0.07476804133844095
13096,0.07737284463566152
13097,0.014019718918350077
13098,0.006464530882959174
13099,0.006464530882959174
13100,0.006464530882959174
13101,0.006464530882959174
13102,0.006464530882959174
13103,0.006464530882959174
13104,0.006464530882959174
13105,0.006464530882959174
13106,0.006464530882959174
13107,0.006464530882959174
13108,0.006464530882959174
13109,0.006464530882959174
13110,0.006464530882959174
13111,0.006464530882959174
13112,0.006464530882959174
13123,8.881784197001252e-16
13126,8.881784197001252e-16
13127,8.881784197001252e-16
13128,8.881784197001252e-16
13129,8.881784197001252e-16
13130,3.7758258861764205e-06
13131,3.7758258861764205e-06
13132,3.7758258861764205e-06
13133,0.5860052023792549
13134,0.9685092811763858
13135,0.8136498921255539
13136,0.9867649126866571
13147,0.33154765648218265
13148,0.2831224952253325
13149,0.308594908095157
13150,0.3088006297560255
13151,0.3333280326345536
13152,0.3079936225581045
13153,0.32896464243226364
13154,0.3601125970150756
13155,0.32864996028067206
13156,0.33821684416026043
13157,0.3484169634941927
13158,0.36144297066064257
13159,0.337235490767277
13160,0.35813479206266663
13175,0.009860986202340327
13176,0.013537327778034958
13180,0.043260975861053375
13181,0.043260975861053375
13182,0.043260975861053375
13183,0.043260975861053375
13184,0.043260975861053375
13185,0.043260975861053375
13186,0.043260975861053375
13187,0.043260975861053375
13188,0.043260975861053375
13189,0.043260975861053375
13202,0.01608078628650489
13216,0.15677869280315715
13219,0.15677869280315715
13251,0.08535793494301736
13252,0.33813936700510994
13253,0.07820030453427795
13254,0.010411177876372246
13255,0.040918883439374776
13256,0.19657133118040238
13281,0.2836210363349492
13282,0.2836210363349492
13283,0.2836210363349492
13284,0.2836210363349492
13285,0.2836210363349492
13286,0.2836210363349492
13287,0.2836210363349492
13288,0.2836210363349492
13289,0.2836210363349492
13295,0.00013184259042720026
13296,0.00013184259042720026
13297,0.00013184259042720026
13298,0.00013184259042720026
13323,0.00240470972283946
13326,0.0022499876050228185
13327,0.0022499876050228185
13328,0.0022499876050228185
13329,0.0022499876050228185
13330,0.0022499876050228185
13331,0.0022499876050228185
13332,0.0022499876050228185
13333,0.0022499876050228185
13334,0.0022499876050228185
13335,0.0022499876050228185
13336,0.005240032750800316
13337,0.005240032750800316
13338,0.005240032750800316
13339,0.005240032750800316
13340,0.005240032750800316
13341,0.005240032750800316
13342,0.005240032750800316
13343,0.005240032750800316
13344,0.005240032750800316
13345,0.005240032750800316
13346,0.03625241535931434
13347,0.03625241535931434
13348,0.03625241535931434
13349,0.03625241535931434
13350,0.03625241535931434
13351,0.03625241535931434
13352,0.03625241535931434
13353,0.03625241535931434
13354,0.03625241535931434
13355,0.03625241535931434
13356,0.006599673749559609
13357,0.006599673749559609
13358,0.006599673749559609
13359,0.006599673749559609
13360,0.006599673749559609
13361,0.006599673749559609
13362,0.006599673749559609
13363,0.006599673749559609
13364,0.006599673749559609
13365,0.006599673749559609
13366,0.04066883275589395
13367,0.04066883275589395
13368,0.04066883275589395
13369,0.04066883275589395
13370,0.04066883275589395
13371,0.04066883275589395
13372,0.04066883275589395
13373,0.04066883275589395
13374,0.04066883275589395
13375,0.04066883275589395
13502,0.13875677550459053
13507,0.29233697273057724
13508,0.29233697273057724
13509,0.29233697273057724
13510,0.29233697273057724
13511,0.29233697273057724
13512,0.29233697273057724
13513,0.29233697273057724
13514,0.29233697273057724
13515,0.29233697273057724
13516,0.29233697273057724
13517,0.29233697273057724
13518,0.29233697273057724
13519,0.29233697273057724
13520,0.1810410396612181
13521,0.1810410396612181
13522,0.1810410396612181
13523,0.1810410396612181
13524,0.1810410396612181
13525,0.1810410396612181
13526,0.1810410396612181
13527,0.1810410396612181
13528,0.1810410396612181
13529,0.1810410396612181
13530,0.1810410396612181
13531,0.1810410396612181
13532,0.1810410396612181
13533,0.11098523964349583
13534,0.11098523964349583
13535,0.11098523964349583
13536,0.11098523964349583
13537,0.11098523964349583
13538,0.11098523964349583
13539,0.11098523964349583
13540,0.11098523964349583
13541,0.11098523964349583
13542,0.11098523964349583
13543,0.11098523964349583
13544,0.11098523964349583
13545,0.11098523964349583
13643,0.0003931513805509601
13644,0.11584449339325342
13645,0.034356257760387754
13646,0.08603980259875721
13647,0.15530653820681095
13648,0.17147775446722824
13649,0.17147775446722824
13650,0.17147775446722824
13651,0.17147775446722824
13652,0.17147775446722824
13653,0.17147775446722824
13654,0.17147775446722824
13655,0.17147775446722824
13656,0.17147775446722824
13657,0.17147775446722824
13658,0.17147775446722824
13659,0.17147775446722824
13660,0.17147775446722824
13661,0.17147775446722824
13662,0.17147775446722824
13663,0.0017946531300052637
13664,0.0017946531300052637
13665,0.016059470612845517
13666,0.016059470612845517
13667,0.0012783106986815618
13668,0.0012783106986815618
13669,0.004150544661932654
13670,0.004150544661932654
13671,0.3015462970569037
13672,0.3015462970569037
13673,0.29604952842125143
13674,0.29604952842125143
13675,0.3434890239597479
13676,0.3434890239597479
13677,0.29135766554302855
13678,0.29135766554302855
13679,0.32360361010508965
13680,0.32360361010508965
13687,0.05672627005989428
13688,0.05672627005989428
13689,0.05672627005989428
13690,0.05672627005989428
13692,0.045330098822800036
13693,0.019478853483499536
13694,0.03568684220926077
13695,0.03568684220926077
13696,0.03568684220926077
13697,0.03568684220926077
13699,0.0022140886807618942
13700,0.0022140886807618942
13701,0.0022140886807618942
13702,0.0022140886807618942
13704,0.06733283551083824
13705,0.06733283551083824
13706,0.06733283551083824
13707,0.06733283551083824
13709,0.016425101556123645
13710,0.016425101556123645
13711,0.016425101556123645
13712,0.016425101556123645
13714,0.05672627005989428
13715,0.045330098822800036
13716,0.019478853483499536
13717,0.03568684220926077
13718,0.0022140886807618942
13719,0.06733283551083824
13720,0.016425101556123645
13744,0.05509805693838643
13745,0.11900045394772274
13746,0.05509805693838643
13747,0.11900045394772274
13748,0.219819715279283
13749,0.24331288781632066
13750,0.24462678928341508
13751,0.2601752067148928
13752,0.25480027842135566
13753,0.26842116865445986
13759,0.029784383716583318
13760,0.029784383716583318
13761,0.029784383716583318
13762,0.029784383716583318
13763,0.029784383716583318
13764,0.029784383716583318
13765,0.029784383716583318
13766,0.029784383716583318
13767,0.029784383716583318
13768,0.029784383716583318
13769,0.029784383716583318
13770,0.029784383716583318
13771,0.0067492470245452685
13772,0.0067492470245452685
13773,0.0067492470245452685
13774,0.0067492470245452685
13775,0.0067492470245452685
13776,0.0067492470245452685
13777,0.0067492470245452685
13778,0.0067492470245452685
13779,0.0067492470245452685
13780,0.0067492470245452685
13781,0.0067492470245452685
13782,0.0067492470245452685
13783,0.08013445756904769
13784,0.08013445756904769
13801,0.00018388386255341338
13802,0.0018805322669781521
13803,0.005493802470954545
13804,0.018565669866688284
13863,0.21483890233928826
13864,0.519097141479042
13865,0.5700103493268129
13866,0.6960500794616218
13867,0.06867073692197867
13868,0.07666910693419893
13869,0.08497209217817714
13870,0.08880157717567982
13871,0.11951922637769508
13872,0.11302690815468375
13873,0.12580127634388472
13874,0.14964509453369812
13875,0.12793200104572355
13876,0.1104753756356337
13877,0.09893836906401865
13878,0.06032575967117915
13879,0.14687518520633347
13880,0.054028596844720944
13881,0.07917274508462391
13882,0.06867073692197867
13883,0.07666910693419893
13884,0.08497209217817714
13885,0.08880157717567982
13886,0.11951922637769508
13887,0.11302690815468375
13888,0.12580127634388472
13889,0.054028596844720944
13890,0.07917274508462391
13940,0.02527397883974114
13996,3.334929894460714e-07
13997,0.016969053277951174
13998,0.007437580783240971
13999,0.008062582062249857
14000,0.02742373946423049
14001,0.027635993908273426
14046,0.0378277499670292
14047,0.0378277499670292
14048,0.0378277499670292
14049,0.0378277499670292
14050,0.023209898357515413
14051,0.023209898357515413
14052,0.023209898357515413
14053,0.023209898357515413
14060,2.34616676199062e-05
14061,2.34616676199062e-05
14119,0.0010380306190234112
14120,0.03769743828143346
14121,0.006588521162990135
14170,0.0049815675416194916
14178,0.027111259125618514
14179,0.027111259125618514
14180,0.027111259125618514
14181,0.027111259125618514
14182,0.027111259125618514
14183,0.027704345413764542
14184,0.027704345413764542
14185,0.027704345413764542
14186,0.027704345413764542
14187,0.027704345413764542
14192,0.0682790945726316
14193,0.0682790945726316
14194,0.0682790945726316
14195,0.0682790945726316
14196,0.0682790945726316
14197,0.0682790945726316
14198,0.0682790945726316
14199,0.0682790945726316
14200,0.0682790945726316
14207,0.01229636078626084
14208,0.012567229637582611
14209,0.05024374972853374
14210,0.07593582444099112
14220,0.00011772949278854306
14221,0.00011772949278854306
14222,0.00011772949278854306
14223,0.00011772949278854306
14224,0.00011772949278854306
14233,0.02120329064956772
14234,0.02120329064956772
14253,6.177264565065954e-05
14254,3.03769787102226e-10
14255,9.251455157510691e-11
14256,1.1556615997498909e-08
14257,0.0015116980611014075
14258,0.0023640160305001823
14301,6.177264565065954e-05
14302,3.03769787102226e-10
14303,9.251455157510691e-11
14304,1.1556615997498909e-08
14305,0.0015116980611014075
14306,0.0023640160305001823
14310,0.7714843273866402
14311,0.8384356400807151
14312,0.7870269500490963
14351,0.17620410605852943
14352,0.1891333630886296
14353,0.1891333630886296
14354,0.1891333630886296
14355,0.1891333630886296
14356,0.1891333630886296
14357,0.1891333630886296
14358,0.1891333630886296
14359,0.1891333630886296
14360,0.1891333630886296
14361,0.1891333630886296
14362,0.1891333630886296
14363,0.1891333630886296
14364,0.001616317246177279
14374,0.002693898256397431
14375,0.002306118851383099
14376,0.0025763831487900513
14377,0.0026612576249409603
14405,0.9146510321970551
14406,0.9101194895887725
14408,0.016000030604942705
14409,0.016000030604942705
14410,0.016000030604942705
14411,0.016000030604942705
14412,0.016000030604942705
14413,0.016000030604942705
14414,0.016000030604942705
14415,0.016000030604942705
14416,0.016000030604942705
14417,0.016000030604942705
14418,0.016000030604942705
14419,0.016000030604942705
14420,0.016000030604942705
14421,0.016000030604942705
14422,0.016000030604942705
14423,0.07594004374575902
14434,0.0007539555303985868
14436,0.00560062557977814
14441,0.04721724268818073
14442,0.04721724268818073
14443,0.04721724268818073
14444,0.04721724268818073
14445,0.04721724268818073
14446,0.04721724268818073
14447,0.04721724268818073
14448,0.43011836410965754
14449,0.43011836410965754
14450,0.43011836410965754
14451,0.43011836410965754
14452,0.43011836410965754
14453,0.43011836410965754
14454,0.43011836410965754
14455,0.0026347755243227855
14456,0.0966055381374391
14500,0.11538821501420127
14501,0.11538821501420127
14502,0.11538821501420127
14503,0.11538821501420127
14504,0.12392705655437852
14509,0.7649123843363923
14512,0.8689131161224442
14513,0.002697444085269396
14514,0.002697444085269396
14515,0.002697444085269396
14516,0.002697444085269396
14517,0.002697444085269396
14525,0.005562575614415977
14526,0.0026236596347885
14527,0.0051884762814699
14548,0.03049355536806697
14549,0.03049355536806697
14550,0.03049355536806697
14551,0.03049355536806697
14552,0.03049355536806697
14553,0.03049355536806697
14554,0.03049355536806697
14555,0.03049355536806697
14556,0.03049355536806697
14557,0.03049355536806697
14558,0.005950335147200447
14559,0.005950335147200447
14560,0.005950335147200447
14561,0.005950335147200447
14562,0.005950335147200447
14563,0.005950335147200447
14564,0.005950335147200447
14565,0.005950335147200447
14566,0.005950335147200447
14567,0.005950335147200447
14568,0.2104189278764692
14569,0.2104189278764692
14570,0.2104189278764692
14571,0.2104189278764692
14572,0.2104189278764692
14573,0.2104189278764692
14574,0.2104189278764692
14575,0.2104189278764692
14576,0.2104189278764692
14577,0.2104189278764692
14578,0.02561425460073996
14579,0.02561425460073996
14580,0.02561425460073996
14581,0.02561425460073996
14582,0.02561425460073996
14583,0.02561425460073996
14584,0.02561425460073996
14585,0.02561425460073996
14586,0.02561425460073996
14587,0.02561425460073996
14588,0.07836768375795089
14589,0.07836768375795089
14590,0.07836768375795089
14591,0.07836768375795089
14592,0.07836768375795089
14593,0.07836768375795089
14594,0.07836768375795089
14595,0.07836768375795089
14596,0.07836768375795089
14597,0.07836768375795089
14598,0.17006773131284336
14599,0.17006773131284336
14600,0.17006773131284336
14601,0.17006773131284336
14602,0.17006773131284336
14603,0.17006773131284336
14604,0.17006773131284336
14605,0.17006773131284336
14606,0.17006773131284336
14607,0.17006773131284336
14608,0.4911598946025785
14609,0.4911598946025785
14610,0.4911598946025785
14611,0.4911598946025785
14612,0.4911598946025785
14613,0.4911598946025785
14614,0.4911598946025785
14615,0.4911598946025785
14616,0.4911598946025785
14617,0.4911598946025785
14634,0.010811826614068543
14635,0.016136416267731768
14636,0.01282598004490576
14637,0.009179311018290948
14638,0.013736110415050962
14639,0.015024655572860923
14640,0.004821668929266276
14641,0.009428304949463673
14642,0.008052198970581959
14643,0.03278199068274101
14644,0.009918341190048752
14645,0.020872668599673072
14646,0.0686098560784888
14647,0.03946483896178732
14648,0.01282598004490576
14649,0.01282598004490576
14650,0.01282598004490576
14651,0.01282598004490576
14652,0.01282598004490576
14689,0.1686348782476469
14690,0.1686348782476469
14691,0.1686348782476469
14692,0.1686348782476469
14693,0.1686348782476469
14694,0.1686348782476469
14695,0.1686348782476469
14696,0.1686348782476469
14697,0.1686348782476469
14698,0.1686348782476469
14699,0.1686348782476469
14700,0.1686348782476469
14701,0.1686348782476469
14712,0.005822552027685668
14713,0.005822552027685668
14714,0.005822552027685668
14715,0.005822552027685668
14716,0.005822552027685668
14717,0.005822552027685668
14718,0.005822552027685668
14719,0.005822552027685668
14720,0.005822552027685668
14721,0.005822552027685668
14722,0.005822552027685668
14723,0.005822552027685668
14724,0.005822552027685668
14725,0.005822552027685668
14726,0.005822552027685668
14727,0.005822552027685668
14728,0.005822552027685668
14729,0.005822552027685668
14730,0.005822552027685668
14731,0.005822552027685668
14732,0.0003316240729054343
14733,0.0030330468891339724
14734,0.000496184505906383
14735,0.004917942907720851
14736,0.0003316240729054343
14737,0.0030330468891339724
14738,0.000496184505906383
14739,0.004917942907720851
14740,0.0034233193614140456
14741,0.0007096497981474714
14742,0.004038173582897375
14743,0.0008729520239834088
14744,0.0035054721814675727
14745,0.0007340363662384775
14746,0.004929155657743101
14747,0.00510041591370336
14748,0.004761652625570045
14754,0.5857239842960245
14755,0.541141998084135
14756,0.9926672726145299
14757,0.9350780706284829
14758,0.6311351502167716
14759,0.5857239842960245
14760,0.541141998084135
14761,0.9926672726145299
14762,0.9350780706284829
14763,0.6311351502167716
14766,0.018264873192435194
14789,6.748390673971816e-05
14790,0.00016676291338757476
14791,0.002027013237221875
14792,0.010019088313407809
14793,6.748390673971816e-05
14794,0.00016676291338757476
14795,0.002027013237221875
14796,0.010019088313407809
14810,0.8082132291465043
14811,0.4494466877969234
14812,0.8245000690305577
14813,0.9031076006809355
14814,0.5419673005293282
14815,0.8388223613346676
14816,0.8082132291465043
14817,0.4494466877969234
14818,0.8245000690305577
14819,0.9031076006809355
14820,0.5419673005293282
14821,0.8388223613346676
14841,0.005852419713930024
14842,0.0033050108116982058
14843,0.00060747071857159
14844,0.00014247715836024355
14845,0.0005478181302456253
14846,0.0010621313699624713
14847,0.0041436718785579085
14848,0.002902500191419799
14849,0.005831522292261249
14850,0.0142961739102484
14851,0.014699555231029726
14852,0.046820522619802074
14853,0.009433359467651559
14854,0.0005478181302456253
14855,0.0010621313699624713
14856,0.0041436718785579085
14857,0.002902500191419799
14858,0.005831522292261249
14859,0.0142961739102484
14860,0.014699555231029726
14861,0.046820522619802074
14862,0.009433359467651559
14892,0.28470643015009955
14893,0.17703045083474234
14894,0.21754653671217983
14895,0.28470643015009955
14896,0.17703045083474234
14897,0.21754653671217983
14898,0.0009780192914752295
14899,0.0009780192914752295
14900,0.0009780192914752295
14901,0.0009780192914752295
14902,0.0009780192914752295
14903,0.0009780192914752295
14904,6.841279442915127e-05
14905,6.841279442915127e-05
14906,6.841279442915127e-05
14907,6.841279442915127e-05
14908,6.841279442915127e-05
14909,6.841279442915127e-05
14910,0.09208983816050464
14911,0.10627244660404611
14912,0.12178228876916464
14913,0.032319539940505404
14914,0.09208983816050464
14915,0.10627244660404611
14916,0.12178228876916464
14917,0.032319539940505404
14918,0.09208983816050464
14919,0.10627244660404611
14920,0.12178228876916464
14921,0.032319539940505404
14922,0.09208983816050464
14923,0.10627244660404611
14924,0.12178228876916464
14925,0.032319539940505404
14926,0.09208983816050464
14927,0.10627244660404611
14928,0.12178228876916464
14929,0.032319539940505404
14950,0.10734466157912559
14951,0.19527010755531793
14952,0.10734466157912559
14953,0.19527010755531793
14956,0.0011700753995259605
14957,0.012623363811661181
14958,0.08815690422458367
14959,0.1573401303607902
14960,0.2459632492841699
14961,0.0011700753995259605
14962,0.012623363811661181
14963,0.08815690422458367
14964,0.1573401303607902
14965,0.2459632492841699
14967,0.15635768325751997
14969,0.20372253727015255
14971,0.07471043677440581
14973,0.18703563886637264
15024,0.0010521183242990784
15029,0.0010521183242990784
15030,0.0005591950410287483
15031,0.0005591950410287483
15032,0.0005591950410287483
15033,0.0005591950410287483
15034,0.0005591950410287483
15035,0.0005591950410287483
15036,0.0005591950410287483
15037,0.0005591950410287483
15049,0.026020505704607455
15050,0.013828020774249827
15069,0.0015109912811615
15070,0.0009031903202789682
15071,0.0015109912811615
15072,0.0009031903202789682
15084,0.00501484641175598
15087,0.00501484641175598
15089,0.008818777024226176
15090,0.03987680910504032
15092,0.013341745145304396
15099,0.05254832408828669
15100,0.03159942821709172
15102,0.14881028982479627
15154,0.00024308007437234824
15155,0.00024308007437234824
15156,0.00024308007437234824
15157,0.00024308007437234824
15158,0.00024308007437234824
15159,0.00024308007437234824
15160,0.00024308007437234824
15161,0.00024308007437234824
15162,0.00024308007437234824
15163,0.00024308007437234824
15164,0.000300068563053979
15165,0.000300068563053979
15166,0.000300068563053979
15167,0.000300068563053979
15168,0.000300068563053979
15169,0.000300068563053979
15170,0.000300068563053979
15171,0.000300068563053979
15172,0.000300068563053979
15173,0.000300068563053979
15174,0.0007360863962306841
15175,0.0007360863962306841
15176,0.0007360863962306841
15177,0.0007360863962306841
15178,0.0007360863962306841
15179,0.0007360863962306841
15180,0.0007360863962306841
15181,0.0007360863962306841
15182,0.0007360863962306841
15183,0.0007360863962306841
15184,0.008447095193982124
15185,0.049677257267180086
15186,0.036630924366417794
15187,0.036630924366417794
15188,0.036630924366417794
15189,0.036630924366417794
15190,0.0285347169356871
15191,0.0285347169356871
15192,0.0285347169356871
15193,0.0285347169356871
15194,0.036284006472504404
15195,0.036284006472504404
15196,0.036284006472504404
15197,0.036284006472504404
15198,0.02581681782498446
15199,0.02581681782498446
15200,0.02581681782498446
15201,0.02581681782498446
15202,0.06251191431735059
15203,0.06251191431735059
15204,0.06251191431735059
15205,0.06251191431735059
15206,0.05149160578362333
15207,0.05149160578362333
15208,0.05149160578362333
15209,0.05149160578362333
15216,0.009070719999048626
15217,0.009070719999048626
15218,0.009070719999048626
15223,0.12249951188178221
15224,0.12249951188178221
15225,0.12249951188178221
15230,0.003331168978981003
15231,0.003331168978981003
15232,0.003331168978981003
15237,0.0663528680484794
15238,0.0663528680484794
15239,0.0663528680484794
15245,0.029642975649051273
15246,0.11723684677996682
15247,0.04324096721208115
15248,0.16227463402194586
15253,0.44820624831998146
15254,0.44820624831998146
15255,0.44820624831998146
15256,0.44820624831998146
15257,0.44820624831998146
15258,0.44820624831998146
15259,0.44820624831998146
15260,0.44820624831998146
15261,0.004921883919763781
15262,0.0015451714490271051
15263,0.004198759179623646
15264,0.004198759179623646
15265,0.004198759179623646
15266,0.004198759179623646
15267,0.004198759179623646
15268,0.00386267235754989
15269,0.00386267235754989
15270,0.00386267235754989
15271,0.00386267235754989
15272,0.00386267235754989
15292,0.2262460200948373
15293,0.11209164830270146
15294,0.045342211131072396
15345,0.0025849082398389234
15346,0.03258410807881329
15347,0.003454221790680778
15348,0.2774343147923888
15349,0.33276231694641056
15350,0.3066010736914776
15351,0.10290552256957997
15352,0.17337848292237934
15353,0.13138695246070342
15354,0.3105958511617053
15355,0.03973705894127988
15356,0.007724448546032492
15357,0.002451766812830991
15358,0.5336483853695635
15359,0.20446120583351235
15360,0.39484110546033324
15361,0.43051006480284215
15362,0.6087784507051468
15363,0.47697690678115345
15364,0.7366064334664982
15365,0.7631500016752009
15366,0.7065523622456178
15367,0.7121966226219935
15368,0.1951128109004332
15369,0.7279826854807743
15370,0.5763766458698174
15371,0.5350361103475132
15372,0.48687480789477666
15381,0.03907284193454119
15382,0.05761162073301995
15383,0.07383953230992246
15412,0.049243367191900034
15413,0.030339164451311573
15414,0.010056880147039537
15415,0.22697501899273198
15416,0.13978174484980277
15417,0.05127410540656341
15418,0.04239834262775166
15419,0.04239834262775166
15424,0.25103288954713376
15430,0.026928708865926798
15431,0.026928708865926798
15432,0.026928708865926798
15433,0.03388390954865361
15434,0.03388390954865361
15435,0.03388390954865361
15436,0.02197011513392122
15437,0.02197011513392122
15438,0.02197011513392122
15439,0.031339272153235065
15440,0.031339272153235065
15441,0.031339272153235065
15443,0.04622618636229103
15478,0.10941299355572154
15479,0.09196631747813888
15480,0.29100680920769384
15481,0.26957535751832407
15490,0.48626011065735886
15491,0.48626011065735886
15492,0.3957930219290634
15493,0.3957930219290634
15497,0.48554154190131205
15511,0.5525231542881166
15512,0.5525231542881166
15514,0.5968825186642233
15515,0.5968825186642233
15517,0.545528451388572
15518,0.545528451388572
15520,0.26878573845117515
15521,0.26878573845117515
15523,0.005739334214824976
15524,0.005739334214824976
15526,0.42747869964397944
15527,0.42747869964397944
15529,0.3431892526228756
15530,0.3431892526228756
15532,0.20275175729258765
15533,0.20275175729258765
15553,0.00016644215088734704
15554,0.0009031049784375966
15555,1.0535421202106932e-07
15556,4.2398208943694726e-07
15557,5.830910453363813e-07
15558,0.00014638232696007059
15559,0.00016437434912963678
15560,0.005153087466559292
15561,0.005153087466559292
15562,0.0006907077100684056
15563,0.0009707830387301053
15564,0.0007593768972231629
15565,0.00224342241341835
15566,0.0037799863653390497
15567,0.002289717448617168
15568,0.0012681926321538306
15569,0.0011474560726147942
15570,0.005933901832226418
15571,0.005933901832226418
15572,0.005933901832226418
15573,0.005933901832226418
15574,0.005933901832226418
15576,0.004553995636032648
15577,0.004553995636032648
15578,0.004553995636032648
15579,0.004553995636032648
15580,0.004553995636032648
15584,0.524865907624589
15585,0.524865907624589
15586,0.524865907624589
15589,0.23514782846777638
15594,0.7861604079147602
15600,0.1198264113149421
15601,0.1198264113149421
15629,0.008357877345826603
15630,2.734187537822841e-06
15631,0.003387907089926645
15632,0.004993887515609585
15633,0.22493031256620644
15639,0.008357877345826603
15640,2.734187537822841e-06
15641,0.003387907089926645
15642,0.004993887515609585
15643,0.22493031256620644
15644,0.008357877345826603
15645,2.734187537822841e-06
15646,0.003387907089926645
15647,0.004993887515609585
15648,0.22493031256620644
15649,0.008357877345826603
15650,2.734187537822841e-06
15651,0.003387907089926645
15652,0.004993887515609585
15653,0.22493031256620644
15654,0.008357877345826603
15655,2.734187537822841e-06
15656,0.003387907089926645
15657,0.004993887515609585
15658,0.22493031256620644
15659,0.008357877345826603
15660,2.734187537822841e-06
15661,0.003387907089926645
15662,0.004993887515609585
15663,0.22493031256620644
15664,0.008357877345826603
15665,2.734187537822841e-06
15666,0.003387907089926645
15668,0.008357877345826603
15669,2.734187537822841e-06
15670,0.003387907089926645
15671,0.07139415305762087
15672,0.004993887515609585
15673,0.22493031256620644
15674,0.0011561526076926398
15675,0.0022290529495513356
15676,0.008488855069525902
15677,0.00021407323441247073
15680,0.00021407323441247073
15681,0.00021407323441247073
15682,0.00021407323441247073
15683,0.00021407323441247073
15684,0.01023082426323585
15685,0.01023082426323585
15686,0.01023082426323585
15687,0.01023082426323585
15688,0.021782391935772694
15689,0.021782391935772694
15690,0.021782391935772694
15691,0.021782391935772694
15725,0.08071280250225688
15726,0.08071280250225688
15727,0.08071280250225688
15732,0.0007950114595520752
15733,0.04458189849132066
15734,0.004654506490182286
15735,0.002556082185287245
15736,0.19703704241310038
15737,0.19703704241310038
15738,0.19703704241310038
15739,0.19703704241310038
15740,0.5175673131614431
15741,0.5175673131614431
15742,0.5175673131614431
15743,0.5175673131614431
15744,0.427108816001308
15745,0.427108816001308
15746,0.427108816001308
15747,0.427108816001308
15751,0.0024031734062727184
15752,0.002691900254411572
15753,0.004654506490182286
15754,0.05264516657213769
15755,0.002636698450861674
15756,0.002636698450861674
15757,0.002636698450861674
15758,0.010874710748908667
15759,0.010874710748908667
15760,0.010874710748908667
15762,0.0036350085899943263
15771,0.0036350085899943263
15772,0.013745146097826844
15773,0.06504326476013966
15774,0.015699212968916965
15775,0.013745146097826844
15776,0.013745146097826844
15777,0.013745146097826844
15778,0.013745146097826844
15779,0.007802893471646866
15780,0.013745146097826844
15781,0.06504326476013966
15782,0.002636698450861674
15783,0.015699212968916965
15785,0.3355112809022289
15787,0.3421923089026053
15789,0.3538136681793277
15790,0.3421923089026053
15791,0.3421923089026053
15792,0.3421923089026053
15793,0.029499314348793826
15794,0.029499314348793826
15795,0.029499314348793826
15796,0.03244592006196945
15797,0.03244592006196945
15798,0.03244592006196945
15799,0.02788432757184156
15800,0.02788432757184156
15801,0.02788432757184156
15810,0.02778241429125705
15811,0.08471888495640945
15812,0.1741057138574652
15813,0.14134331835006164
15814,0.22791868872699028
15815,0.14134331835006164
15816,0.22791868872699028
15821,0.017340671981614708
15822,0.017340671981614708
15823,0.017340671981614708
15824,0.20104401896138868
15825,0.20104401896138868
15826,0.20104401896138868
15827,0.0704793310460694
15828,0.0704793310460694
15829,0.0704793310460694
15830,0.39673538485849025
15831,0.39673538485849025
15832,0.39673538485849025
15833,0.002636698450861674
15834,0.007802893471646866
15835,0.06559859807566204
15836,0.013701911775269582
15837,0.007802893471646866
15838,0.06559859807566204
15839,0.013701911775269582
15846,0.12520176474905997
15847,0.08928760219163856
15848,0.0047843057372922715
15849,0.0626872012823404
15850,0.08928760219163856
15851,0.09919891715772389
15852,0.1282251018491758
15853,0.12520176474905997
15854,0.0047843057372922715
15855,0.0047843057372922715
15856,0.0047843057372922715
15857,0.0047843057372922715
15858,0.0047843057372922715
15859,0.0047843057372922715
15860,0.0047843057372922715
15861,0.0626872012823404
15862,0.0626872012823404
15863,0.0626872012823404
15864,0.0626872012823404
15865,0.0626872012823404
15866,0.0626872012823404
15867,0.0626872012823404
15868,0.08928760219163856
15869,0.08928760219163856
15870,0.08928760219163856
15871,0.08928760219163856
15872,0.08928760219163856
15873,0.08928760219163856
15874,0.09919891715772389
15875,0.09919891715772389
15876,0.09919891715772389
15877,0.09919891715772389
15878,0.09919891715772389
15879,0.09919891715772389
15880,0.09919891715772389
15881,0.1282251018491758
15882,0.1282251018491758
15883,0.1282251018491758
15884,0.1282251018491758
15885,0.1282251018491758
15886,0.1282251018491758
15887,0.1282251018491758
15888,0.12520176474905997
15889,0.12520176474905997
15890,0.12520176474905997
15891,0.12520176474905997
15892,0.12520176474905997
15893,0.12520176474905997
15894,0.004135409987906291
15895,0.003080696974960162
15896,0.006389950225307084
15897,0.004135409987906291
15898,0.003080696974960162
15899,0.006389950225307084
15900,0.004135409987906291
15901,0.003080696974960162
15902,0.006389950225307084
15903,0.014002136694855394
15904,0.031174555581926167
15905,0.002983878053163913
15906,0.006196982626460734
15907,0.008547286224154682
15908,0.004748496622482445
15909,0.008547286224154682
15910,0.008547286224154682
15911,0.004748496622482445
15912,0.004748496622482445
15913,0.05269104976038019
15914,0.11334369930835153
15915,0.06932719334505755
15916,0.10737716536292463
15917,0.013100513064524533
15919,6.765381745954535e-05
15921,2.298916215404123e-05
15923,0.013100513064524533
15924,6.765381745954535e-05
15925,2.298916215404123e-05
15937,0.04745281514294808
15938,0.04745281514294808
15939,0.049908657503112575
15940,0.049908657503112575
15941,0.20163140795981194
15942,0.20163140795981194
15943,0.20163140795981194
15944,0.20163140795981194
15945,0.12998703305829362
15946,0.1173212332289374
15947,0.17161175181833255
15948,0.2533526153189869
15949,0.12998703305829362
15950,0.1173212332289374
15951,0.17161175181833255
15952,0.2533526153189869
15957,0.035790866238961105
15958,0.11355383902382143
15959,0.03954642017568666
15960,0.08598969803336975
15961,0.01023397800249859
15967,0.04581749469605889
15968,0.038328192193097466
15969,0.031957386425849554
15973,0.06281289013762037
15974,0.12561813534449762
15975,0.07158289118651728
15976,0.03634498401724817
15977,0.13851672117528713
15978,0.12122442492352636
15979,0.0008474462825251994
15980,0.05475991284364623
15981,0.0008474462825251994
15982,0.05475991284364623
15983,0.0008474462825251994
15984,0.0008474462825251994
15985,0.0008474462825251994
15986,0.0008474462825251994
15987,0.05475991284364623
15988,0.05475991284364623
15989,0.05475991284364623
15990,0.05475991284364623
15991,0.029642975649051273
15992,0.034972081971399005
15993,0.04042048693122313
15994,0.2185710305003401
15995,0.23452511231298734
15996,0.2185710305003401
15997,0.23452511231298734
15998,0.07398953823221144
16000,0.07398953823221144
16001,0.008059380008424322
16002,0.008059380008424322
16003,0.008059380008424322
16004,0.1874540364088546
16005,0.002684886340810766
16006,0.012350576348238995
16007,0.013690216420817358
16011,0.01397454551330335
16012,0.01941349527283731
16013,0.07217792226975372
16014,0.07809711607144831
16015,0.01397454551330335
16016,0.01941349527283731
16017,0.07217792226975372
16018,0.07809711607144831
16019,0.01397454551330335
16020,0.01941349527283731
16021,0.07217792226975372
16022,0.07809711607144831
16023,0.3269147090615875
16024,0.3549851401865445
16025,0.39913519920330776
16026,0.3269147090615875
16027,0.3549851401865445
16028,0.39913519920330776
16029,4.046638839416694e-05
16030,0.032608775141247937
16031,0.013853801000433319
16032,0.032608775141247937
16033,0.013853801000433319
16034,0.032608775141247937
16035,0.013853801000433319
16040,0.03246326625797602
16041,0.03182481773567958
16044,0.009786759116542143
16045,0.039875819855377026
16046,0.08980129441317353
16047,0.23801380206633527
16048,0.2372736253059955
16051,0.010437695059150598
16052,0.001856019887933602
16053,3.562706098281243e-05
16057,0.05359572823457737
16058,0.02660322709169849
16059,0.053611590144606924
16060,0.05357935828380911
16061,0.053611590144606924
16062,0.05357935828380911
16063,0.053611590144606924
16064,0.05357935828380911
16065,0.0026832610675889823
16066,0.002983878053163913
16067,0.0023093342067397327
16068,0.004846473175592281
16073,0.03502233301367186
16074,0.043054008385988385
16075,0.030995504090868153
16076,0.021042583930687253
16077,0.08071280250225688
16078,0.11255721569120947
16079,0.10435338781056036
16080,0.1790331852765088
16081,0.006847068466751538
16082,0.011149708750096021
16083,0.045733169438360144
16084,9.577898012680386e-05
16085,0.1611433819780762
16086,0.006847068466751538
16087,0.011149708750096021
16088,0.045733169438360144
16089,9.577898012680386e-05
16090,0.1611433819780762
16091,0.006847068466751538
16092,0.011149708750096021
16093,0.045733169438360144
16094,9.577898012680386e-05
16095,0.1611433819780762
16096,0.006847068466751538
16097,0.011149708750096021
16098,0.045733169438360144
16099,9.577898012680386e-05
16100,0.1611433819780762
16101,0.006847068466751538
16102,0.011149708750096021
16103,0.045733169438360144
16104,9.577898012680386e-05
16105,0.1611433819780762
16106,0.19453863591624665
16107,0.19453863591624665
16108,0.19453863591624665
16109,0.19453863591624665
16110,0.19453863591624665
16111,0.20666239618131999
16112,0.20666239618131999
16113,0.20666239618131999
16114,0.20666239618131999
16115,0.20666239618131999
16116,0.007345779042701062
16117,0.06872022348260864
16118,0.01241647214207342
16119,0.08262772929307804
16123,0.027012261491556444
16124,0.023722343085453068
16127,0.027012261491556444
16128,0.023722343085453068
16134,0.007872200334652968
16135,0.007872200334652968
16136,0.007872200334652968
16137,0.0003361727285736693
16142,0.014893592672818867
16143,0.014893592672818867
16144,0.014893592672818867
16145,0.012077379836076152
16146,0.012077379836076152
16147,0.012077379836076152
16148,0.0003361727285736693
16149,0.016008343206883935
16150,0.016008343206883935
16151,0.016008343206883935
16152,0.030278829650583594
16153,0.030278829650583594
16154,0.030278829650583594
16155,0.12976308685716953
16169,0.04275811172327049
16170,0.04275811172327049
16171,0.04275811172327049
16172,0.04275811172327049
16173,0.01701606954862378
16174,0.01701606954862378
16175,0.01701606954862378
16176,0.01701606954862378
16177,0.03254570950073199
16178,0.03254570950073199
16179,0.03254570950073199
16180,0.03254570950073199
16181,0.01756214823372504
16182,0.01756214823372504
16183,0.0040949601529927104
16184,0.0040949601529927104
16185,9.649911363318608e-06
16186,9.649911363318608e-06
16196,0.010885096943880068
16197,0.010885096943880068
16199,0.014162790713094675
16200,0.014162790713094675
16201,0.013327010022894381
16202,0.013327010022894381
16203,0.013327010022894381
16204,0.015052042164336643
16205,0.015052042164336643
16206,0.015052042164336643
16207,0.034559753922104974
16208,0.010885096943880068
16209,0.014162790713094675
16210,0.034559753922104974
16211,0.03330940467575083
16212,0.03330940467575083
16213,0.03330940467575083
16214,0.03330940467575083
16215,0.03330940467575083
16216,0.03330940467575083
16217,0.03330940467575083
16218,0.03330940467575083
16219,0.03330940467575083
16220,0.03330940467575083
16221,0.03330940467575083
16222,0.03330940467575083
16223,0.03330940467575083
16224,0.03330940467575083
16225,0.03330940467575083
16226,0.03330940467575083
16227,0.03330940467575083
16228,0.03330940467575083
16229,0.03330940467575083
16230,0.03330940467575083
16231,0.03330940467575083
16232,0.03330940467575083
16233,0.03330940467575083
16234,0.03330940467575083
16235,0.03330940467575083
16236,0.03330940467575083
16237,0.03330940467575083
16238,0.03330940467575083
16239,0.03330940467575083
16240,0.03330940467575083
16241,0.03330940467575083
16242,0.03330940467575083
16243,0.03330940467575083
16244,0.03330940467575083
16245,0.03330940467575083
16246,0.03330940467575083
16247,0.03330940467575083
16248,0.03330940467575083
16249,0.03330940467575083
16250,0.03330940467575083
16251,0.03330940467575083
16252,0.03330940467575083
16253,0.03330940467575083
16254,0.03330940467575083
16255,0.03330940467575083
16256,0.03330940467575083
16257,0.03330940467575083
16258,0.03330940467575083
16259,0.03330940467575083
16260,0.03330940467575083
16261,0.03330940467575083
16262,0.03330940467575083
16263,0.03330940467575083
16264,0.03330940467575083
16265,0.03330940467575083
16266,0.03330940467575083
16267,0.03330940467575083
16268,0.03330940467575083
16269,0.03330940467575083
16270,0.03330940467575083
16271,0.03330940467575083
16272,0.03330940467575083
16273,0.03330940467575083
16274,0.03330940467575083
16275,0.03330940467575083
16276,0.03330940467575083
16277,0.03330940467575083
16278,0.03330940467575083
16279,0.03330940467575083
16280,0.03330940467575083
16281,0.03330940467575083
16282,0.03330940467575083
16283,0.03330940467575083
16284,0.03330940467575083
16285,0.03330940467575083
16286,0.03330940467575083
16287,0.03330940467575083
16288,0.03330940467575083
16289,0.03330940467575083
16290,0.03330940467575083
16291,0.03330940467575083
16292,0.03330940467575083
16293,0.03330940467575083
16294,0.03330940467575083
16295,0.03330940467575083
16296,0.03330940467575083
16297,0.03330940467575083
16298,0.03330940467575083
16299,0.03330940467575083
16300,0.03330940467575083
16301,0.03330940467575083
16302,0.03330940467575083
16303,0.03330940467575083
16304,0.03330940467575083
16305,0.03330940467575083
16306,0.03330940467575083
16307,0.03330940467575083
16308,0.03330940467575083
16309,0.03330940467575083
16310,0.03330940467575083
16311,0.03330940467575083
16312,0.03330940467575083
16313,0.03330940467575083
16314,0.03330940467575083
16315,0.03330940467575083
16316,0.03330940467575083
16317,0.03330940467575083
16318,0.03330940467575083
16319,0.03330940467575083
16320,0.03330940467575083
16321,0.03330940467575083
16322,0.03330940467575083
16323,0.03330940467575083
16324,0.03330940467575083
16325,0.03330940467575083
16326,0.03330940467575083
16327,0.03330940467575083
16328,0.03330940467575083
16329,0.03330940467575083
16330,0.03330940467575083
16331,0.03330940467575083
16332,0.03330940467575083
16333,0.03330940467575083
16334,0.03330940467575083
16335,0.03330940467575083
16336,0.03330940467575083
16337,0.03330940467575083
16338,0.03330940467575083
16339,0.03330940467575083
16340,0.03330940467575083
16341,0.03330940467575083
16342,0.03330940467575083
16343,0.03330940467575083
16344,0.03330940467575083
16345,0.03330940467575083
16346,0.03330940467575083
16347,0.03330940467575083
16348,0.03330940467575083
16349,0.03330940467575083
16350,0.03330940467575083
16351,0.03330940467575083
16352,0.03330940467575083
16353,0.03330940467575083
16354,0.03330940467575083
16355,0.03330940467575083
16356,0.03330940467575083
16357,0.03330940467575083
16358,0.03330940467575083
16359,0.03330940467575083
16360,0.03330940467575083
16361,0.03330940467575083
16362,0.03330940467575083
16363,0.03330940467575083
16364,0.03330940467575083
16365,0.03330940467575083
16366,0.03330940467575083
16367,0.03330940467575083
16368,0.03330940467575083
16369,0.03330940467575083
16370,0.03330940467575083
16371,0.03330940467575083
16372,0.03330940467575083
16373,0.03330940467575083
16374,0.03330940467575083
16375,0.03330940467575083
16376,0.03330940467575083
16377,0.03330940467575083
16378,0.03330940467575083
16379,0.03330940467575083
16380,0.03330940467575083
16381,0.03330940467575083
16382,0.03330940467575083
16383,0.03330940467575083
16384,0.03330940467575083
16385,0.03330940467575083
16386,0.03330940467575083
16387,0.03330940467575083
16388,0.03330940467575083
16389,0.03330940467575083
16390,0.03330940467575083
16391,0.03330940467575083
16392,0.03330940467575083
16393,0.03330940467575083
16394,0.03330940467575083
16395,0.03330940467575083
16396,0.03330940467575083
16397,0.03330940467575083
16398,0.03330940467575083
16399,0.03330940467575083
16400,0.03330940467575083
16401,0.03330940467575083
16402,0.03330940467575083
16403,0.03330940467575083
16404,0.03330940467575083
16405,0.03330940467575083
16406,0.03330940467575083
16407,0.03330940467575083
16408,0.03330940467575083
16409,0.03330940467575083
16410,0.03330940467575083
16411,0.03330940467575083
16412,0.03330940467575083
16413,0.03330940467575083
16414,0.03330940467575083
16415,0.03330940467575083
16416,0.03330940467575083
16417,0.03330940467575083
16418,0.03330940467575083
16419,0.03330940467575083
16420,0.03330940467575083
16421,0.03330940467575083
16422,0.03330940467575083
16423,0.03330940467575083
16424,0.03330940467575083
16425,0.03330940467575083
16426,0.03330940467575083
16427,0.03330940467575083
16428,0.03330940467575083
16429,0.03330940467575083
16430,0.03330940467575083
16431,0.03330940467575083
16432,0.03330940467575083
16433,0.03330940467575083
16434,0.03330940467575083
16435,0.03330940467575083
16436,0.03330940467575083
16437,0.03330940467575083
16438,0.03330940467575083
16439,0.03330940467575083
16440,0.03330940467575083
16441,0.03330940467575083
16442,0.03330940467575083
16443,0.03330940467575083
16444,0.03330940467575083
16445,0.03330940467575083
16446,0.03330940467575083
16447,0.03330940467575083
16448,0.03330940467575083
16449,0.03330940467575083
16450,0.03330940467575083
16451,0.03330940467575083
16452,0.03330940467575083
16453,0.03330940467575083
16454,0.03330940467575083
16455,0.03330940467575083
16456,0.03330940467575083
16457,0.03330940467575083
16458,0.03330940467575083
16459,0.03330940467575083
16460,0.03330940467575083
16461,0.03330940467575083
16462,0.03330940467575083
16463,0.03330940467575083
16464,0.03330940467575083
16465,0.03330940467575083
16466,0.03330940467575083
16467,0.03330940467575083
16468,0.03330940467575083
16469,0.03330940467575083
16470,0.03330940467575083
16471,0.03330940467575083
16472,0.03330940467575083
16473,0.03330940467575083
16474,0.03330940467575083
16475,0.03330940467575083
16476,0.03330940467575083
16477,0.03330940467575083
16478,0.03330940467575083
16479,0.03330940467575083
16480,0.03330940467575083
16481,0.03330940467575083
16482,0.03330940467575083
16483,0.03330940467575083
16484,0.03330940467575083
16485,0.03330940467575083
16486,0.03330940467575083
16487,0.03330940467575083
16488,0.03330940467575083
16489,0.03330940467575083
16490,0.03330940467575083
16491,0.03330940467575083
16492,0.03330940467575083
16493,0.03330940467575083
16494,0.03330940467575083
16495,0.03330940467575083
16496,0.03330940467575083
16497,0.03330940467575083
16498,0.03330940467575083
16499,0.03330940467575083
16500,0.03330940467575083
16501,0.03330940467575083
16502,0.03330940467575083
16503,0.03330940467575083
16504,0.03330940467575083
16505,0.03330940467575083
16506,0.03330940467575083
16507,0.03330940467575083
16508,0.03330940467575083
16509,0.03330940467575083
16510,0.03330940467575083
16511,0.03330940467575083
16512,0.03330940467575083
16513,0.03330940467575083
16514,0.03330940467575083
16515,0.03330940467575083
16516,0.03330940467575083
16517,0.03330940467575083
16518,0.03330940467575083
16519,0.03330940467575083
16520,0.03330940467575083
16521,0.03330940467575083
16522,0.03330940467575083
16523,0.03330940467575083
16524,0.03330940467575083
16525,0.03330940467575083
16526,0.03330940467575083
16527,0.03330940467575083
16528,0.03330940467575083
16529,0.03330940467575083
16530,0.03330940467575083
16531,0.03330940467575083
16532,0.03330940467575083
16533,0.03330940467575083
16534,0.03330940467575083
16535,0.03330940467575083
16536,0.03330940467575083
16537,0.03330940467575083
16538,0.03330940467575083
16539,0.03330940467575083
16540,0.03330940467575083
16541,0.03330940467575083
16542,0.03330940467575083
16543,0.03330940467575083
16544,0.03330940467575083
16545,0.03330940467575083
16547,0.18575408216861455
16568,0.4023786652907423
16569,0.5388785096487244
16570,0.7356641757815642
16571,0.5960419509541057
16572,0.6078248682408925
16573,0.6262981512342358
16574,0.6937437660632461
16601,0.4205425013268761
16615,0.10361213095744048
16616,0.20315563018359772
16617,0.016405441376931562
16618,0.019672544972935357
16620,0.2899339307325206
16621,0.28119743274840947
16622,0.6170183770183834
16623,0.4381273321830097
16625,0.4992490438575813
16644,0.4371737613718767
16645,0.04617631070218353
16646,0.06361804226898515
16647,0.09269960574108338
16648,0.23372098022492283
16652,0.4906754723600716
16661,0.08869790166967317
16662,0.08869790166967317
16663,0.08869790166967317
16664,0.08869790166967317
16665,0.08869790166967317
16666,0.08869790166967317
16667,0.08869790166967317
16668,0.08869790166967317
16669,0.08869790166967317
16670,0.08651986522422561
16671,0.08651986522422561
16672,0.08651986522422561
16673,0.08651986522422561
16674,0.08651986522422561
16675,0.08651986522422561
16676,0.08651986522422561
16677,0.08651986522422561
16678,0.08651986522422561
16700,0.0028049402031798953
16701,0.0028049402031798953
16702,0.0028049402031798953
16703,0.0028049402031798953
16704,0.0028049402031798953
16705,0.0028049402031798953
16706,0.0028049402031798953
16707,0.0028049402031798953
16708,0.011698350660268142
16709,0.011698350660268142
16710,0.011698350660268142
16711,0.011698350660268142
16712,0.011698350660268142
16713,0.011698350660268142
16714,0.011698350660268142
16715,0.011698350660268142
16716,0.011698350660268142
16717,0.011698350660268142
16718,0.011698350660268142
16719,0.011698350660268142
16720,0.011698350660268142
16721,0.011698350660268142
16722,0.011698350660268142
16723,0.02963243670664062
16724,0.02963243670664062
16725,0.02963243670664062
16726,0.02963243670664062
16727,0.02963243670664062
16728,0.02963243670664062
16729,0.02963243670664062
16730,0.02963243670664062
16731,0.02963243670664062
16732,0.02963243670664062
16733,0.02963243670664062
16734,0.02963243670664062
16735,0.02963243670664062
16736,0.02963243670664062
16737,0.02963243670664062
16738,0.040170521084703203
16739,0.040170521084703203
16740,0.040170521084703203
16741,0.040170521084703203
16742,0.040170521084703203
16743,0.040170521084703203
16744,0.040170521084703203
16745,0.040170521084703203
16746,0.040170521084703203
16747,0.040170521084703203
16748,0.040170521084703203
16749,0.040170521084703203
16750,0.040170521084703203
16751,0.040170521084703203
16752,0.040170521084703203
16753,0.01737880645172718
16754,0.01737880645172718
16755,0.01737880645172718
16756,0.01737880645172718
16757,0.01737880645172718
16758,0.01737880645172718
16759,0.01737880645172718
16760,0.01737880645172718
16761,0.01737880645172718
16762,0.01737880645172718
16763,0.01737880645172718
16764,0.01737880645172718
16765,0.01737880645172718
16766,0.01737880645172718
16767,0.01737880645172718
16768,0.10921012871049729
16769,0.10921012871049729
16770,0.10921012871049729
16771,0.10921012871049729
16772,0.10921012871049729
16773,0.10921012871049729
16774,0.10921012871049729
16775,0.10921012871049729
16776,0.10921012871049729
16777,0.10921012871049729
16778,0.05405877646337198
16779,0.05405877646337198
16780,0.05405877646337198
16781,0.05405877646337198
16782,0.15322420520753965
16783,0.15322420520753965
16784,0.15322420520753965
16785,0.15322420520753965
16786,0.10836018680040915
16787,0.10836018680040915
16788,0.10836018680040915
16789,0.10836018680040915
16801,0.04890536651453259
16802,0.03908191314960985
16803,0.0287938673364313
16811,0.0018028770216474976
16812,0.23289088084046594
16813,0.0018028770216474976
16814,0.23289088084046594
16853,0.007113261222987277
16854,0.007113261222987277
16855,0.007113261222987277
16856,0.007113261222987277
16857,0.007113261222987277
16858,0.007113261222987277
16859,0.007113261222987277
16860,0.007113261222987277
16861,0.007113261222987277
16862,0.007113261222987277
16863,0.007113261222987277
16864,0.007113261222987277
16865,0.027980331789867474
16866,0.0019129960069775853
16867,0.00010254382195273859
16868,1.698309518383123e-05
16869,8.196519913905576e-06
16870,6.587716897321627e-06
16871,9.006818090240287e-06
16872,1.0749258590569966e-05
16873,0.3353028942008086
16874,0.32131550673435705
16875,0.335018865165295
16876,0.12883286545818307
16878,0.12883286545818307
16879,0.12883286545818307
16893,0.030891797633209372
16906,0.03905559679263182
16908,0.03905559679263182
16972,0.31762642652359396
16973,0.31762642652359396
16974,0.0017001072483096014
16975,0.002550209592757424
16976,0.0032408850306129278
16977,0.0030841610867878844
16978,0.028119973956072908
16979,0.001135983146549946
16980,0.0014934474700835088
16981,0.0022729392823340744
16982,0.005113359285818464
16983,0.0003333199383460661
16984,0.002550209592757424
16985,0.0032408850306129278
16986,0.0030841610867878844
16987,0.028119973956072908
16988,0.001135983146549946
16989,0.0014934474700835088
16990,0.0022729392823340744
16991,0.005113359285818464
16992,0.0003333199383460661
16993,0.008273512427269258
16994,2.2953140845771713e-06
16995,0.029821266538721858
16996,9.219116133496463e-06
16997,0.006198613433558542
16998,0.00013954135189764294
16999,0.014040792451514017
17000,0.012685376296269535
17001,0.0021089953546228335
17002,3.407614548578408e-05
17003,2.0725644261920806e-05
17004,0.005407748730548612
17005,3.9988935475188114e-05
17006,3.9089531878366834e-05
17007,0.15337725339336084
17008,0.0006362327551879821
17009,0.015062778595761106
17010,0.007418222335996538
17011,0.0003666763089773539
17012,0.0006623490342074767
17013,0.013790070099337859
17014,0.0004237696706427263
17015,0.0006982228676256641
17016,0.0007290116470515251
17017,0.0001307244740443858
17018,0.07229632984549705
17019,0.0016121529710013682
17022,0.08338826052912507
17023,0.02130242811759575
17030,0.003946883552151559
17031,0.0029877672565998825
17032,0.003514636502878865
17033,0.002682877756730817
17034,0.0023676436578813354
17035,0.00349037845759137
17044,0.06615659235250682
17045,0.07087458415407133
17046,0.04512319450816615
17047,0.05423972795779486
17048,0.09120268553930289
17049,0.1274388318843922
17050,0.22735882600904656
17051,0.09847376414170672
17052,0.1274388318843922
17053,0.1274388318843922
17054,0.1274388318843922
17055,0.1274388318843922
17056,0.1274388318843922
17057,0.22735882600904656
17058,0.22735882600904656
17059,0.22735882600904656
17060,0.22735882600904656
17061,0.22735882600904656
17070,0.0008220956344262564
17085,0.0073924053200487005
17091,0.009774883081994812
17092,0.04403262495382243
17093,0.009774883081994812
17096,0.00132865831779716
17098,0.0013441615004122776
17099,0.004741652850654865
17100,0.00132865831779716
17101,0.00556997375204038
17106,8.186006631238918e-05
17107,8.186006631238918e-05
17108,8.186006631238918e-05
17131,0.0006514492899574176
17132,0.0007979127066670699
17141,0.01960364780495727
17142,0.028167563712573007
17143,0.04710711471060447
17144,0.043524638818358885
17145,0.11408532845384245
17157,0.014932585786179176
17158,1.0352700091642575e-06
17159,0.0456160234445655
17160,2.903812890142632e-08
17161,2.010723580769813e-05
17162,0.06540266099383218
17163,0.00930906949409882
17164,0.0030020493802004333
17165,0.001096663180181645
17166,0.1984325377403955
17167,0.14472930652419413
17168,0.00017681043975925625
17169,0.00017681043975925625
17170,0.00017681043975925625
17171,0.00017681043975925625
17172,0.00017681043975925625
17173,0.00017681043975925625
17174,0.00017681043975925625
17175,0.00017681043975925625
17176,0.00017681043975925625
17177,0.00017681043975925625
17178,0.00017681043975925625
17179,0.00017681043975925625
17180,2.9476516002713282e-05
17181,2.9476516002713282e-05
17182,2.9476516002713282e-05
17183,2.9476516002713282e-05
17184,2.9476516002713282e-05
17185,2.9476516002713282e-05
17186,2.9476516002713282e-05
17187,2.9476516002713282e-05
17188,2.9476516002713282e-05
17189,2.9476516002713282e-05
17190,2.9476516002713282e-05
17191,2.9476516002713282e-05
17192,2.5482881671479163e-07
17193,2.5482881671479163e-07
17194,2.5482881671479163e-07
17195,2.5482881671479163e-07
17196,2.5482881671479163e-07
17197,2.5482881671479163e-07
17198,2.5482881671479163e-07
17199,2.5482881671479163e-07
17200,2.5482881671479163e-07
17201,2.5482881671479163e-07
17202,2.5482881671479163e-07
17203,2.5482881671479163e-07
17204,1.780850522603572e-08
17205,1.780850522603572e-08
17206,1.780850522603572e-08
17207,1.780850522603572e-08
17208,1.780850522603572e-08
17209,1.780850522603572e-08
17210,1.780850522603572e-08
17211,1.780850522603572e-08
17212,1.780850522603572e-08
17213,1.780850522603572e-08
17214,1.780850522603572e-08
17215,1.780850522603572e-08
17216,0.0007361181886665902
17217,0.0007361181886665902
17218,0.0007361181886665902
17219,0.0007361181886665902
17220,0.0007361181886665902
17221,0.0007361181886665902
17222,0.0007361181886665902
17223,0.0007361181886665902
17224,0.0007361181886665902
17225,0.0007361181886665902
17226,0.0007361181886665902
17227,0.0007361181886665902
17228,0.0006992549749662569
17229,0.0006992549749662569
17230,0.0006992549749662569
17231,0.0006992549749662569
17232,0.0006992549749662569
17233,0.0006992549749662569
17234,0.0006992549749662569
17235,0.0006992549749662569
17236,0.0006992549749662569
17237,0.0006992549749662569
17238,0.0006992549749662569
17239,0.0006992549749662569
17240,0.007638780247222643
17241,0.007638780247222643
17242,0.007638780247222643
17243,0.007638780247222643
17244,0.007638780247222643
17245,0.007638780247222643
17246,0.007638780247222643
17247,0.007638780247222643
17248,0.007638780247222643
17249,0.007638780247222643
17250,0.007638780247222643
17251,0.007638780247222643
17259,0.004593605025376757
17274,0.030529802711720455
17275,0.04728001603311538
17276,0.07247598933932686
17277,0.05813168094035537
17278,4.7436721595239817e-07
17279,1.7870938412434256e-06
17280,0.022022440226424633
17288,0.014791529671393966
17289,0.008049917014920416
17290,0.004995492936145429
17291,0.014791529671393966
17292,0.008049917014920416
17293,0.004995492936145429
17294,0.014791529671393966
17295,0.008049917014920416
17296,0.004995492936145429
17297,0.40424200449455416
17298,0.1412310067665754
17299,0.43749260205856233
17300,0.5710855853010566
17301,0.40424200449455416
17302,0.1412310067665754
17303,0.43749260205856233
17304,0.5710855853010566
17305,0.09095746625183554
17306,0.12079918676755541
17307,0.12079918676755541
17318,0.12160343100186133
17319,0.2931303727882947
17320,0.16341718660460336
17331,0.12847773514084926
17332,0.18859915128277382
17333,0.248662239903375
17334,0.28401898484807053
17335,0.2314142862569858
17336,0.3185178939566622
17365,0.1199877545828818
17366,0.11492554125021015
17367,0.18592712787209797
17368,0.15964934781275186
17369,0.10262934650932498
17370,0.16969090550082278
17371,0.19101550929351818
17372,0.16969192555488033
17373,0.08598884575411758
17374,0.15534513806602157
17375,0.18070998185300646
17376,0.1668303858318183
17377,0.20169847168599375
17378,0.2172000674516258
17379,0.1906590914663575
17380,0.2098735210696724
17381,0.47788018314244385
17382,0.14149977927515756
17383,0.11087308258973716
17384,0.3496520665870597
17385,0.22012775576497468
17406,0.1100904075966479
17407,0.317158982105085
17411,0.7520371536980681
17412,0.7520371536980681
17413,0.24844759337614586
17414,0.3115337614637984
17415,0.44010702714814776
17416,0.33099321276863436
17417,0.44388283420767516
17418,0.560650970213522
17419,0.19292336138604083
17424,0.24992382186484785
17425,0.14254184395485647
17426,0.14254184395485647
17427,0.34260912431933654
17464,0.5966800585298486
17465,0.5966800585298486
17466,0.7763344894944895
17467,0.7763344894944895
17474,0.01774002043335121
17544,0.27956931383426786
17545,0.27956931383426786
17546,0.27956931383426786
17605,0.6478141596511553
17606,0.9298110462827678
17607,0.19162771614619234
17608,0.9108633752050173
17609,0.9033838104607679
17644,0.00011258202996855537
17645,0.00011258202996855537
17646,0.00011258202996855537
17647,0.00011258202996855537
17648,0.00011258202996855537
17674,0.9676190558325743
17675,0.9793743042143416
17695,0.5619560434786248
17696,0.5619560434786248
17698,0.10146304085889979
17699,0.10146304085889979
17700,0.10146304085889979
17702,0.05233523163754805
17703,0.05233523163754805
17704,0.05233523163754805
17706,0.01578681522903347
17707,0.01578681522903347
17709,0.029175316180935162
17710,0.029175316180935162
17711,0.029175316180935162
17870,0.7624131166060606
17871,0.6928828283480793
17898,0.2311329967624649
17899,0.3814367901240444
17900,0.6152857041751836
17901,0.7641773918478787
17902,0.2311329967624649
17903,0.3814367901240444
17904,0.6152857041751836
17905,0.7641773918478787
17906,0.2311329967624649
17907,0.3814367901240444
17908,0.6152857041751836
17909,0.7641773918478787
17910,0.2311329967624649
17911,0.3814367901240444
17912,0.6152857041751836
17913,0.7641773918478787
17914,0.2311329967624649
17915,0.3814367901240444
17916,0.6152857041751836
17917,0.7641773918478787
17918,0.020354630848773647
17919,0.022219430331617995
17920,0.04183958207391558
17921,0.036101604707776125
17922,0.06135420072354458
17923,0.0693022523980299
17998,0.04487593454762151
17999,0.04808168495991605
18000,0.08261071900487704
18001,0.08870734134469616
18002,0.05890343349661986
18003,0.061942919824138354
18004,0.05532771813374704
18005,0.05801575363021172
18006,0.10035209477113938
18007,0.10414258446421876
18008,0.04487593454762151
18009,0.04808168495991605
18010,0.08261071900487704
18011,0.08870734134469616
18012,0.05890343349661986
18013,0.061942919824138354
18014,0.05532771813374704
18015,0.05801575363021172
18016,0.10035209477113938
18017,0.10414258446421876
18018,0.04487593454762151
18019,0.04808168495991605
18020,0.08261071900487704
18021,0.08870734134469616
18022,0.05890343349661986
18023,0.061942919824138354
18024,0.05532771813374704
18025,0.05801575363021172
18026,0.10035209477113938
18027,0.10414258446421876
18028,0.04487593454762151
18029,0.04808168495991605
18030,0.08261071900487704
18031,0.08870734134469616
18032,0.05890343349661986
18033,0.061942919824138354
18034,0.05532771813374704
18035,0.05801575363021172
18036,0.10035209477113938
18037,0.10414258446421876
18050,1.5591170410278465e-07
18051,1.5591170410278465e-07
18052,0.00022479918952234001
18083,0.0001589706139113467
18084,0.0001589706139113467
18086,0.0001589706139113467
18087,0.0001589706139113467
18088,0.0001589706139113467
18094,1.5591170410278465e-07
18095,1.5591170410278465e-07
18097,1.5591170410278465e-07
18193,0.0001931793499376777
18194,0.0001931793499376777
18195,0.0001931793499376777
18196,0.0001931793499376777
18197,0.0001931793499376777
18198,0.0001931793499376777
18199,0.000802339563966803
18200,0.000802339563966803
18202,0.000802339563966803
18203,0.000802339563966803
18204,0.000802339563966803
18205,0.016921230635531304
18206,0.016921230635531304
18208,0.016921230635531304
18209,0.016921230635531304
18210,0.016921230635531304
18211,0.06246384390195314
18212,0.06246384390195314
18214,0.06246384390195314
18215,0.06246384390195314
18216,0.06246384390195314
18217,0.06755485592815613
18218,0.06755485592815613
18220,0.06755485592815613
18221,0.06755485592815613
18222,0.06755485592815613
18223,0.06929523258767734
18224,0.06929523258767734
18226,0.06929523258767734
18227,0.06929523258767734
18228,0.06929523258767734
18229,0.00033547610323991783
18230,0.00033547610323991783
18232,0.00033547610323991783
18233,0.00033547610323991783
18234,0.00033547610323991783
18235,0.0017683491812061636
18236,0.0017683491812061636
18238,0.0017683491812061636
18239,0.0017683491812061636
18240,0.0017683491812061636
18241,0.037302736361544686
18242,0.037302736361544686
18244,0.037302736361544686
18245,0.037302736361544686
18246,0.037302736361544686
18247,0.11746733350525718
18248,0.11746733350525718
18250,0.11746733350525718
18251,0.11746733350525718
18252,0.11746733350525718
18253,0.10242235150353851
18254,0.10242235150353851
18256,0.10242235150353851
18257,0.10242235150353851
18258,0.10242235150353851
18259,0.12921466140345383
18260,0.12921466140345383
18262,0.12921466140345383
18263,0.12921466140345383
18264,0.12921466140345383
18265,0.0001931793499376777
18266,0.000802339563966803
18267,0.016921230635531304
18268,0.06246384390195314
18269,0.06755485592815613
18270,0.06929523258767734
18271,0.00033547610323991783
18272,0.0017683491812061636
18273,0.037302736361544686
18274,0.11746733350525718
18275,0.10242235150353851
18276,0.12921466140345383
18300,0.0005796573653443771
18301,0.002244930213223917
18302,0.005140850882939807
18303,0.000261921319090308
18304,0.0012890086913600607
18305,0.004497803121597754
18306,0.0019375477150240794
18307,0.006126368380664271
18308,0.003998237263923787
18309,0.010567695609538963
18310,0.007438446193123394
18311,0.01661636364274688
18312,0.012723925890922638
18313,0.025883009183429007
18314,0.11844814103928492
18315,0.1371466232853361
18316,0.041385625507430523
18317,0.0012890086913600607
18318,0.004497803121597754
18319,0.0019375477150240794
18320,0.006126368380664271
18321,0.003998237263923787
18322,0.010567695609538963
18323,0.007438446193123394
18324,0.01661636364274688
18325,0.012723925890922638
18326,0.025883009183429007
18327,0.11844814103928492
18328,0.1371466232853361
18329,0.041385625507430523
18363,0.01982904824126952
18364,0.01982904824126952
18365,0.01982904824126952
18366,0.07675979870767191
18367,0.07675979870767191
18368,0.07675979870767191
18369,0.01982904824126952
18370,0.07675979870767191
18372,0.0064767865985003725
18382,0.0064767865985003725
18392,0.0064767865985003725
18402,0.0064767865985003725
18411,0.0064767865985003725
18414,0.0017154998737549665
18415,4.806786795485962e-06
18416,0.00838162190919356
18417,2.7446669048636352e-08
18418,0.00020095118063911954
18419,2.0277760248710308e-08
18420,0.018657537909779642
18421,0.02577877292951769
18422,0.009995069494123765
18425,0.025966944399304803
18432,0.03023019418515227
18433,0.0016739521295121573
18434,0.0007725234438977768
18435,0.0013418843462464913
18436,0.01246810568574186
18437,0.018977741365145517
18438,0.04480681403213327
18439,0.12287626129396967
18440,0.03023019418515227
18441,0.0016739521295121573
18442,0.025966944399304803
18443,0.0007725234438977768
18444,0.0013418843462464913
18445,0.01246810568574186
18446,0.12287626129396967
18447,0.03023019418515227
18448,0.0016739521295121573
18449,0.025966944399304803
18450,0.018977741365145517
18451,0.04480681403213327
18452,0.03023019418515227
18453,0.0016739521295121573
18454,0.025966944399304803
18455,0.0007725234438977768
18456,0.0013418843462464913
18457,0.01246810568574186
18458,0.018977741365145517
18459,0.04480681403213327
18460,0.12287626129396967
18461,0.03023019418515227
18462,0.0016739521295121573
18463,0.025966944399304803
18464,0.0007725234438977768
18465,0.0013418843462464913
18466,0.01246810568574186
18467,0.018977741365145517
18468,0.04480681403213327
18469,0.12287626129396967
18470,0.03023019418515227
18471,0.0016739521295121573
18472,0.03023019418515227
18473,0.0016739521295121573
18474,0.025966944399304803
18490,0.25712970870844654
18491,0.02243228158997501
18492,0.08020128486434852
18493,0.24875015201102146
18518,0.004429731777823354
18528,0.015823646515483847
18548,0.0019292719661595514
18549,0.01596661308375924
18550,0.0033145360518933575
18551,0.011336832745851844
18552,0.0014413291650311466
18553,0.015823859058569534
18554,0.020257875262975955
18555,0.021529837076068814
18564,0.0019292719661595514
18565,0.01596661308375924
18566,0.0033145360518933575
18567,0.011336832745851844
18568,0.0014413291650311466
18569,0.015823859058569534
18570,0.020257875262975955
18571,0.021529837076068814
18611,0.008145700459061489
18612,0.08770562535995685
18614,0.18234135301208998
18615,0.24670479639976017
18616,0.007631686773861612
18619,0.03853006254515001
18621,0.02058615459866231
18622,0.034783769642472206
18624,0.014801912233214365
18628,0.01427141209493521
18630,0.0055168026877825405
18649,0.0026683957846714845
18650,3.755070820954387e-08
18651,0.0016219064179048281
18652,0.0016219064179048281
18654,0.0016219064179048281
18655,0.0016219064179048281
18660,0.05527203197646435
18661,0.05527203197646435
18668,0.023148892518485287
18697,0.758749672799359
18699,0.414097380684751
18700,0.414097380684751
18701,0.414097380684751
18702,0.3933895850929998
18703,0.3933895850929998
18704,0.3933895850929998
18705,0.44691829753892576
18706,0.44691829753892576
18707,0.44691829753892576
18708,0.758749672799359
18709,0.758749672799359
18710,0.758749672799359
18711,0.5083339199190531
18712,0.5840273021247573
18713,0.48402646184633535
18714,0.6174262780665217
18715,0.5911520528233845
18716,0.48402646184633535
18717,0.48402646184633535
18718,0.48402646184633535
18719,0.48402646184633535
18721,0.48402646184633535
18723,0.5083339199190531
18724,0.5083339199190531
18725,0.6174262780665217
18726,0.6174262780665217
18727,0.5911520528233845
18728,0.5911520528233845
18747,0.006995123383538582
18748,0.006995123383538582
18749,0.006995123383538582
18750,0.006995123383538582
18751,0.006995123383538582
18752,0.006995123383538582
18777,0.18756737613344543
18778,0.18756737613344543
18779,0.18756737613344543
18780,0.18756737613344543
18782,0.18756737613344543
18783,0.3407960769568035
18784,0.3407960769568035
18785,0.3407960769568035
18786,0.3407960769568035
18788,0.3407960769568035
18789,0.3117172837337864
18790,0.3117172837337864
18791,0.3117172837337864
18792,0.3117172837337864
18794,0.3117172837337864
18795,0.49090413002166233
18796,0.49090413002166233
18797,0.49090413002166233
18798,0.49090413002166233
18800,0.49090413002166233
18801,0.41062914163776143
18802,0.41062914163776143
18803,0.41062914163776143
18804,0.41062914163776143
18806,0.41062914163776143
18807,0.18756737613344543
18808,0.3407960769568035
18809,0.3117172837337864
18810,0.49090413002166233
18811,0.41062914163776143
18986,0.01309146657609428
18987,0.08320430103245624
18988,0.05380105662969337
18989,0.030027124119999082
19053,0.01799287126487814
19055,0.07965461142611474
19057,0.03288207056722836
19059,0.015023044242661765
19069,0.04333687809168418
19072,0.031656386951430804
19073,0.031656386951430804
19079,0.30817550453456477
19084,0.18314790352072818
19085,0.17002410258121725
19086,0.19588583208610122
19087,0.1703373106717363
19088,0.17394910608126246
19108,0.014255577591448021
19109,0.035002473073215024
19110,0.013295454269897422
19112,0.001177229027158777
19114,0.08722245715663046
19116,0.2513105531298069
19120,0.08722245715663046
19122,0.2513105531298069
19125,0.058352235901516614
19126,0.058662139094314725
19129,0.2014496179231644
19130,0.16864137294700587
19132,0.202927132045975
19138,0.058352235901516614
19144,0.3006326249528173
19145,0.202927132045975
19146,0.27148247493905775
19147,0.28299709033733755
19148,0.26711230872480907
19149,0.29397730894223617
19158,0.05878949992941018
19159,0.02148614943549454
19160,0.07972058414836192
19161,0.052991996036702904
19162,0.08684466150262071
19163,0.08989570519811763
19164,0.043122239368484805
19165,0.04826898956715797
19166,0.0419393742760803
19167,0.23847063553909054
19168,0.1266565596372431
19169,0.19253765789241406
19172,0.10003053891922409
19173,0.04394249889744328
19174,0.036226743666740946
19177,0.2258139332340413
19179,0.15308255750791777
19181,0.0644970216945534
19183,0.04724000162506048
19184,0.20699313599394498
19185,0.18884502941856418
19186,0.006244028015035541
19187,0.012701993646733523
19188,0.011945753296677242
19189,0.029873609209733476
19190,0.05050691313061895
19191,0.052526577912546
19192,0.011247917032723653
19193,0.06634480017576971
19194,0.07813234382940237
19195,0.03146214372189138
19196,0.01069863910995128
19197,0.01033249331299757
19198,0.2304194478907149
19199,0.15005444938513524
19219,5.4638450436184094e-05
19220,2.300826803525169e-07
19221,6.3682372821727284e-06
19222,1.2374434810169532e-11
19223,2.840876771292855e-05
19224,7.917866362561199e-11
19225,8.05209329779455e-06
19226,7.835356353869116e-05
19243,0.4588546675220533
19287,0.12436965963323154
19288,0.12434768454873013
19289,0.12374449634355666
19296,0.16550933618163177
19297,0.16562160116389835
19298,0.16562610550573953
19299,0.1517513400154178
19300,0.15633507123064183
19301,0.15630670998908236
19302,0.29212921296681704
19303,0.3025698603353322
19304,0.2985814077586343
19305,0.1414779883954076
19306,0.16867673942522143
19307,0.19855242082190871
19308,0.11364756998226588
19309,0.05948716003044996
19310,0.06151876240964094
19311,0.2682868071434935
19312,0.2710648631716138
19313,0.2684055810626974
19314,0.16550933618163177
19315,0.16562160116389835
19316,0.16562610550573953
19317,0.1517513400154178
19318,0.15633507123064183
19319,0.15630670998908236
19320,0.29212921296681704
19321,0.3025698603353322
19322,0.2985814077586343
19325,0.8390977369138144
19328,0.5552328240433428
19388,0.05888226516208994
19389,0.038050823489491736
19390,0.04000909737416403
19391,0.03705729256634305
19392,0.04155112944590289
19393,0.03553181358772306
19394,0.2675949190527658
19395,0.323568694427265
19396,0.021516109582530363
19397,0.23391558045871974
19412,0.04468732628196803
19413,0.1103457597455565
19414,0.016674730639914648
19415,0.06560053364562357
19416,0.07209537558966994
19417,0.10884036575702005
19418,0.1236087100514075
19419,0.1375794448108576
19420,0.07977243959361169
19421,0.29351758324584587
19422,0.30482036499570386
19423,0.12432873272878453
19424,0.28022427437617203
19425,0.08682798547678738
19426,0.030970192402429708
19427,0.055292792323407336
19428,0.24235837800118598
19438,0.0024136248038696406
19444,0.3280535624424964
19466,0.1879997363840522
19467,0.21371476012994728
19468,0.2561661154055259
19469,0.3198185814247295
19470,0.40124118986570656
19471,0.4346206004419225
19472,0.36468504102197363
19473,0.47103008588242035
19474,0.10887071474953569
19475,0.194170801069402
19476,0.11006518045698821
19477,0.07123464706657145
19478,0.08495381106397915
19479,0.07904608050020567
19480,0.07212592450059907
19481,0.1048725822587846
19482,0.08941189062649835
19483,0.27606933227976405
19484,0.16554068742086103
19485,0.11751903059968738
19486,0.12416804097385503
19487,0.11288630388941578
19492,0.166737591206913
19494,0.27606933227976405
19510,0.2431983802445823
19517,0.0907598656074523
19518,0.33992306660721805
19519,0.09099527785207562
19520,0.04248870193454579
19521,0.27734849193163513
19522,0.051603508294905676
19523,0.0907598656074523
19524,0.33992306660721805
19525,0.09099527785207562
19526,0.04248870193454579
19527,0.27734849193163513
19528,0.051603508294905676
19529,0.0907598656074523
19530,0.33992306660721805
19531,0.09099527785207562
19532,0.04248870193454579
19533,0.27734849193163513
19534,0.051603508294905676
19535,0.12141236088562513
19536,0.49197346756187166
19537,0.16826127113560463
19538,0.17911689488562688
19539,0.24540527794374634
19540,0.2284049764031254
19541,0.3374463456877972
19542,0.4217006029108532
19543,0.17113372805486915
19544,0.3011323565733578
19545,0.0009157703238377168
19546,0.11345231942970213
19547,0.011641990807858105
19549,0.13244670390328106
19550,0.13244670390328106
19551,0.13244670390328106
19552,0.13244670390328106
19553,0.13244670390328106
19555,0.13228927916006805
19556,0.13228927916006805
19557,0.13228927916006805
19558,0.13228927916006805
19559,0.13228927916006805
19560,0.39262550812955777
19561,0.39497954082873854
19562,0.1941581057761932
19563,0.19404613957318262
19570,0.4682521926511436
19577,0.4682521926511436
19596,0.33144776620085414
19603,0.2622072945273326
19604,0.2622072945273326
19606,0.2622072945273326
19607,0.2622072945273326
19608,0.4317450314710366
19609,0.4317450314710366
19611,0.4317450314710366
19612,0.4317450314710366
19613,0.040874134402064555
19614,0.040874134402064555
19616,0.040874134402064555
19617,0.040874134402064555
19618,0.09100644667579283
19619,0.09100644667579283
19621,0.09100644667579283
19622,0.09100644667579283
19623,0.5379696315320268
19624,0.5379696315320268
19626,0.5379696315320268
19627,0.5379696315320268
19633,0.0551888916164589
19634,0.23629104249992483
19638,0.058097607227935444
19639,0.03135856514576352
19640,0.2735817999739566
19641,0.16089114713497266
19656,0.08722245715663046
19657,0.2513105531298069
19676,9.502391096205542e-08
19680,3.503352052902642e-10
19684,0.0012623750195138728
19696,0.6788002135178774
19697,0.5862574098857694
19698,0.5429556024609958
19699,0.9997744553332655
19700,0.59280584527252
19701,0.5181413841847442
19702,0.5429556024609958
19703,0.5429556024609958
19704,0.5429556024609958
19710,0.023382656950311276
19721,0.00025802083794368436
19729,2.5557315153079685e-09
19730,1.6857626405908377e-12
19738,2.5557315153079685e-09
19739,1.6857626405908377e-12
19801,0.0005395134474340813
19802,0.001114258439529947
19803,0.0001185612354607235
19804,0.001301941889884195
19805,0.00024249622587657615
19806,0.006871627403113201
19807,0.00564381789498225
19808,0.0005148806863067845
19809,0.023405835267505615
19810,0.005474224931406924
19811,0.0020496161898519993
19812,0.0023279548568185815
19813,0.0015245335910907265
19814,0.005196364685732147
19815,0.003186429159926618
19816,1.6056544269948958e-05
19905,0.04923114377200799
19909,0.04204643736928504
19912,0.0631650645946934
19920,0.0352906913589468
19921,0.0352906913589468
19922,0.0352906913589468
19923,0.0352906913589468
19924,0.0352906913589468
19925,0.0352906913589468
19979,0.012877346456253602
19980,0.023088031139442022
19981,0.023088031139442022
19982,0.023088031139442022
19983,0.023088031139442022
19984,0.023088031139442022
19985,0.023088031139442022
19986,0.023088031139442022
19987,0.023088031139442022
19988,0.023088031139442022
19989,0.023088031139442022
19990,0.023088031139442022
19991,0.023088031139442022
19992,0.014969597256399125
19993,0.014969597256399125
19994,0.014969597256399125
19995,0.014969597256399125
19996,0.014969597256399125
19997,0.014969597256399125
19998,0.014969597256399125
19999,0.014969597256399125
20000,0.014969597256399125
20001,0.014969597256399125
20002,0.014969597256399125
20003,0.014969597256399125
20004,0.01154848309732659
20005,0.01154848309732659
20006,0.01154848309732659
20007,0.01154848309732659
20008,0.01154848309732659
20009,0.01154848309732659
20010,0.01154848309732659
20011,0.01154848309732659
20012,0.01154848309732659
20013,0.01154848309732659
20014,0.01154848309732659
20015,0.01154848309732659
20020,0.032584239680753635
20028,0.12025682369309687
20034,0.7453181978535656
20035,0.6725713711371863
20040,0.7693565083138088
20041,0.7083954229552801
20043,0.4142982108452272
20044,0.3298649996125482
20045,0.1609586431011022
20046,0.22823347344912015
20047,0.31515773978189776
20048,0.6725713711371863
20049,0.019816258448106194
20050,0.27061346865856795
20051,0.33733111254122417
20052,0.4019207609732466
20053,0.30203659595806553
20054,0.5026185652152753
20064,0.04991603565562719
20071,0.07768205598191935
20072,0.41219444413229667
20073,0.3409131942166129
20074,0.3114453573301391
20097,0.07764255108060536
20122,0.0015703637656474534
20123,0.23723520292400746
20124,0.0015703637656474534
20125,0.23723520292400746
20148,4.661660381988231e-05
20149,0.0002449947768772276
20164,0.010765489895691482
20169,0.012276316033783319
20184,0.8336201929604153
20185,0.8336201929604153
20186,0.8336201929604153
20187,0.8123557939650583
20188,0.8123557939650583
20189,0.8123557939650583
20194,0.18135450410141407
20195,0.42571832140983645
20196,0.6484334620585657
20197,0.025335688797633593
20198,0.03633983679786312
20199,0.04876874170458301
20200,0.06690702057777775
20201,0.04765097082189096
20202,0.11810002929858354
20203,0.06123815027806956
20204,0.09141300222714765
20205,0.04121523618474532
20206,0.04121523618474532
20207,0.04121523618474532
20208,0.04121523618474532
20217,0.02139315784880791
20218,0.062220595290776504
20219,0.10071803976610672
20220,0.10008053310114717
20221,0.16565561100436288
20222,0.3653875331868247
20223,0.3856537324619369
20224,0.4972400175534001
20225,0.48762989111181576
20226,0.5772483310555845
20227,0.020045547715658807
20228,0.05933244723269193
20229,0.09644511943894463
20230,0.0958180846284431
20231,0.15930198436864929
20232,0.34864817380694846
20233,0.37426864696016293
20234,0.47617260732418754
20235,0.46743906563171356
20236,0.5592731023281625
