Tag,actual_y,estimated_y,error_of_y(actual_y-estimated_y)
10561,0.1552,0.3893396993358026,-0.2341396993358026
18142,0.1,0.1978262429605769,-0.0978262429605769
147,0.69,0.7671283045972479,-0.07712830459724795
2640,0.13,0.15070791497181427,-0.020707914971814262
11097,0.0137,0.2248034008325766,-0.21110340083257662
18589,0.17,0.3733113614200298,-0.20331136142002978
1571,0.087,0.14299898835831365,-0.055998988358313656
16688,0.032,0.10034536633775057,-0.06834536633775057
19215,0.06,0.4056037576837381,-0.3456037576837381
1220,0.95,0.38425211017166017,0.5657478898283398
7539,0.041,0.21052290692657524,-0.16952290692657523
4560,0.91,0.546160552473188,0.3638394475268121
2690,0.0011,0.2768769643420333,-0.2757769643420333
8056,0.32,0.4177433098081239,-0.0977433098081239
2858,0.998,0.40193270997829356,0.5960672900217064
10223,0.13,0.1540159882126346,-0.024015988212634592
7796,0.21,0.20629809308514102,0.003701906914858971
14708,0.8,0.6636808553016418,0.13631914469835826
3363,0.009,0.2572548327040754,-0.2482548327040754
12111,0.026,0.39134056853035126,-0.36534056853035124
3854,0.001,0.061386304517022316,-0.060386304517022316
19371,0.32,0.36533032909904406,-0.04533032909904405
9732,0.02,0.2720666783913524,-0.2520666783913524
2251,0.52,0.18063157701362556,0.3393684229863745
5730,0.02,0.3053067684176054,-0.2853067684176054
4094,0.91,0.7609406561619682,0.14905934383803188
19752,0.25,0.3241012329794449,-0.07410123297944488
11750,0.14,0.3644306197850883,-0.22443061978508827
12437,0.9,0.4693043687462294,0.43069563125377064
11419,0.05,0.092326548364425,-0.042326548364424996
3971,0.09,0.13785376736662452,-0.04785376736662453
8484,0.001,0.15106901509379778,-0.15006901509379778
17634,0.007,0.0847873120227623,-0.07778731202276229
6924,0.887,0.8506163365799508,0.03638366342004917
13958,0.007,0.17752992241140433,-0.17052992241140433
14142,0.34,0.398612171481046,-0.05861217148104597
588,0.33,0.4254415330120238,-0.0954415330120238
1170,0.76,0.5459887142800142,0.21401128571998584
4396,0.06,0.6557324647527476,-0.5957324647527475
18373,0.18,0.3926753144433142,-0.21267531444331422
3146,0.42,0.1858178334723784,0.23418216652762158
17510,0.65,0.44740083869227687,0.20259916130772315
9088,0.38,0.29215986577798536,0.08784013422201464
3264,0.88,0.47029264722509545,0.40970735277490455
13851,0.13,0.11728637901309513,0.012713620986904872
3644,0.017,0.07180261904223517,-0.05480261904223517
10264,0.015,0.06352018267529635,-0.048520182675296356
13628,0.26,0.2843484051667408,-0.024348405166740805
19036,0.95,0.6210329868079801,0.3289670131920198
4453,0.13,0.1358506751406923,-0.005850675140692291
20159,0.11,0.38506520154679785,-0.27506520154679787
12222,0.53,0.5072807422511866,0.02271925774881345
1482,0.012,0.10999495967173492,-0.09799495967173492
7341,0.16,0.4014951388779549,-0.2414951388779549
2615,0.47,0.5003886612473251,-0.03038866124732509
16630,0.0639,0.41117364132779377,-0.34727364132779376
19259,0.051,0.2822653785975658,-0.2312653785975658
2435,0.29,0.08029408817837413,0.20970591182162585
3421,0.88,0.5436563097652972,0.3363436902347028
3659,0.28,0.27921967303991135,0.0007803269600886731
18609,0.14,0.31283013228764583,-0.17283013228764582
11838,0.663,0.4917553473350738,0.17124465266492622
2203,0.19,0.32245715507406447,-0.13245715507406447
8707,0.09,0.4276366025104956,-0.33763660251049565
9568,0.26,0.3467157918888155,-0.08671579188881551
9990,0.039,0.13133478576753543,-0.09233478576753543
112,0.4,0.40590158607089,-0.005901586070889975
4305,0.81,0.45145738626586307,0.358542613734137
17472,0.02,0.3137335443215429,-0.29373354432154286
2920,0.03,0.5821065219665774,-0.5521065219665774
15287,0.46,0.4765669575751093,-0.016566957575109287
12552,0.44,0.5018733246949463,-0.061873324694946275
5641,0.674,0.6989259646165524,-0.024925964616552387
15326,0.22,0.3518053458792217,-0.13180534587922169
3218,0.45,0.3924889548325958,0.057511045167404184
13506,0.52,0.3750818434029765,0.1449181565970235
13492,0.58,0.6126965693995299,-0.03269656939952992
649,0.11,0.32511173515340724,-0.21511173515340726
18864,0.49,0.35561392001507236,0.13438607998492763
19264,0.1,0.4832298278411649,-0.3832298278411649
14499,0.009,0.21442321776781106,-0.20542321776781106
13738,0.51,0.4440509398534896,0.06594906014651042
13444,0.066,0.1705746378321915,-0.10457463783219151
1285,0.73,0.5106613144756169,0.21933868552438307
8203,0.03,0.15433660982379502,-0.12433660982379502
17983,0.03,0.2681741931656684,-0.23817419316566837
15054,0.3,0.2670168987831812,0.0329831012168188
15143,0.0121,0.12713219612822357,-0.11503219612822357
4471,0.12,0.18487058922831712,-0.06487058922831712
13791,0.86,0.7615912169882588,0.09840878301174116
12542,0.16,0.4608606446713871,-0.30086064467138707
12919,0.29,0.144202727020084,0.145797272979916
13825,0.34,0.3826009874225734,-0.0426009874225734
3871,0.502,0.33418668925796857,0.16781331074203143
11002,0.1,0.21804340117676357,-0.11804340117676357
9173,0.66,0.30470852307859153,0.3552914769214085
12200,0.0087,0.1159420084906331,-0.1072420084906331
8699,0.16,0.3943398787921057,-0.2343398787921057
13813,0.68,0.3624273963277533,0.31757260367224677
6828,0.77,0.5988128932668698,0.1711871067331302
4051,0.88,0.5829345986612453,0.2970654013387547
12787,0.606,0.316886233495586,0.289113766504414
19237,0.75,0.45757043006178405,0.29242956993821595
11820,0.0021,0.041818311563607546,-0.03971831156360755
780,0.008,0.08078067182422699,-0.07278067182422698
16036,0.1,0.36174638468428516,-0.2617463846842851
4797,0.52,0.48267179261088516,0.037328207389114854
3057,0.18,0.3823167698579311,-0.20231676985793112
802,0.147,0.23144562959984644,-0.08444562959984644
5154,0.96,0.8254361975845484,0.13456380241545152
16888,0.001,0.23922096533364,-0.23822096533364
1052,0.0189,0.09900250035349206,-0.08010250035349206
5552,0.01248,0.2581858387997743,-0.2457058387997743
4090,0.86,0.8508050385649093,0.009194961435090687
2151,0.0071,0.29487486750820047,-0.28777486750820047
14096,0.001,0.16442823732226844,-0.16342823732226844
12808,0.36,0.31575795605337,0.044242043946630005
12662,0.68,0.5526645675486602,0.12733543245133983
4288,0.145,0.10646023188069309,0.0385397681193069
6531,0.7,0.3654170376100248,0.33458296238997515
1511,0.248,0.04467989566569697,0.20332010433430303
8702,0.32,0.39198534974427607,-0.07198534974427606
924,0.02,0.2436077341754016,-0.2236077341754016
4154,0.1,0.1571349214406335,-0.05713492144063351
2190,0.01,0.1617678303085419,-0.15176783030854188
5814,0.263,0.3729316102057906,-0.10993161020579056
14982,0.0006,0.1497536873108863,-0.14915368731088632
5420,0.3,0.3674008188847129,-0.06740081888471289
19452,0.0207,0.3415333994085686,-0.3208333994085686
11429,0.0014,0.12703010721811195,-0.12563010721811194
12592,0.044,0.12712983222472884,-0.08312983222472885
2645,0.007,0.1971971152094335,-0.1901971152094335
4353,0.1,0.5080095311026338,-0.4080095311026338
9460,0.018,0.11350817742936126,-0.09550817742936125
5726,0.01,0.08688868841975117,-0.07688868841975117
5837,0.38,0.524650173879303,-0.144650173879303
19384,0.18,0.32777835168337593,-0.14777835168337594
4810,0.05,0.32176977475636015,-0.27176977475636016
6746,0.46,0.675672849185103,-0.21567284918510293
6818,0.0647,0.20379074753311568,-0.13909074753311568
6966,0.074,0.4464820997153829,-0.3724820997153829
13166,0.47,0.5004995786897748,-0.03049957868977482
2702,0.0033,0.1473877883417494,-0.1440877883417494
4018,0.8,0.3490093350407102,0.45099066495928986
12275,0.94,0.5570468143514146,0.3829531856485854
18151,0.08,0.14876031031042902,-0.06876031031042902
5722,0.24,0.28985158009418355,-0.049851580094183556
7661,0.97,0.4723131358453784,0.4976868641546216
4013,0.3,0.41820420255865565,-0.11820420255865566
18098,0.06,0.179164199010386,-0.119164199010386
3357,0.064,0.43713068575629777,-0.37313068575629776
1256,0.019,0.4252571962318572,-0.4062571962318572
16937,0.024,0.37734552804973065,-0.35334552804973063
12329,0.11,0.5408492820790954,-0.43084928207909545
4021,0.057,0.15721044373067242,-0.10021044373067242
4915,0.003,0.4727078698608723,-0.4697078698608723
8629,0.6,0.36887644232973155,0.23112355767026843
4071,0.79,0.675848106978111,0.114151893021889
7802,0.12,0.31566535548991126,-0.19566535548991126
13722,0.73,0.2657362046491852,0.4642637953508148
8425,0.8004,0.6335473054299043,0.16685269457009566
19636,0.46,0.36742611341620357,0.09257388658379645
11808,0.0023,0.04385188745045182,-0.041551887450451824
12847,0.02,0.3823912214134385,-0.3623912214134385
14010,0.042,0.16042805032698226,-0.11842805032698225
12102,0.056,0.34292323228326915,-0.28692323228326916
6171,0.77,0.47640613411157595,0.29359386588842407
1485,0.008,0.08526981737664313,-0.07726981737664312
2408,0.03,0.1436373875472854,-0.11363738754728539
10519,0.001,0.21547146533994965,-0.21447146533994965
4116,0.98,0.19737081332866513,0.7826291866713349
11763,0.55,0.5483842378169572,0.0016157621830428237
13792,0.72,0.5758720507836175,0.1441279492163825
20081,0.17,0.327289241612759,-0.157289241612759
17083,0.02,0.30254756033857483,-0.2825475603385748
5052,0.6,0.5789568261927269,0.021043173807273052
4083,0.78,0.2643677073561384,0.5156322926438617
3482,0.044,0.28441117562537105,-0.24041117562537107
18100,0.17,0.11634794872996154,0.05365205127003847
18597,0.063,0.4291566528839516,-0.3661566528839516
16141,0.96,0.4564195280400536,0.5035804719599464
5277,0.72,0.4486700579922142,0.27132994200778576
1081,0.47,0.026340037438454034,0.44365996256154594
9097,0.31,0.24676206228145492,0.06323793771854508
18125,0.11,0.17421582189472337,-0.06421582189472337
8089,0.011,0.08125294770542629,-0.0702529477054263
12558,0.03,0.37839335407204194,-0.34839335407204197
12973,1.0,0.4856748982603173,0.5143251017396827
19918,0.95,0.2842395492792698,0.6657604507207302
17894,0.96,0.5814799060693364,0.37852009393066355
4156,0.07,0.18202629670315426,-0.11202629670315425
428,0.46,0.23459782350048464,0.22540217649951538
851,0.41,0.2899340536165902,0.12006594638340978
17949,0.22,0.34709894294067906,-0.12709894294067905
6080,0.004,0.18282841857103843,-0.17882841857103843
18514,0.47,0.42745633159190605,0.042543668408093926
13079,0.24,0.29138026864489847,-0.051380268644898475
14629,0.57,0.3528744566095926,0.21712554339040735
5189,0.743,0.5509534464677837,0.19204655353221634
11392,0.033,0.30563234788757926,-0.2726323478875793
13433,0.46,0.38149515749353174,0.07850484250646828
6545,0.54,0.39140720461757006,0.14859279538242998
7225,0.38,0.3511024898602243,0.028897510139775706
15637,0.67,0.34539260810235667,0.32460739189764337
15117,0.0246,0.11228591716185943,-0.08768591716185943
13300,0.13,0.30146183506260493,-0.17146183506260493
13118,0.0051,0.1797498907979236,-0.17464989079792362
16598,0.52,0.16390818525747042,0.3560918147425296
9123,0.102,0.3054099308639429,-0.20340993086394293
19359,0.64,0.2779203846294006,0.3620796153705994
12863,0.2,0.34148713108365975,-0.14148713108365973
7737,0.86,0.6795903605932865,0.1804096394067135
6443,0.001,0.3011684072515888,-0.3001684072515888
5022,0.15,0.34701022444519647,-0.19701022444519647
3525,0.28,0.4007154849648195,-0.12071548496481949
18154,0.12,0.13064546096062524,-0.010645460960625241
4127,0.68,0.7767719536839022,-0.09677195368390212
9160,0.093,0.273001181694925,-0.180001181694925
13235,0.007,0.46824883099762404,-0.46124883099762404
14028,0.047,0.18219289753131476,-0.13519289753131475
17575,0.21,0.02873626893544101,0.18126373106455898
7460,0.13,0.44099082253901034,-0.31099082253901034
14487,0.27,0.5478920007433813,-0.2778920007433813
8364,0.005,0.3093305334686931,-0.3043305334686931
10251,0.6,0.7012901359977868,-0.1012901359977868
17804,0.66,0.664905696002711,-0.0049056960027109575
8252,5e-05,0.44586223184528395,-0.44581223184528396
16578,0.059,0.17493354244115963,-0.11593354244115964
12669,0.73,0.5244299163992511,0.2055700836007489
4989,0.7852,0.38885303620624223,0.3963469637937578
2174,0.5,0.2993192229884014,0.2006807770115986
19463,0.05,0.24220807024907554,-0.19220807024907555
6238,0.404,0.48167697242306895,-0.07767697242306892
1080,0.5,0.4183709352544299,0.08162906474557008
5871,0.66,0.5966073513875593,0.06339264861244076
15290,0.53,0.4765669575751093,0.05343304242489072
1101,0.68,0.32412867447075344,0.3558713255292466
19568,0.77,0.32475561028074895,0.44524438971925107
12441,0.23,0.7233134541065054,-0.4933134541065054
1089,0.072,0.026340037438454034,0.04565996256154596
3516,0.8,0.4191523046455757,0.38084769535442436
558,0.21,0.4997626695414529,-0.2897626695414529
6400,0.21,0.4587433071437724,-0.24874330714377244
15428,0.67,0.583607949347189,0.08639205065281108
4490,0.86,0.47568398591228,0.38431601408772
6454,0.89,0.5044512123189087,0.38554878768109135
7511,0.48,0.4319554442605303,0.048044555739469696
7716,0.65,0.535600220468699,0.11439977953130098
4612,0.24,0.3595643325702618,-0.11956433257026183
11532,0.05,0.4230043957681745,-0.3730043957681745
7305,0.033,0.3522459916265511,-0.3192459916265511
13124,0.09,0.2600746369317662,-0.1700746369317662
9603,0.003,0.04989249217366082,-0.046892492173660816
7913,0.99,0.6442616188635621,0.34573838113643784
1949,0.81,0.6208272735778875,0.18917272642211258
6154,0.45,0.22678932970768584,0.22321067029231417
18834,0.0033,0.33618322797529887,-0.33288322797529885
15929,0.73,0.47616397661444254,0.25383602338555744
11887,0.98,0.23835809860237944,0.7416419013976205
6521,0.403,0.2823361010509028,0.12066389894909724
15330,0.6,0.5627020836304386,0.03729791636956137
2074,0.36,0.42338870165587444,-0.06338870165587446
15626,0.32,0.3216441764315038,-0.0016441764315037743
16562,0.0232,0.42893922523434064,-0.40573922523434064
5597,0.008,0.33655442108788214,-0.32855442108788213
16850,0.71,0.5961166554514372,0.11388334454856275
13567,0.1,0.2645848081299855,-0.16458480812998552
8176,0.72,0.43374147089199877,0.2862585291080012
17149,0.25,0.477683858746239,-0.22768385874623898
969,0.012,0.09567457104482396,-0.08367457104482397
1155,0.014,0.1650273177104993,-0.1510273177104993
4397,0.65,0.5626234690631149,0.08737653093688513
13141,0.001,0.17339145011023052,-0.17239145011023052
9961,0.01,0.2995019214841229,-0.2895019214841229
16162,0.27,0.30257869233358703,-0.03257869233358701
1311,0.93,0.7015034305518475,0.22849656944815255
3425,0.46,0.7124083897708046,-0.25240838977080454
7318,0.17,0.2747722779632421,-0.1047722779632421
7247,0.14,0.2150717724713959,-0.07507177247139588
10112,0.0263,0.43848864443320823,-0.41218864443320824
8067,0.035,0.17272216214431996,-0.13772216214431995
13550,0.005,0.06123733776128798,-0.05623733776128798
19058,0.29,0.34594487630693826,-0.055944876306938285
13384,0.07,0.4547654328903561,-0.3847654328903561
18958,0.52,0.17959756159649531,0.3404024384035047
7962,0.08,0.2824890431713575,-0.20248904317135746
12956,0.0011,0.3481094817198848,-0.3470094817198848
12155,0.811,0.7393071617505886,0.07169283824941142
16164,0.12,0.33349173682155697,-0.21349173682155698
15052,0.47,0.39428925712169133,0.07571074287830865
3439,0.93,0.8093273138203525,0.12067268617964755
17255,0.31,0.5769980996520995,-0.2669980996520995
7901,0.17,0.16578221796354867,0.004217782036451345
4617,0.31,0.3409660051053739,-0.030966005105373895
9773,0.21,0.10645262420747703,0.10354737579252296
11925,0.005,0.05702964916590536,-0.05202964916590536
17652,0.001,0.018711267496606787,-0.017711267496606786
7706,0.87,0.5519199207229512,0.31808007927704884
15149,0.1325,0.06336259821680434,0.06913740178319566
11413,0.38,0.092326548364425,0.287673451635575
9720,0.0019,0.04785795781545804,-0.04595795781545804
15006,0.3285,0.19991325175546873,0.12858674824453128
20129,0.0031,0.5947004404643323,-0.5916004404643324
15484,1.0,0.3415701599458708,0.6584298400541292
370,0.2456,0.3180141236130252,-0.07241412361302521
19858,0.98,0.831393387123145,0.14860661287685495
13990,0.27,0.35862812739540617,-0.08862812739540615
5827,0.567,0.32011206948850124,0.2468879305114987
14429,0.87,0.43023412929939053,0.43976587070060946
12621,0.75,0.5759952078622868,0.17400479213771325
1342,0.166,0.32826948797476535,-0.16226948797476534
4177,0.2,0.3480895854615057,-0.1480895854615057
7985,0.001,0.4695935163340327,-0.4685935163340327
5589,0.06,0.13563537040394055,-0.07563537040394055
13828,0.66,0.277024367289578,0.382975632710422
18992,0.11,0.2262795857500137,-0.1162795857500137
5195,0.585,0.7903741927665114,-0.20537419276651148
17947,0.34,0.3487269602251247,-0.008726960225124702
9436,0.033,0.016804092356254297,0.016195907643745705
17460,0.148,0.20412394632939423,-0.05612394632939424
12435,0.94,0.4693043687462294,0.47069563125377056
17326,0.89,0.3997634977452731,0.4902365022547269
163,0.72,0.46318442578166297,0.256815574218337
11378,0.35,0.3975306795851486,-0.047530679585148616
11227,0.044,0.45422017126569914,-0.41022017126569915
19381,0.066,0.29009561379224424,-0.22409561379224424
809,0.058,0.23144562959984644,-0.17344562959984644
10803,0.083,0.08269047042267003,0.0003095295773299783
17124,0.08,0.35263349898348495,-0.27263349898348493
12862,0.56,0.34148713108365975,0.2185128689163403
17451,0.66,0.5640260437767441,0.09597395622325589
13057,0.003,0.12003665965066734,-0.11703665965066734
2392,0.55,0.3012613967863285,0.24873860321367153
19152,0.04,0.19908987583729487,-0.15908987583729486
7611,0.82,0.3145924676675623,0.5054075323324376
7257,0.043,0.13212039446981538,-0.08912039446981539
9550,0.025,0.13039302767637392,-0.10539302767637393
3446,0.26,0.520669142541648,-0.26066914254164797
8240,0.03,0.15910697458944578,-0.12910697458944578
823,0.44,0.2595246299543058,0.1804753700456942
17435,0.75,0.619198342430608,0.130801657569392
19679,0.89,0.2656868454867896,0.6243131545132103
9205,0.008,0.3293651172175641,-0.3213651172175641
7805,0.09,0.30313521043957903,-0.21313521043957903
18377,1.0,0.7121219099099734,0.28787809009002663
12795,0.002,0.37903668931223167,-0.37703668931223167
6915,0.775,0.7692829851199268,0.005717014880073257
19714,0.45,0.41725552149175654,0.03274447850824347
16595,0.16,0.29718413968143664,-0.13718413968143664
6331,0.95,0.6041467544345057,0.34585324556549424
19927,0.9,0.32366524583785844,0.5763347541621415
11006,0.038,0.10572851872125766,-0.06772851872125765
4167,0.29,0.3318791108867615,-0.041879110886761495
5319,0.28,0.24128257845558893,0.0387174215444111
9833,0.07,0.2349238230267935,-0.16492382302679348
17829,0.012,0.36225114323748187,-0.35025114323748185
12869,0.04,0.33642940314387176,-0.2964294031438718
10865,0.025,0.4598273022509849,-0.43482730225098487
13793,0.88,0.5120571719414003,0.3679428280585997
9435,0.022,0.016804092356254297,0.005195907643745702
5395,0.48,0.24216214436061856,0.23783785563938142
5133,0.78,0.5550312668945153,0.2249687331054847
10661,0.28,0.2429150899244108,0.03708491007558923
15426,0.86,0.5495114654499921,0.3104885345500079
17462,0.07,0.20208699027817673,-0.13208699027817672
4399,0.77,0.5688160660008208,0.20118393399917922
7623,0.63,0.421677322471722,0.208322677528278
7709,0.61,0.5200334537663487,0.0899665462336513
6247,0.55,0.5928212422982737,-0.042821242298273665
6090,0.042,0.16437013888721796,-0.12237013888721796
1974,0.938,0.6574546634207676,0.2805453365792323
8797,0.24,0.16350987068862827,0.07649012931137172
19261,0.084,0.23184053031800994,-0.14784053031800992
9910,0.57,0.3434878719509469,0.22651212804905307
5262,0.7,0.3655635230642087,0.33443647693579126
3064,0.19,0.35929443680638734,-0.16929443680638734
15053,0.34,0.4116308330932544,-0.07163083309325435
15592,0.07,0.6345744921443397,-0.5645744921443396
5644,0.834,0.4923421837974362,0.34165781620256375
1802,0.35,0.36280459684933886,-0.012804596849338878
11036,0.015,0.17621570539877937,-0.16121570539877939
4929,0.03,0.34648811730214996,-0.31648811730215
3899,0.88,0.358369265289277,0.521630734710723
11105,0.022,0.1267909790346277,-0.1047909790346277
769,0.013,0.19077562069431026,-0.17777562069431024
17874,0.25,0.15144775216187448,0.09855224783812552
19671,0.1,0.5573764896185747,-0.4573764896185747
15457,0.178,0.2907966432160547,-0.1127966432160547
11433,0.003,0.12703010721811195,-0.12403010721811195
7458,0.16,0.374646927943279,-0.21464692794327897
12814,0.78,0.558306744514002,0.22169325548599805
13260,0.007,0.28870676332749545,-0.28170676332749545
5818,0.011,0.46069927041436376,-0.44969927041436375
12810,0.75,0.6084639830917999,0.14153601690820006
3098,0.94,0.6267304932991979,0.313269506700802
19118,0.02,0.39873900925146366,-0.37873900925146364
6699,0.061,0.31831689164175025,-0.25731689164175026
14240,0.39,0.2470269089808595,0.14297309101914052
10238,0.16,0.13756538709313856,0.02243461290686144
12208,0.075,0.1449755657527491,-0.06997556575274912
8048,0.32,0.4989685180295619,-0.17896851802956187
12315,0.75,0.38820135977030734,0.36179864022969266
14188,0.71,0.6751224025105109,0.03487759748948904
12658,0.85,0.813163527750999,0.036836472249000995
13394,0.73,0.4990198777472693,0.23098012225273068
4393,0.79,0.6557324647527476,0.13426753524725243
1070,0.001,0.20127936456535112,-0.20027936456535111
13924,0.18,0.15337230254615256,0.026627697453847438
5514,0.162,0.06143144772425502,0.10056855227574499
1576,0.002,0.20689845191858056,-0.20489845191858055
1035,0.1525,0.1012052028730728,0.051294797126927194
3522,0.29,0.48938294731067256,-0.19938294731067258
13861,0.04,0.3385286387227426,-0.2985286387227426
2207,0.49,0.20310503415049527,0.2868949658495047
8981,0.056,0.337104160783922,-0.28110416078392203
3091,0.77,0.6753591177968765,0.0946408822031235
11010,0.037,0.0722381910920642,-0.0352381910920642
18953,0.067,0.31728842866978535,-0.25028842866978535
17324,0.93,0.47630946749810155,0.4536905325018985
4932,0.49,0.4198544427521091,0.0701455572478909
6488,0.59,0.18962519150603582,0.4003748084939641
18576,1.0,0.7603455094231006,0.23965449057689936
9527,0.02,0.129899053788507,-0.10989905378850699
3657,0.14,0.1895288682057055,-0.049528868205705484
9371,0.048,0.3861070845702889,-0.33810708457028893
9120,0.25,0.23693605603222806,0.01306394396777194
6857,0.22,0.21402911282966233,0.005970887170337669
14019,0.108,0.16042805032698226,-0.052428050326982265
19864,0.87,0.7189638297221834,0.15103617027781657
3830,0.63,0.5043835382056854,0.12561646179431463
13982,0.8,0.5846973162545717,0.21530268374542838
18863,0.26,0.3266394761896362,-0.06663947618963617
9719,0.005,0.03274975172387662,-0.027749751723876618
17311,0.26,0.5177747648759637,-0.25777476487596374
10524,0.4,0.4167132301410947,-0.01671323014109466
13549,0.007,0.09352833829968804,-0.08652833829968803
18121,0.14,0.20315494801347675,-0.06315494801347674
1584,0.936,0.29929552171308726,0.6367044782869128
14537,0.847,0.40907292266238715,0.4379270773376128
2662,0.01,0.30397184683120826,-0.29397184683120825
2580,0.00083,0.018849265525360592,-0.01801926552536059
19244,0.23,0.3472591839433803,-0.11725918394338028
4077,0.76,0.40103185793454815,0.35896814206545186
7245,0.61,0.29700885639173424,0.31299114360826574
4060,0.55,0.6094571967525606,-0.05945719675256056
2519,0.025,0.14861913223056478,-0.12361913223056478
1282,0.83,0.5040816640004777,0.32591833599952225
18405,0.97,0.41689355285797725,0.5531064471420227
7406,0.88,0.584997211564611,0.29500278843538896
13638,0.37,0.22935422056474197,0.14064577943525802
19673,0.86,0.36083871812428736,0.4991612818757126
2782,0.16,0.26863359149903504,-0.10863359149903504
3192,0.8,0.3658919198152519,0.43410808018474817
19734,0.57,0.5554535166479911,0.01454648335200881
7044,0.6,0.5579202217252004,0.042079778274799584
19100,0.014,0.48228886963463424,-0.46828886963463423
20098,0.72,0.3928212289643713,0.32717877103562865
11895,0.82,0.5718166812178822,0.24818331878211775
13321,0.00091,0.34375606923726704,-0.342846069237267
14102,0.005,0.3188557804877656,-0.3138557804877656
19399,0.33,0.4936841976247043,-0.16368419762470426
9642,0.8,0.5041961789074572,0.2958038210925429
19211,0.62,0.4186933702194881,0.2013066297805119
429,0.12,0.3271021232726772,-0.20710212327267719
2847,0.18,0.40193270997829356,-0.22193270997829356
18767,0.00088,0.35400975421359515,-0.35312975421359516
2438,0.2,0.11166664324010245,0.08833335675989756
3509,0.004,0.14747725034709663,-0.14347725034709663
12369,0.99,0.4393248591720947,0.5506751408279054
434,0.28,0.4144253938331575,-0.1344253938331575
7474,0.12,0.3261810007806404,-0.2061810007806404
1573,0.089,0.15702096347718356,-0.06802096347718356
13021,0.04,0.10293320979702103,-0.06293320979702102
12700,0.68,0.5552069452445362,0.12479305475546387
489,0.039,0.50506116243512,-0.46606116243512
13474,0.94,0.5519508506729702,0.3880491493270297
13445,0.059,0.32366661360825455,-0.26466661360825455
4677,0.36,0.41563615249254415,-0.055636152492544166
17539,0.58,0.4022552300032621,0.17774476999673788
1601,0.064,0.23770200368160022,-0.17370200368160021
4725,0.017,0.10865487229754231,-0.09165487229754231
11764,0.39,0.5483842378169572,-0.1583842378169572
6811,0.79,0.5348506754163651,0.25514932458363493
4628,0.001,0.27033632560973697,-0.26933632560973697
3548,0.95,0.6581555744747593,0.2918444255252407
12622,0.78,0.5759952078622868,0.20400479213771328
4157,0.06,0.21475947750350136,-0.15475947750350136
4760,0.395,0.3187849740892643,0.0762150259107357
1613,0.9,0.27869714895388276,0.6213028510461173
2991,0.014,0.37097862185168684,-0.35697862185168683
17328,0.1,0.501274828866825,-0.401274828866825
14711,0.76,0.6717654776353117,0.08823452236468832
14833,0.09,0.33317873875660314,-0.24317873875660315
15097,0.07,0.1771515465805632,-0.1071515465805632
11141,0.17,0.2001314561529407,-0.03013145615294069
3450,0.64,0.21642775546514958,0.42357224453485043
19965,0.55,0.4458773398397896,0.10412266016021043
11947,0.0359,0.14983306720809114,-0.11393306720809114
1292,0.94,0.45114373412914377,0.4888562658708562
17705,0.11,0.4265711090083154,-0.3165711090083154
9765,0.17,0.26580879483343894,-0.09580879483343893
12590,0.05,0.1117902288923095,-0.06179022889230949
11779,0.95,0.3092497453225175,0.6407502546774825
18875,0.47,0.2486624974690681,0.22133750253093187
1156,0.012,0.16511884648053182,-0.1531188464805318
11780,0.32,0.542553549721973,-0.222553549721973
9188,0.04,0.12250873468300214,-0.08250873468300213
1467,0.42,0.24999746842155313,0.17000253157844686
16187,0.37,0.4678601973220531,-0.09786019732205309
1908,0.97,0.404598205956332,0.565401794043668
15920,0.71,0.4693985653776622,0.24060143462233774
5079,0.081,0.23147557297294802,-0.150475572972948
3380,0.16,0.29097880496000106,-0.13097880496000106
9444,0.088,0.01746454338521808,0.07053545661478192
10620,0.16,0.1924973934455447,-0.0324973934455447
3417,0.84,0.5746418308473842,0.2653581691526158
8413,0.64,0.43618703469774384,0.20381296530225618
14491,0.006,0.17716449026563352,-0.17116449026563352
17979,0.15,0.2619484406169629,-0.11194844061696288
5414,0.156,0.37269474498800037,-0.21669474498800037
5980,0.95,0.7192368950001289,0.23076310499987107
5647,0.836,0.4923421837974362,0.34365781620256375
1564,0.136,0.15524872454422065,-0.019248724544220636
11407,0.0024,0.2092739814573598,-0.20687398145735977
11782,0.14,0.6162160504994669,-0.4762160504994669
16159,0.22,0.33349173682155697,-0.11349173682155697
10642,0.17,0.18475716013463428,-0.014757160134634267
14661,0.47,0.3261560343989527,0.14384396560104729
6009,0.076,0.297084777310696,-0.22108477731069598
17536,0.8,0.4022552300032621,0.39774476999673797
5104,0.53,0.4894414913759919,0.040558508624008116
9101,0.305,0.3526365471136528,-0.04763654711365278
6340,0.56,0.6439584515721937,-0.08395845157219362
17597,0.05,0.08014986694525394,-0.030149866945253942
18768,0.58,0.3000006613494966,0.27999933865050336
2672,0.55,0.47098364295009376,0.07901635704990628
13407,0.25,0.23228810006487904,0.017711899935120956
757,0.8,0.3886009995188524,0.41139900048114764
2709,0.0209,0.26355549475991247,-0.24265549475991247
3758,0.58,0.39577946357473565,0.18422053642526431
6133,0.016,0.14184800629018013,-0.12584800629018011
2911,0.01,0.6459626190458662,-0.6359626190458662
3059,0.34,0.27906283313594304,0.06093716686405698
12707,0.36,0.6516244831471921,-0.29162448314719214
9187,0.01,0.14456768298393963,-0.13456768298393962
1828,0.07,0.3382991880410277,-0.2682991880410277
5057,0.74,0.3805406861082139,0.3594593138917861
18641,0.82,0.5002989568828506,0.3197010431171493
3745,0.119,0.4332633647638207,-0.3142633647638207
3144,0.053,0.31087074515001156,-0.25787074515001157
8098,0.5,0.2007657235044313,0.29923427649556866
3453,0.098,0.520669142541648,-0.422669142541648
19833,0.92,0.1727248222872982,0.7472751777127018
4159,0.12,0.13742938235741395,-0.017429382357413953
18484,0.16,0.39107880832255865,-0.23107880832255864
18298,0.82,0.38875649210072744,0.4312435078992725
8080,0.18,0.10098811681272782,0.07901188318727217
7001,0.063,0.18073267769582552,-0.11773267769582552
13789,0.95,0.7178628267327065,0.23213717326729344
6821,0.0029,0.407466872557027,-0.404566872557027
4577,0.0095,0.10593429828708262,-0.09643429828708262
12825,0.36,0.3224337979708452,0.03756620202915478
2568,0.0363,0.07303012752683885,-0.03673012752683885
18846,0.8,0.2425471663503837,0.5574528336496163
7729,0.55,0.7674318239677698,-0.21743182396776972
17883,0.63,0.32522216616095156,0.30477783383904844
1959,0.92,0.5932899752004279,0.3267100247995721
13968,0.043,0.12191560269864826,-0.07891560269864827
1071,0.27,0.5358219695496798,-0.26582196954967974
16609,0.87,0.3484632326510974,0.5215367673489026
11135,0.18,0.18902200065643676,-0.009022000656436768
10580,0.02,0.352778214119702,-0.332778214119702
6175,0.93,0.47640613411157595,0.4535938658884241
852,0.26,0.3578556942503916,-0.09785569425039159
5531,0.26,0.15380409482770538,0.10619590517229463
2064,0.34,0.343055322438515,-0.0030553224385149735
4469,0.1,0.22231650944275472,-0.12231650944275471
12210,0.0075,0.1449755657527491,-0.1374755657527491
7333,0.012,0.32456918307884675,-0.31256918307884674
20150,0.2,0.5001139334483262,-0.3001139334483262
3965,0.11,0.12507764702043284,-0.015077647020432836
14162,0.17,0.28806574753834624,-0.11806574753834623
4561,0.62,0.7626431915367375,-0.14264319153673755
19838,0.64,0.43183001019997647,0.20816998980002355
18814,0.72,0.31931448291494624,0.40068551708505373
3904,0.73,0.42292730425341785,0.30707269574658214
16554,0.558,0.34364048450119944,0.2143595154988006
12937,0.12,0.18886312802010097,-0.06886312802010097
8162,0.28,0.5371461856299096,-0.25714618562990954
10243,0.046,0.13762881585472236,-0.09162881585472236
4551,0.22,0.5664000863630287,-0.34640008636302877
16550,0.09,0.36562341772257967,-0.2756234177225797
12597,0.062,0.28109036455486003,-0.21909036455486003
10825,0.032,0.09506491123556765,-0.06306491123556765
9959,0.02,0.3076570629260096,-0.28765706292600957
7634,0.03,0.18295243413972384,-0.15295243413972384
8483,0.0033,0.11266707689777186,-0.10936707689777186
17272,0.83,0.5416641156153816,0.2883358843846183
7427,0.66,0.5740142064828734,0.08598579351712665
14014,0.02,0.13926108463702538,-0.11926108463702538
19021,0.53,0.584180502935054,-0.05418050293505394
9804,0.0077,0.27765794474371086,-0.2699579447437109
5436,0.051,0.1513269392509921,-0.10032693925099212
2737,0.011,0.41991018332228824,-0.40891018332228823
3261,0.008,0.4817041462218822,-0.47370414622188217
8979,0.81,0.4981719539071192,0.31182804609288084
6987,0.126,0.40694404640130766,-0.28094404640130766
15620,0.27,0.36467665099060875,-0.09467665099060874
12090,0.25,0.36546968489329407,-0.11546968489329407
10056,0.018,0.11650655867414944,-0.09850655867414944
2980,0.0024,0.07561780922112687,-0.07321780922112688
4735,0.31,0.20135878380993613,0.10864121619006387
17490,0.07,0.4459838705332379,-0.3759838705332379
14998,0.1174,0.2544784470128254,-0.1370784470128254
8239,0.19,0.07513640530468657,0.11486359469531343
3178,0.78,0.4721630687078716,0.3078369312921284
14095,0.002,0.16558605646307215,-0.16358605646307214
14705,0.56,0.6811954267284509,-0.12119542672845085
9832,0.28,0.28816090936437183,-0.008160909364371804
11798,0.46,0.5097787132903322,-0.04977871329033218
20106,0.0612,0.28808988931082286,-0.22688988931082285
2871,0.84,0.4403122721083311,0.39968772789166884
20163,0.82,0.43522004801935654,0.3847799519806434
779,0.005,0.0800106236018141,-0.0750106236018141
10336,0.076,0.20713212464033204,-0.13113212464033203
979,0.123,0.26277392097080077,-0.13977392097080077
10638,0.15,0.26025178749456135,-0.11025178749456135
6496,0.8,0.18962519150603582,0.6103748084939642
5725,0.02,0.07835342990229993,-0.05835342990229993
6598,0.68,0.5575512131635432,0.12244878683645688
4388,0.68,0.5783683094340892,0.10163169056591081
4269,0.41,0.28687690486145156,0.12312309513854841
9414,0.44,0.427583959409608,0.012416040590391975
3716,0.26,0.3063061069838466,-0.04630610698384657
3694,0.73,0.4078853672533087,0.3221146327466913
8974,0.42,0.4390523557266766,-0.01905235572667663
1938,0.85,0.6467188169214357,0.20328118307856424
7622,0.48,0.34941691264618485,0.13058308735381513
9783,0.01,0.1646787091960413,-0.1546787091960413
1622,0.21,0.39470054811102556,-0.18470054811102557
11450,0.71,0.40792527779517906,0.3020747222048209
4485,0.01,0.2870691154939947,-0.2770691154939947
10343,0.67,0.24619776529930942,0.4238022347006906
11815,0.0007,0.03852337508746201,-0.03782337508746201
18424,0.2,0.4424982085297178,-0.24249820852971776
13064,0.49,0.5280803629403328,-0.03808036294033279
14624,0.24,0.3240397894342539,-0.08403978943425389
10194,0.011,0.19525542438415944,-0.18425542438415943
18737,0.04,0.2513757397158246,-0.2113757397158246
3121,0.99,0.7539084979700612,0.23609150202993878
10260,0.023,0.06352018267529635,-0.040520182675296355
913,0.38,0.34984405533002744,0.030155944669972568
12638,0.59,0.4467038754579926,0.14329612454200735
18825,0.1686,0.27597113207374013,-0.10737113207374013
18137,0.22,0.1472190671277281,0.07278093287227191
8973,0.85,0.5443176616372938,0.3056823383627062
17664,0.001,0.010246894036033571,-0.00924689403603357
6156,0.04,0.22678932970768584,-0.18678932970768583
6520,0.381,0.35357314858642575,0.02742685141357426
19064,0.84,0.35857478137001925,0.4814252186299807
8226,0.09,0.12745393177166048,-0.03745393177166048
7752,0.92,0.5844243320403129,0.3355756679596872
19039,0.96,0.45668697210586534,0.5033130278941347
7015,0.77,0.3961841853147271,0.3738158146852729
2542,0.06057,0.019075555034456293,0.041494444965543706
18664,0.02,0.294888752929223,-0.274888752929223
18603,0.2,0.3389254922470109,-0.1389254922470109
5106,0.54,0.4933304868891164,0.04666951311088363
18073,0.14,0.3021722948599921,-0.16217229485999207
15396,0.028,0.6070577007535343,-0.5790577007535342
7740,0.64,0.437689533283675,0.20231046671632502
3652,0.028,0.34904686710923877,-0.32104686710923874
17689,0.53,0.32560014316675534,0.2043998568332447
620,0.001,0.3120365777355116,-0.3110365777355116
2931,1.0,0.360329697810326,0.639670302189674
13843,0.22,0.3334269192883412,-0.11342691928834117
5423,0.27,0.32610782839574065,-0.05610782839574063
7453,0.92,0.24582336681316888,0.6741766331868312
13955,0.218,0.3284957169710615,-0.1104957169710615
18617,0.51,0.31404670126604983,0.19595329873395018
19644,0.22,0.3971604956009426,-0.17716049560094257
8020,0.03,0.3709650221018051,-0.3409650221018051
8003,0.03,0.37144504756721974,-0.3414450475672197
13308,0.45,0.453201779800893,-0.0032017798008929788
15067,0.48,0.3183641136475088,0.1616358863524912
3504,0.024,0.08313020321917763,-0.059130203219177634
3106,0.58,0.6753591177968765,-0.09535911779687656
2388,0.46,0.34225089268683134,0.11774910731316868
11110,0.58,0.39254577408879154,0.18745422591120842
4530,0.77,0.2797035453455527,0.4902964546544473
4618,0.079,0.08615113384739181,-0.0071511338473918135
11909,0.001,0.24893938314313707,-0.24793938314313707
19431,0.37,0.4134359700193729,-0.04343597001937288
6120,0.046,0.39515906795147093,-0.34915906795147095
12278,0.44,0.4559380128800237,-0.015938012880023722
10346,0.29,0.3871756429992452,-0.0971756429992452
5050,0.016,0.3456980297801951,-0.3296980297801951
731,0.83,0.41289358493768386,0.4171064150623161
5147,0.22,0.3383990300546562,-0.11839903005465621
17283,0.35,0.4830950922481298,-0.13309509224812982
18673,0.63,0.34053651683556835,0.28946348316443166
12703,0.75,0.5199817770383341,0.23001822296166585
12646,0.91,0.6752084381785068,0.2347915618214932
14370,0.74,0.40607352384857787,0.3339264761514221
12199,0.004,0.08739270639886021,-0.0833927063988602
18117,0.23,0.17696530608344657,0.05303469391655344
9449,0.022,0.06456261683030323,-0.04256261683030323
14286,0.12,0.2136329137269711,-0.0936329137269711
3718,0.25,0.28474077088558913,-0.034740770885589134
18055,0.02,0.0699781460844277,-0.0499781460844277
17352,0.41,0.24430639474317115,0.16569360525682883
16614,0.096,0.6437751408639578,-0.5477751408639578
17948,0.34,0.35855343425416386,-0.018553434254163836
609,0.0276,0.19774972074502797,-0.170149720745028
6918,0.72,0.786933007638112,-0.06693300763811205
10564,0.17,0.41486178687775904,-0.24486178687775903
12643,0.39,0.5170305480526353,-0.12703054805263525
4438,0.08,0.37264371578973254,-0.29264371578973253
3770,0.54,0.24998492924024662,0.2900150707597534
8234,0.09,0.15910697458944578,-0.06910697458944579
2584,0.00222,0.01582573483840599,-0.013605734838405992
9893,0.56,0.5885282641122371,-0.02852826411223708
6234,0.856,0.5926169668391718,0.26338303316082823
19914,0.62,0.3695253084147904,0.2504746915852096
4503,0.17,0.31812984369236075,-0.14812984369236074
7965,0.51,0.30801421756579633,0.20198578243420368
12333,0.72,0.710452766251827,0.009547233748173012
1478,0.6,0.39588434346030527,0.2041156565396947
17957,0.34,0.2623682913479331,0.07763170865206692
876,0.52,0.3551531090709855,0.1648468909290145
12716,0.47,0.5379772510213734,-0.06797725102137342
9831,0.43,0.23196246738662213,0.19803753261337786
18332,0.03,0.6586126473210332,-0.6286126473210332
1581,0.558,0.23993403886042777,0.3180659611395723
14663,0.32,0.4000395564090911,-0.0800395564090911
1272,0.6,0.5684084900880473,0.0315915099119527
19341,0.55,0.3787814179964847,0.17121858200351536
7876,0.36,0.5676998450751021,-0.20769984507510209
10556,0.007,0.2942454657382988,-0.2872454657382988
18487,0.58,0.41550532314223293,0.16449467685776703
2147,0.424,0.23205612797547415,0.19194387202452584
19081,0.1,0.5053081529100693,-0.4053081529100693
3863,0.72,0.41254134340537774,0.30745865659462224
17802,0.82,0.6498685568779696,0.17013144312203032
19432,0.07,0.28191095876809447,-0.21191095876809446
13821,0.41,0.3922625347460113,0.01773746525398867
15548,0.73,0.5117605826509164,0.2182394173490836
14097,0.388,0.06923087550540757,0.31876912449459244
16950,0.579,0.6642521984009389,-0.0852521984009389
13440,0.046,0.2889270965159327,-0.2429270965159327
15448,0.28,0.41387688590332833,-0.1338768859033283
3262,0.008,0.40449120402017247,-0.39649120402017246
17493,0.22,0.49297051279124887,-0.27297051279124884
767,0.055,0.2648265989090557,-0.2098265989090557
14751,0.401,0.3953569036174441,0.0056430963825559455
8223,0.015,0.13506257789852597,-0.12006257789852597
72,0.2,0.5801594323080973,-0.3801594323080973
17787,0.07,0.8115366686232688,-0.7415366686232687
2469,0.089,0.03657952357890437,0.052420476421095624
12851,0.028,0.18417123167912516,-0.15617123167912517
7260,0.107,0.10912267547243035,-0.0021226754724303493
4497,0.157,0.3211831353082685,-0.16418313530826847
9438,0.01,0.06339042794595234,-0.05339042794595234
12664,0.6,0.5353619667779862,0.06463803322201378
14242,0.81,0.38140469183004233,0.4285953081699577
9128,0.33,0.1803819249739388,0.14961807502606123
6335,0.83,0.44021040672161016,0.3897895932783898
6824,0.0285,0.2098651408463478,-0.1813651408463478
8791,0.11,0.16350987068862827,-0.05350987068862827
10662,0.22,0.2813131639525963,-0.06131316395259631
5394,0.06,0.4109435031580193,-0.3509435031580193
5991,1.0,0.8146285636369642,0.18537143636303577
11843,0.077,0.16101296264308565,-0.08401296264308565
7167,0.62,0.5512235576967383,0.06877644230326174
6178,0.56,0.6067696394168477,-0.04676963941684764
15522,0.852,0.47109435869732474,0.38090564130267524
12641,0.44,0.5016716358765015,-0.06167163587650154
17744,0.91,0.6952924554656579,0.21470754453434215
13609,0.12,0.28455119584636035,-0.16455119584636035
10364,0.03,0.09908226860588126,-0.06908226860588126
12221,0.54,0.5725153856954581,-0.03251538569545809
9662,0.008,0.06418664125573831,-0.05618664125573831
3112,1.0,0.7547001789789833,0.24529982102101666
11145,0.11,0.23992523079269162,-0.12992523079269164
18407,0.97,0.7950945218025569,0.17490547819744307
14109,0.1,0.3001404192525173,-0.20014041925251727
8696,0.42,0.23881195977417524,0.18118804022582474
18141,0.17,0.16816239251531465,0.0018376074846853663
13725,0.21,0.6386396473645655,-0.4286396473645655
5390,0.58,0.3673203530805809,0.21267964691941904
9226,0.048,0.15753492400247934,-0.10953492400247934
18593,0.18,0.3774677298848606,-0.1974677298848606
14387,0.442,0.5825224634392977,-0.1405224634392977
5736,0.49,0.3753472473030879,0.11465275269691211
3648,0.08,0.09452683564811587,-0.014526835648115868
10786,0.092,0.06594086607331368,0.026059133926686323
10639,0.15,0.19771887811404718,-0.04771887811404718
12015,0.16,0.2540565724083439,-0.09405657240834389
5671,0.21,0.3079189960351036,-0.0979189960351036
18343,0.8,0.736309978210006,0.06369002178999406
4818,0.046,0.3698028811039235,-0.3238028811039235
17264,0.81,0.6266116565906523,0.18338834340934773
877,0.68,0.3928303149703795,0.28716968502962054
10847,0.862,0.3504161744313341,0.5115838255686659
13039,0.001,0.1918917835747032,-0.1908917835747032
8467,0.0143,0.15680598496049417,-0.14250598496049416
15127,0.0111,0.03734988263563738,-0.026249882635637378
19693,0.04,0.3323670696935964,-0.29236706969359644
2578,0.00198,0.2990472888111749,-0.29706728881117495
7972,0.33,0.36818189646834165,-0.038181896468341636
13014,0.03,0.14808314195780742,-0.11808314195780742
7007,0.35,0.5509610005482196,-0.20096100054821964
13758,0.48,0.6204396128647149,-0.14043961286471496
11856,0.139,0.21621763618831757,-0.07721763618831756
13893,0.13,0.299582574103596,-0.169582574103596
10241,0.1,0.12768335369300574,-0.02768335369300573
19735,0.58,0.4996838191812272,0.08031618081877279
17794,0.96,0.5521212950846279,0.40787870491537204
2866,0.52,0.47952598987112616,0.04047401012887386
11791,0.52,0.49067445106472973,0.029325548935270285
11760,0.62,0.4945991718402123,0.1254008281597877
5060,0.22,0.5789568261927269,-0.35895682619272695
3155,0.74,0.36322838516487144,0.37677161483512855
12532,0.37,0.3478272166459217,0.022172783354078296
756,0.83,0.47283036633984515,0.3571696336601548
3260,0.32,0.48690613812168326,-0.16690613812168326
13278,0.019,0.2000595929335871,-0.18105959293358712
7703,0.95,0.722650072399925,0.227349927600075
6394,0.978,0.5704815207679407,0.4075184792320593
6252,0.79,0.5190722973239605,0.2709277026760395
2551,0.00324,0.18121474381698233,-0.17797474381698233
18112,0.14,0.21303131216907792,-0.0730313121690779
18299,0.74,0.4922957753383632,0.24770422466163677
4386,0.76,0.5626234690631149,0.19737653093688512
926,0.18,0.11372594301996419,0.0662740569800358
19456,0.1105,0.31431165790494403,-0.20381165790494404
5842,0.529,0.4364261180474338,0.09257388195256622
5136,0.54,0.23421714541707417,0.30578285458292587
8062,0.49,0.4313245094349419,0.05867549056505811
6436,0.44,0.17428535833548325,0.26571464166451675
3626,0.25,0.13935199334383924,0.11064800665616076
16633,0.28,0.4578691180583645,-0.17786911805836447
13035,0.006,0.08750741396119593,-0.08150741396119593
2939,0.69,0.5821065219665774,0.10789347803342253
894,0.15,0.16842857674694398,-0.01842857674694398
2246,0.03,0.48169420212304437,-0.45169420212304434
5929,0.237,0.2277722448277251,0.009227755172274893
7992,0.001,0.2927307211826411,-0.2917307211826411
14391,0.582,0.4915368866077966,0.09046311339220336
7952,0.96,0.3727615740161297,0.5872384259838703
4247,0.76,0.2799348309481644,0.4800651690518356
19291,0.46,0.3674283334080067,0.09257166659199334
20063,0.033,0.17668009144509295,-0.14368009144509294
6495,0.08,0.4699300721504822,-0.3899300721504822
10046,0.0021,0.2826594226871734,-0.28055942268717343
13732,0.31,0.45990506200694137,-0.14990506200694137
10350,0.05,0.4264645699025068,-0.3764645699025068
15140,0.016,0.027668704109261644,-0.011668704109261643
15373,0.94,0.5571957129610263,0.3828042870389736
2443,0.46,0.3653870893232175,0.09461291067678251
11528,0.248,0.24703407676305114,0.0009659232369488568
3161,0.4,0.4126080741965316,-0.012608074196531593
19090,0.778,0.6132463246612889,0.1647536753387111
5398,0.15,0.245193732828471,-0.09519373282847102
3629,0.2,0.21629010797734188,-0.016290107977341872
9817,0.0047,0.11814839265531785,-0.11344839265531785
19362,0.55,0.34240788508094194,0.2075921149190581
1113,0.36,0.4304517894550373,-0.07045178945503733
19720,0.45,0.42497227882803174,0.025027721171968276
6702,0.555,0.31831689164175025,0.2366831083582498
10367,0.37,0.2355853254401144,0.1344146745598856
519,0.42,0.27914595191515235,0.14085404808484764
5254,0.64,0.43032913594961314,0.20967086405038687
19257,0.93,0.5875854929907535,0.3424145070092466
17818,0.3,0.4985413531307876,-0.19854135313078763
15465,0.15,0.23439188394665994,-0.08439188394665995
14492,0.005,0.19896627731727423,-0.19396627731727423
2739,0.68,0.3500105019954803,0.32998949800451977
534,0.19,0.49507715524269713,-0.30507715524269713
10653,0.82,0.3810724343245979,0.43892756567540203
14828,0.22,0.1761065364555449,0.043893463544455114
18351,0.83,0.3822027642230186,0.4477972357769814
12766,0.69,0.27064441674244566,0.4193555832575543
8323,0.2,0.22145206624795782,-0.021452066247957813
3735,0.218,0.4840018562422871,-0.2660018562422871
19777,0.78,0.31114153119199206,0.46885846880800797
19820,0.56,0.3163516827574054,0.24364831724259467
20038,0.13,0.3616246802287572,-0.2316246802287572
12273,0.52,0.6582658985887682,-0.13826589858876814
1472,0.11,0.47417692840298864,-0.36417692840298865
12711,0.87,0.5379772510213734,0.3320227489786266
1199,0.33,0.33735090705025933,-0.007350907050259314
10621,0.2,0.17210148274672935,0.027898517253270666
848,0.27,0.3282646970537638,-0.0582646970537638
1273,0.64,0.5450244140353837,0.0949755859646163
19213,0.44,0.42374858240218577,0.016251417597814233
19753,0.34,0.26370945508766946,0.07629054491233056
14227,0.05,0.2937138538751752,-0.2437138538751752
6033,0.81,0.6778176867171313,0.13218231328286878
2140,0.0035,0.31130942102777187,-0.30780942102777187
14775,0.36,0.17914168437733968,0.1808583156226603
2059,0.43,0.32173580442802024,0.10826419557197975
14279,0.18,0.49324693504065376,-0.31324693504065376
18498,0.006,0.0919561758358054,-0.08595617583580539
3244,0.07,0.34056434918290224,-0.27056434918290223
7927,0.01,0.6503226364127788,-0.6403226364127788
15464,0.36,0.23419784153767825,0.12580215846232173
827,0.39,0.26943203091511747,0.12056796908488254
3212,0.79,0.5550312668945153,0.23496873310548472
10440,0.84,0.669366638716313,0.170633361283687
1514,0.002,0.20466919192012253,-0.20266919192012253
8137,0.16,0.27309585305084144,-0.11309585305084144
15538,0.88,0.4517898129554788,0.4282101870445212
17942,0.002,0.22131065010781517,-0.21931065010781517
12917,0.06,0.13944071086824342,-0.07944071086824342
9114,0.39,0.17892735731266435,0.21107264268733567
10790,0.048,0.0635714545356344,-0.015571454535634396
14702,0.68,0.6030033357664604,0.07699666423353968
14024,0.011,0.09475760563450103,-0.08375760563450103
4691,0.9,0.5842531742027439,0.3157468257972561
5167,0.517,0.4960736609226458,0.020926339077354195
4401,0.49,0.2902308257732345,0.1997691742267655
10812,0.003,0.10308409044879974,-0.10008409044879973
15615,0.52,0.4356688353925261,0.08433116460747392
19828,0.02,0.5046715524822839,-0.4846715524822839
1448,0.03,0.3188801226351158,-0.28888012263511575
6982,0.099,0.37105177740910944,-0.27205177740910946
5157,0.97,0.782591190306537,0.18740880969346296
8778,0.24,0.20384228636435672,0.03615771363564327
4614,0.51,0.3895465727048616,0.12045342729513842
6151,0.43,0.31867025986257846,0.11132974013742153
12317,0.29,0.6071488333149635,-0.3171488333149635
9991,0.002,0.13070858465229532,-0.12870858465229532
122,0.67,0.6290673880186426,0.04093261198135745
15922,0.47,0.6203639267176189,-0.1503639267176189
5737,0.78,0.48901063682036805,0.290989363179632
4296,0.05,0.430351159529108,-0.38035115952910803
3818,0.24,0.36510618198649225,-0.12510618198649226
4178,0.14,0.4183035333087821,-0.2783035333087821
18070,0.55,0.13156743898798756,0.4184325610120125
10055,0.109,0.08846241688406031,0.020537583115939687
15213,0.11,0.10129754846664529,0.008702451533354708
14518,0.51,0.2533963928102552,0.2566036071897448
314,0.024,0.20259068726890625,-0.17859068726890626
2200,0.21,0.20310503415049527,0.0068949658495047195
11761,0.56,0.5089774687902471,0.051022531209752975
16915,0.006,0.18163034965542443,-0.17563034965542443
5659,0.282,0.3278252138429843,-0.045825213842984325
6692,0.105,0.42809802435585353,-0.32309802435585355
7002,0.094,0.17930170001723386,-0.08530170001723386
17440,0.78,0.5665985579367486,0.2134014420632514
1343,0.3604,0.2406383105514123,0.1197616894485877
19153,0.08,0.18718968616075532,-0.10718968616075532
10655,0.42,0.4736331036430219,-0.05363310364302193
17402,0.29,0.33055411885934566,-0.04055411885934568
12403,0.49,0.5782629982989027,-0.08826299829890272
420,0.3,0.24325563193819297,0.05674436806180702
6570,0.304,0.37419550922905814,-0.07019550922905815
9655,0.032,0.08437535558858128,-0.05237535558858128
15728,0.1,0.6019565324646157,-0.5019565324646157
8399,0.11,0.23500129243687384,-0.12500129243687386
8264,0.0282,0.4943319986660094,-0.4661319986660094
3114,0.94,0.7468690790390043,0.1931309209609956
2468,0.033,0.11557149758025381,-0.08257149758025381
15635,0.99,0.524589494926147,0.46541050507385295
9406,0.3,0.34611920573097116,-0.04611920573097117
16934,0.95,0.3050953554713784,0.6449046445286215
2967,0.002,0.052970138962445235,-0.05097013896244523
3124,0.59,0.8087659544569539,-0.2187659544569539
14975,0.105,0.09693642502426053,0.008063574975739465
12350,0.59,0.47135298739172865,0.11864701260827132
1275,0.45,0.4617427279524601,-0.011742727952460064
9089,0.31,0.3478036482763068,-0.03780364827630678
12161,0.106,0.4741871142236448,-0.3681871142236448
19635,0.57,0.4195290403294446,0.15047095967055535
16643,0.021,0.337995107169138,-0.316995107169138
10319,0.48,0.4072814268377505,0.0727185731622495
9602,0.01,0.10596178702528508,-0.09596178702528509
10366,0.06,0.07588569025730307,-0.015885690257303076
7203,0.63,0.5515962776406813,0.0784037223593187
1570,0.061,0.1427498582813549,-0.08174985828135489
4463,0.26,0.19173672162941896,0.06826327837058105
8532,0.084,0.7825187720806679,-0.6985187720806679
2445,0.5,0.409223967939143,0.09077603206085699
132,0.02,0.304656600548786,-0.284656600548786
15226,0.29,0.33336843746254535,-0.04336843746254537
3630,0.05,0.21629010797734188,-0.1662901079773419
19930,0.75,0.4121582693059871,0.3378417306940129
9802,0.22,0.26349165306672684,-0.04349165306672684
11790,0.53,0.4931219828783331,0.03687801712166694
2231,0.0014,0.34779056410902315,-0.34639056410902314
9132,0.066,0.3148605976376054,-0.24886059763760537
16899,0.014,0.2612808596911179,-0.2472808596911179
18289,0.05,0.43310287638490075,-0.38310287638490076
17557,0.44,0.43388097824448585,0.0061190217555141535
7800,0.07,0.13307394255864252,-0.06307394255864252
4780,0.57,0.49096274839382287,0.07903725160617708
15840,0.38,0.5687560637668229,-0.18875606376682286
13161,0.46,0.43635157548191605,0.023648424518083966
14382,0.18,0.27588642993408774,-0.09588642993408775
12939,0.28,0.210594574534881,0.06940542546511902
4088,0.96,0.7611608530368051,0.19883914696319482
6434,0.55,0.4445702632781754,0.10542973672182465
12016,0.25,0.19467829444249893,0.05532170555750107
17879,0.01,0.2979678722515286,-0.2879678722515286
9433,0.014,0.029489419629561697,-0.015489419629561697
9161,0.363,0.16089187530945637,0.20210812469054362
7867,0.1,0.4296120153027104,-0.32961201530271045
2016,0.85,0.4625549457463937,0.38744505425360626
13853,0.04,0.15338329569419887,-0.11338329569419886
18639,0.95,0.37643564989911577,0.5735643501008842
1013,0.74,0.1783779197162669,0.5616220802837331
7641,0.95,0.6755668994969237,0.27443310050307623
5144,0.25,0.3315305599966279,-0.0815305599966279
5063,0.1,0.2735466113893612,-0.1735466113893612
2001,0.85,0.4951265723421846,0.3548734276578154
2617,0.4,0.3986384446715553,0.0013615553284447302
18757,0.96,0.3546337840915363,0.6053662159084636
19233,0.63,0.3528270682497778,0.27717293175022223
13197,0.23,0.7148943855889046,-0.48489438558890463
8279,0.874,0.3600076712223229,0.5139923287776771
11156,0.12,0.12281628129739441,-0.0028162812973944185
5902,0.52,0.25880453745067167,0.26119546254932835
7644,0.99,0.665931165039454,0.32406883496054595
11594,0.026,0.24014764575236833,-0.21414764575236833
11794,0.49,0.5097787132903322,-0.019778713290332206
4096,0.98,0.7609406561619682,0.21905934383803183
2039,0.48,0.24126855021379512,0.23873144978620486
13909,0.25,0.17164151938332164,0.07835848061667836
7227,0.82,0.3511024898602243,0.46889751013977565
9708,0.0073,0.013458861963950686,-0.006158861963950686
3101,0.53,0.6760678867058301,-0.14606788670583004
6991,0.097,0.28719806955485666,-0.19019806955485666
10588,0.03,0.1687762075147619,-0.1387762075147619
7301,0.087,0.503428423194008,-0.4164284231940081
3886,0.64,0.5249720969450333,0.11502790305496668
2878,1.0,0.4111068838059907,0.5888931161940093
6499,0.5,0.35495831803924605,0.14504168196075395
17273,0.88,0.5918046084009314,0.2881953915990686
8410,0.48,0.5587944812569842,-0.07879448125698418
905,0.059,0.3857882839297,-0.3267882839297
4627,0.001,0.21240713541004583,-0.21140713541004583
18513,0.34,0.49322362802207664,-0.15322362802207662
17715,0.82,0.7282748974121764,0.09172510258782351
18496,0.03,0.32964291064079015,-0.2996429106407902
15617,0.46,0.5574060770092191,-0.09740607700921905
19033,0.84,0.7468229970143412,0.09317700298565879
17286,0.28,0.49091630536907344,-0.2109163053690734
886,0.2,0.2638318376261232,-0.06383183762612321
1975,0.716,0.7587144807723101,-0.042714480772310104
7500,0.48,0.5436483981647249,-0.0636483981647249
13061,0.001,0.08180725521670856,-0.08080725521670856
13593,0.56,0.18211285046174505,0.377887149538255
14152,0.4,0.3645485014590948,0.035451498540905235
19357,0.71,0.38106367352010934,0.32893632647989063
12395,0.01,0.3081458111142021,-0.2981458111142021
3647,0.02,0.08283722316721481,-0.06283722316721481
10545,0.89,0.5200221711721542,0.3699778288278458
7197,0.66,0.5449493098549811,0.1150506901450189
4772,0.94,0.4334933293358722,0.5065066706641277
7655,0.48,0.3888157384206301,0.09118426157936987
10874,0.638,0.3853591743031396,0.2526408256968604
13192,0.05,0.21902386340686,-0.16902386340686
19351,0.51,0.4553851758322034,0.054614824167796616
7326,0.13,0.348310764366596,-0.21831076436659602
9837,0.18,0.24630305361885058,-0.06630305361885058
11098,0.0634,0.22598924712106672,-0.1625892471210667
10819,0.022,0.10167423980282,-0.07967423980282001
11698,0.11,0.30079122779172585,-0.19079122779172586
16697,0.074,0.13972817751437905,-0.06572817751437905
956,0.01,0.09654340475570428,-0.08654340475570428
2510,0.089,0.10919014551385883,-0.020190145513858837
19654,0.15,0.4118397691427564,-0.2618397691427564
16948,0.705,0.5985499444728668,0.10645005552713316
1627,0.136,0.28911030473449556,-0.15311030473449555
7893,0.63,0.7429370165762862,-0.11293701657628619
6137,0.022,0.24352673709647454,-0.22152673709647455
4573,0.3,0.04410372381896621,0.2558962761810338
6859,0.31,0.3210673260174423,-0.011067326017442314
14261,0.55,0.33876704771844324,0.2112329522815568
4622,0.041,0.11338175235530867,-0.07238175235530867
8035,0.54,0.14070528322344142,0.3992947167765586
18106,0.25,0.172772984016689,0.077227015983311
19765,0.63,0.3417651802628905,0.2882348197371095
1814,0.073,0.28368356301855047,-0.21068356301855046
9672,0.043,0.2632939168613434,-0.22029391686134342
9105,0.429,0.2727738606598623,0.15622613934013768
18074,0.11,0.3021722948599921,-0.1921722948599921
4151,0.91,0.6374836620253479,0.27251633797465213
392,0.74,0.42632695051044883,0.31367304948955116
18057,0.24,0.4160934032293923,-0.17609340322939232
18054,0.01,0.08268220213016497,-0.07268220213016498
18599,0.089,0.3208545447981435,-0.23185454479814352
9595,0.003,0.0868801658758726,-0.0838801658758726
17650,0.012,0.010233964476586976,0.0017660355234130239
5070,0.1,0.23218612206319,-0.13218612206319
2922,0.01,0.6459626190458662,-0.6359626190458662
17341,0.61,0.42777515210503336,0.18222484789496662
4855,0.22,0.20399361385499193,0.016006386145008072
3211,0.1,0.293947829455818,-0.19394782945581798
2844,0.19,0.4403122721083311,-0.2503122721083311
12633,0.51,0.5846752937047004,-0.07467529370470039
2981,0.0001,0.06469628686190965,-0.06459628686190964
17396,0.32,0.39343002296889584,-0.07343002296889584
1800,0.06,0.10325794235872013,-0.04325794235872013
11144,0.16,0.05789283910609605,0.10210716089390395
10668,0.73,0.31629920535626294,0.41370079464373705
14141,0.43,0.3713331056956497,0.05866689430435029
18477,0.04,0.24121275461094815,-0.20121275461094815
12807,0.35,0.34974397949029296,0.0002560205097070223
19052,0.18,0.3413404384154473,-0.16134043841544732
14938,0.19,0.3170781910154101,-0.12707819101541012
4027,0.12,0.11822658508756922,0.0017734149124307708
7122,0.025,0.4288806719661426,-0.4038806719661426
13065,0.62,0.4287463928165172,0.19125360718348278
5258,0.46,0.5455025265907167,-0.08550252659071672
12366,0.99,0.4922266351364757,0.4977733648635243
9064,0.36,0.35442833210199515,0.0055716678980048395
3918,0.39,0.3797029762229714,0.010297023777028624
19212,0.56,0.4566059186227187,0.10339408137728134
9454,0.059,0.03289211116990365,0.02610788883009635
957,0.009,0.07978196749807137,-0.07078196749807138
3570,0.007,0.33694217526332865,-0.32994217526332864
920,0.08,0.27205275869153855,-0.19205275869153854
15212,0.09,0.12317721286776456,-0.033177212867764566
4995,0.0078,0.5181551681823953,-0.5103551681823952
2549,0.0009,0.18121474381698233,-0.18031474381698231
18534,1.0,0.6769786826030303,0.3230213173969697
15715,0.12,0.5093887884299004,-0.38938878842990043
15678,0.89,0.524801157753013,0.36519884224698707
14776,0.21,0.26633386780753104,-0.05633386780753105
17591,0.011,0.11243323411295467,-0.10143323411295467
14480,0.63,0.27273966453273457,0.35726033546726543
20060,0.00017,0.1866287410004618,-0.1864587410004618
7697,0.95,0.7674318239677698,0.1825681760322302
387,0.56,0.47109435869732474,0.08890564130267531
2727,0.3,0.34254196117450925,-0.04254196117450926
13757,0.62,0.6234515816220221,-0.003451581622022082
14284,0.45,0.5990482415095677,-0.1490482415095677
2524,0.01241,0.04422463862420356,-0.03181463862420356
15096,0.093,0.3480740680298374,-0.25507406802983745
5161,0.519,0.47764186319021107,0.04135813680978895
12629,0.87,0.5709039590478593,0.2990960409521407
5354,0.032,0.07043747557124674,-0.03843747557124674
2215,0.21,0.2515934009053763,-0.041593400905376304
18979,0.752,0.39145084742214287,0.36054915257785713
17269,0.45,0.7214008293026009,-0.27140082930260084
14066,0.009,0.653925498506428,-0.644925498506428
8758,0.09,0.10677613972885858,-0.01677613972885858
10778,0.016,0.24713903537045329,-0.23113903537045327
19968,0.99,0.2001055307765001,0.7898944692234999
1040,0.1062,0.1331541590662165,-0.026954159066216496
964,0.051,0.07891292909384467,-0.027912929093844678
1341,0.2886,0.25932446760783895,0.029275532392161074
7094,0.25,0.24792645166870425,0.0020735483312957492
8809,0.23,0.17124472009822927,0.058755279901770735
12174,0.043,0.22197465335212657,-0.1789746533521266
18517,0.49,0.5249702555294059,-0.034970255529405914
142,0.91,0.6481360837881072,0.26186391621189287
3168,0.65,0.4040465185361969,0.24595348146380314
14490,0.03,0.33146787869325245,-0.3014678786932524
15844,0.55,0.6244591195752451,-0.07445911957524509
6302,0.63,0.45558658537291524,0.17441341462708476
6102,0.11,0.2579540964059016,-0.14795409640590163
15420,0.78,0.6614962059918437,0.11850379400815636
2454,0.0065,0.08827814022027125,-0.08177814022027124
2734,0.83,0.33881619206523345,0.4911838079347665
16038,0.47,0.36174638468428516,0.10825361531571481
20142,0.8,0.3358760604454404,0.46412393955455966
10634,0.14,0.26025178749456135,-0.12025178749456134
4250,0.05,0.6543968237199929,-0.6043968237199928
2457,0.0029,0.07311649569983986,-0.07021649569983986
5412,0.7,0.3323474005741242,0.36765259942587575
1621,0.385,0.24730279632819832,0.1376972036718017
622,0.43,0.3057650802764286,0.12423491972357137
7320,0.56,0.3528264779190902,0.20717352208090983
19101,0.18,0.3696442884357378,-0.18964428843573783
3442,0.75,0.8088734265235884,-0.0588734265235884
15722,0.8,0.6393504650456043,0.1606495349543957
7440,0.017,0.17095631889816423,-0.15395631889816425
3756,0.48,0.4011080966039122,0.07889190339608776
14321,0.3,0.6070509617856055,-0.3070509617856055
14309,0.5,0.4702176623357324,0.029782337664267577
12692,0.68,0.5314129325785524,0.14858706742144767
510,0.36,0.3035500682741486,0.05644993172585139
17816,0.75,0.28963466694652057,0.46036533305347943
12331,0.84,0.6419749480958237,0.1980250519041763
3256,0.51,0.3418990868500762,0.16810091314992381
17582,0.013,0.0753776198726323,-0.06237761987263231
5213,0.14,0.3203167287167407,-0.1803167287167407
10215,0.061,0.25093705430958413,-0.18993705430958413
3765,0.012,0.08885055137126091,-0.07685055137126091
6855,0.01,0.3619850298759466,-0.3519850298759466
19409,0.65,0.34478888904043625,0.30521111095956377
6589,0.93,0.5588216621706253,0.3711783378293747
18560,0.82,0.7685243099756147,0.051475690024385234
18588,0.61,0.3347294093292302,0.2752705906707698
13826,0.51,0.4061241869070504,0.10387581309294963
17323,0.17,0.47630946749810155,-0.3063094674981015
814,0.4,0.3594523260934764,0.04054767390652364
16852,0.55,0.626212967192043,-0.07621296719204296
7736,0.75,0.8084378724857642,-0.05843787248576415
9145,0.351,0.34890263948631467,0.002097360513685309
18674,0.38,0.2243162596928214,0.1556837403071786
6616,0.32,0.6985065207781089,-0.3785065207781089
17669,0.41,0.32560014316675534,0.08439985683324464
5094,0.55,0.44877560187735843,0.10122439812264161
11206,0.18,0.23039420473330735,-0.05039420473330736
3968,0.1,0.12139773219304081,-0.021397732193040808
10438,0.92,0.6616291416696,0.2583708583304001
17540,0.46,0.3128898159786394,0.1471101840213606
18406,0.42,0.6155933421234514,-0.19559334212345142
11449,0.71,0.5113599810111126,0.1986400189888874
8813,0.3,0.13267965739919962,0.16732034260080036
152,0.1,0.16522401394371772,-0.06522401394371771
1172,0.81,0.5526534539468536,0.25734654605314644
11963,0.039,0.04236544174701473,-0.0033654417470147316
5331,0.11,0.32925382932816377,-0.21925382932816379
15749,0.7,0.46802960037326286,0.2319703996267371
18353,0.86,0.7510992710981206,0.1089007289018794
1794,0.03,0.10802900559941339,-0.07802900559941339
3778,0.99,0.4309621915946614,0.5590378084053386
5989,1.0,0.842668735796354,0.15733126420364596
5357,0.02,0.08635529922306506,-0.06635529922306506
3028,0.74,0.37852721994171984,0.36147278005828015
2526,0.01793,0.06892791539272186,-0.05099791539272186
18917,0.0269,0.3389385282897623,-0.3120385282897623
9168,0.174,0.23940578271781593,-0.06540578271781594
10305,0.136,0.46627555378212365,-0.33027555378212364
17072,0.08,0.3907757435933924,-0.3107757435933924
15277,0.18,0.1073886072616089,0.0726113927383911
13852,0.1,0.12326579279001948,-0.023265792790019474
10623,0.18,0.17210148274672935,0.007898517253270648
16579,0.04,0.15634506856869104,-0.11634506856869103
12440,0.7,0.6747098415058812,0.025290158494118753
3288,0.1,0.28453754762695627,-0.18453754762695626
1936,0.75,0.8168260279874058,-0.06682602798740578
9216,0.14,0.1824572054071752,-0.04245720540717518
8708,0.33,0.2301015548211921,0.09989844517880792
7194,0.39,0.6167318547749581,-0.22673185477495805
960,0.001,0.09030011527968645,-0.08930011527968645
13376,0.46,0.27992702919010465,0.18007297080989537
557,0.5,0.3580389390893031,0.14196106091069688
9057,0.38,0.318512778561055,0.06148722143894503
17610,0.65,0.4596697179609871,0.19033028203901292
18561,0.95,0.3097412503724568,0.6402587496275431
10263,0.016,0.05023567076106278,-0.03423567076106278
15126,0.0424,0.07885437930217998,-0.03645437930217998
14338,0.54,0.26167069470308996,0.2783293052969101
15009,0.0301,0.38822702247557095,-0.35812702247557093
1189,0.73,0.46585541118130036,0.2641445888186996
19695,0.144,0.34788379052005325,-0.20388379052005326
8823,0.07,0.3020167258701725,-0.23201672587017247
126,0.76,0.31488400053934235,0.44511599946065766
2541,0.0015,0.07068400479113507,-0.06918400479113507
11579,0.1,0.2988095005068736,-0.1988095005068736
15153,0.0368,0.1512192560336864,-0.11441925603368641
6013,0.037,0.3102880743420912,-0.27328807434209124
18821,0.55,0.36190405185186497,0.18809594814813507
12779,0.076,0.33930530803675074,-0.26330530803675073
1930,0.89,0.8164904476405187,0.07350955235948131
8161,0.24,0.3197656127729446,-0.07976561277294458
1317,0.75,0.8090270995896137,-0.05902709958961372
19569,0.79,0.35152237562425004,0.43847762437575
5103,0.28,0.37483082242057736,-0.09483082242057733
18618,0.35,0.3312856034334941,0.018714396566505864
6611,0.8,0.4186745987708296,0.38132540122917047
1045,0.0346,0.06090058433358392,-0.02630058433358392
8085,0.18,0.10098811681272782,0.07901188318727217
5389,0.16,0.44476817581070566,-0.2847681758107057
6913,0.847,0.7151295207675015,0.1318704792324985
14883,0.22,0.3524198561365791,-0.1324198561365791
19345,0.92,0.4142146093933443,0.5057853906066557
2930,1.0,0.360329697810326,0.639670302189674
5865,0.78,0.5460473785117391,0.2339526214882609
17071,0.1,0.2691364300863611,-0.16913643008636112
1764,0.43,0.15211042613270087,0.2778895738672991
3811,0.34,0.371105967088098,-0.031105967088097985
2664,0.27,0.40812366199734773,-0.1381236619973477
14189,0.87,0.5731133409412585,0.29688665905874145
7998,0.29,0.4039125265123809,-0.11391252651238093
1349,0.1085,0.299506948129683,-0.191006948129683
15605,0.67,0.4356688353925261,0.23433116460747394
12355,0.19,0.3407705496093625,-0.15077054960936248
1025,0.073,0.0647396819341573,0.008260318065842695
19089,0.726,0.6564704105027941,0.06952958949720589
8070,0.18,0.1439192924331984,0.036080707566801595
12266,0.95,0.5440008928595931,0.4059991071404069
11623,0.0506,0.17990100350169588,-0.12930100350169588
8415,0.46,0.5587944812569842,-0.09879448125698415
1474,0.64,0.3405397839057711,0.2994602160942289
13462,0.091,0.3042649073557404,-0.2132649073557404
12434,0.5,0.6747098415058812,-0.1747098415058812
14868,0.14,0.34639932368480414,-0.20639932368480413
7080,0.8,0.5376245709935628,0.2623754290064373
18870,0.63,0.23505949918408214,0.39494050081591786
9814,0.023,0.1858188664785611,-0.16281886647856111
6494,0.52,0.37106849600374114,0.14893150399625887
2402,0.7,0.39876906564358694,0.301230934356413
19435,0.099,0.4135498540206979,-0.3145498540206979
3746,0.331,0.6656765960630777,-0.3346765960630777
8135,0.19,0.2553110124878409,-0.06531101248784088
15927,0.55,0.38753588439168185,0.1624641156083182
4801,0.47,0.5173093473333822,-0.04730934733338221
18977,0.486,0.38092540492681615,0.10507459507318384
10239,0.13,0.1545983265503216,-0.024598326550321598
7902,0.12,0.24116450077891477,-0.12116450077891477
6980,0.058,0.17930170001723386,-0.12130170001723387
7093,0.012,0.3420527009754649,-0.3300527009754649
17630,0.03,0.3898926113856922,-0.3598926113856922
14369,0.81,0.40622697434570537,0.4037730256542947
18075,0.09,0.2623447652246518,-0.17234476522465178
7602,0.17,0.41187436125360616,-0.24187436125360615
2929,0.99,0.6459626190458662,0.34403738095413383
2500,0.15,0.29213313524977985,-0.14213313524977986
19447,0.16,0.3515941902186291,-0.19159419021862908
17749,0.82,0.55634710081873,0.26365289918127
18959,0.83,0.4075619997824571,0.42243800021754285
4017,0.84,0.6156418710179627,0.22435812898203722
13212,0.49,0.3402206989446023,0.14977930105539772
5775,0.083,0.20280348562481842,-0.11980348562481842
3609,0.92,0.43055378633814,0.48944621366186003
16548,0.022,0.3738038738752369,-0.35180387387523687
5507,0.082,0.09421657527532024,-0.012216575275320232
15308,0.24,0.47576828837028295,-0.23576828837028296
18670,0.38,0.34162219873645894,0.03837780126354107
20174,0.12,0.4995195084898789,-0.3795195084898789
15064,0.4,0.4252704268781996,-0.02527042687819958
19954,0.63,0.463069558682248,0.16693044131775203
18770,0.16,0.26631631653186316,-0.10631631653186316
18188,0.14,0.14341521986949646,-0.003415219869496444
2213,0.25,0.2290319649498369,0.020968035050163092
1575,0.158,0.1351843805577356,0.0228156194422644
5560,0.9,0.40155173642619935,0.4984482635738007
13483,0.036,0.3102925859465166,-0.2742925859465166
7712,0.78,0.7319164762658614,0.0480835237341386
19454,0.2823,0.2629321271087228,0.01936787289127717
10022,0.267,0.3160515706095305,-0.04905157060953047
2598,0.5,0.47696516456054494,0.02303483543945506
10339,0.0405,0.18160999586575027,-0.14110999586575027
17954,0.24,0.34535235189615643,-0.10535235189615644
2249,0.56,0.40325665853909914,0.1567433414609009
3247,0.72,0.48362675925317244,0.23637324074682753
17113,0.282,0.5641746993574341,-0.28217469935743417
3920,0.42,0.35291197352661635,0.06708802647338363
1011,0.427,0.1783779197162669,0.2486220802837331
11442,0.0012,0.12772726965862005,-0.12652726965862005
1752,0.02,0.16742974214526662,-0.14742974214526663
1436,0.27,0.1972643118748853,0.07273568812511472
4441,0.02,0.37264371578973254,-0.3526437157897325
5925,0.205,0.2451655030534269,-0.04016550305342692
7689,0.1,0.3603088356969164,-0.26030883569691643
16924,0.011,0.5461638860513822,-0.5351638860513822
7600,0.82,0.24975208917891464,0.5702479108210853
5581,0.033,0.06002230961985633,-0.027022309619856327
16792,0.69,0.5900053031548227,0.09999469684517726
9989,0.029,0.17828969146513485,-0.14928969146513485
3771,0.84,0.6192667728680549,0.2207332271319451
9450,0.018,0.06456261683030323,-0.04656261683030323
8549,0.41,0.22246150283582475,0.18753849716417523
117,0.72,0.6033475410302269,0.11665245896977305
816,0.42,0.3690629871369867,0.050937012863013276
7628,0.03,0.5109604671814685,-0.48096046718146845
11987,0.42,0.4407836612172077,-0.020783661217207705
1213,0.71,0.6507443214191306,0.05925567858086933
9247,0.015,0.27338004665858784,-0.2583800466585878
4630,0.12,0.14953504248759683,-0.029535042487596835
15309,0.52,0.36647043461330336,0.15352956538669665
928,0.03,0.20656273497293787,-0.17656273497293787
8767,0.025,0.15154426159867132,-0.12654426159867133
3562,0.09,0.2914496043852972,-0.20144960438529722
6475,0.64,0.4023124014265199,0.2376875985734801
14394,0.43,0.2637774379013445,0.1662225620986555
6514,0.287,0.47840942356365435,-0.19140942356365437
11893,0.42,0.45160216057133107,-0.031602160571331084
20141,0.48,0.5210301622643911,-0.04103016226439116
17592,0.25,0.04230110029938372,0.20769889970061628
12910,0.736,0.30898184552406316,0.42701815447593683
6934,0.54,0.6424792360348532,-0.1024792360348532
15060,0.44,0.3020982914449788,0.1379017085550212
11649,0.39,0.16170383833107388,0.22829616166892613
13954,0.26,0.22965252484434995,0.03034747515565006
17756,0.72,0.3682225351338508,0.3517774648661492
1458,0.4,0.13604794634232412,0.26395205365767593
17439,0.67,0.5410964805528397,0.1289035194471604
18594,0.23,0.35606900102079136,-0.12606900102079135
14986,0.027,0.2003744786828561,-0.1733744786828561
5889,0.014,0.16932850773272357,-0.15532850773272355
17986,0.02,0.4704040052073027,-0.45040400520730267
5712,0.15,0.17359605421069588,-0.023596054210695883
1053,0.0251,0.18168194399029797,-0.15658194399029796
6180,0.27,0.6649287862377105,-0.39492878623771044
18642,0.96,0.3021911161899358,0.6578088838100642
19142,0.11,0.25461583182104913,-0.14461583182104915
10869,0.458,0.423919747889823,0.03408025211017701
5511,0.015,0.10309244104003329,-0.08809244104003329
10020,0.075,0.3325927076657557,-0.2575927076657557
80,0.11,0.16298568306093442,-0.052985683060934416
17410,0.65,0.3740467873074687,0.2759532126925313
7564,0.069,0.17281503389234232,-0.10381503389234231
356,0.2925,0.1443558714165344,0.1481441285834656
13056,0.002,0.11104378068352783,-0.10904378068352782
5185,0.658,0.6175553534254575,0.0404446465745425
18919,0.0127,0.31980607218174995,-0.30710607218174996
1120,0.39,0.44274700294721353,-0.05274700294721352
13948,0.1,0.29255987102257053,-0.19255987102257052
9010,0.66,0.2111045981769868,0.44889540182301324
20031,0.1872,0.37998195262172463,-0.19278195262172462
357,0.1076,0.2530046972450182,-0.14540469724501817
8492,0.015,0.3855407624029712,-0.3705407624029712
9008,0.41,0.21100059138843363,0.19899940861156634
12129,0.35,0.06923087550540757,0.2807691244945924
1184,0.72,0.3418156076285332,0.3781843923714668
15469,0.48,0.40588784349076434,0.07411215650923564
4804,0.55,0.48267179261088516,0.06732820738911488
5191,1.0,0.645330103022351,0.35466989697764895
20180,0.15,0.3230481000305953,-0.17304810003059531
4489,0.8,0.5113220837745605,0.2886779162254396
15528,0.069,0.35785884894905257,-0.28885884894905256
8590,0.0005,0.3574096001970096,-0.3569096001970096
3705,0.84,0.41669175793656443,0.42330824206343554
2450,0.32,0.38166120563019046,-0.06166120563019045
3917,0.25,0.4302285193566523,-0.1802285193566523
13165,0.45,0.44141268291254504,0.008587317087454971
10262,0.018,0.043962105905657856,-0.025962105905657857
10548,0.16,0.40001457597324747,-0.24001457597324746
14264,0.04,0.41973000525451215,-0.37973000525451217
4948,0.06,0.3818748929913799,-0.3218748929913799
17389,0.43,0.3316407202129279,0.0983592797870721
20036,0.6344,0.3718362379424033,0.2625637620575967
15318,0.75,0.36647043461330336,0.38352956538669664
12092,0.42,0.42701679701465395,-0.007016797014653964
14782,0.17,0.25010978960978214,-0.08010978960978213
11374,0.44,0.2434684415702992,0.1965315584297008
897,0.21,0.10756055618630703,0.10243944381369297
5926,0.229,0.3033412153039189,-0.07434121530391888
5151,0.2,0.3496113890677787,-0.1496113890677787
3550,0.96,0.5724678982175875,0.3875321017824125
2069,0.24,0.39521891626816896,-0.15521891626816897
13083,0.04,0.48525231478142866,-0.4452523147814287
19004,0.65,0.3900136628778935,0.2599863371221065
8293,0.83,0.33300096115990163,0.49699903884009833
12235,0.27,0.3020355845473582,-0.032035584547358165
4454,0.12,0.1486856063463263,-0.028685606346326303
2725,0.33,0.32861644026673065,0.0013835597332693683
2439,0.025,0.21917019041188185,-0.19417019041188185
8433,0.7337,0.662387107715562,0.07131289228443805
20096,0.07,0.49977577204883317,-0.42977577204883316
5529,0.28,0.18038153439793023,0.0996184656020698
4637,0.009,0.23816784879419226,-0.22916784879419225
12407,0.34,0.5466387759384788,-0.20663877593847874
12545,0.01,0.19126489878653682,-0.18126489878653682
2225,0.00012,0.3454539588278331,-0.3453339588278331
10254,0.078,0.13602557466918602,-0.05802557466918602
11957,0.0068,0.0644173771281637,-0.0576173771281637
4914,0.56,0.4667726541846595,0.09322734581534053
1600,0.98,0.29944131973851407,0.6805586802614859
15718,0.8,0.6323092091130225,0.16769079088697758
11922,0.0004,0.06743564872190405,-0.06703564872190405
11628,0.0596,0.07657745615463285,-0.01697745615463285
9546,0.09,0.101383240866503,-0.011383240866502997
11618,0.0561,0.1860086480301018,-0.12990864803010183
13408,0.02,0.23228810006487904,-0.21228810006487905
17135,0.78,0.48148579762143895,0.2985142023785611
2621,0.012,0.12408609072103668,-0.11208609072103669
9296,0.11,0.19246744432464005,-0.08246744432464005
13226,0.52,0.1959776838976985,0.3240223161023015
15055,0.39,0.46637402114155885,-0.07637402114155883
14250,0.04,0.25365599772255387,-0.21365599772255386
5567,0.3,0.32643511348228615,-0.026435113482286166
3786,0.94,0.6178795049866828,0.3221204950133172
15380,0.47,0.4128324224159832,0.05716757758401675
19327,0.14,0.31748588008079054,-0.17748588008079053
3156,1.0,0.31110778231324454,0.6888922176867555
5273,0.88,0.4486700579922142,0.4313299420077858
5422,0.39,0.22355863486601782,0.1664413651339822
6584,0.321,0.39956863032577355,-0.07856863032577355
14329,0.98,0.3875521242744798,0.5924478757255202
17386,0.42,0.3316407202129279,0.08835927978707209
11538,0.3,0.2821495275207093,0.01785047247929067
3843,0.0084,0.2547637555042572,-0.24636375550425724
503,0.61,0.4143988318966305,0.19560116810336947
9601,0.005,0.10596178702528508,-0.10096178702528508
3443,0.88,0.8343564153540926,0.04564358464590745
8531,0.999,0.1732419063221168,0.8257580936778832
6970,0.044,0.3670934920359467,-0.3230934920359467
5549,0.0124,0.2581858387997743,-0.2457858387997743
899,0.062,0.172345524617992,-0.11034552461799199
19913,0.38,0.3449864727126072,0.03501352728739282
13622,0.54,0.4144253938331575,0.12557460616684252
19279,0.34,0.35119025603429915,-0.011190256034299129
4009,0.04,0.4390469130789686,-0.3990469130789686
6343,0.41,0.6911693088289643,-0.28116930882896435
12667,0.28,0.5526645675486602,-0.2726645675486602
1477,0.18,0.28691929866068466,-0.10691929866068467
7254,0.075,0.10910138853404136,-0.03410138853404136
14243,0.48,0.4069876999969117,0.07301230000308828
8206,0.04,0.1751605152329817,-0.1351605152329817
14341,0.08,0.09148164400493725,-0.011481644004937244
4132,0.05,0.7508876002949904,-0.7008876002949903
17347,0.35,0.46122195132092725,-0.11122195132092727
9080,0.29,0.3905780476926095,-0.10057804769260953
3915,0.38,0.4896991226780974,-0.1096991226780974
15470,0.87,0.6720388467223233,0.19796115327767672
9777,0.24,0.23029185152760004,0.009708148472399952
4480,0.51,0.13989633973142565,0.37010366026857433
13581,0.37,0.15781256240830038,0.2121874375916996
18119,0.22,0.1782450997512153,0.0417549002487847
11436,0.0078,0.12772726965862005,-0.11992726965862005
18185,0.19,0.12023645212228457,0.06976354787771544
3894,0.51,0.4543654510467202,0.055634548953279794
9656,0.035,0.08437535558858128,-0.04937535558858128
19104,0.99,0.30449091945162426,0.6855090805483757
5556,0.83,0.3591028692021079,0.4708971307978921
2583,0.00018,0.02056966762111967,-0.02038966762111967
19659,0.64,0.34934406132681406,0.29065593867318595
7480,0.14,0.2950742668835817,-0.15507426688358167
16962,0.422,0.4198685615035152,0.0021314384964847832
15409,0.0129,0.38192932370520033,-0.3690293237052003
1051,0.0008,0.07897152293815163,-0.07817152293815163
7470,0.03,0.385167159817381,-0.355167159817381
11993,0.48,0.4407836612172077,0.03921633878279229
7726,0.53,0.6212120218977781,-0.0912120218977781
3191,0.038,0.35229023223220524,-0.31429023223220526
8074,0.02,0.11305562802107369,-0.09305562802107369
742,0.91,0.3486504118192364,0.5613495881807636
8792,0.13,0.17124472009822927,-0.04124472009822927
8496,0.52,0.4524582275306136,0.06754177246938642
20212,0.3,0.4457241159987968,-0.1457241159987968
520,0.62,0.31480448842251346,0.30519551157748653
8770,0.25,0.2064143578274276,0.04358564217257241
1160,0.63,0.5635835280191986,0.06641647198080136
16800,0.47,0.43603388916713876,0.03396611083286122
1161,0.57,0.5651207806583065,0.0048792193416934415
2601,0.58,0.4287403338013329,0.15125966619866704
9116,0.32,0.17892735731266435,0.14107264268733566
5916,0.292,0.29192831853129325,7.16814687067302e-05
2525,0.0234,0.06892791539272186,-0.04552791539272186
9202,0.271,0.1395429237522286,0.13145707624777142
18799,0.005,0.12470788376867376,-0.11970788376867375
2840,0.03,0.47952598987112616,-0.44952598987112613
14823,0.034,0.2624221476160762,-0.22842214761607618
5117,0.89,0.5550312668945153,0.3349687331054847
16902,0.002,0.23790508258747728,-0.23590508258747728
15713,0.45,0.36084522346731135,0.08915477653268866
19586,0.00157,0.3516569438499139,-0.3500869438499139
10173,0.096,0.13633614044426584,-0.04033614044426584
7803,0.23,0.40553614327330445,-0.17553614327330444
2653,0.01,0.20103638002920465,-0.19103638002920464
18963,0.45,0.22230730218907105,0.22769269781092896
15466,0.189,0.47097060667952284,-0.28197060667952284
17881,0.4,0.4697250013233878,-0.06972500132338777
5914,0.33,0.22671746933049636,0.10328253066950366
14344,0.01,0.13762727344701284,-0.12762727344701283
18531,0.013,0.430983083258865,-0.41798308325886496
16194,0.94,0.5611788490060479,0.3788211509939521
17541,0.69,0.3128898159786394,0.37711018402136054
12654,0.98,0.7748034117461673,0.2051965882538327
9119,0.11,0.3054099308639429,-0.19540993086394293
12173,0.13,0.22197465335212657,-0.09197465335212657
1255,0.538,0.10018103906512768,0.4378189609348724
2401,0.72,0.32385509930479756,0.3961449006952024
19464,0.03,0.22253921979047453,-0.19253921979047453
7324,0.37,0.3458647148531525,0.024135285146847485
11231,0.886,0.2678083155245393,0.6181916844754607
12484,0.62,0.3473815515608869,0.2726184484391131
18640,0.82,0.42832698563992694,0.391673014360073
1597,0.004,0.39777888757800667,-0.39377888757800666
4416,0.66,0.3445351176642904,0.31546488233570963
1007,0.116,0.3858861782318578,-0.2698861782318578
5707,0.3,0.3063190452230039,-0.006319045223003916
8192,0.82,0.7929543906427692,0.02704560935723077
10037,0.11,0.3259176838530626,-0.2159176838530626
12777,0.01,0.25681789613671435,-0.24681789613671434
5981,1.0,0.7232527725399289,0.2767472274600711
12809,0.71,0.4529202406463622,0.25707975935363775
7881,0.26,0.5175980635146582,-0.2575980635146582
5352,0.015,0.08780993656531472,-0.07280993656531472
12014,0.24,0.19467829444249893,0.04532170555750106
3214,0.01,0.5510532555436294,-0.5410532555436294
4089,0.98,0.7611608530368051,0.21883914696319484
17673,0.29,0.4199989407275018,-0.12999894072750184
3375,0.26,0.22823649341359967,0.03176350658640034
15046,0.46,0.30184849656169044,0.15815150343830958
15595,0.56,0.3598162221220687,0.20018377787793135
17147,0.45,0.3474334052945891,0.10256659470541091
7127,0.75,0.5838900987752669,0.16610990122473313
3251,0.87,0.5266076678652126,0.34339233213478737
4045,0.35,0.4961696604478586,-0.14616966044785862
1479,0.31,0.18524844611620986,0.12475155388379014
8995,0.01,0.0713842722342084,-0.0613842722342084
3130,0.75,0.7994560519764873,-0.04945605197648728
19583,0.00075,0.3166934762184714,-0.3159434762184714
20107,0.02,0.2346616978339471,-0.21466169783394712
5477,0.04,0.15159027005684925,-0.11159027005684924
14059,0.6,0.5031498410746905,0.09685015892530946
18413,0.18,0.41132525119970575,-0.23132525119970576
10539,0.79,0.5850978122145005,0.2049021877854995
5336,0.4,0.14089388266427427,0.25910611733572575
1906,0.8,0.29700603848390955,0.5029939615160905
10846,0.584,0.46782732496072016,0.1161726750392798
17997,0.673,0.5662311658311706,0.10676883416882943
13984,0.59,0.616948809302863,-0.02694880930286303
8710,0.17,0.3180495789774889,-0.1480495789774889
4274,0.53,0.493770897766709,0.03622910223329101
3768,0.008,0.10999495967173492,-0.10199495967173491
6471,0.7,0.430279376142997,0.26972062385700296
1360,0.2145,0.26377642548494307,-0.04927642548494307
5784,0.037,0.14876680680293922,-0.11176680680293921
15005,0.5263,0.19991325175546873,0.3263867482445313
8196,0.87,0.7825352009298274,0.08746479907017257
19446,0.21,0.28391354342915043,-0.07391354342915044
13301,0.45,0.269960034983549,0.18003996501645103
13032,0.008,0.2559303799132788,-0.24793037991327882
15008,0.3368,0.29106408468676753,0.045735915313232456
2051,0.17,0.3071568752784944,-0.13715687527849438
15113,0.02,0.07906959968599969,-0.05906959968599969
14532,0.454,0.7070838222601459,-0.25308382226014586
17713,0.81,0.7677859268908102,0.0422140731091899
10171,0.068,0.15357247778547306,-0.08557247778547306
3003,0.5,0.3843313491182311,0.11566865088176892
19440,0.02,0.3828131671399492,-0.36281316713994916
8282,0.44,0.37308283224212113,0.06691716775787887
4579,0.0074,0.10354083458254296,-0.09614083458254295
8609,0.7,0.2915971882535388,0.40840281174646115
19663,0.97,0.5298380930459072,0.44016190695409274
782,0.611,0.2986128415021059,0.3123871584978941
11124,0.029,0.4770940667018437,-0.44809406670184365
19675,0.42,0.6095617457205107,-0.1895617457205107
1681,0.067,0.20667017115276107,-0.13967017115276106
3426,0.94,0.4811078746542424,0.4588921253457576
863,0.31,0.5767495471658841,-0.2667495471658841
7713,0.92,0.7211367461120356,0.19886325388796444
3702,0.16,0.38246532940550215,-0.22246532940550215
6300,0.88,0.5445602066291817,0.3354397933708183
6241,0.226,0.3996737645464413,-0.17367376454644132
13986,0.59,0.6276458952392578,-0.037645895239257876
967,0.017,0.07891292909384467,-0.061912929093844674
10474,0.083,0.4168021360958118,-0.3338021360958118
12215,0.74,0.5072807422511866,0.2327192577488134
2668,0.6,0.4521661913781009,0.1478338086218991
10377,0.05,0.06717094887810099,-0.017170948878100986
13199,0.9,0.4724091517636524,0.42759084823634763
3094,0.52,0.6267304932991979,-0.10673049329919793
18167,0.08,0.1471644172461647,-0.06716441724616469
6926,0.988,0.8042569446968535,0.1837430553031465
4729,0.0019,0.17851901060238115,-0.17661901060238114
3581,0.7,0.1992246744459167,0.5007753255540832
11446,0.27,0.5381602226268625,-0.26816022262686245
18933,0.05,0.4305776610397786,-0.38057766103977864
2081,0.55,0.36411724083937635,0.1858827591606237
14155,0.2,0.28446688955488697,-0.08446688955488696
7708,0.34,0.5899024641527877,-0.24990246415278766
6846,0.14,0.3214429540803037,-0.1814429540803037
18665,0.1,0.2591188130790887,-0.15911881307908868
16815,0.56,0.5155780368797704,0.04442196312022961
7214,0.45,0.48475346556164717,-0.03475346556164716
19365,0.09,0.531506577454151,-0.441506577454151
10057,0.027,0.1454274472041253,-0.11842744720412529
12324,0.56,0.4184576924293315,0.14154230757066855
17398,0.32,0.3051188924027474,0.014881107597252585
15123,0.0571,0.09265449793961528,-0.03555449793961528
17620,0.13,0.5645589892288457,-0.4345589892288457
11771,0.65,0.3838973313752373,0.26610266862476273
15136,0.0632,0.11228591716185943,-0.04908591716185942
2531,0.0009,0.11643109406590008,-0.11553109406590008
15279,0.05,0.21049758284296338,-0.1604975828429634
18109,0.21,0.1936253301620476,0.016374669837952383
15582,0.06,0.48972918561307666,-0.42972918561307666
9628,0.03,0.39833284921216283,-0.3683328492121628
9234,0.16,0.17213610543610774,-0.012136105436107741
4538,0.53,0.2923095609962964,0.23769043900370362
6032,0.81,0.6719613614621518,0.13803863853784826
19885,0.68,0.6244678484202626,0.055532151579737454
9782,0.01,0.17558323367479844,-0.16558323367479844
6474,0.8,0.47338186861211823,0.3266181313878818
14524,0.54,0.3202952365429887,0.21970476345701134
6104,0.02,0.22897825772387628,-0.2089782577238763
17485,0.03,0.4133476465869027,-0.3833476465869027
12348,0.75,0.47135298739172865,0.27864701260827135
17993,0.688,0.5683325227450395,0.11966747725496041
9516,0.035,0.11746897489776567,-0.08246897489776567
14966,0.0486,0.2703628084218881,-0.22176280842188809
15146,0.0197,0.03734988263563738,-0.017649882635637378
389,0.58,0.47109435869732474,0.10890564130267522
2042,0.03,0.23945239998413476,-0.20945239998413476
7445,0.01,0.3460437751248785,-0.3360437751248785
18176,0.34,0.157336213378693,0.18266378662130703
10471,0.501,0.15173090261983807,0.34926909738016193
12346,0.15,0.5167110989052033,-0.36671109890520326
18508,0.11,0.06404713865475742,0.04595286134524258
482,0.56,0.12209956973713659,0.43790043026286346
11634,0.038,0.09458474946215956,-0.05658474946215956
6130,0.007,0.24352673709647454,-0.23652673709647454
19745,0.28,0.3626606352923707,-0.08266063529237067
15114,0.01,0.05113096085664243,-0.041130960856642425
1825,0.19,0.2513633588399573,-0.061363358839957305
17841,0.003,0.15373888021822127,-0.15073888021822127
12742,0.04,0.4267526791823164,-0.38675267918231643
19354,0.73,0.39914439090960113,0.33085560909039885
77,0.08,0.169844458332793,-0.08984445833279299
529,0.18,0.27914595191515235,-0.09914595191515235
1061,0.1,0.25156081087469145,-0.15156081087469145
5719,0.15,0.297701634322602,-0.147701634322602
13075,0.5,0.16011123649816383,0.33988876350183617
8018,0.49,0.4013427848665435,0.08865721513345648
5832,0.447,0.3729316102057906,0.07406838979420943
5657,0.18,0.5127190521149205,-0.33271905211492053
10180,0.00275,0.45981107168701,-0.45706107168701005
7804,0.02,0.33364553869697666,-0.31364553869697664
3974,0.35,0.2617086694284929,0.08829133057150707
3402,0.23,0.271374140796207,-0.041374140796206965
9685,0.76,0.5133335414639255,0.2466664585360745
7725,0.58,0.5660153684388884,0.013984631561111516
4790,0.55,0.49675013115221656,0.05324986884778349
401,0.64,0.5046905208447493,0.1353094791552507
8197,0.89,0.7678284707751456,0.12217152922485441
7402,0.77,0.6970171917465846,0.07298280825341541
4527,0.5,0.2797035453455527,0.2202964546544473
11650,0.4,0.16170383833107388,0.23829616166892614
17774,0.99,0.4905967042302199,0.4994032957697801
19336,0.04,0.10370578270740258,-0.06370578270740257
1900,0.8,0.29700603848390955,0.5029939615160905
2855,0.45,0.49507246874917565,-0.04507246874917564
18625,0.8,0.507573928891685,0.2924260711083151
6600,0.62,0.5793439911329841,0.040656008867015925
3992,0.291,0.23310927618623795,0.057890723813762035
6074,0.028,0.4897648912140231,-0.4617648912140231
16680,0.0032,0.1536346198174652,-0.1504346198174652
6187,0.21,0.5537668784500746,-0.3437668784500746
15306,0.34,0.3988655427697835,-0.05886554276978345
4500,0.144,0.3041983438257976,-0.1601983438257976
8701,0.48,0.3309069988800369,0.1490930011199631
12894,0.622,0.31110174461680357,0.31089825538319643
4920,0.46,0.400233472455961,0.059766527544038994
16591,0.2,0.3066802150326938,-0.10668021503269381
464,0.12,0.5143523700667026,-0.39435237006670265
16952,0.806,0.562162029826084,0.24383797017391606
15442,0.153,0.6172178431561137,-0.4642178431561137
3437,0.94,0.8088734265235884,0.13112657347641155
1446,0.4,0.15480661830139528,0.24519338169860475
501,0.24,0.45593328182283016,-0.21593328182283017
12220,0.53,0.5806655099142557,-0.05066550991425567
8493,0.0056,0.41373214576287776,-0.40813214576287776
6113,0.05,0.38145847428542873,-0.33145847428542874
6933,0.819,0.8707880365287797,-0.051788036528779724
4281,0.06,0.1706526632819107,-0.1106526632819107
12365,0.35,0.6746601659381253,-0.3246601659381253
13708,0.14,0.30568016854358715,-0.16568016854358714
6437,0.02,0.3921644214257006,-0.3721644214257006
16588,0.01,0.36374199299131615,-0.35374199299131615
19594,0.00173,0.29074904843630633,-0.2890190484363063
17308,0.68,0.4371069932077259,0.24289300679227416
6858,0.52,0.3133949902239852,0.20660500977601481
157,0.07,0.21475947750350136,-0.14475947750350135
19932,0.85,0.29419288810449207,0.5558071118955079
10054,0.048,0.07228474763244203,-0.024284747632442025
410,0.68,0.3766412974922984,0.30335870250770164
3017,0.63,0.3205714949228225,0.3094285050771775
10586,0.03,0.15359325013238193,-0.12359325013238193
19843,0.05,0.7762052987225677,-0.7262052987225677
4268,0.32,0.35071548718557694,-0.03071548718557693
377,0.0538,0.327147599566217,-0.27334759956621696
5041,0.21,0.2269555004822684,-0.016955500482268404
17404,0.39,0.3426371621248222,0.04736283787517781
12665,0.44,0.5353619667779862,-0.0953619667779862
4464,0.25,0.18348110042603405,0.06651889957396595
11919,0.002,0.06729022970021087,-0.06529022970021087
19082,0.67,0.4344715211881137,0.23552847881188632
1112,0.36,0.423065997529811,-0.06306599752981101
4897,0.7,0.39489547718944606,0.3051045228105539
3832,0.53,0.5656715437412195,-0.0356715437412195
9513,0.15,0.11746897489776567,0.03253102510223432
3323,0.01,0.4069200824029305,-0.3969200824029305
17422,0.88,0.3836469257571329,0.4963530742428671
5591,0.05,0.1399334027877733,-0.0899334027877733
1019,0.014,0.0998537111597673,-0.0858537111597673
9610,0.003,0.05959853768995266,-0.056598537689952655
6978,0.704,0.23489386627981088,0.46910613372018906
13379,0.28,0.3663998355419622,-0.08639983554196218
16161,0.67,0.6124635664707542,0.05753643352924587
19901,0.83,0.38319414424836007,0.4468058557516399
639,0.0046,0.1913488481376083,-0.1867488481376083
18949,0.186,0.325247188930836,-0.13924718893083599
2620,0.021,0.17400290230712998,-0.15300290230712998
2441,0.001,0.2651123070170386,-0.2641123070170386
19228,0.02,0.3329702190745256,-0.3129702190745256
8064,0.007,0.11305562802107369,-0.10605562802107368
965,0.027,0.09567457104482396,-0.06867457104482397
2247,0.1,0.3895668210056586,-0.28956682100565856
10785,0.036,0.06594086607331368,-0.029940866073313678
5139,0.4,0.23421714541707417,0.16578285458292585
2777,0.74,0.34964620762416754,0.39035379237583245
17560,0.53,0.43388097824448585,0.09611902175551418
15503,0.33,0.39652263050460185,-0.06652263050460183
9295,0.14,0.18866932446950238,-0.04866932446950237
19063,0.68,0.3681138916591543,0.31188610834084574
9434,0.012,0.027257799236097446,-0.015257799236097446
4501,0.148,0.2552576872891985,-0.10725768728919852
5527,0.24,0.17077723024143665,0.06922276975856334
5542,0.27,0.26035665906383687,0.009643340936163147
10443,0.77,0.669366638716313,0.10063336128368705
8229,0.33,0.30781688967643006,0.022183110323569954
18380,0.2,0.41132525119970575,-0.21132525119970574
5517,0.019,0.09886750747126272,-0.07986750747126271
7206,0.49,0.4416853922025733,0.04831460779742669
6914,0.824,0.7151295207675015,0.10887047923249848
11398,0.055,0.30563234788757926,-0.25063234788757927
12185,0.001,0.04552679385649172,-0.04452679385649172
13845,0.26,0.3334269192883412,-0.07342691928834116
17936,0.025,0.3383948741788365,-0.3133948741788365
3194,0.98,0.42459171396433637,0.5554082860356636
2089,0.00013,0.296806514594009,-0.29667651459400896
2255,1.0,0.3980422530984311,0.6019577469015689
13313,0.33,0.2820809653401357,0.0479190346598643
12784,0.478,0.35891285770059145,0.11908714229940853
3081,0.5,0.29246153028882216,0.20753846971117784
9715,0.004,0.028852173172000395,-0.024852173172000395
8775,0.35,0.2080106677514963,0.14198933224850369
3360,0.01,0.19530434730484345,-0.18530434730484344
5651,0.65,0.21750092375492106,0.432499076245079
2759,0.218,0.2666802093940298,-0.04868020939402981
16845,0.81,0.5961166554514372,0.21388334454856284
19719,0.46,0.42655985393206736,0.03344014606793266
1628,0.064,0.5112682487216436,-0.44726824872164356
4596,0.26,0.23902126477352,0.02097873522648
7091,0.44,0.18355452658548788,0.2564454734145121
14249,0.55,0.33876704771844324,0.2112329522815568
18890,0.27,0.2858483122420967,-0.015848312242096707
5251,0.78,0.349123712273161,0.430876287726839
19947,0.637,0.497296950144598,0.139703049855402
8785,0.076,0.2080106677514963,-0.13201066775149628
12488,0.84,0.41216119506678595,0.427838804933214
9710,0.013,0.062163766048492886,-0.04916376604849289
18183,0.05,0.05592252298316369,-0.005922522983163689
9624,0.041,0.3044425236076116,-0.2634425236076116
11860,0.03,0.20750320543359674,-0.17750320543359674
13389,0.71,0.46603735320426243,0.24396264679573754
14217,0.4,0.32615230372659215,0.07384769627340787
18066,0.19,0.20955311634975665,-0.01955311634975665
2486,0.7,0.3216376911163188,0.37836230888368116
17395,0.4,0.3400267181827727,0.05997328181722733
17733,0.09,0.6751586901021029,-0.585158690102103
4942,0.56,0.35764606732429827,0.2023539326757018
3857,0.001,0.0672952940538325,-0.0662952940538325
3071,0.51,0.42581035306978754,0.08418964693021247
13205,0.491,0.4123338571873871,0.07866614281261292
19235,0.75,0.49485928850607513,0.25514071149392487
10463,0.424,0.1780595798467907,0.2459404201532093
13210,0.265,0.4276682277904832,-0.16266822779048318
19683,0.22,0.3296162566353563,-0.10961625663535632
2867,0.6,0.4143577399057442,0.18564226009425577
5044,0.01,0.3489835496403186,-0.33898354964031857
13029,0.004,0.11625538692940834,-0.11225538692940834
8054,0.87,0.3715742995063241,0.4984257004936759
14874,0.27,0.3618412637844745,-0.09184126378447449
4346,0.72,0.09476647800340021,0.6252335219965998
11865,0.03,0.33754608379520556,-0.30754608379520554
1122,0.4,0.3940149842608742,0.0059850157391257985
8757,0.089,0.15154426159867132,-0.06254426159867132
12194,0.0051,0.07154919912950669,-0.0664491991295067
5314,0.37,0.24128257845558893,0.12871742154441107
6022,0.38,0.3995653479363987,-0.01956534793639869
15845,0.74,0.5196305060911202,0.22036949390887983
17390,0.32,0.4122049425128891,-0.09220494251288908
2451,0.46,0.3439862914162706,0.11601370858372945
17511,0.51,0.5610551801215934,-0.05105518012159338
1461,0.02,0.3588800144045047,-0.33888001440450466
13169,0.43,0.43511448451789914,-0.005114484517899143
17583,0.002,0.08517857598065881,-0.08317857598065881
3099,0.55,0.6753591177968765,-0.12535911779687647
10159,0.02,0.38234531386793014,-0.3623453138679301
7522,0.65,0.39853214379352264,0.2514678562064774
1204,0.22,0.2868989655354511,-0.06689896553545108
10857,0.009,0.4593113614243261,-0.4503113614243261
14148,0.37,0.3645485014590948,0.005451498540905209
20030,0.52,0.33691959368106217,0.18308040631893785
11056,0.65,0.4655331222668905,0.18446687773310955
4552,0.57,0.5664000863630287,0.003599913636971208
7426,0.65,0.5947043250495699,0.055295674950430085
10794,0.025,0.07831492029171472,-0.05331492029171472
19335,0.02,0.12860966453597192,-0.10860966453597191
1185,0.18,0.4860282102452676,-0.3060282102452676
12420,0.12,0.5591802766227147,-0.43918027662271475
5032,0.95,0.2897967423251506,0.6602032576748493
3454,0.022,0.32007449467484406,-0.29807449467484404
7995,0.43,0.41832924983527453,0.011670750164725463
17103,0.145,0.5715803530358363,-0.4265803530358363
13929,0.08,0.20791860101794743,-0.12791860101794744
9771,0.17,0.18477752097940967,-0.014777520979409653
1211,0.94,0.46354516694298287,0.4764548330570171
2010,0.5,0.4057683000003437,0.0942316999996563
17839,0.004,0.22618162275473397,-0.22218162275473397
78,0.69,0.23683673625618795,0.453163263743812
933,0.855,0.37656881248770496,0.478431187512295
9944,0.0009,0.07765842949311502,-0.07675842949311502
13312,0.42,0.3165900291480018,0.10340997085199821
13554,0.0019,0.12010713725866187,-0.11820713725866187
810,0.46,0.3267962451906492,0.13320375480935082
17817,0.34,0.4985413531307876,-0.1585413531307876
1541,0.002,0.25122559417640006,-0.24922559417640006
10798,0.029,0.1073067132238108,-0.0783067132238108
3655,0.16,0.25396652896061517,-0.09396652896061516
6778,0.457,0.6196668146526404,-0.16266681465264038
11959,0.0054,0.0644173771281637,-0.0590173771281637
5323,0.047,0.23190319265248588,-0.1849031926524859
15056,0.56,0.3946906178111853,0.16530938218881475
5230,0.049,0.27068421665271114,-0.22168421665271115
4644,0.131,0.33947800594071453,-0.20847800594071453
6703,0.6,0.35310159301601446,0.24689840698398552
13755,0.57,0.44470195321696365,0.1252980467830363
19850,0.99,0.7019545598129292,0.2880454401870708
4468,0.09,0.18667027016585544,-0.09667027016585544
2607,0.54,0.3596733103071653,0.18032668969283472
13625,0.1,0.31859157635642527,-0.21859157635642526
16844,0.79,0.626212967192043,0.16378703280795703
1822,0.24,0.3285981922929397,-0.08859819229293969
16556,0.075,0.4031339180144741,-0.3281339180144741
9194,0.46,0.36351412965507796,0.09648587034492206
2849,0.03,0.49507246874917565,-0.4650724687491756
14788,0.01,0.18659185241940993,-0.17659185241940992
19017,0.88,0.7322638495398608,0.14773615046013922
9605,0.002,0.048609428945308175,-0.04660942894530817
11711,0.16,0.3939604440810826,-0.2339604440810826
15129,0.0846,0.09310088785408027,-0.008500887854080277
5779,0.072,0.20785867006230432,-0.13585867006230434
643,0.15,0.35258785170127044,-0.20258785170127044
19938,0.8,0.3287835033314956,0.47121649666850446
11546,0.33,0.3604602614918868,-0.030460261491886798
15378,0.58,0.36584425184910707,0.2141557481508929
8404,0.67,0.38425035500633836,0.2857496449936617
15965,0.9,0.4865116759916795,0.41348832400832053
18163,0.13,0.12474301289545267,0.005256987104547334
4570,0.09,0.11703213584617733,-0.027032135846177335
8333,0.005,0.2995967699680745,-0.2945967699680745
13190,0.13,0.17239933964477575,-0.04239933964477574
495,0.18,0.3233591533674355,-0.1433591533674355
19859,0.99,0.850408165516817,0.13959183448318302
5237,0.116,0.2390219614555164,-0.1230219614555164
11981,0.053,0.14575108821232993,-0.09275108821232994
1824,0.23,0.2420267866203889,-0.01202678662038889
4087,0.85,0.8608729041721119,-0.010872904172111952
15933,0.71,0.3591179822313426,0.35088201776865735
11742,0.16,0.24238132492550368,-0.08238132492550368
2960,0.027,0.11946020223778733,-0.09246020223778734
18658,0.14,0.3556289092986777,-0.21562890929867767
17784,0.99,0.34166783237145537,0.6483321676285446
19579,0.00154,0.41853574942422933,-0.41699574942422934
931,0.01,0.23196098075064625,-0.22196098075064624
9421,0.0028,0.2639557291406406,-0.26115572914064056
3567,0.029,0.42155592265001685,-0.3925559226500168
4392,0.67,0.5862216515401395,0.08377834845986054
8360,0.348,0.06379641932821767,0.2842035806717823
3358,0.001,0.3036766577154819,-0.3026766577154819
5115,0.59,0.7453949152317099,-0.1553949152317099
10354,0.09,0.2589873162749814,-0.1689873162749814
17513,0.75,0.3823954134246173,0.3676045865753827
16198,0.336,0.4888105733187016,-0.15281057331870157
4632,0.16,0.10136485671793011,0.058635143282069896
19595,0.00044,0.27560502311422597,-0.27516502311422597
7651,0.04,0.52874228152273,-0.48874228152272997
7417,0.78,0.6028959258270334,0.17710407417296659
17514,0.79,0.3823954134246173,0.40760458657538273
6177,0.59,0.5817019308408755,0.008298069159124455
2387,0.42,0.34225089268683134,0.07774910731316864
2414,0.03,0.1308294024376435,-0.10082940243764349
12242,0.0137,0.21699605167805452,-0.20329605167805453
4578,0.0066,0.11703213584617733,-0.11043213584617734
9237,0.14,0.18539877489626866,-0.045398774896268645
12357,0.29,0.30004223376569605,-0.010042233765696074
11547,0.34,0.34119911496584415,-0.001199114965844128
5905,0.65,0.27386124343377366,0.37613875656622636
11559,0.94,0.3929758218826705,0.5470241781173295
12927,0.18,0.159782406276121,0.02021759372387899
14139,0.42,0.36545474503261394,0.05454525496738605
19411,0.33,0.3825183089277783,-0.05251830892777831
6661,0.72,0.516441614602755,0.20355838539724502
10187,0.036,0.3160160213477536,-0.2800160213477536
1254,0.018,0.4436948021369618,-0.42569480213696176
113,0.35,0.40083204140136586,-0.05083204140136588
13972,0.55,0.30842648493871266,0.24157351506128738
13302,0.11,0.284334371882524,-0.174334371882524
1592,0.607,0.3737536931309761,0.23324630686902387
19143,0.06,0.38498412064340254,-0.32498412064340254
3757,0.53,0.4378658911907709,0.09213410880922912
3511,0.066,0.14747725034709663,-0.08147725034709663
18891,0.33,0.2652101120410524,0.06478988795894763
18355,0.0018,0.41392329644227716,-0.41212329644227713
12193,0.063,0.04934827228834504,0.01365172771165496
12722,0.01,0.3676066413395769,-0.35760664133957687
18844,0.86,0.3499821153854654,0.5100178846145346
9658,0.076,0.08437535558858128,-0.008375355588581282
19948,0.638,0.5361319276236907,0.10186807237630935
3544,0.96,0.5296579633592262,0.43034203664077375
15956,0.63,0.4544057517631286,0.17559424823687142
17431,0.75,0.5771406407327656,0.1728593592672344
5073,0.1,0.13243747122150776,-0.03243747122150775
644,0.15,0.34198593235465063,-0.19198593235465064
13739,0.5,0.446447133734305,0.053552866265695
1593,0.113,0.3208137666715519,-0.20781376667155194
