Tag,estimated_y
1,0.2564259619673719
2,0.19497079592972807
3,0.3691370043339558
4,0.30030000858390826
5,0.30030000858390826
6,0.4800894287802068
7,0.4800894287802068
8,0.4800894287802068
9,0.4800894287802068
10,0.4800894287802068
11,0.5806692114688227
12,0.5806692114688227
13,0.5806692114688227
14,0.5806692114688227
15,0.5806692114688227
16,0.43683783582545993
17,0.43683783582545993
18,0.43683783582545993
19,0.43683783582545993
20,0.5053044676193048
21,0.5053044676193048
22,0.5053044676193048
23,0.5053044676193048
24,0.5053044676193048
25,0.5308233908811046
26,0.5308233908811046
27,0.5308233908811046
28,0.5910877918929491
29,0.5867165373006339
30,0.6223262795130928
31,0.3082032391356013
32,0.5399143667945921
33,0.2967134024922693
34,0.32047731986556627
35,0.3825946794964657
36,0.3907275048239788
37,0.32047731986556627
38,0.2967134024922693
39,0.3825946794964657
40,0.4201021883617434
41,0.3907275048239788
42,0.32047731986556627
43,0.3825946794964657
44,0.4201021883617434
45,0.32047731986556627
46,0.3825946794964657
47,0.3907275048239788
48,0.32047731986556627
49,0.2967134024922693
50,0.3825946794964657
51,0.4201021883617434
52,0.3907275048239788
53,0.32047731986556627
54,0.2967134024922693
55,0.3825946794964657
56,0.4201021883617434
57,0.3907275048239788
58,0.32047731986556627
59,0.2967134024922693
60,0.3825946794964657
61,0.4201021883617434
62,0.3907275048239788
63,0.32047731986556627
64,0.2967134024922693
65,0.3825946794964657
66,0.4201021883617434
67,0.3907275048239788
68,0.32047731986556627
69,0.2967134024922693
70,0.3825946794964657
71,0.4201021883617434
84,0.6580665883273074
85,0.6580665883273074
86,0.6580665883273074
87,0.6580665883273074
88,0.6580665883273074
89,0.6580665883273074
90,0.6580665883273074
91,0.6580665883273074
92,0.266814906827291
93,0.266814906827291
94,0.266814906827291
95,0.266814906827291
96,0.266814906827291
97,0.266814906827291
100,0.2510341559641974
101,0.30442459947088446
102,0.3402008628757069
103,0.3142056671458277
105,0.29497758598111246
106,0.2877480271370743
109,0.31302240285938004
110,0.3057901044490274
118,0.6491502389275807
120,0.6491502389275807
123,0.6491502389275807
164,0.35613876752552126
165,0.2717539156015344
166,0.35613876752552126
167,0.2717539156015344
168,0.35613876752552126
169,0.2717539156015344
170,0.34962012907705065
171,0.34935697669833554
172,0.3525296882378621
173,0.34788399572084017
174,0.30946802714104193
175,0.34969780836520803
176,0.35658667658252763
177,0.34716094385045976
178,0.32439664669145346
179,0.2609210234090631
180,0.36009435713429677
181,0.3560182143075442
182,0.3394309081970749
183,0.5867165373006339
184,0.3515671178852801
186,0.4047382546694449
187,0.30154687860548507
188,0.3425115801318166
189,0.14624018045758203
190,0.36302162582681446
191,0.20307658218240868
192,0.292482785647319
193,0.212142479760397
194,0.3638866826401699
195,0.23337169965613502
196,0.23337169965613502
197,0.30145894783756194
198,0.30145894783756194
199,0.6147462202964213
200,0.6147462202964213
201,0.2294335045340848
202,0.24644681232513288
203,0.24644681232513288
204,0.5934132098401603
205,0.36302162582681446
206,0.36302162582681446
207,0.10991076489028512
208,0.3907275048239788
209,0.3907275048239788
210,0.30408355063000714
211,0.34633903069395333
212,0.382038278109765
213,0.20307658218240868
214,0.16840633039880698
215,0.18009715143461125
216,0.1981267579783689
217,0.18702693619899263
218,0.1807741502364704
219,0.17212690165403832
220,0.16840633039880698
221,0.18009715143461125
222,0.1981267579783689
223,0.18702693619899263
224,0.1807741502364704
225,0.17212690165403832
226,0.16840633039880698
227,0.18009715143461125
228,0.1981267579783689
229,0.18702693619899263
230,0.1807741502364704
231,0.17212690165403832
232,0.16840633039880698
233,0.18009715143461125
234,0.1981267579783689
235,0.18702693619899263
236,0.1807741502364704
237,0.17212690165403832
238,0.16840633039880698
239,0.18009715143461125
240,0.1981267579783689
241,0.18702693619899263
242,0.1807741502364704
243,0.17212690165403832
244,0.16840633039880698
245,0.18009715143461125
246,0.1981267579783689
247,0.18702693619899263
248,0.1807741502364704
249,0.17212690165403832
250,0.16840633039880698
251,0.18009715143461125
252,0.1981267579783689
253,0.18702693619899263
254,0.1807741502364704
255,0.17212690165403832
256,0.1981267579783689
257,0.18702693619899263
258,0.1807741502364704
259,0.17212690165403832
260,0.16840633039880698
261,0.18009715143461125
262,0.1981267579783689
263,0.18702693619899263
264,0.1807741502364704
265,0.17212690165403832
266,0.1807741502364704
267,0.16840633039880698
268,0.18009715143461125
269,0.1981267579783689
270,0.18702693619899263
271,0.1807741502364704
272,0.17212690165403832
273,0.1981267579783689
274,0.18702693619899263
275,0.1807741502364704
276,0.17212690165403832
277,0.6414544567756343
278,0.6414544567756343
279,0.6414544567756343
280,0.6414544567756343
281,0.6414544567756343
282,0.6414544567756343
283,0.6414544567756343
284,0.6414544567756343
285,0.6414544567756343
286,0.6414544567756343
287,0.6414544567756343
288,0.6414544567756343
289,0.6414544567756343
290,0.6414544567756343
291,0.6414544567756343
292,0.6414544567756343
293,0.6414544567756343
294,0.6414544567756343
295,0.2195755640981387
296,0.2195755640981387
297,0.2195755640981387
298,0.2195755640981387
299,0.2195755640981387
300,0.2195755640981387
301,0.2195755640981387
302,0.2195755640981387
303,0.2195755640981387
304,0.3077131926521848
305,0.3077131926521848
306,0.3077131926521848
307,0.3077131926521848
308,0.3077131926521848
315,0.11735564627816678
316,0.11735564627816678
317,0.11735564627816678
318,0.11735564627816678
319,0.08691930076311816
320,0.08691930076311816
321,0.08691930076311816
322,0.08691930076311816
323,0.10489295606055202
324,0.10489295606055202
325,0.10489295606055202
326,0.11735564627816678
327,0.08691930076311816
328,0.10489295606055202
329,0.14622130354755544
330,0.26441514958645707
331,0.26441514958645707
332,0.26441514958645707
333,0.26441514958645707
334,0.26441514958645707
335,0.26441514958645707
336,0.26441514958645707
337,0.26441514958645707
338,0.26441514958645707
339,0.26441514958645707
340,0.26441514958645707
341,0.26441514958645707
342,0.26441514958645707
343,0.26441514958645707
344,0.26441514958645707
345,0.26441514958645707
346,0.26441514958645707
347,0.26441514958645707
359,0.19398895355933285
360,0.19398895355933285
366,0.290567821901798
368,0.290567821901798
373,0.27143437052664565
374,0.27143437052664565
375,0.27143437052664565
379,0.1545519982666395
380,0.1545519982666395
381,0.1545519982666395
382,0.1545519982666395
455,0.40996968911141507
456,0.3817136928304343
457,0.2843974716011189
458,0.31678440420401516
459,0.33171710465705156
460,0.4096416995625574
508,0.35022768430024576
511,0.2185415938994555
516,0.2185415938994555
521,0.2185415938994555
526,0.2185415938994555
543,0.2418634402830706
544,0.2418634402830706
545,0.2418634402830706
547,0.2335207559556649
548,0.2335207559556649
561,0.3201902334123086
562,0.4289880807576796
563,0.3410484663047773
564,0.32262497854319083
565,0.43166471253458133
566,0.37895641983875944
567,0.3199556300959744
568,0.2335207559556649
569,0.31191451800948883
570,0.35887105074489734
571,0.39448306813265116
572,0.32992542648781564
573,0.27321389107521304
574,0.39029870666409017
575,0.3375055236830703
576,0.276847085369872
577,0.1757095683126759
578,0.22278854778981103
579,0.226158764696485
580,0.39029870666409017
581,0.39029870666409017
582,0.39029870666409017
583,0.39029870666409017
584,0.39029870666409017
585,0.19238673689293673
586,0.19238673689293673
587,0.19238673689293673
654,0.5504103907137656
655,0.5504103907137656
656,0.5504103907137656
657,0.5504103907137656
658,0.5504103907137656
659,0.5504103907137656
660,0.5504103907137656
661,0.5504103907137656
662,0.32990038335411664
663,0.32990038335411664
665,0.32990038335411664
666,0.32990038335411664
667,0.32990038335411664
668,0.32990038335411664
669,0.32990038335411664
670,0.3547658761877009
672,0.3547658761877009
673,0.3547658761877009
674,0.3547658761877009
675,0.3547658761877009
676,0.3547658761877009
677,0.3547658761877009
678,0.24778804418967437
679,0.24778804418967437
681,0.24778804418967437
682,0.24778804418967437
683,0.24778804418967437
684,0.24778804418967437
685,0.24778804418967437
686,0.14673643994473723
687,0.14673643994473723
688,0.14673643994473723
689,0.14673643994473723
690,0.14673643994473723
691,0.14673643994473723
692,0.14673643994473723
693,0.14673643994473723
694,0.14673643994473723
695,0.14673643994473723
696,0.33418053388267244
697,0.33418053388267244
698,0.33418053388267244
699,0.33418053388267244
700,0.33418053388267244
701,0.33418053388267244
702,0.33418053388267244
703,0.33418053388267244
704,0.33418053388267244
705,0.33418053388267244
706,0.35299601710225886
707,0.35299601710225886
708,0.35299601710225886
709,0.35299601710225886
710,0.35299601710225886
711,0.35299601710225886
712,0.35299601710225886
713,0.35299601710225886
714,0.35299601710225886
715,0.35299601710225886
716,0.35169912135640313
717,0.35169912135640313
718,0.35169912135640313
719,0.35169912135640313
720,0.35169912135640313
721,0.35169912135640313
722,0.35169912135640313
723,0.35169912135640313
724,0.35169912135640313
725,0.35169912135640313
726,0.35169912135640313
727,0.35169912135640313
728,0.35169912135640313
729,0.35169912135640313
744,0.43683783582545993
745,0.43683783582545993
746,0.43683783582545993
747,0.43683783582545993
748,0.43683783582545993
749,0.5053044676193048
750,0.5053044676193048
751,0.5053044676193048
752,0.5053044676193048
753,0.5053044676193048
760,0.5555277851199447
777,0.049168708141192896
908,0.4800894287802068
909,0.4528565839686489
986,0.12768280288716377
987,0.12768280288716377
989,0.12768280288716377
990,0.12768280288716377
991,0.12768280288716377
1027,0.28373755181060684
1028,0.28373755181060684
1057,0.3076292164983038
1072,0.305585093603362
1073,0.305585093603362
1074,0.305585093603362
1075,0.305585093603362
1076,0.305585093603362
1077,0.305585093603362
1078,0.305585093603362
1079,0.305585093603362
1090,0.21838392466044165
1175,0.5319279589977075
1193,0.16816923154770058
1196,0.1650890276245237
1197,0.16235691124256754
1200,0.1566844427943043
1203,0.16876448361952046
1232,0.19064561639815594
1233,0.19064561639815594
1234,0.18021350451388402
1235,0.18021350451388402
1236,0.17882508133897812
1237,0.17882508133897812
1238,0.1923437738323089
1239,0.1923437738323089
1240,0.2086558043081044
1241,0.2086558043081044
1242,0.19845038006210033
1243,0.19845038006210033
1244,0.17513704964669297
1245,0.17513704964669297
1246,0.18039746379978266
1247,0.18039746379978266
1248,0.1863474793881058
1249,0.1863474793881058
1250,0.12859963844141886
1251,0.12859963844141886
1252,0.0857005217317508
1253,0.0857005217317508
1260,0.16722040153306067
1262,0.4965095706713386
1263,0.4965095706713386
1264,0.4965095706713386
1295,0.45142864692759976
1296,0.37030730027656145
1297,0.7859544240021096
1298,0.4486272965330137
1300,0.1997332876778643
1301,0.1997332876778643
1302,0.1997332876778643
1361,0.3067612631577626
1362,0.31465021772344687
1363,0.34892385675934967
1364,0.3123352374964667
1365,0.32158880838000625
1366,0.3164111047724376
1367,0.32419979406240407
1368,0.3128352911723863
1369,0.3067612631577626
1370,0.31465021772344687
1371,0.34892385675934967
1372,0.3123352374964667
1373,0.32158880838000625
1374,0.3164111047724376
1375,0.32419979406240407
1376,0.3128352911723863
1377,0.3067612631577626
1378,0.31465021772344687
1379,0.34892385675934967
1380,0.3123352374964667
1381,0.32158880838000625
1382,0.3164111047724376
1383,0.32419979406240407
1384,0.3128352911723863
1385,0.3067612631577626
1386,0.31465021772344687
1387,0.34892385675934967
1388,0.3123352374964667
1389,0.32158880838000625
1390,0.3164111047724376
1391,0.32419979406240407
1392,0.3128352911723863
1393,0.3067612631577626
1394,0.31465021772344687
1395,0.34892385675934967
1396,0.3123352374964667
1397,0.32158880838000625
1398,0.3164111047724376
1399,0.32419979406240407
1400,0.3128352911723863
1401,0.3067612631577626
1402,0.31465021772344687
1403,0.34892385675934967
1404,0.3123352374964667
1405,0.32158880838000625
1406,0.3164111047724376
1407,0.32419979406240407
1408,0.3128352911723863
1417,0.3067612631577626
1418,0.31465021772344687
1419,0.34892385675934967
1420,0.3123352374964667
1421,0.32158880838000625
1422,0.3164111047724376
1423,0.32419979406240407
1424,0.3128352911723863
1425,0.176444671859031
1426,0.176444671859031
1427,0.176444671859031
1428,0.176444671859031
1429,0.176444671859031
1430,0.176444671859031
1431,0.06525297274828395
1432,0.06525297274828395
1433,0.06525297274828395
1434,0.06525297274828395
1488,0.17594529130900194
1497,0.06138483409899781
1528,0.16069395551443028
1532,0.19654848097832325
1537,0.23653188940520153
1538,0.23653188940520153
1582,0.42354035457243283
1605,0.7695814962688294
1606,0.7695814962688294
1607,0.7695814962688294
1608,0.7695814962688294
1614,0.3068747179696293
1615,0.3068747179696293
1616,0.3068747179696293
1617,0.3068747179696293
1629,0.24897755621090717
1630,0.3590058226696837
1631,0.20592115155182775
1632,0.3177807462113059
1633,0.27765694531856866
1634,0.40039140114693295
1635,0.4209695959740176
1636,0.45603235069055453
1637,0.33471034765775387
1638,0.201316831658308
1639,0.2721848661774257
1640,0.24897755621090717
1641,0.3590058226696837
1642,0.20592115155182775
1643,0.27765694531856866
1644,0.40039140114693295
1645,0.4209695959740176
1646,0.45603235069055453
1647,0.33471034765775387
1648,0.201316831658308
1649,0.2721848661774257
1650,0.24897755621090717
1651,0.3590058226696837
1652,0.20592115155182775
1653,0.3177807462113059
1654,0.27765694531856866
1655,0.40039140114693295
1656,0.4209695959740176
1657,0.45603235069055453
1658,0.33471034765775387
1659,0.201316831658308
1660,0.2721848661774257
1661,0.24897755621090717
1662,0.3590058226696837
1663,0.20592115155182775
1664,0.3177807462113059
1665,0.27765694531856866
1666,0.40039140114693295
1667,0.4209695959740176
1668,0.45603235069055453
1669,0.33471034765775387
1670,0.201316831658308
1671,0.2721848661774257
1687,0.22567189463786547
1688,0.22567189463786547
1689,0.22567189463786547
1690,0.22567189463786547
1691,0.22567189463786547
1692,0.22567189463786547
1693,0.202777231547542
1694,0.202777231547542
1695,0.202777231547542
1696,0.202777231547542
1697,0.202777231547542
1698,0.202777231547542
1699,0.21729492867892122
1700,0.21729492867892122
1701,0.21729492867892122
1702,0.21729492867892122
1703,0.21729492867892122
1704,0.21729492867892122
1705,0.22116583207155133
1706,0.22116583207155133
1707,0.22116583207155133
1708,0.22116583207155133
1709,0.22116583207155133
1710,0.22116583207155133
1711,0.21753973477004498
1712,0.21753973477004498
1713,0.21753973477004498
1714,0.21753973477004498
1715,0.21753973477004498
1716,0.21753973477004498
1717,0.09911080066130912
1718,0.09911080066130912
1719,0.09911080066130912
1720,0.09911080066130912
1721,0.09911080066130912
1722,0.09911080066130912
1723,0.11760491723970637
1724,0.11760491723970637
1725,0.11760491723970637
1726,0.11760491723970637
1727,0.11760491723970637
1728,0.11760491723970637
1729,0.1320357694309094
1730,0.1320357694309094
1731,0.1320357694309094
1732,0.1320357694309094
1733,0.1320357694309094
1734,0.1320357694309094
1735,0.13979642024772998
1736,0.13979642024772998
1737,0.13979642024772998
1738,0.13979642024772998
1739,0.13979642024772998
1740,0.13979642024772998
1741,0.1716541855962835
1742,0.1716541855962835
1743,0.1716541855962835
1744,0.1716541855962835
1745,0.1716541855962835
1747,0.08716143907790208
1748,0.08716143907790208
1749,0.08716143907790208
1750,0.08716143907790208
1751,0.08716143907790208
1753,0.1738940600865678
1754,0.1738940600865678
1755,0.1738940600865678
1756,0.1738940600865678
1757,0.1738940600865678
1759,0.31537503221552904
1760,0.31537503221552904
1761,0.31537503221552904
1762,0.31537503221552904
1763,0.31537503221552904
1765,0.21730713805789736
1766,0.21730713805789736
1767,0.21730713805789736
1768,0.21730713805789736
1769,0.21730713805789736
1771,0.13270063974309487
1772,0.13270063974309487
1773,0.13270063974309487
1774,0.13270063974309487
1775,0.13270063974309487
1777,0.08780075703238432
1778,0.08780075703238432
1779,0.08780075703238432
1780,0.08780075703238432
1781,0.08780075703238432
1783,0.08976088916761005
1784,0.08976088916761005
1785,0.08976088916761005
1786,0.08976088916761005
1787,0.08976088916761005
1789,0.07333404003951605
1790,0.07333404003951605
1791,0.07333404003951605
1792,0.07333404003951605
1793,0.07333404003951605
1795,0.08091258548317598
1796,0.08091258548317598
1797,0.08091258548317598
1798,0.08091258548317598
1799,0.08091258548317598
1804,0.31164709746107117
1805,0.343847636459686
1806,0.35621445750199854
1807,0.31164709746107117
1808,0.343847636459686
1809,0.35621445750199854
1835,0.35694016803358813
1836,0.30154687860548507
1837,0.302820135295915
1838,0.3675437027035138
1839,0.3632622764791481
1840,0.3487448480372532
1841,0.34165277525385285
1842,0.3651382778266173
1843,0.36318986760818167
1844,0.20208427360674322
1845,0.3726332136178128
1846,0.35694016803358813
1847,0.35694016803358813
1848,0.35694016803358813
1849,0.35694016803358813
1850,0.35694016803358813
1851,0.35694016803358813
1852,0.30154687860548507
1853,0.30154687860548507
1854,0.30154687860548507
1855,0.30154687860548507
1856,0.30154687860548507
1857,0.30154687860548507
1858,0.302820135295915
1859,0.302820135295915
1860,0.302820135295915
1861,0.302820135295915
1862,0.302820135295915
1863,0.302820135295915
1864,0.3675437027035138
1865,0.3675437027035138
1866,0.3675437027035138
1867,0.3675437027035138
1868,0.3675437027035138
1869,0.3675437027035138
1870,0.3632622764791481
1871,0.3632622764791481
1872,0.3632622764791481
1873,0.3632622764791481
1874,0.3632622764791481
1875,0.3632622764791481
1876,0.3487448480372532
1877,0.3487448480372532
1878,0.3487448480372532
1879,0.3487448480372532
1880,0.3487448480372532
1881,0.3487448480372532
1882,0.34165277525385285
1883,0.34165277525385285
1884,0.34165277525385285
1885,0.34165277525385285
1886,0.34165277525385285
1887,0.34165277525385285
1888,0.3651382778266173
1889,0.3651382778266173
1890,0.3651382778266173
1891,0.3651382778266173
1892,0.36318986760818167
1893,0.36318986760818167
1894,0.36318986760818167
1895,0.36318986760818167
1896,0.36318986760818167
1897,0.36318986760818167
1898,0.20208427360674322
1965,0.3483680541768791
1966,0.13700672627502922
1967,0.3073485113557101
1968,0.3225844798927546
1969,0.2284846546901759
1970,0.16868772009814764
1971,0.22374034998814626
1972,0.14496320916302677
1979,0.7238987296643261
1980,0.8042515726300405
1981,0.7475979790569476
1982,0.452833410536928
1983,0.4093530849772919
1984,0.4982722413779136
1986,0.4245881836191324
1988,0.5625955817095907
1990,0.5247742441144839
1992,0.46705676746668023
1995,0.8042515726300405
2114,0.1686932539309854
2115,0.1686932539309854
2117,0.1686932539309854
2118,0.1686932539309854
2119,0.1686932539309854
2120,0.1686932539309854
2121,0.1686932539309854
2122,0.1686932539309854
2123,0.18404221904513168
2124,0.18404221904513168
2126,0.18404221904513168
2127,0.18404221904513168
2128,0.18404221904513168
2129,0.18404221904513168
2130,0.18404221904513168
2131,0.18404221904513168
2132,0.21908748873735848
2133,0.23903094552260845
2134,0.3205491027758569
2135,0.23680824240359943
2136,0.19791107088261928
2137,0.1913687121680032
2139,0.130617897661576
2149,0.15481511403287113
2227,0.3097249938549882
2234,0.20243444584379408
2237,0.2854520491733882
2244,0.2807281873163858
2260,0.2599087627582114
2261,0.23465440376439586
2262,0.39509264131782096
2263,0.27794758961500576
2264,0.3070262080702398
2265,0.3506266539057747
2266,0.2904147962472911
2267,0.20347778002552927
2268,0.2070886113729719
2269,0.27385210326601095
2270,0.5090133697488427
2271,0.2744844812200561
2272,0.37365897474055815
2273,0.3848615837506263
2274,0.32103956454634036
2275,0.41202927286291313
2276,0.8033746784994888
2277,0.25961817432817924
2278,0.26042970182851
2279,0.2626899678269894
2280,0.3844653386687097
2281,0.2599087627582114
2282,0.23465440376439586
2283,0.39509264131782096
2284,0.27794758961500576
2285,0.3070262080702398
2286,0.3506266539057747
2287,0.2904147962472911
2288,0.20347778002552927
2289,0.2070886113729719
2290,0.27385210326601095
2291,0.5090133697488427
2292,0.2744844812200561
2293,0.37365897474055815
2294,0.3848615837506263
2295,0.32103956454634036
2296,0.41202927286291313
2297,0.8033746784994888
2298,0.25961817432817924
2299,0.26042970182851
2300,0.2626899678269894
2301,0.3844653386687097
2302,0.2599087627582114
2303,0.23465440376439586
2304,0.39509264131782096
2305,0.27794758961500576
2306,0.3070262080702398
2307,0.3506266539057747
2308,0.2904147962472911
2309,0.20347778002552927
2310,0.2070886113729719
2311,0.27385210326601095
2312,0.5090133697488427
2313,0.2744844812200561
2314,0.37365897474055815
2315,0.3848615837506263
2316,0.32103956454634036
2317,0.41202927286291313
2318,0.8033746784994888
2319,0.25961817432817924
2320,0.26042970182851
2321,0.2626899678269894
2322,0.3844653386687097
2323,0.2599087627582114
2324,0.23465440376439586
2325,0.39509264131782096
2326,0.27794758961500576
2327,0.3070262080702398
2328,0.3506266539057747
2329,0.2904147962472911
2330,0.20347778002552927
2331,0.2070886113729719
2332,0.27385210326601095
2333,0.5090133697488427
2334,0.2744844812200561
2335,0.37365897474055815
2336,0.3848615837506263
2337,0.32103956454634036
2338,0.41202927286291313
2339,0.8033746784994888
2340,0.25961817432817924
2341,0.26042970182851
2342,0.2626899678269894
2343,0.3844653386687097
2344,0.2599087627582114
2345,0.23465440376439586
2346,0.39509264131782096
2347,0.27794758961500576
2348,0.3070262080702398
2349,0.3506266539057747
2350,0.2904147962472911
2351,0.20347778002552927
2352,0.2070886113729719
2353,0.27385210326601095
2354,0.5090133697488427
2355,0.2744844812200561
2356,0.37365897474055815
2357,0.3848615837506263
2358,0.32103956454634036
2359,0.41202927286291313
2360,0.8033746784994888
2361,0.25961817432817924
2362,0.26042970182851
2363,0.2626899678269894
2364,0.3844653386687097
2365,0.2599087627582114
2366,0.23465440376439586
2367,0.39509264131782096
2368,0.27794758961500576
2369,0.3070262080702398
2370,0.3506266539057747
2371,0.2904147962472911
2372,0.20347778002552927
2373,0.2070886113729719
2374,0.27385210326601095
2375,0.5090133697488427
2376,0.2744844812200561
2377,0.37365897474055815
2378,0.3848615837506263
2379,0.32103956454634036
2380,0.41202927286291313
2381,0.8033746784994888
2382,0.25961817432817924
2383,0.26042970182851
2384,0.2626899678269894
2385,0.3844653386687097
2503,0.31813406163367913
2504,0.3515340151104312
2505,0.34904906370921485
2506,0.35362475405488547
2507,0.24882518764080397
2508,0.2708201958563371
2509,0.27525374858574125
2555,0.27628842734893183
2556,0.27628842734893183
2571,0.07404051429807856
2732,0.13435603230118512
2787,0.3447984878916367
2788,0.3447984878916367
2789,0.3447984878916367
2790,0.3447984878916367
2791,0.3447984878916367
2792,0.3447984878916367
2793,0.3447984878916367
2794,0.3447984878916367
2795,0.3447984878916367
2796,0.3447984878916367
2797,0.3447984878916367
2798,0.3447984878916367
2799,0.30408355063000714
2800,0.30408355063000714
2801,0.30408355063000714
2802,0.30408355063000714
2803,0.30408355063000714
2804,0.30408355063000714
2805,0.30408355063000714
2806,0.30408355063000714
2807,0.30408355063000714
2808,0.30408355063000714
2809,0.37522414140338267
2810,0.37522414140338267
2811,0.37522414140338267
2812,0.37522414140338267
2813,0.37522414140338267
2814,0.37522414140338267
2815,0.37522414140338267
2816,0.37522414140338267
2817,0.37522414140338267
2818,0.37522414140338267
2819,0.37522414140338267
2820,0.37522414140338267
2821,0.37522414140338267
2822,0.37522414140338267
2823,0.37522414140338267
2824,0.37522414140338267
2825,0.37522414140338267
2826,0.37522414140338267
2827,0.37522414140338267
2828,0.37522414140338267
2829,0.37522414140338267
2830,0.37522414140338267
2831,0.3438292452686752
2832,0.3438292452686752
2833,0.3438292452686752
2834,0.3438292452686752
2835,0.3438292452686752
2836,0.3438292452686752
2837,0.3438292452686752
2838,0.3438292452686752
2839,0.3438292452686752
2964,0.019910843037310777
2970,0.03887210546807113
2976,0.07723063077390024
2979,0.06537048856039962
2982,0.043376235843627986
2984,0.15116887802704926
2985,0.15116887802704926
2992,0.4085239778750899
2993,0.4085239778750899
2994,0.4085239778750899
2995,0.4085239778750899
2996,0.4085239778750899
3042,0.4141177640621509
3182,0.24189675151713716
3186,0.46507855123893277
3187,0.3452903145594476
3210,0.27879800428489515
3215,0.2677987834526652
3216,0.2168103391767878
3226,0.2609090771042573
3252,0.5316492813362884
3253,0.5872662611307863
3254,0.4789714333397205
3274,0.485192306929331
3275,0.4429346220751012
3283,0.3330928122193529
3285,0.3326900986163419
3290,0.2467253229842351
3302,0.2489608585033793
3304,0.3932514528824004
3334,0.4425613468216687
3335,0.5308546475078502
3368,0.4219210076926203
3405,0.30095756114199257
3407,0.30095756114199257
3413,0.25205700233245715
3415,0.25205700233245715
3466,0.14265068919990684
3467,0.14265068919990684
3468,0.14265068919990684
3469,0.14265068919990684
3470,0.14265068919990684
3471,0.14265068919990684
3490,0.4483758809629267
3491,0.4483758809629267
3492,0.4483758809629267
3493,0.4483758809629267
3494,0.4483758809629267
3495,0.4483758809629267
3496,0.4483758809629267
3497,0.4483758809629267
3498,0.4483758809629267
3499,0.4483758809629267
3500,0.4483758809629267
3632,0.3638866826401699
3637,0.3638866826401699
3662,0.3249216889410722
3663,0.2824594766910738
3664,0.27187476858273424
3665,0.2786145872788024
3666,0.13907600458974076
3667,0.33410689299942586
3668,0.310230857448598
3669,0.2146918922413377
3670,0.40089276822940323
3671,0.2827269454073147
3672,0.11936178170742787
3673,0.33536842632543984
3674,0.33003676440454505
3675,0.12514768985162955
3676,0.31224941312418997
3677,0.3291941485887927
3678,0.34601494628974244
3679,0.2844700945010643
3680,0.3334082121533577
3681,0.30382870434831416
3682,0.4344342684180079
3683,0.33143742805542226
3684,0.485648288814755
3685,0.42064620031983974
3686,0.3504920779673559
3687,0.43183908991908115
3688,0.411209497363432
3689,0.23523856852546304
3690,0.3702172088486858
3691,0.34861069217481594
3692,0.3353927355098905
3723,0.3197353491269942
3724,0.42060091564253377
3725,0.23240124793976766
3726,0.5033633224456956
3727,0.3197353491269942
3728,0.42060091564253377
3729,0.23240124793976766
3730,0.5033633224456956
3731,0.3197353491269942
3732,0.42060091564253377
3733,0.23240124793976766
3734,0.5033633224456956
3791,0.6940087149584686
3792,0.4040909138320613
3793,0.7764130376620242
3794,0.5389710776067393
3795,0.4348139696865882
3796,0.6940087149584686
3797,0.4040909138320613
3798,0.7764130376620242
3799,0.5389710776067393
3800,0.4348139696865882
3801,0.6940087149584686
3802,0.4040909138320613
3803,0.7764130376620242
3804,0.5389710776067393
3805,0.4348139696865882
3859,0.6210693492528863
3860,0.3355029935172118
3861,0.19757916412802295
3862,0.35740424693038586
3867,0.6210693492528863
3868,0.3355029935172118
3869,0.19757916412802295
3870,0.35740424693038586
3876,0.578789377563264
3877,0.5344504061489815
3878,0.7075335025395321
3879,0.6288942079128195
3880,0.4215234584480575
3922,0.248577915917286
3923,0.248577915917286
3924,0.248577915917286
3925,0.248577915917286
3926,0.248577915917286
3927,0.248577915917286
3928,0.248577915917286
3929,0.248577915917286
3930,0.24146757275191855
3931,0.24146757275191855
3932,0.24146757275191855
3933,0.24146757275191855
3934,0.24146757275191855
3935,0.24146757275191855
3936,0.24146757275191855
3937,0.24146757275191855
3977,0.22878139100730283
3978,0.22878139100730283
3979,0.22878139100730283
3980,0.22878139100730283
3981,0.22878139100730283
3982,0.22878139100730283
3983,0.22878139100730283
3985,0.26938763646993746
3986,0.26938763646993746
3987,0.26938763646993746
3988,0.26938763646993746
3989,0.26938763646993746
3990,0.26938763646993746
3991,0.26938763646993746
3993,0.17756601837777813
3994,0.17756601837777813
3995,0.17756601837777813
3996,0.17756601837777813
3997,0.17756601837777813
3998,0.17756601837777813
3999,0.17756601837777813
4001,0.2096263706024028
4002,0.2096263706024028
4003,0.2096263706024028
4004,0.2096263706024028
4005,0.2096263706024028
4006,0.2096263706024028
4007,0.2096263706024028
4031,0.24915063166122603
4032,0.3873985773660595
4037,0.24915063166122603
4038,0.3873985773660595
4138,0.18716959929312307
4139,0.2113993596759889
4140,0.22455020422930003
4141,0.19309064727982894
4142,0.14813732805341132
4143,0.35383245693492904
4144,0.1323509190896659
4145,0.18812350263621103
4146,0.3191093803221482
4183,0.40196687020289124
4184,0.40196687020289124
4185,0.40196687020289124
4186,0.40196687020289124
4187,0.40196687020289124
4188,0.40196687020289124
4189,0.40196687020289124
4190,0.40196687020289124
4191,0.40196687020289124
4192,0.40196687020289124
4193,0.3672523915236975
4194,0.3672523915236975
4195,0.3672523915236975
4196,0.3672523915236975
4197,0.3672523915236975
4198,0.3672523915236975
4199,0.3672523915236975
4200,0.3672523915236975
4201,0.3672523915236975
4202,0.3672523915236975
4203,0.3826196533831348
4204,0.3826196533831348
4205,0.3826196533831348
4206,0.3826196533831348
4207,0.3826196533831348
4208,0.3826196533831348
4209,0.3826196533831348
4210,0.3826196533831348
4211,0.3826196533831348
4212,0.3826196533831348
4213,0.38413938631678063
4214,0.38413938631678063
4215,0.38413938631678063
4216,0.38413938631678063
4217,0.38413938631678063
4218,0.38413938631678063
4219,0.38413938631678063
4220,0.38413938631678063
4221,0.38413938631678063
4222,0.38413938631678063
4223,0.37499022257195536
4224,0.37499022257195536
4225,0.37499022257195536
4226,0.37499022257195536
4227,0.37499022257195536
4228,0.37499022257195536
4229,0.37499022257195536
4230,0.37499022257195536
4231,0.37499022257195536
4232,0.37499022257195536
4233,0.40196687020289124
4234,0.3672523915236975
4235,0.3826196533831348
4236,0.38413938631678063
4237,0.37499022257195536
4238,0.40196687020289124
4239,0.3672523915236975
4240,0.3826196533831348
4241,0.38413938631678063
4242,0.37499022257195536
4355,0.3287710452687976
4356,0.3287710452687976
4358,0.3287710452687976
4359,0.3287710452687976
4368,0.32913616974726695
4374,0.21348395692921474
4375,0.21348395692921474
4376,0.21348395692921474
4377,0.21348395692921474
4378,0.21348395692921474
4379,0.21348395692921474
4380,0.21348395692921474
4381,0.21348395692921474
4382,0.21348395692921474
4383,0.21348395692921474
4384,0.21348395692921474
4385,0.21348395692921474
4431,0.15858393502759718
4432,0.14675213823737793
4433,0.20222877213677015
4434,0.3547907519011972
4435,0.14675103526290822
4436,0.16222173673040605
4444,0.1198369347233865
4445,0.1198369347233865
4447,0.1198369347233865
4448,0.1198369347233865
4598,0.30368112143550513
4599,0.22867225858330942
4600,0.22570167307570355
4601,0.2762920822735653
4602,0.26101749996526913
4603,0.20948133534834526
4604,0.3132432446791461
4605,0.22397912944964654
4606,0.218839075412783
4607,0.28432039756376604
4625,0.13401283026793526
4639,0.09750054473894332
4647,0.09750054473894332
4648,0.19538002603923493
4649,0.18617392540806513
4650,0.18617392540806513
4651,0.18617392540806513
4652,0.18617392540806513
4653,0.18617999995277068
4654,0.18617999995277068
4655,0.18617999995277068
4656,0.18617999995277068
4657,0.1802906859752234
4658,0.1802906859752234
4659,0.1802906859752234
4660,0.1802906859752234
4661,0.1307671073930068
4684,0.16270748425563586
4685,0.19105117424338428
4694,0.5087483764634518
4695,0.5087483764634518
4696,0.5087483764634518
4697,0.5087483764634518
4698,0.5087483764634518
4699,0.5087483764634518
4700,0.5087483764634518
4701,0.5917363543819587
4702,0.5917363543819587
4703,0.5917363543819587
4704,0.5917363543819587
4705,0.5917363543819587
4706,0.5917363543819587
4707,0.5917363543819587
4708,0.48313013197570853
4709,0.33490166584605396
4716,0.33490166584605396
4717,0.33490166584605396
4718,0.33490166584605396
4719,0.33490166584605396
4720,0.33490166584605396
4721,0.33490166584605396
4722,0.33490166584605396
4723,0.33490166584605396
4724,0.33490166584605396
4727,0.07630138716409807
4730,0.19334599209967046
4777,0.5049450843564768
4813,0.15044881823148515
4814,0.15044881823148515
4815,0.15044881823148515
4816,0.15044881823148515
4817,0.15044881823148515
4820,0.20017770275061786
4821,0.20017770275061786
4822,0.20017770275061786
4823,0.20017770275061786
4824,0.20017770275061786
4827,0.25002755340414484
4828,0.25002755340414484
4829,0.25002755340414484
4830,0.25002755340414484
4831,0.25002755340414484
4834,0.2017504171241101
4835,0.2017504171241101
4836,0.2017504171241101
4837,0.2017504171241101
4838,0.2017504171241101
4841,0.24012737525832195
4842,0.24012737525832195
4843,0.24012737525832195
4844,0.24012737525832195
4845,0.24012737525832195
4848,0.2306738303741613
4849,0.2306738303741613
4850,0.2306738303741613
4851,0.2306738303741613
4852,0.2306738303741613
4879,0.3214770014333564
4880,0.3214770014333564
4882,0.3214770014333564
4883,0.3214770014333564
4884,0.3214770014333564
4887,0.3214770014333564
4888,0.3214770014333564
4890,0.32866491914818763
4958,0.285608487892848
4959,0.2518940611613068
4960,0.2518940611613068
4961,0.2518940611613068
4962,0.2518940611613068
4963,0.2518940611613068
4964,0.2518940611613068
4965,0.2518940611613068
4966,0.2518940611613068
4967,0.2518940611613068
4968,0.2518940611613068
4969,0.2518940611613068
4970,0.2518940611613068
4971,0.2518940611613068
4972,0.2518940611613068
4973,0.2822538930022908
4975,0.2822538930022908
4976,0.2822538930022908
4977,0.2822538930022908
4980,0.2822538930022908
4982,0.2822538930022908
4996,0.4625731026737329
4997,0.4977937368869698
4998,0.5044667930757775
4999,0.36751965561762656
5000,0.22760308763828566
5001,0.4625731026737329
5002,0.4977937368869698
5003,0.5044667930757775
5004,0.36751965561762656
5005,0.22760308763828566
5040,0.364996983044683
5043,0.364996983044683
5046,0.364996983044683
5074,0.1673017927056448
5143,0.319486720850407
5211,0.20785634798714575
5280,0.18983466048679265
5281,0.18983466048679265
5282,0.18983466048679265
5283,0.18983466048679265
5284,0.18983466048679265
5285,0.18983466048679265
5286,0.18983466048679265
5287,0.18983466048679265
5288,0.18983466048679265
5289,0.18983466048679265
5290,0.18983466048679265
5291,0.18983466048679265
5292,0.18983466048679265
5293,0.18983466048679265
5294,0.18983466048679265
5358,0.17418216892466734
5359,0.17418216892466734
5360,0.17418216892466734
5361,0.17418216892466734
5362,0.17418216892466734
5363,0.17418216892466734
5364,0.17418216892466734
5365,0.17418216892466734
5366,0.17418216892466734
5367,0.17418216892466734
5368,0.029315919637123045
5369,0.029315919637123045
5370,0.029315919637123045
5371,0.029315919637123045
5372,0.029315919637123045
5373,0.029315919637123045
5449,0.07179371702530268
5450,0.07179371702530268
5451,0.07179371702530268
5452,0.07179371702530268
5453,0.07179371702530268
5454,0.07179371702530268
5455,0.07179371702530268
5456,0.07179371702530268
5457,0.07179371702530268
5458,0.07179371702530268
5459,0.07179371702530268
5460,0.07179371702530268
5461,0.07179371702530268
5462,0.07179371702530268
5463,0.027009780211736722
5464,0.027009780211736722
5465,0.027009780211736722
5466,0.027009780211736722
5467,0.027009780211736722
5468,0.027009780211736722
5469,0.027009780211736722
5470,0.027009780211736722
5471,0.027009780211736722
5472,0.027009780211736722
5473,0.027009780211736722
5474,0.027009780211736722
5475,0.027009780211736722
5476,0.027009780211736722
5515,0.08158227754319874
5577,0.2946853692270418
5578,0.2946853692270418
5579,0.2946853692270418
5599,0.21999121622578263
5600,0.18416415917611748
5601,0.23999642813679045
5602,0.19860749836133373
5603,0.21035541402544838
5604,0.22654460613957078
5605,0.2107766641209186
5606,0.18661765983943093
5607,0.2321495818620294
5608,0.21211610962101202
5609,0.21999121622578263
5610,0.18416415917611748
5611,0.23999642813679045
5612,0.19860749836133373
5613,0.21035541402544838
5614,0.22654460613957078
5615,0.2107766641209186
5616,0.18661765983943093
5617,0.2321495818620294
5618,0.21211610962101202
5619,0.21999121622578263
5620,0.18416415917611748
5621,0.23999642813679045
5622,0.19860749836133373
5623,0.21035541402544838
5624,0.22654460613957078
5625,0.2107766641209186
5626,0.18661765983943093
5627,0.2321495818620294
5628,0.21211610962101202
5629,0.21999121622578263
5630,0.18416415917611748
5631,0.23999642813679045
5632,0.19860749836133373
5633,0.21035541402544838
5634,0.22654460613957078
5635,0.2107766641209186
5636,0.18661765983943093
5637,0.2321495818620294
5638,0.21211610962101202
5662,0.32378129189110894
5663,0.29569810748660363
5664,0.34968439
5665,0.34968439
5672,0.2778450833961979
5673,0.276396559573521
5678,0.1697786441040065
5682,0.20150255689022917
5684,0.22932004747470427
5685,0.23869904991793858
5686,0.2749293511848052
5687,0.29674657199349086
5689,0.20903834620452136
5691,0.25439245446003905
5693,0.20482950508836809
5694,0.23150589226889667
5697,0.1617454253466949
5699,0.1996011139843986
5700,0.2920737038362057
5701,0.18281801229849723
5702,0.26131397776361515
5743,0.09926132747140548
5745,0.09926132747140548
5746,0.09926132747140548
5747,0.09926132747140548
5748,0.09926132747140548
5749,0.09926132747140548
5750,0.09926132747140548
5751,0.09926132747140548
5752,0.09926132747140548
5753,0.09926132747140548
5754,0.09926132747140548
5756,0.09926132747140548
5757,0.09926132747140548
5758,0.09926132747140548
5759,0.09926132747140548
5760,0.09926132747140548
5761,0.09926132747140548
5762,0.09926132747140548
5763,0.09926132747140548
5764,0.33345956342719074
5765,0.33345956342719074
5766,0.33345956342719074
5767,0.33345956342719074
5768,0.33345956342719074
5769,0.33345956342719074
5770,0.33345956342719074
5783,0.08037339522927522
5785,0.08037339522927522
5787,0.08037339522927522
5788,0.08037339522927522
5790,0.3083647419700508
5792,0.3083647419700508
5794,0.3083647419700508
5795,0.3083647419700508
5797,0.27857189799246046
5799,0.27857189799246046
5801,0.27857189799246046
5803,0.2887192704936344
5805,0.2887192704936344
5807,0.2887192704936344
5857,0.16441901438871415
5858,0.16441901438871415
5859,0.16441901438871415
5860,0.16441901438871415
5861,0.16441901438871415
5862,0.16441901438871415
5863,0.16441901438871415
5864,0.16441901438871415
5875,0.1173649827617674
5876,0.1173649827617674
5877,0.1173649827617674
5878,0.1173649827617674
5879,0.1173649827617674
5880,0.1173649827617674
5881,0.1173649827617674
5882,0.1173649827617674
5883,0.1173649827617674
5884,0.1173649827617674
5892,0.15906824289057706
5893,0.15906824289057706
5894,0.15906824289057706
5895,0.15906824289057706
5896,0.15906824289057706
5897,0.15906824289057706
5911,0.36365715797651676
5933,0.1215774556954192
5934,0.1215774556954192
5935,0.1215774556954192
5936,0.1215774556954192
5937,0.1215774556954192
5938,0.1215774556954192
5939,0.1215774556954192
5940,0.1215774556954192
5941,0.1215774556954192
5942,0.1215774556954192
5943,0.1215774556954192
5944,0.1215774556954192
5945,0.1215774556954192
5946,0.27199261108752915
5947,0.27199261108752915
5948,0.27199261108752915
5949,0.27199261108752915
5950,0.27199261108752915
5951,0.27199261108752915
5952,0.27199261108752915
5953,0.27199261108752915
5954,0.27199261108752915
5955,0.27199261108752915
5956,0.27199261108752915
5957,0.2940522270709316
5958,0.2940522270709316
5959,0.2940522270709316
5960,0.2940522270709316
5961,0.2940522270709316
5962,0.2940522270709316
5963,0.2940522270709316
5964,0.2940522270709316
5965,0.2940522270709316
5966,0.2940522270709316
5967,0.2940522270709316
5968,0.3712745503243107
5969,0.3712745503243107
5970,0.3712745503243107
5971,0.3712745503243107
5972,0.3712745503243107
5973,0.3712745503243107
5974,0.3712745503243107
5975,0.3712745503243107
5976,0.3712745503243107
5977,0.3712745503243107
5978,0.3712745503243107
6040,0.2774149950854905
6041,0.2774149950854905
6042,0.2774149950854905
6043,0.2774149950854905
6044,0.2774149950854905
6045,0.2774149950854905
6046,0.34941730966783996
6047,0.34941730966783996
6048,0.34941730966783996
6049,0.34941730966783996
6050,0.34941730966783996
6051,0.34941730966783996
6052,0.34941730966783996
6053,0.34941730966783996
6054,0.34941730966783996
6055,0.34941730966783996
6056,0.34941730966783996
6057,0.34941730966783996
6058,0.34941730966783996
6059,0.34941730966783996
6060,0.34941730966783996
6061,0.34941730966783996
6062,0.34941730966783996
6063,0.34941730966783996
6064,0.34941730966783996
6065,0.34941730966783996
6066,0.34941730966783996
6067,0.34941730966783996
6121,0.28223483946137073
6123,0.27959098461182674
6125,0.284382340928269
6127,0.31899473437455483
6206,0.595853047940451
6207,0.591389768401638
6208,0.604233626698327
6209,0.5659999576353996
6210,0.595853047940451
6211,0.591389768401638
6212,0.604233626698327
6213,0.5659999576353996
6214,0.4413496133293726
6215,0.4663091946634141
6216,0.4413496133293726
6217,0.4663091946634141
6218,0.7658811899941248
6219,0.633348465061794
6220,0.5576489612774819
6221,0.6332501247572568
6222,0.7658811899941248
6223,0.633348465061794
6224,0.5576489612774819
6225,0.6332501247572568
6226,0.7658811899941248
6227,0.633348465061794
6228,0.5576489612774819
6229,0.6332501247572568
6230,0.7658811899941248
6231,0.633348465061794
6232,0.5576489612774819
6233,0.6332501247572568
6248,0.3382219208701941
6249,0.3280014747232825
6259,0.3001035398229823
6260,0.2721722578319067
6261,0.3001035398229823
6262,0.2721722578319067
6263,0.3001035398229823
6264,0.2721722578319067
6265,0.3001035398229823
6266,0.2721722578319067
6267,0.3001035398229823
6268,0.2721722578319067
6270,0.4527413501168753
6271,0.425591879697618
6272,0.4216048380680548
6273,0.46434181569506505
6278,0.4534370880840257
6279,0.5388514001500309
6280,0.4534370880840257
6281,0.5388514001500309
6282,0.3304031598517657
6283,0.3684023787918072
6284,0.3304031598517657
6285,0.3684023787918072
6286,0.32673203678949014
6287,0.3609630838964218
6288,0.5479071961610872
6289,0.5552217319048518
6290,0.5532619884851742
6291,0.5549294033970514
6292,0.5534697409650443
6293,0.5454181380925724
6294,0.5479071961610872
6295,0.5552217319048518
6296,0.5532619884851742
6297,0.5549294033970514
6298,0.5534697409650443
6299,0.5454181380925724
6306,0.7463682422406295
6307,0.706436041545146
6308,0.577886779870433
6309,0.604726824987209
6310,0.5724704287394938
6311,0.6504540505875095
6312,0.7463682422406295
6313,0.706436041545146
6314,0.577886779870433
6315,0.604726824987209
6316,0.5724704287394938
6317,0.6504540505875095
6318,0.7463682422406295
6319,0.706436041545146
6320,0.577886779870433
6321,0.604726824987209
6351,0.34393170391279954
6352,0.494758879274234
6353,0.34393170391279954
6354,0.494758879274234
6355,0.34393170391279954
6356,0.34393170391279954
6357,0.34393170391279954
6358,0.34393170391279954
6359,0.34393170391279954
6360,0.34393170391279954
6361,0.34393170391279954
6362,0.34393170391279954
6363,0.34393170391279954
6364,0.34393170391279954
6365,0.34393170391279954
6366,0.34393170391279954
6367,0.34393170391279954
6368,0.494758879274234
6369,0.494758879274234
6370,0.494758879274234
6371,0.494758879274234
6372,0.494758879274234
6373,0.494758879274234
6374,0.494758879274234
6375,0.494758879274234
6376,0.494758879274234
6377,0.494758879274234
6378,0.494758879274234
6379,0.494758879274234
6380,0.49240559466528144
6381,0.49240559466528144
6382,0.49240559466528144
6383,0.49240559466528144
6384,0.49240559466528144
6385,0.49240559466528144
6401,0.3242196570934785
6402,0.3242196570934785
6403,0.3242196570934785
6404,0.3242196570934785
6405,0.3242196570934785
6406,0.3242196570934785
6407,0.33248822673754486
6408,0.33248822673754486
6409,0.33248822673754486
6410,0.33248822673754486
6411,0.33248822673754486
6412,0.33248822673754486
6416,0.4798103504918322
6417,0.4798103504918322
6418,0.4798103504918322
6419,0.4798103504918322
6421,0.5504625124525857
6422,0.5504625124525857
6423,0.5504625124525857
6424,0.5504625124525857
6426,0.4805757820855593
6427,0.4805757820855593
6428,0.4805757820855593
6429,0.4805757820855593
6430,0.4798103504918322
6431,0.5504625124525857
6432,0.4805757820855593
6440,0.2501954113540026
6445,0.14003670821765432
6446,0.3257717859630886
6447,0.40080742424299937
6448,0.7693046571036292
6459,0.4811557415451945
6460,0.4811557415451945
6461,0.4811557415451945
6462,0.4668544554414341
6463,0.4668544554414341
6464,0.4668544554414341
6465,0.3737622072738697
6466,0.3737622072738697
6467,0.3737622072738697
6468,0.3159310739452435
6469,0.3159310739452435
6470,0.3159310739452435
6476,0.6410292640446716
6477,0.5467757499159046
6478,0.6222464701452366
6479,0.7197652292105521
6480,0.5634651597213465
6481,0.34889436523884015
6482,0.5634651597213465
6483,0.34889436523884015
6487,0.2314961563566904
6500,0.5658241028720964
6501,0.4725529042044634
6502,0.5658241028720964
6503,0.4725529042044634
6504,0.35138645245715094
6505,0.4540665294240089
6506,0.3766556394529746
6507,0.37896106856701506
6508,0.4982722413779136
6509,0.4982722413779136
6510,0.35138645245715094
6511,0.4540665294240089
6512,0.3766556394529746
6513,0.37896106856701506
6526,0.46705676746668023
6536,0.6057691225436094
6537,0.6033853833892688
6538,0.6041885788688137
6539,0.604060459980044
6540,0.4200234137922242
6541,0.4997890539083518
6542,0.4472339203805636
6543,0.42272570844626706
6548,0.4573019196883552
6549,0.44943826668996917
6550,0.4573019196883552
6551,0.44943826668996917
6552,0.5717630259930703
6553,0.37237458633448467
6554,0.5012239379599793
6555,0.5717630259930703
6556,0.37237458633448467
6557,0.5012239379599793
6558,0.5717630259930703
6559,0.37237458633448467
6560,0.5012239379599793
6561,0.5717630259930703
6562,0.37237458633448467
6563,0.5012239379599793
6564,0.5011100137516613
6565,0.48246327803829864
6566,0.5091828944822985
6567,0.5011100137516613
6568,0.48246327803829864
6569,0.5091828944822985
6571,0.31011644617169265
6590,0.4774667856407681
6591,0.4774667856407681
6614,0.5711058317759555
6621,0.46992514442854066
6622,0.46992514442854066
6623,0.46992514442854066
6624,0.46992514442854066
6625,0.5741477365254937
6627,0.5741477365254937
6628,0.5741477365254937
6629,0.5741477365254937
6630,0.5492158690901242
6632,0.5492158690901242
6633,0.5492158690901242
6634,0.5492158690901242
6635,0.4171303242623169
6636,0.48762451175538285
6637,0.5729947030750071
6638,0.6146296418214537
6639,0.6601537807681565
6640,0.4171303242623169
6641,0.48762451175538285
6642,0.5729947030750071
6643,0.6146296418214537
6644,0.6601537807681565
6645,0.4171303242623169
6646,0.48762451175538285
6647,0.5729947030750071
6648,0.6146296418214537
6649,0.6601537807681565
6650,0.4171303242623169
6651,0.48762451175538285
6652,0.5729947030750071
6653,0.6146296418214537
6654,0.6601537807681565
6655,0.4171303242623169
6656,0.48762451175538285
6657,0.5729947030750071
6658,0.6146296418214537
6659,0.6601537807681565
6662,0.29629144125450196
6663,0.29629144125450196
6664,0.29629144125450196
6665,0.29629144125450196
6666,0.29629144125450196
6667,0.4200430312723292
6668,0.4200430312723292
6669,0.4200430312723292
6670,0.4200430312723292
6671,0.4200430312723292
6672,0.21152450298888378
6673,0.21152450298888378
6674,0.21152450298888378
6675,0.21152450298888378
6676,0.21152450298888378
6677,0.40538498980664284
6678,0.40538498980664284
6679,0.40538498980664284
6680,0.40538498980664284
6681,0.40538498980664284
6682,0.29629144125450196
6683,0.4200430312723292
6684,0.21152450298888378
6685,0.40538498980664284
6686,0.29629144125450196
6687,0.4200430312723292
6688,0.21152450298888378
6689,0.40538498980664284
6704,0.43514507566202265
6705,0.39812878588181244
6706,0.4540072809649178
6707,0.43514507566202265
6708,0.39812878588181244
6709,0.4540072809649178
6713,0.6957365540761724
6714,0.6957365540761724
6716,0.6957365540761724
6717,0.6951748046772557
6718,0.6951748046772557
6720,0.6951748046772557
6729,0.34080674377130443
6731,0.34080674377130443
6732,0.21985498519921104
6733,0.21985498519921104
6738,0.5822266230882311
6739,0.6925826776617853
6740,0.5436881367793972
6741,0.5822266230882311
6742,0.6925826776617853
6743,0.5436881367793972
6747,0.5729912094034246
6748,0.593353220311422
6749,0.5729912094034246
6750,0.593353220311422
6751,0.4496241579527779
6752,0.4496241579527779
6753,0.4496241579527779
6754,0.4496241579527779
6755,0.4496241579527779
6756,0.4496241579527779
6757,0.4496241579527779
6758,0.41635541236039597
6759,0.41635541236039597
6760,0.41635541236039597
6761,0.41635541236039597
6762,0.41635541236039597
6763,0.41635541236039597
6764,0.41635541236039597
6765,0.30599409071802375
6766,0.30599409071802375
6767,0.30599409071802375
6768,0.30599409071802375
6769,0.30599409071802375
6770,0.30599409071802375
6771,0.30599409071802375
6779,0.5962317009393484
6780,0.6389610861230821
6781,0.5738288570168867
6782,0.5457741185441641
6783,0.5721063231632899
6784,0.5379895818402463
6785,0.5202701531864357
6786,0.4043545755032246
6788,0.4043545755032246
6789,0.4043545755032246
6790,0.4521375635402887
6792,0.4521375635402887
6793,0.4521375635402887
6794,0.4043545755032246
6795,0.4521375635402887
6798,0.6697792394265876
6800,0.6697792394265876
6801,0.6697792394265876
6802,0.6697792394265876
6803,0.6697792394265876
6804,0.6920302936230509
6806,0.6920302936230509
6807,0.6920302936230509
6808,0.6920302936230509
6809,0.6920302936230509
6851,0.1913380618853855
6856,0.1913380618853855
6877,0.4606537603322409
6878,0.4606537603322409
6880,0.4606537603322409
6881,0.4606537603322409
6882,0.4606537603322409
6886,0.418690462325797
6887,0.418690462325797
6888,0.418690462325797
6890,0.418690462325797
6891,0.418690462325797
6893,0.418690462325797
6896,0.34144934605301924
6897,0.34144934605301924
6898,0.34144934605301924
6900,0.34144934605301924
6901,0.34144934605301924
6903,0.34144934605301924
6904,0.34144934605301924
6938,0.6059094602920803
6939,0.6059094602920803
6940,0.6059094602920803
6941,0.6059094602920803
6942,0.7092955599953255
6943,0.7092955599953255
6944,0.7092955599953255
6945,0.7092955599953255
6946,0.7753414101841674
6947,0.7753414101841674
6948,0.7753414101841674
6949,0.7753414101841674
6950,0.6556569561670845
6951,0.6556569561670845
6952,0.6556569561670845
6953,0.6556569561670845
6958,0.34562401467945447
6959,0.3557294312560886
6960,0.5331856830714675
6961,0.522036429585388
6962,0.5628545751313564
6963,0.5331856830714675
6964,0.522036429585388
6965,0.5628545751313564
6990,0.313575490618773
7008,0.43033577016304214
7009,0.43033577016304214
7011,0.453469365323766
7012,0.453469365323766
7013,0.43033577016304214
7014,0.453469365323766
7028,0.3345262790625893
7029,0.3345262790625893
7030,0.3345262790625893
7031,0.3345262790625893
7032,0.3345262790625893
7033,0.3345262790625893
7034,0.3345262790625893
7035,0.3345262790625893
7036,0.3345262790625893
7037,0.3345262790625893
7038,0.5923928771065375
7039,0.5923928771065375
7040,0.5923928771065375
7041,0.5923928771065375
7042,0.5923928771065375
7043,0.5923928771065375
7045,0.5923928771065375
7046,0.5923928771065375
7047,0.5923928771065375
7048,0.5923928771065375
7050,0.37314908383104944
7051,0.37314908383104944
7052,0.37314908383104944
7053,0.37314908383104944
7054,0.37314908383104944
7055,0.37314908383104944
7056,0.37314908383104944
7058,0.37314908383104944
7059,0.37314908383104944
7060,0.37314908383104944
7061,0.6500828078029475
7062,0.6500828078029475
7063,0.6500828078029475
7064,0.6500828078029475
7065,0.6500828078029475
7066,0.6500828078029475
7067,0.6500828078029475
7069,0.6500828078029475
7070,0.6500828078029475
7071,0.6500828078029475
7072,0.6862886302016142
7073,0.6862886302016142
7074,0.6862886302016142
7075,0.6862886302016142
7076,0.6862886302016142
7077,0.6862886302016142
7078,0.6862886302016142
7079,0.6862886302016142
7081,0.6862886302016142
7082,0.6862886302016142
7103,0.6576977054752878
7104,0.5830001068222503
7105,0.43443508124264024
7106,0.47223409762998403
7107,0.6576977054752878
7108,0.5830001068222503
7109,0.43443508124264024
7110,0.47223409762998403
7124,0.16999635504410576
7133,0.38077328221937706
7134,0.3498349326083919
7136,0.30818448012536104
7141,0.39194890004248795
7144,0.4557713388010646
7280,0.2932731126022673
7289,0.3428264434221149
7290,0.3428264434221149
7291,0.3428264434221149
7292,0.3428264434221149
7293,0.3428264434221149
7294,0.3428264434221149
7295,0.3428264434221149
7296,0.3428264434221149
7297,0.3428264434221149
7298,0.3428264434221149
7321,0.48551353081176374
7322,0.48551353081176374
7345,0.33747632005315376
7346,0.33747632005315376
7347,0.33747632005315376
7348,0.33747632005315376
7349,0.33747632005315376
7350,0.33747632005315376
7351,0.33747632005315376
7352,0.33747632005315376
7353,0.33747632005315376
7354,0.33747632005315376
7355,0.33747632005315376
7356,0.33747632005315376
7357,0.33747632005315376
7358,0.33747632005315376
7359,0.3030750146888086
7360,0.3030750146888086
7361,0.3030750146888086
7362,0.3030750146888086
7363,0.3030750146888086
7364,0.3030750146888086
7365,0.3030750146888086
7366,0.3030750146888086
7367,0.3030750146888086
7368,0.3030750146888086
7369,0.3030750146888086
7370,0.3030750146888086
7371,0.3030750146888086
7372,0.3030750146888086
7373,0.28388749611275105
7374,0.28388749611275105
7375,0.28388749611275105
7376,0.28388749611275105
7377,0.28388749611275105
7378,0.28388749611275105
7379,0.28388749611275105
7380,0.28388749611275105
7381,0.28388749611275105
7382,0.28388749611275105
7383,0.28388749611275105
7384,0.28388749611275105
7385,0.28388749611275105
7386,0.28388749611275105
7387,0.26151698671807955
7388,0.26151698671807955
7389,0.26151698671807955
7390,0.26151698671807955
7391,0.26151698671807955
7392,0.26151698671807955
7393,0.26151698671807955
7394,0.26151698671807955
7395,0.26151698671807955
7396,0.26151698671807955
7397,0.26151698671807955
7398,0.26151698671807955
7399,0.26151698671807955
7400,0.26151698671807955
7467,0.35883037953622926
7468,0.35883037953622926
7530,0.18488565965002243
7531,0.18488565965002243
7535,0.14937075695106336
7537,0.17062234547366378
7538,0.17062234547366378
7542,0.15240363543325933
7543,0.15240363543325933
7544,0.15240363543325933
7546,0.12053731596798106
7548,0.11300650082445901
7551,0.16150092351997167
7552,0.16150092351997167
7553,0.16150092351997167
7555,0.11564153607577124
7557,0.1099064802208122
7559,0.17357155255017517
7560,0.17357155255017517
7561,0.17357155255017517
7563,0.1399637697813426
7566,0.15966001097661744
7567,0.15966001097661744
7569,0.30417992786555353
7570,0.3193584772859667
7571,0.2969652136018179
7572,0.30903345531086995
7573,0.3027905545714566
7574,0.316218667027426
7575,0.31603137137040344
7576,0.3155590325726632
7577,0.30417992786555353
7578,0.3193584772859667
7579,0.2969652136018179
7580,0.30903345531086995
7581,0.3027905545714566
7582,0.316218667027426
7583,0.31603137137040344
7584,0.3155590325726632
7629,0.313769185796174
7631,0.3976684727978507
7632,0.3781629578208494
7636,0.3881577837255754
7652,0.2742274711972568
7653,0.44174288383610627
7654,0.44174288383610627
7679,0.4017340161386629
7685,0.3694792951269953
7764,0.21117717324947774
7765,0.325651369585987
7766,0.2563493713402235
7767,0.3493044719060812
7768,0.14058881397015469
7769,0.2943334163978594
7770,0.19616784233749282
7771,0.2995515642126185
7772,0.14184082943292226
7773,0.21705047156548818
7774,0.36230786928235986
7775,0.3405858552957881
7776,0.4798844260859496
7777,0.27807876830469475
7778,0.4082076241609993
7779,0.4024474909500829
7780,0.21117717324947774
7781,0.325651369585987
7782,0.2563493713402235
7783,0.3493044719060812
7784,0.14058881397015469
7785,0.2943334163978594
7786,0.19616784233749282
7787,0.2995515642126185
7788,0.14184082943292226
7789,0.21705047156548818
7790,0.36230786928235986
7791,0.3405858552957881
7792,0.4798844260859496
7793,0.27807876830469475
7794,0.4082076241609993
7795,0.4024474909500829
7813,0.325651369585987
7814,0.2563493713402235
7815,0.3493044719060812
7816,0.14058881397015469
7817,0.2943334163978594
7818,0.19616784233749282
7819,0.2995515642126185
7820,0.14184082943292226
7821,0.21705047156548818
7822,0.36230786928235986
7823,0.3405858552957881
7824,0.4798844260859496
7825,0.27807876830469475
7826,0.4082076241609993
7827,0.4024474909500829
7828,0.21117717324947774
7829,0.325651369585987
7830,0.2563493713402235
7831,0.3493044719060812
7832,0.14058881397015469
7833,0.2943334163978594
7834,0.19616784233749282
7835,0.2995515642126185
7836,0.14184082943292226
7837,0.21705047156548818
7838,0.36230786928235986
7839,0.3405858552957881
7840,0.4798844260859496
7841,0.27807876830469475
7842,0.4082076241609993
7843,0.4024474909500829
7856,0.4252200257747871
7861,0.4707182533716853
7863,0.4707182533716853
7864,0.4707182533716853
7865,0.4707182533716853
7889,0.6938507229283828
7894,0.6938507229283828
7895,0.6938507229283828
7896,0.6938507229283828
7897,0.6938507229283828
7898,0.18159209149915284
7903,0.18159209149915284
7904,0.18159209149915284
7905,0.18159209149915284
7906,0.18159209149915284
7907,0.6938507229283828
7908,0.18159209149915284
7928,0.2684845057343574
7937,0.7242902579372902
7938,0.81325510152513
7939,0.6165303400311277
7940,0.6690195872161158
7941,0.2684845057343574
7942,0.541851749475859
7943,0.2653829465515185
8143,0.27857496664623255
8153,0.15287795943194665
8154,0.22321752024344058
8155,0.15287795943194665
8156,0.22321752024344058
8157,0.15287795943194665
8158,0.22321752024344058
8159,0.15287795943194665
8160,0.22321752024344058
8165,0.2714230348777581
8166,0.37967311775634127
8167,0.4574416576157715
8168,0.40296511037832083
8169,0.2714230348777581
8170,0.37967311775634127
8171,0.4574416576157715
8172,0.40296511037832083
8173,0.5986786911964077
8174,0.5986786911964077
8175,0.5986786911964077
8177,0.5986786911964077
8178,0.5986786911964077
8179,0.36808320627000873
8180,0.36808320627000873
8181,0.36808320627000873
8183,0.36808320627000873
8184,0.36808320627000873
8185,0.6874728672872817
8186,0.6874728672872817
8187,0.6874728672872817
8189,0.6874728672872817
8190,0.6874728672872817
8242,0.10831314305127432
8243,0.10831314305127432
8244,0.10831314305127432
8245,0.10831314305127432
8246,0.10831314305127432
8247,0.10831314305127432
8248,0.10831314305127432
8249,0.10831314305127432
8250,0.10831314305127432
8251,0.10831314305127432
8283,0.42489131095002974
8284,0.42489131095002974
8290,0.5891758944940175
8291,0.5891758944940175
8292,0.5891758944940175
8294,0.5891758944940175
8295,0.3771094181319971
8296,0.3771094181319971
8297,0.3771094181319971
8299,0.3771094181319971
8300,0.4574893198050649
8301,0.4574893198050649
8302,0.4574893198050649
8304,0.4574893198050649
8305,0.3420726222617064
8306,0.3420726222617064
8307,0.3420726222617064
8309,0.3420726222617064
8310,0.3600201554027245
8311,0.3600201554027245
8312,0.3600201554027245
8314,0.3600201554027245
8315,0.39429912343046797
8316,0.39429912343046797
8317,0.39429912343046797
8319,0.39429912343046797
8320,0.21127711437013938
8321,0.21127711437013938
8322,0.21127711437013938
8324,0.21127711437013938
8325,0.3186027543293724
8326,0.3186027543293724
8327,0.3186027543293724
8329,0.3186027543293724
8330,0.10743033056023521
8331,0.10743033056023521
8332,0.10743033056023521
8334,0.10743033056023521
8335,0.2832590279023145
8336,0.2832590279023145
8337,0.2832590279023145
8339,0.2832590279023145
8417,0.18972340464541096
8418,0.21893043489117664
8419,0.19983563344387667
8420,0.26957536803897847
8421,0.18972340464541096
8422,0.21893043489117664
8423,0.19983563344387667
8424,0.26957536803897847
8426,0.700112113225276
8427,0.700112113225276
8428,0.700112113225276
8430,0.700112113225276
8431,0.700112113225276
8432,0.700112113225276
8435,0.49112194462297737
8436,0.49112194462297737
8437,0.49112194462297737
8439,0.49112194462297737
8440,0.49112194462297737
8441,0.49112194462297737
8444,0.3607456286514103
8445,0.3607456286514103
8446,0.3607456286514103
8448,0.3607456286514103
8449,0.3607456286514103
8450,0.3607456286514103
8453,0.491058979499122
8454,0.491058979499122
8455,0.491058979499122
8457,0.491058979499122
8458,0.491058979499122
8459,0.491058979499122
8463,0.16658399619277872
8464,0.16658399619277872
8468,0.12698532351074254
8469,0.12698532351074254
8473,0.3486641116713835
8474,0.3486641116713835
8557,0.366978947677994
8558,0.366978947677994
8559,0.366978947677994
8560,0.366978947677994
8561,0.366978947677994
8562,0.366978947677994
8580,0.52150475628602
8581,0.11317741366804127
8582,0.11317741366804127
8585,0.17761063776951755
8586,0.17761063776951755
8587,0.17761063776951755
8591,0.10511643609782836
8592,0.10511643609782836
8596,0.14819225172871944
8597,0.14819225172871944
8598,0.6864419836962818
8599,0.46362899479454267
8600,0.244254545503519
8601,0.6474431001710962
8603,0.25098322691303965
8605,0.15144156743617818
8607,0.1842898255832813
8618,0.46418923345419033
8619,0.45728665682474645
8620,0.4301419192868435
8621,0.3425996507571602
8622,0.44606123555025207
8623,0.5214788985262524
8630,0.46418923345419033
8631,0.46418923345419033
8632,0.46418923345419033
8633,0.46418923345419033
8634,0.46418923345419033
8635,0.46418923345419033
8636,0.46418923345419033
8637,0.46418923345419033
8638,0.46418923345419033
8639,0.46418923345419033
8640,0.45728665682474645
8641,0.45728665682474645
8642,0.45728665682474645
8643,0.45728665682474645
8644,0.45728665682474645
8645,0.45728665682474645
8646,0.45728665682474645
8647,0.45728665682474645
8648,0.45728665682474645
8649,0.45728665682474645
8650,0.4301419192868435
8651,0.4301419192868435
8652,0.4301419192868435
8653,0.4301419192868435
8654,0.4301419192868435
8655,0.4301419192868435
8656,0.4301419192868435
8657,0.4301419192868435
8658,0.4301419192868435
8659,0.4301419192868435
8660,0.3425996507571602
8661,0.3425996507571602
8662,0.3425996507571602
8663,0.3425996507571602
8664,0.3425996507571602
8665,0.3425996507571602
8666,0.3425996507571602
8667,0.3425996507571602
8668,0.3425996507571602
8669,0.3425996507571602
8670,0.44606123555025207
8671,0.44606123555025207
8672,0.44606123555025207
8673,0.44606123555025207
8674,0.44606123555025207
8675,0.44606123555025207
8676,0.44606123555025207
8677,0.44606123555025207
8678,0.44606123555025207
8679,0.44606123555025207
8680,0.5214788985262524
8681,0.5214788985262524
8682,0.5214788985262524
8683,0.5214788985262524
8684,0.5214788985262524
8685,0.5214788985262524
8686,0.5214788985262524
8687,0.5214788985262524
8688,0.5214788985262524
8689,0.5214788985262524
8690,0.17416927444157448
8691,0.17416927444157448
8692,0.17416927444157448
8716,0.1945893922245793
8717,0.1945893922245793
8718,0.1945893922245793
8719,0.1945893922245793
8720,0.1945893922245793
8721,0.1945893922245793
8722,0.1945893922245793
8723,0.1945893922245793
8724,0.1945893922245793
8725,0.1945893922245793
8726,0.1945893922245793
8727,0.1945893922245793
8728,0.1945893922245793
8729,0.1945893922245793
8730,0.1945893922245793
8731,0.1945893922245793
8732,0.1945893922245793
8733,0.1945893922245793
8734,0.1945893922245793
8735,0.14901689557557807
8736,0.14901689557557807
8737,0.14901689557557807
8738,0.14901689557557807
8739,0.14901689557557807
8740,0.14901689557557807
8741,0.14901689557557807
8742,0.14901689557557807
8743,0.14901689557557807
8744,0.14901689557557807
8745,0.14901689557557807
8746,0.14901689557557807
8747,0.14901689557557807
8748,0.14901689557557807
8749,0.14901689557557807
8750,0.14901689557557807
8751,0.14901689557557807
8752,0.14901689557557807
8829,0.4974016954681381
8830,0.4974016954681381
8831,0.4974016954681381
8832,0.4974016954681381
8833,0.4974016954681381
8834,0.4974016954681381
8835,0.4974016954681381
8836,0.4974016954681381
8837,0.4974016954681381
8838,0.298519808440038
8839,0.298519808440038
8840,0.298519808440038
8841,0.298519808440038
8842,0.298519808440038
8843,0.298519808440038
8844,0.298519808440038
8845,0.298519808440038
8846,0.5134971098891
8847,0.5134971098891
8848,0.5134971098891
8849,0.5134971098891
8850,0.5134971098891
8851,0.5134971098891
8852,0.5134971098891
8853,0.5134971098891
8854,0.5134971098891
8855,0.33367787862866993
8856,0.33367787862866993
8857,0.33367787862866993
8858,0.33367787862866993
8859,0.33367787862866993
8860,0.33367787862866993
8861,0.33367787862866993
8862,0.33367787862866993
8863,0.33367787862866993
8864,0.09043055524764626
8865,0.09043055524764626
8866,0.09043055524764626
8867,0.09043055524764626
8868,0.09043055524764626
8869,0.09043055524764626
8870,0.4028001863696931
8871,0.4028001863696931
8872,0.4028001863696931
8873,0.4028001863696931
8874,0.4028001863696931
8875,0.4028001863696931
8876,0.4028001863696931
8877,0.4028001863696931
8878,0.4028001863696931
8879,0.2308425304245551
8880,0.2308425304245551
8881,0.2308425304245551
8882,0.2308425304245551
8883,0.2308425304245551
8884,0.4696359257820687
8885,0.4696359257820687
8886,0.4696359257820687
8887,0.4696359257820687
8888,0.4696359257820687
8889,0.4696359257820687
8890,0.4696359257820687
8891,0.4696359257820687
8892,0.4696359257820687
8893,0.4866726808693422
8894,0.4866726808693422
8895,0.4866726808693422
8896,0.4866726808693422
8897,0.4866726808693422
8898,0.4866726808693422
8899,0.4866726808693422
8900,0.4866726808693422
8901,0.4866726808693422
8902,0.4866726808693422
8903,0.08246115724359143
8904,0.08246115724359143
8905,0.08246115724359143
8906,0.08246115724359143
8907,0.08246115724359143
8915,0.3087177134544361
8916,0.3087177134544361
8917,0.3087177134544361
8918,0.3087177134544361
8919,0.3087177134544361
8920,0.3087177134544361
8921,0.3087177134544361
8922,0.3087177134544361
8923,0.3087177134544361
8924,0.3087177134544361
8925,0.08037339522927522
8926,0.08037339522927522
8927,0.08037339522927522
8928,0.08037339522927522
8929,0.08037339522927522
8930,0.08037339522927522
8931,0.08037339522927522
8932,0.08037339522927522
8933,0.08037339522927522
8934,0.08037339522927522
8935,0.12137009267739537
8936,0.12137009267739537
8937,0.12137009267739537
8938,0.12137009267739537
8939,0.12137009267739537
8940,0.12137009267739537
8941,0.12137009267739537
8942,0.12137009267739537
8943,0.12137009267739537
8944,0.12137009267739537
8945,0.08835804151348198
8946,0.08835804151348198
8947,0.08835804151348198
8948,0.08835804151348198
8949,0.08835804151348198
8950,0.08835804151348198
8951,0.08835804151348198
8952,0.08835804151348198
8953,0.08835804151348198
8954,0.08835804151348198
8955,0.10430096602309177
8956,0.10430096602309177
8957,0.10430096602309177
8958,0.10430096602309177
8959,0.10430096602309177
8960,0.10430096602309177
8961,0.10430096602309177
8962,0.10430096602309177
8963,0.10430096602309177
8964,0.10430096602309177
8984,0.7513517370309226
8985,0.7513517370309226
8986,0.7513517370309226
8987,0.7513517370309226
8988,0.7513517370309226
8989,0.7041551328878055
8990,0.7041551328878055
8991,0.7041551328878055
8992,0.7041551328878055
8993,0.7041551328878055
9016,0.2563971372612764
9017,0.3152904656750719
9018,0.0077619054802263165
9019,0.058846101132937756
9020,0.19580832690894828
9021,0.24838177467521844
9022,0.3192411405354191
9023,0.19960671921185288
9024,0.3316955640145411
9025,0.2563971372612764
9026,0.3152904656750719
9027,0.0077619054802263165
9028,0.058846101132937756
9029,0.19580832690894828
9030,0.24838177467521844
9031,0.3192411405354191
9032,0.19960671921185288
9033,0.3316955640145411
9034,0.2563971372612764
9035,0.3152904656750719
9036,0.0077619054802263165
9037,0.058846101132937756
9038,0.19580832690894828
9039,0.24838177467521844
9040,0.3192411405354191
9041,0.19960671921185288
9042,0.3316955640145411
9043,0.2563971372612764
9044,0.3152904656750719
9045,0.0077619054802263165
9046,0.058846101132937756
9047,0.19580832690894828
9048,0.24838177467521844
9049,0.3192411405354191
9050,0.19960671921185288
9051,0.3316955640145411
9052,0.31813406163367913
9054,0.31813406163367913
9055,0.31813406163367913
9056,0.3515340151104312
9058,0.3515340151104312
9059,0.3515340151104312
9060,0.34904906370921485
9062,0.34904906370921485
9063,0.34904906370921485
9065,0.35362475405488547
9066,0.35362475405488547
9067,0.24882518764080397
9069,0.24882518764080397
9070,0.24882518764080397
9071,0.2708201958563371
9073,0.2708201958563371
9074,0.2708201958563371
9076,0.27525374858574125
9077,0.27525374858574125
9099,0.23126379478100248
9100,0.21999121622578263
9124,0.2253370761983329
9180,0.5354716728050012
9211,0.30304198165151536
9212,0.30304198165151536
9213,0.30304198165151536
9225,0.10125242601867834
9228,0.10939863173360423
9229,0.10939863173360423
9230,0.10939863173360423
9231,0.10939863173360423
9242,0.10416615305257959
9248,0.10719015116173175
9250,0.36936757958432753
9251,0.38723923624165857
9252,0.36152157366529397
9253,0.34631657033030455
9254,0.3927600010435642
9255,0.4335826206968407
9256,0.4769167789563167
9257,0.42001436460285485
9258,0.41884928152031137
9259,0.39295155824458816
9260,0.36936757958432753
9261,0.38723923624165857
9262,0.36152157366529397
9263,0.34631657033030455
9264,0.3927600010435642
9265,0.4335826206968407
9266,0.4769167789563167
9267,0.42001436460285485
9268,0.41884928152031137
9269,0.39295155824458816
9270,0.32173239088167727
9271,0.32173239088167727
9272,0.32173239088167727
9273,0.32173239088167727
9274,0.32173239088167727
9275,0.32173239088167727
9276,0.32173239088167727
9277,0.32173239088167727
9278,0.32173239088167727
9279,0.32173239088167727
9280,0.32173239088167727
9281,0.32173239088167727
9282,0.3207911891168876
9283,0.3207911891168876
9284,0.3207911891168876
9285,0.3207911891168876
9286,0.3207911891168876
9287,0.3207911891168876
9288,0.3207911891168876
9289,0.3207911891168876
9290,0.3207911891168876
9291,0.3207911891168876
9292,0.3207911891168876
9293,0.3207911891168876
9301,0.16549129597668685
9302,0.21847244735093604
9303,0.3321893709680838
9304,0.21549535093862604
9305,0.15476433662013966
9306,0.2553483033480953
9307,0.16262343339327057
9308,0.15355675094283477
9309,0.22836064391416194
9319,0.36407123998069624
9323,0.2886618262483468
9324,0.2886618262483468
9325,0.2886618262483468
9326,0.2886618262483468
9327,0.2886618262483468
9328,0.3453610249130113
9329,0.3453610249130113
9330,0.3453610249130113
9331,0.3453610249130113
9332,0.3453610249130113
9333,0.3281188794404428
9334,0.3281188794404428
9335,0.3281188794404428
9336,0.3281188794404428
9337,0.24235211461683853
9338,0.24235211461683853
9339,0.24235211461683853
9340,0.24235211461683853
9341,0.24235211461683853
9342,0.30605047966111404
9343,0.30605047966111404
9344,0.30605047966111404
9345,0.30605047966111404
9346,0.30605047966111404
9347,0.24809888141881298
9348,0.24809888141881298
9349,0.24809888141881298
9350,0.24809888141881298
9351,0.24809888141881298
9357,0.4276689186707637
9360,0.4304173671637379
9366,0.3498632327470552
9369,0.35909141223097407
9370,0.14585798258062133
9373,0.14585798258062133
9375,0.14585798258062133
9376,0.14585798258062133
9377,0.14585798258062133
9378,0.14585798258062133
9379,0.2062328106396698
9380,0.2062328106396698
9382,0.2062328106396698
9383,0.2062328106396698
9384,0.2062328106396698
9385,0.2062328106396698
9386,0.2062328106396698
9387,0.2062328106396698
9388,0.25477687462462795
9389,0.25477687462462795
9391,0.25477687462462795
9392,0.25477687462462795
9393,0.25477687462462795
9394,0.25477687462462795
9395,0.25477687462462795
9396,0.25477687462462795
9397,0.23937678130553797
9398,0.23937678130553797
9399,0.23937678130553797
9400,0.23937678130553797
9401,0.23937678130553797
9402,0.23937678130553797
9403,0.23937678130553797
9404,0.23937678130553797
9405,0.23937678130553797
9410,0.3337930574833847
9412,0.3900340222916097
9427,0.16379902509949612
9464,0.20855200176557523
9465,0.1961192358069983
9466,0.23839646538000409
9467,0.21505382828736824
9468,0.1108447796765191
9469,0.20855200176557523
9470,0.1961192358069983
9471,0.23839646538000409
9472,0.21505382828736824
9473,0.1108447796765191
9474,0.20855200176557523
9475,0.1961192358069983
9476,0.23839646538000409
9477,0.21505382828736824
9478,0.1108447796765191
9479,0.20855200176557523
9480,0.1961192358069983
9481,0.23839646538000409
9482,0.21505382828736824
9483,0.1108447796765191
9484,0.20855200176557523
9485,0.1961192358069983
9486,0.23839646538000409
9487,0.21505382828736824
9488,0.1108447796765191
9489,0.20855200176557523
9490,0.1961192358069983
9491,0.23839646538000409
9492,0.21505382828736824
9493,0.1108447796765191
9494,0.20855200176557523
9495,0.1961192358069983
9496,0.23839646538000409
9497,0.21505382828736824
9498,0.1108447796765191
9499,0.3436636481777311
9500,0.3436636481777311
9501,0.3436636481777311
9502,0.3436636481777311
9503,0.3436636481777311
9504,0.3436636481777311
9505,0.3436636481777311
9506,0.3436636481777311
9507,0.3436636481777311
9508,0.3436636481777311
9509,0.3436636481777311
9510,0.3436636481777311
9511,0.3436636481777311
9512,0.3436636481777311
9530,0.04759722167834429
9531,0.04759722167834429
9532,0.04759722167834429
9533,0.04759722167834429
9534,0.04759722167834429
9535,0.04759722167834429
9536,0.04759722167834429
9537,0.04759722167834429
9561,0.1711973941092871
9562,0.1711973941092871
9563,0.1711973941092871
9564,0.1711973941092871
9565,0.1711973941092871
9566,0.1711973941092871
9691,0.6045535500159047
9697,0.3122972237079135
9698,0.3122972237079135
9699,0.3122972237079135
9700,0.3122972237079135
9701,0.3122972237079135
9702,0.3122972237079135
9703,0.3122972237079135
9704,0.3122972237079135
9705,0.3122972237079135
9724,0.1831923956067955
9728,0.17764930660858996
9731,0.1831923956067955
9736,0.1814667803821345
9737,0.1814667803821345
9738,0.1814667803821345
9739,0.1814667803821345
9740,0.2712588136719886
9741,0.2712588136719886
9742,0.2712588136719886
9743,0.2712588136719886
9775,0.23778000107600866
9785,0.23778000107600866
9789,0.5018056772295938
9790,0.5018056772295938
9791,0.5018056772295938
9792,0.5018056772295938
9793,0.5018056772295938
9794,0.5018056772295938
9795,0.3412412503530924
9796,0.3185776906182561
9797,0.3119799950327227
9854,0.2287338016761491
9855,0.2287338016761491
9856,0.2287338016761491
9857,0.2287338016761491
9858,0.2287338016761491
9859,0.2287338016761491
9860,0.2287338016761491
9861,0.2287338016761491
9862,0.2287338016761491
9863,0.44778835405331074
9864,0.44778835405331074
9865,0.44778835405331074
9866,0.44778835405331074
9867,0.44778835405331074
9868,0.44778835405331074
9869,0.44778835405331074
9870,0.44778835405331074
9871,0.44778835405331074
9872,0.44778835405331074
9873,0.44778835405331074
9874,0.44778835405331074
9875,0.44778835405331074
9876,0.44778835405331074
9877,0.44778835405331074
9878,0.1293588066708168
9879,0.1293588066708168
9880,0.1293588066708168
9881,0.1293588066708168
9882,0.1293588066708168
9883,0.1293588066708168
9884,0.1293588066708168
9885,0.1293588066708168
9886,0.1293588066708168
9887,0.1293588066708168
9888,0.1293588066708168
9889,0.1293588066708168
9896,0.2551062524088661
9905,0.508673749968598
9912,0.5084807881911032
9919,0.23942018822227817
9920,0.31854027647017813
9921,0.31819728396826263
9923,0.31132046330127827
9925,0.41572103112333353
9927,0.27572978016470906
9974,0.42002111175744355
9975,0.42002111175744355
9977,0.3328748761974173
9978,0.3328748761974173
9981,0.373596707792561
9982,0.373596707792561
9985,0.33016314984416956
9986,0.33016314984416956
9996,0.2185695612263862
9997,0.21733688389638572
9998,0.27119579309284103
10008,0.44850561956709145
10009,0.44850561956709145
10011,0.4042823877473198
10023,0.28349482608204796
10024,0.28349482608204796
10028,0.14448344609934638
10029,0.14448344609934638
10030,0.14448344609934638
10031,0.14448344609934638
10032,0.14448344609934638
10033,0.14448344609934638
10034,0.14448344609934638
10035,0.14448344609934638
10036,0.14448344609934638
10067,0.30898520421152403
10068,0.30898520421152403
10069,0.30898520421152403
10070,0.30898520421152403
10071,0.30898520421152403
10072,0.30898520421152403
10073,0.30898520421152403
10074,0.33240190216866294
10075,0.33240190216866294
10076,0.33240190216866294
10077,0.33240190216866294
10078,0.33240190216866294
10079,0.33240190216866294
10080,0.33240190216866294
10081,0.2977154633357937
10082,0.2977154633357937
10083,0.2977154633357937
10084,0.2977154633357937
10085,0.2977154633357937
10086,0.2977154633357937
10087,0.2977154633357937
10088,0.27041674042950703
10089,0.27041674042950703
10090,0.27041674042950703
10091,0.27041674042950703
10092,0.27041674042950703
10093,0.30593176629818203
10094,0.30593176629818203
10095,0.30593176629818203
10096,0.30593176629818203
10097,0.30593176629818203
10098,0.2666379528176325
10099,0.2666379528176325
10100,0.2666379528176325
10101,0.2666379528176325
10102,0.2666379528176325
10103,0.5722022012751068
10104,0.27196782255419194
10129,0.2309531231653523
10130,0.2309531231653523
10138,0.2690688789811108
10139,0.2690688789811108
10162,0.2658924509606154
10163,0.3768836489966008
10164,0.37264970010414955
10277,0.04150370565180833
10278,0.04150370565180833
10279,0.04150370565180833
10280,0.04150370565180833
10281,0.04150370565180833
10282,0.04150370565180833
10283,0.04150370565180833
10284,0.04150370565180833
10285,0.17128953243308812
10286,0.17128953243308812
10287,0.17128953243308812
10288,0.17128953243308812
10289,0.17128953243308812
10290,0.17128953243308812
10291,0.17128953243308812
10292,0.17128953243308812
10293,0.17036223405298576
10294,0.17036223405298576
10295,0.17036223405298576
10296,0.17036223405298576
10297,0.17036223405298576
10298,0.17036223405298576
10299,0.17036223405298576
10300,0.17036223405298576
10329,0.13037369953247616
10330,0.13037369953247616
10331,0.13037369953247616
10332,0.13037369953247616
10333,0.13037369953247616
10334,0.13037369953247616
10379,0.29754460411762074
10380,0.26894440811550346
10381,0.2492389496488306
10382,0.2738936292818462
10383,0.3121990747902428
10384,0.30434870559469135
10385,0.10112419028011835
10386,0.10112419028011835
10387,0.10112419028011835
10388,0.10112419028011835
10389,0.10112419028011835
10390,0.10112419028011835
10391,0.10112419028011835
10392,0.10112419028011835
10393,0.10112419028011835
10394,0.09842196020360977
10395,0.09842196020360977
10396,0.09842196020360977
10397,0.09842196020360977
10398,0.09842196020360977
10399,0.09842196020360977
10400,0.09842196020360977
10401,0.09842196020360977
10402,0.09842196020360977
10403,0.11865831866802662
10404,0.11865831866802662
10405,0.11865831866802662
10406,0.11865831866802662
10407,0.11865831866802662
10408,0.11865831866802662
10409,0.11865831866802662
10410,0.18397760444837297
10411,0.18397760444837297
10412,0.18397760444837297
10413,0.18397760444837297
10414,0.18397760444837297
10415,0.18397760444837297
10416,0.18397760444837297
10417,0.18397760444837297
10418,0.18397760444837297
10419,0.0928942948829034
10420,0.0928942948829034
10421,0.0928942948829034
10422,0.0928942948829034
10423,0.0928942948829034
10424,0.0928942948829034
10425,0.0928942948829034
10426,0.0928942948829034
10427,0.0928942948829034
10428,0.09770011695927516
10429,0.09770011695927516
10430,0.09770011695927516
10431,0.09770011695927516
10432,0.09770011695927516
10433,0.09770011695927516
10434,0.09770011695927516
10435,0.09770011695927516
10436,0.09770011695927516
10452,0.24750432985924367
10453,0.24750432985924367
10454,0.24750432985924367
10455,0.24750432985924367
10456,0.24750432985924367
10457,0.24750432985924367
10458,0.24750432985924367
10459,0.24750432985924367
10460,0.24750432985924367
10468,0.3555972302166233
10479,0.3082435577748196
10480,0.3082435577748196
10481,0.3082435577748196
10482,0.3082435577748196
10483,0.3082435577748196
10484,0.3082435577748196
10485,0.3082435577748196
10486,0.3082435577748196
10487,0.3082435577748196
10488,0.3082435577748196
10489,0.3059218676064457
10490,0.3059218676064457
10491,0.3059218676064457
10492,0.3059218676064457
10493,0.3059218676064457
10494,0.3059218676064457
10495,0.3059218676064457
10496,0.3059218676064457
10497,0.3059218676064457
10498,0.3059218676064457
10512,0.27802515467660227
10513,0.3299029469224924
10514,0.3532691101570083
10574,0.2925364979640918
10575,0.2925364979640918
10576,0.2925364979640918
10577,0.2925364979640918
10578,0.2925364979640918
10589,0.35380135408617347
10590,0.35380135408617347
10591,0.35380135408617347
10592,0.35380135408617347
10593,0.35380135408617347
10604,0.26097321454490124
10605,0.26097321454490124
10606,0.26097321454490124
10607,0.26097321454490124
10608,0.26097321454490124
10609,0.281399649698205
10610,0.281399649698205
10611,0.281399649698205
10612,0.281399649698205
10613,0.281399649698205
10624,0.32568317060444046
10625,0.32568317060444046
10626,0.32568317060444046
10627,0.32568317060444046
10628,0.32568317060444046
10629,0.3238280507229527
10630,0.3238280507229527
10631,0.3238280507229527
10632,0.3238280507229527
10633,0.3238280507229527
10682,0.38028937104404553
10683,0.38089181358205637
10684,0.37268772830134705
10685,0.36665657145805225
10686,0.38224653903142913
10687,0.3824599966312371
10688,0.374472235808624
10689,0.3634924391561685
10690,0.09070908356537544
10691,0.09070908356537544
10692,0.09070908356537544
10693,0.09070908356537544
10694,0.09070908356537544
10695,0.09070908356537544
10696,0.09070908356537544
10697,0.09070908356537544
10698,0.09070908356537544
10699,0.09070908356537544
10700,0.09070908356537544
10701,0.09070908356537544
10702,0.09070908356537544
10703,0.09070908356537544
10704,0.09070908356537544
10705,0.09070908356537544
10706,0.09070908356537544
10707,0.09070908356537544
10708,0.09070908356537544
10709,0.09070908356537544
10710,0.09070908356537544
10711,0.09070908356537544
10712,0.09070908356537544
10713,0.09070908356537544
10714,0.09070908356537544
10715,0.09070908356537544
10716,0.09070908356537544
10717,0.09070908356537544
10718,0.08967260130931043
10719,0.08967260130931043
10720,0.08967260130931043
10721,0.08967260130931043
10722,0.08967260130931043
10723,0.08967260130931043
10724,0.08967260130931043
10725,0.08967260130931043
10726,0.08967260130931043
10727,0.08967260130931043
10728,0.08967260130931043
10729,0.08967260130931043
10730,0.08967260130931043
10731,0.08967260130931043
10732,0.08967260130931043
10733,0.08967260130931043
10734,0.08967260130931043
10735,0.08967260130931043
10736,0.08967260130931043
10737,0.08967260130931043
10738,0.08967260130931043
10739,0.08967260130931043
10740,0.08967260130931043
10741,0.08967260130931043
10742,0.08967260130931043
10743,0.08967260130931043
10744,0.08967260130931043
10745,0.08967260130931043
10746,0.08053707123957388
10747,0.08053707123957388
10748,0.08053707123957388
10749,0.08053707123957388
10750,0.08053707123957388
10751,0.08053707123957388
10752,0.08053707123957388
10753,0.08053707123957388
10754,0.08053707123957388
10755,0.08053707123957388
10756,0.08053707123957388
10757,0.08053707123957388
10758,0.08053707123957388
10759,0.08053707123957388
10760,0.08053707123957388
10761,0.08053707123957388
10762,0.08053707123957388
10763,0.08053707123957388
10764,0.08053707123957388
10765,0.08053707123957388
10766,0.08053707123957388
10767,0.08053707123957388
10768,0.08053707123957388
10769,0.08053707123957388
10770,0.08053707123957388
10771,0.08053707123957388
10772,0.08053707123957388
10773,0.08053707123957388
10828,0.350617303073539
10829,0.350617303073539
10830,0.350617303073539
10831,0.350617303073539
10832,0.350617303073539
10833,0.350617303073539
10834,0.350617303073539
10835,0.350617303073539
10836,0.3740668698584416
10837,0.3740668698584416
10838,0.3740668698584416
10839,0.3740668698584416
10840,0.3740668698584416
10841,0.3740668698584416
10842,0.3740668698584416
10843,0.3740668698584416
10878,0.37501030077083125
10879,0.37501030077083125
10882,0.13393910060366082
10883,0.13393910060366082
10884,0.13393910060366082
10885,0.13393910060366082
10886,0.13393910060366082
10887,0.13393910060366082
10888,0.13393910060366082
10889,0.13393910060366082
10890,0.13393910060366082
10891,0.13393910060366082
10892,0.13393910060366082
10893,0.13393910060366082
10894,0.13393910060366082
10895,0.13393910060366082
10896,0.13393910060366082
10897,0.13393910060366082
10898,0.13393910060366082
10899,0.12893158670277027
10900,0.12893158670277027
10901,0.12893158670277027
10902,0.12893158670277027
10903,0.12893158670277027
10904,0.12893158670277027
10905,0.12893158670277027
10906,0.12893158670277027
10907,0.12893158670277027
10908,0.12893158670277027
10909,0.12893158670277027
10910,0.12893158670277027
10911,0.12893158670277027
10912,0.12893158670277027
10913,0.12893158670277027
10914,0.12893158670277027
10915,0.12893158670277027
10916,0.15407379110224947
10917,0.15407379110224947
10918,0.15407379110224947
10919,0.15407379110224947
10920,0.15407379110224947
10921,0.15407379110224947
10922,0.15407379110224947
10923,0.15407379110224947
10924,0.15407379110224947
10925,0.15407379110224947
10926,0.15407379110224947
10927,0.15407379110224947
10928,0.15407379110224947
10929,0.15407379110224947
10930,0.15407379110224947
10931,0.15407379110224947
10932,0.15407379110224947
10933,0.145163067244179
10934,0.145163067244179
10935,0.145163067244179
10936,0.145163067244179
10937,0.145163067244179
10938,0.145163067244179
10939,0.145163067244179
10940,0.145163067244179
10941,0.145163067244179
10942,0.145163067244179
10943,0.145163067244179
10944,0.145163067244179
10945,0.145163067244179
10946,0.145163067244179
10947,0.145163067244179
10948,0.145163067244179
10949,0.145163067244179
10950,0.24543442919735914
10951,0.24543442919735914
10952,0.24543442919735914
10953,0.24543442919735914
10954,0.24543442919735914
10955,0.24543442919735914
10956,0.24543442919735914
10957,0.24543442919735914
10958,0.24543442919735914
10959,0.24543442919735914
10960,0.24543442919735914
10961,0.24543442919735914
10962,0.24543442919735914
10963,0.24543442919735914
10964,0.24543442919735914
10965,0.24543442919735914
10966,0.24543442919735914
10967,0.0623194977251329
10968,0.0623194977251329
10969,0.0623194977251329
10970,0.0623194977251329
10971,0.0623194977251329
10972,0.0623194977251329
10973,0.0623194977251329
10974,0.0623194977251329
10975,0.0623194977251329
10976,0.0623194977251329
10977,0.0623194977251329
10978,0.0623194977251329
10979,0.0623194977251329
10980,0.0623194977251329
10981,0.0623194977251329
10982,0.0623194977251329
10983,0.0623194977251329
10985,0.07990542229044695
10987,0.07990542229044695
10988,0.07990542229044695
10991,0.0860422693420479
10993,0.0860422693420479
10994,0.0860422693420479
11013,0.3109214613775152
11029,0.2673089200027958
11031,0.2673089200027958
11068,0.3157830499755158
11069,0.31436624917034206
11070,0.31075033650708084
11071,0.309496140137766
11072,0.31145695268866486
11073,0.31081215094526266
11074,0.30718811975872673
11075,0.3070420691905335
11076,0.31241184741519357
11077,0.31259955509395565
11078,0.30852144324138664
11079,0.30914521708630455
11120,0.5131272231014454
11133,0.18543727267976692
11165,0.5087483764634518
11166,0.5087483764634518
11167,0.5087483764634518
11168,0.5087483764634518
11169,0.5087483764634518
11170,0.5087483764634518
11171,0.5087483764634518
11177,0.4510807242782128
11178,0.4510807242782128
11180,0.4510807242782128
11181,0.4510807242782128
11182,0.4510807242782128
11183,0.4510807242782128
11186,0.43914637068452184
11187,0.43914637068452184
11189,0.43914637068452184
11190,0.43914637068452184
11191,0.43914637068452184
11192,0.43914637068452184
11195,0.21568327615969182
11196,0.21568327615969182
11198,0.21568327615969182
11199,0.21568327615969182
11200,0.21568327615969182
11201,0.21568327615969182
11204,0.20249565677955447
11205,0.20249565677955447
11207,0.20249565677955447
11208,0.20249565677955447
11209,0.20249565677955447
11210,0.20249565677955447
11212,0.2515226835401225
11213,0.2515226835401225
11214,0.2515226835401225
11215,0.2515226835401225
11216,0.2515226835401225
11217,0.2515226835401225
11218,0.23753968526940616
11224,0.20772959081833017
11230,0.6662077639616659
11236,0.12566881706114388
11237,0.12566881706114388
11238,0.12566881706114388
11239,0.12566881706114388
11240,0.12566881706114388
11241,0.12566881706114388
11242,0.12566881706114388
11243,0.12566881706114388
11244,0.12566881706114388
11245,0.12566881706114388
11246,0.12566881706114388
11247,0.12566881706114388
11248,0.20200098168014913
11249,0.20200098168014913
11250,0.20200098168014913
11251,0.20200098168014913
11252,0.20200098168014913
11253,0.20200098168014913
11254,0.20200098168014913
11255,0.20200098168014913
11256,0.20200098168014913
11257,0.20200098168014913
11258,0.20200098168014913
11259,0.20200098168014913
11260,0.12617624116885975
11261,0.12617624116885975
11262,0.12617624116885975
11263,0.12617624116885975
11264,0.12617624116885975
11265,0.12617624116885975
11266,0.12617624116885975
11267,0.12617624116885975
11268,0.12617624116885975
11269,0.12617624116885975
11270,0.12617624116885975
11271,0.12617624116885975
11272,0.1377468449703066
11273,0.1377468449703066
11274,0.1377468449703066
11275,0.1377468449703066
11276,0.1377468449703066
11277,0.1377468449703066
11278,0.1377468449703066
11279,0.1377468449703066
11280,0.1377468449703066
11281,0.1377468449703066
11282,0.1377468449703066
11283,0.1377468449703066
11284,0.09593082909615391
11285,0.09593082909615391
11286,0.09593082909615391
11287,0.09593082909615391
11288,0.09593082909615391
11289,0.09593082909615391
11290,0.09593082909615391
11291,0.09593082909615391
11292,0.09593082909615391
11293,0.09593082909615391
11294,0.10705847486079562
11295,0.10705847486079562
11296,0.10705847486079562
11297,0.10705847486079562
11298,0.10705847486079562
11299,0.10705847486079562
11300,0.10705847486079562
11301,0.10705847486079562
11302,0.10705847486079562
11303,0.10705847486079562
11304,0.10705847486079562
11305,0.10705847486079562
11306,0.1286595010367076
11307,0.1286595010367076
11308,0.1286595010367076
11309,0.1286595010367076
11310,0.1286595010367076
11311,0.1286595010367076
11312,0.1286595010367076
11313,0.1286595010367076
11314,0.1286595010367076
11315,0.1286595010367076
11316,0.1286595010367076
11317,0.1286595010367076
11318,0.16359060228462716
11319,0.16359060228462716
11320,0.16359060228462716
11321,0.16359060228462716
11322,0.16359060228462716
11323,0.16359060228462716
11324,0.16359060228462716
11325,0.16359060228462716
11326,0.16359060228462716
11327,0.16359060228462716
11328,0.16359060228462716
11329,0.16359060228462716
11330,0.08121207840333122
11331,0.08121207840333122
11332,0.08121207840333122
11333,0.08121207840333122
11334,0.08121207840333122
11335,0.08121207840333122
11336,0.08121207840333122
11337,0.08121207840333122
11338,0.08121207840333122
11339,0.08121207840333122
11340,0.08121207840333122
11341,0.291601429156154
11342,0.291601429156154
11343,0.291601429156154
11344,0.291601429156154
11345,0.291601429156154
11346,0.291601429156154
11347,0.291601429156154
11348,0.291601429156154
11349,0.291601429156154
11350,0.18952554380081182
11351,0.18952554380081182
11352,0.18952554380081182
11353,0.18952554380081182
11354,0.18952554380081182
11355,0.17195076909639137
11356,0.17195076909639137
11357,0.17195076909639137
11358,0.17195076909639137
11359,0.17195076909639137
11399,0.2908258898849526
11400,0.2908258898849526
11401,0.2908258898849526
11402,0.2908258898849526
11403,0.2908258898849526
11404,0.2908258898849526
11405,0.2908258898849526
11420,0.27918670951805635
11421,0.27918670951805635
11422,0.27918670951805635
11423,0.27918670951805635
11424,0.27918670951805635
11425,0.27918670951805635
11426,0.27918670951805635
11427,0.27918670951805635
11444,0.544082388076202
11448,0.40406905360468487
11451,0.5800855056529386
11456,0.5016453128710133
11457,0.5185944257293051
11458,0.491103935042836
11459,0.48805272354169565
11460,0.4510092717276114
11461,0.5157153788198905
11462,0.5305844210303804
11463,0.49622231632446445
11464,0.514624265670925
11465,0.49860965506181815
11466,0.5343094043070031
11467,0.524349488541462
11468,0.5482657667748964
11469,0.5036613155468759
11470,0.5106897921643592
11471,0.4976544844561053
11472,0.5495429125042192
11473,0.5284749089883617
11474,0.5128086154159905
11475,0.45736452809793937
11476,0.44590804641921095
11477,0.4982741019147541
11478,0.5215987290654757
11479,0.5029042446596099
11480,0.5061870026431078
11481,0.5254833838270635
11482,0.5088832235091487
11483,0.48319374260486836
11484,0.49556331051967273
11485,0.4834049964095397
11486,0.5285694964248911
11487,0.5410871786961922
11488,0.5217432012174039
11489,0.5343455134864042
11490,0.5412478942793273
11491,0.523418862958382
11492,0.3383942566098311
11493,0.3383942566098311
11494,0.3383942566098311
11495,0.3383942566098311
11496,0.3383942566098311
11497,0.3383942566098311
11498,0.3383942566098311
11499,0.3383942566098311
11500,0.3383942566098311
11501,0.3383942566098311
11502,0.3383942566098311
11503,0.3133531906439218
11504,0.3133531906439218
11505,0.3133531906439218
11506,0.3133531906439218
11507,0.3133531906439218
11508,0.3133531906439218
11509,0.3133531906439218
11510,0.3133531906439218
11511,0.3496286750399534
11512,0.3496286750399534
11513,0.3496286750399534
11514,0.3496286750399534
11515,0.3496286750399534
11516,0.3496286750399534
11517,0.3496286750399534
11518,0.3496286750399534
11519,0.20283054381535048
11520,0.20283054381535048
11521,0.20283054381535048
11522,0.20283054381535048
11523,0.20283054381535048
11524,0.20283054381535048
11525,0.20283054381535048
11526,0.20283054381535048
11545,0.3411155117501326
11548,0.3411155117501326
11568,0.4146257884108261
11570,0.40188466543538187
11574,0.22081680908568188
11577,0.15157507216134142
11580,0.22060026479867767
11581,0.4673480183020641
11582,0.5135807055657755
11583,0.3624744232347568
11584,0.1631311775538338
11585,0.1631311775538338
11586,0.1631311775538338
11587,0.1631311775538338
11588,0.1631311775538338
11589,0.1631311775538338
11590,0.1631311775538338
11591,0.1631311775538338
11592,0.1631311775538338
11593,0.1631311775538338
11595,0.10416850704513375
11596,0.10416850704513375
11598,0.10416850704513375
11599,0.10416850704513375
11600,0.10416850704513375
11601,0.10416850704513375
11603,0.10416850704513375
11661,0.3967884461077284
11662,0.3967884461077284
11663,0.3967884461077284
11664,0.3967884461077284
11665,0.3967884461077284
11666,0.3967884461077284
11667,0.3967884461077284
11668,0.3967884461077284
11669,0.3967884461077284
11670,0.3967884461077284
11671,0.3967884461077284
11672,0.3967884461077284
11673,0.3967884461077284
11674,0.3967884461077284
11675,0.3967884461077284
11676,0.3967884461077284
11677,0.3967884461077284
11678,0.3967884461077284
11705,0.3783826704586166
11706,0.2656464081125003
11713,0.3916712927739432
11714,0.3916712927739432
11715,0.3916712927739432
11716,0.3916712927739432
11717,0.3916712927739432
11718,0.3916712927739432
11719,0.3916712927739432
11720,0.3916712927739432
11721,0.31161994979417534
11722,0.31161994979417534
11723,0.31161994979417534
11724,0.3111529260499124
11725,0.3111529260499124
11726,0.3111529260499124
11727,0.3193070472582028
11728,0.3193070472582028
11729,0.3193070472582028
11730,0.3190872075018168
11731,0.3190872075018168
11732,0.3190872075018168
11733,0.3206838268192421
11734,0.3206838268192421
11735,0.3206838268192421
11736,0.32052196736245814
11737,0.32052196736245814
11738,0.32052196736245814
11739,0.21692490034408932
11740,0.21692490034408932
11759,0.5179806217411085
11821,0.028073531941942398
11834,0.48367574847420325
11835,0.45170048882952046
11871,0.11259230144488652
11872,0.11259230144488652
11873,0.11259230144488652
11876,0.1828460640516627
11877,0.1828460640516627
11878,0.1828460640516627
11881,0.12414376517211523
11882,0.12414376517211523
11883,0.12414376517211523
11901,0.17274393740340993
11902,0.3162155648262925
11903,0.3197264219281231
11904,0.3177899846583159
11905,0.312766233770943
11906,0.3087100998492252
11907,0.11226740198880134
11933,0.08143220938698215
11935,0.08143220938698215
11936,0.08143220938698215
11937,0.08143220938698215
11939,0.08143220938698215
11949,0.03749816835254899
11951,0.03749816835254899
11952,0.03749816835254899
11953,0.03749816835254899
11955,0.03749816835254899
11989,0.4240897809201064
11998,0.4240897809201064
11999,0.4240897809201064
12000,0.4240897809201064
12001,0.4240897809201064
12002,0.4240897809201064
12003,0.18374734840868392
12004,0.21261473575167036
12021,0.38867191672825147
12022,0.38867191672825147
12025,0.551810020274606
12026,0.551810020274606
12027,0.551810020274606
12028,0.551810020274606
12029,0.551810020274606
12030,0.551810020274606
12031,0.551810020274606
12032,0.551810020274606
12033,0.551810020274606
12034,0.551810020274606
12035,0.551810020274606
12036,0.551810020274606
12037,0.551810020274606
12038,0.551810020274606
12039,0.551810020274606
12040,0.551810020274606
12041,0.551810020274606
12042,0.551810020274606
12043,0.551810020274606
12044,0.551810020274606
12045,0.6452443121288578
12046,0.6452443121288578
12047,0.6452443121288578
12048,0.6452443121288578
12049,0.6452443121288578
12050,0.6452443121288578
12051,0.6452443121288578
12052,0.6452443121288578
12053,0.6452443121288578
12054,0.6452443121288578
12055,0.6452443121288578
12056,0.6452443121288578
12057,0.6452443121288578
12058,0.6452443121288578
12059,0.6452443121288578
12060,0.6452443121288578
12061,0.6452443121288578
12062,0.6452443121288578
12063,0.6452443121288578
12064,0.6452443121288578
12065,0.6054099310669542
12066,0.6054099310669542
12067,0.6054099310669542
12068,0.6054099310669542
12069,0.6054099310669542
12070,0.6054099310669542
12071,0.6054099310669542
12072,0.6054099310669542
12073,0.6054099310669542
12074,0.6054099310669542
12075,0.6054099310669542
12076,0.6054099310669542
12077,0.6054099310669542
12078,0.6054099310669542
12079,0.6054099310669542
12080,0.6054099310669542
12081,0.6054099310669542
12082,0.6054099310669542
12083,0.6054099310669542
12084,0.6054099310669542
12116,0.38685936647003627
12117,0.38685936647003627
12118,0.38685936647003627
12119,0.38685936647003627
12124,0.46879848322217216
12125,0.46879848322217216
12126,0.46879848322217216
12131,0.22473222805754617
12132,0.22473222805754617
12133,0.22473222805754617
12138,0.3486498182679321
12139,0.3486498182679321
12140,0.3486498182679321
12141,0.3486498182679321
12142,0.3486498182679321
12143,0.3486498182679321
12144,0.3486498182679321
12145,0.3486498182679321
12146,0.3486498182679321
12147,0.3486498182679321
12148,0.3486498182679321
12149,0.3486498182679321
12150,0.3486498182679321
12151,0.3486498182679321
12152,0.3486498182679321
12153,0.3486498182679321
12154,0.3486498182679321
12162,0.47457716330194
12170,0.13870774261757196
12171,0.13870774261757196
12186,0.0286687128676269
12187,0.0286687128676269
12202,0.055030649274987076
12203,0.055030649274987076
12245,0.2084809946498088
12246,0.2084809946498088
12247,0.2084809946498088
12248,0.2084809946498088
12249,0.20690963157864709
12250,0.32113752638871695
12251,0.32113752638871695
12252,0.32113752638871695
12253,0.32113752638871695
12254,0.32113752638871695
12255,0.32113752638871695
12256,0.32113752638871695
12257,0.32113752638871695
12258,0.32113752638871695
12259,0.32113752638871695
12260,0.32113752638871695
12261,0.32113752638871695
12262,0.32113752638871695
12263,0.32113752638871695
12264,0.32113752638871695
12265,0.32113752638871695
12370,0.4555701280871606
12371,0.6266313885499084
12372,0.4729672752598001
12373,0.8146155910355359
12374,0.6192336623454282
12375,0.5287375329735615
12376,0.836177929385334
12377,0.32765896555039586
12378,0.32267764053004067
12379,0.3268747034254613
12380,0.3425063517011146
12381,0.34671195363886353
12382,0.34832647591246946
12383,0.34853586839657147
12384,0.34839825081780457
12385,0.3484683863306531
12386,0.3435018766255737
12387,0.34318492857119576
12388,0.34680055942794275
12389,0.34949646545140756
12390,0.345692857547597
12391,0.3451647208172107
12392,0.3462703281791654
12393,0.3455503543171854
12397,0.4017340161386629
12399,0.3694792951269953
12402,0.3842560472774025
12406,0.5621086104581953
12410,0.5815872041235985
12411,0.34780452318742805
12461,0.496201653781454
12462,0.496201653781454
12463,0.496201653781454
12465,0.496201653781454
12467,0.496201653781454
12470,0.45016043528723
12471,0.45016043528723
12474,0.45016043528723
12480,0.5140733622263594
12481,0.5140733622263594
12482,0.5140733622263594
12494,0.3769053001444525
12495,0.4168084037775847
12496,0.679588507070175
12497,0.4703894739810845
12498,0.5181962903305383
12499,0.6357979101098792
12500,0.5332910914548682
12501,0.6177863765705662
12502,0.3122806269946817
12503,0.3122806269946817
12504,0.3122806269946817
12505,0.3122806269946817
12506,0.3122806269946817
12507,0.3122806269946817
12508,0.3122806269946817
12509,0.3122806269946817
12510,0.3122806269946817
12522,0.4731206333989997
12523,0.46470191416843903
12524,0.5124404691429293
12525,0.5863455532922033
12526,0.5563401180507803
12527,0.6515621764776771
12565,0.3892886684282407
12566,0.5573577430596983
12567,0.5610744369625038
12568,0.5731018062623482
12569,0.2700034471603081
12570,0.26625824164738254
12571,0.33254300964259115
12572,0.444563109069727
12573,0.5468252410311722
12574,0.3740873080768314
12575,0.4349421092928826
12576,0.3811148311736758
12577,0.31041211720286604
12578,0.3114633342847964
12579,0.2995456152286094
12580,0.3260354049074563
12581,0.15924443055770068
12588,0.33484950676064346
12595,0.08392015927709495
12602,0.11100044696723685
12609,0.23695772156657166
12727,0.11442662123761863
12728,0.11442662123761863
12746,0.30176147853025154
12747,0.30311225622844484
12748,0.21475445218220154
12749,0.36232968814851785
12750,0.35135151668785564
12751,0.30436090265187155
12752,0.30176147853025154
12753,0.30311225622844484
12754,0.21475445218220154
12755,0.36232968814851785
12756,0.35135151668785564
12757,0.30436090265187155
12758,0.30176147853025154
12759,0.30311225622844484
12769,0.31430959412449355
12771,0.31430959412449355
12772,0.3068967037748852
12773,0.3068967037748852
12774,0.3068967037748852
12802,0.2420021924744949
12805,0.2420021924744949
12817,0.6376337850662688
12818,0.7033674732507226
12819,0.6886211186798459
12820,0.5548350250790974
12821,0.6498148047006316
12822,0.7108431460935185
12823,0.6008132577879377
12824,0.6814322506359832
12830,0.27922378090890265
12832,0.27662060511570596
12839,0.13541395017303068
12840,0.22345318059033856
12841,0.26689173863221677
12842,0.23226366324850306
12844,0.28664976315586455
12848,0.22345318059033856
12850,0.23226366324850306
12855,0.2270305747029122
12856,0.2270305747029122
12857,0.2270305747029122
12858,0.2270305747029122
12879,0.47445629424008806
12881,0.47445629424008806
12889,0.4178261357592782
12891,0.4178261357592782
12918,0.06299663984571219
12922,0.23753209452855764
12926,0.13058476794614168
12930,0.16792495828927698
12934,0.16790167442305495
12938,0.15949146446328796
12942,0.2461216601514491
12946,0.23409127043829725
12950,0.23927656614612686
12952,0.23690121505029355
12954,0.23690121505029355
12967,0.4412856986768573
12968,0.45299329475445266
12969,0.539596601955706
12970,0.5872191135782965
12971,0.5337696812834085
12972,0.3513515033346197
12979,0.19337736826000418
12980,0.09016083489644455
12981,0.14056078848310852
12982,0.1937840195956016
12983,0.1937840195956016
12984,0.1937840195956016
12985,0.1937840195956016
12986,0.1937840195956016
12987,0.1937840195956016
12988,0.1937840195956016
12989,0.1937840195956016
12990,0.1937840195956016
12991,0.1937840195956016
12992,0.1937840195956016
12993,0.1937840195956016
12995,0.27857189799246046
12997,0.27857189799246046
12998,0.27857189799246046
12999,0.27857189799246046
13001,0.21397018566071768
13003,0.21397018566071768
13004,0.21397018566071768
13005,0.21397018566071768
13007,0.2887192704936344
13009,0.2887192704936344
13010,0.2887192704936344
13011,0.2887192704936344
13015,0.1922544309047103
13016,0.19530229601298368
13022,0.23851870197725566
13023,0.09041404915991497
13024,0.10665399271187223
13025,0.12431780847337082
13026,0.11132077806122884
13027,0.05379262059483736
13033,0.17289689269348224
13038,0.14356068281269047
13042,0.19530229601298368
13048,0.23851870197725566
13049,0.09041404915991497
13050,0.10665399271187223
13051,0.12431780847337082
13052,0.11132077806122884
13054,0.07574392410353459
13084,0.3586504210198452
13085,0.25617410405505653
13086,0.23918091449832488
13087,0.26499827944567855
13088,0.26514887779344454
13089,0.3030774385805059
13090,0.34631786913190693
13091,0.3463188091951197
13092,0.3496603768686376
13093,0.3496193523051915
13094,0.34964528983958165
13095,0.2695003429194951
13096,0.2778066268338998
13097,0.3281542172945291
13098,0.12239535250945
13099,0.12239535250945
13100,0.12239535250945
13101,0.12239535250945
13102,0.12239535250945
13103,0.12239535250945
13104,0.12239535250945
13105,0.12239535250945
13106,0.12239535250945
13107,0.12239535250945
13108,0.12239535250945
13109,0.12239535250945
13110,0.12239535250945
13111,0.12239535250945
13112,0.12239535250945
13123,0.15351761130256164
13126,0.15351761130256164
13127,0.15351761130256164
13128,0.15351761130256164
13129,0.15351761130256164
13130,0.13129165909318816
13131,0.13129165909318816
13132,0.13129165909318816
13133,0.3282578471786564
13134,0.3284127038698657
13135,0.38628411535927126
13136,0.37659546962527835
13147,0.28357819214167557
13148,0.30962555630079336
13149,0.31375167404975335
13150,0.30982935764760633
13151,0.30486530477552654
13152,0.3225012195514534
13153,0.31539241294459186
13154,0.3178265436703544
13155,0.32628545031721795
13156,0.3280203107045317
13157,0.32655778550491404
13158,0.32560418472518277
13159,0.33215537820947655
13160,0.32917867873812184
13175,0.4685350756023114
13176,0.4790503775149355
13180,0.21445780950463508
13181,0.21445780950463508
13182,0.21445780950463508
13183,0.21445780950463508
13184,0.21445780950463508
13185,0.21445780950463508
13186,0.21445780950463508
13187,0.21445780950463508
13188,0.21445780950463508
13189,0.21445780950463508
13202,0.41631208900701927
13216,0.30440987472260955
13219,0.30440987472260955
13251,0.17946892437074857
13252,0.27494376292671857
13253,0.2745369856188057
13254,0.31221761359278716
13255,0.23216639837714398
13256,0.1574231302834403
13281,0.307810686616799
13282,0.307810686616799
13283,0.307810686616799
13284,0.307810686616799
13285,0.307810686616799
13286,0.307810686616799
13287,0.307810686616799
13288,0.307810686616799
13289,0.307810686616799
13295,0.26763152003482427
13296,0.26763152003482427
13297,0.26763152003482427
13298,0.26763152003482427
13323,0.11666558448161568
13326,0.6580665883273074
13327,0.6580665883273074
13328,0.6580665883273074
13329,0.6580665883273074
13330,0.6580665883273074
13331,0.6580665883273074
13332,0.6580665883273074
13333,0.6580665883273074
13334,0.6580665883273074
13335,0.6580665883273074
13336,0.4260188269014461
13337,0.4260188269014461
13338,0.4260188269014461
13339,0.4260188269014461
13340,0.4260188269014461
13341,0.4260188269014461
13342,0.4260188269014461
13343,0.4260188269014461
13344,0.4260188269014461
13345,0.4260188269014461
13346,0.37064023097034937
13347,0.37064023097034937
13348,0.37064023097034937
13349,0.37064023097034937
13350,0.37064023097034937
13351,0.37064023097034937
13352,0.37064023097034937
13353,0.37064023097034937
13354,0.37064023097034937
13355,0.37064023097034937
13356,0.4180882569512648
13357,0.4180882569512648
13358,0.4180882569512648
13359,0.4180882569512648
13360,0.4180882569512648
13361,0.4180882569512648
13362,0.4180882569512648
13363,0.4180882569512648
13364,0.4180882569512648
13365,0.4180882569512648
13366,0.36872530768940803
13367,0.36872530768940803
13368,0.36872530768940803
13369,0.36872530768940803
13370,0.36872530768940803
13371,0.36872530768940803
13372,0.36872530768940803
13373,0.36872530768940803
13374,0.36872530768940803
13375,0.36872530768940803
13502,0.5461988738846066
13507,0.21389453053579327
13508,0.21389453053579327
13509,0.21389453053579327
13510,0.21389453053579327
13511,0.21389453053579327
13512,0.21389453053579327
13513,0.21389453053579327
13514,0.21389453053579327
13515,0.21389453053579327
13516,0.21389453053579327
13517,0.21389453053579327
13518,0.21389453053579327
13519,0.21389453053579327
13520,0.20816777127612268
13521,0.20816777127612268
13522,0.20816777127612268
13523,0.20816777127612268
13524,0.20816777127612268
13525,0.20816777127612268
13526,0.20816777127612268
13527,0.20816777127612268
13528,0.20816777127612268
13529,0.20816777127612268
13530,0.20816777127612268
13531,0.20816777127612268
13532,0.20816777127612268
13533,0.16858920708769218
13534,0.16858920708769218
13535,0.16858920708769218
13536,0.16858920708769218
13537,0.16858920708769218
13538,0.16858920708769218
13539,0.16858920708769218
13540,0.16858920708769218
13541,0.16858920708769218
13542,0.16858920708769218
13543,0.16858920708769218
13544,0.16858920708769218
13545,0.16858920708769218
13643,0.279911890576494
13644,0.2533888798682121
13645,0.20598369543820522
13646,0.23305923527197286
13647,0.27638527725268563
13648,0.3245616456872368
13649,0.3245616456872368
13650,0.3245616456872368
13651,0.3245616456872368
13652,0.3245616456872368
13653,0.3245616456872368
13654,0.3245616456872368
13655,0.3245616456872368
13656,0.3245616456872368
13657,0.3245616456872368
13658,0.3245616456872368
13659,0.3245616456872368
13660,0.3245616456872368
13661,0.3245616456872368
13662,0.3245616456872368
13663,0.24513652134210634
13664,0.24513652134210634
13665,0.16169522871837255
13666,0.16169522871837255
13667,0.19860610632916376
13668,0.19860610632916376
13669,0.38947562566127014
13670,0.38947562566127014
13671,0.3089443978425023
13672,0.3089443978425023
13673,0.3090870684837628
13674,0.3090870684837628
13675,0.2842804790173855
13676,0.2842804790173855
13677,0.31323690305802543
13678,0.31323690305802543
13679,0.3098481105175723
13680,0.3098481105175723
13687,0.19059030747207462
13688,0.19059030747207462
13689,0.19059030747207462
13690,0.19059030747207462
13692,0.07759820098303083
13693,0.11456415506413875
13694,0.16052655518638934
13695,0.16052655518638934
13696,0.16052655518638934
13697,0.16052655518638934
13699,0.13371039743335197
13700,0.13371039743335197
13701,0.13371039743335197
13702,0.13371039743335197
13704,0.1813610921244075
13705,0.1813610921244075
13706,0.1813610921244075
13707,0.1813610921244075
13709,0.13317821762089743
13710,0.13317821762089743
13711,0.13317821762089743
13712,0.13317821762089743
13714,0.19059030747207462
13715,0.07759820098303083
13716,0.11456415506413875
13717,0.16052655518638934
13718,0.13371039743335197
13719,0.1813610921244075
13720,0.13317821762089743
13744,0.5012188356288303
13745,0.4348199094479775
13746,0.5012188356288303
13747,0.4348199094479775
13748,0.36646005098830864
13749,0.3663811446642406
13750,0.36927559240895785
13751,0.3658963791470762
13752,0.3545099167242008
13753,0.3642659340543868
13759,0.4859831123061362
13760,0.4859831123061362
13761,0.4859831123061362
13762,0.4859831123061362
13763,0.4859831123061362
13764,0.4859831123061362
13765,0.4859831123061362
13766,0.4859831123061362
13767,0.4859831123061362
13768,0.4859831123061362
13769,0.4859831123061362
13770,0.4859831123061362
13771,0.5100076523198015
13772,0.5100076523198015
13773,0.5100076523198015
13774,0.5100076523198015
13775,0.5100076523198015
13776,0.5100076523198015
13777,0.5100076523198015
13778,0.5100076523198015
13779,0.5100076523198015
13780,0.5100076523198015
13781,0.5100076523198015
13782,0.5100076523198015
13783,0.3802039311997736
13784,0.3802039311997736
13801,0.3710421086168609
13802,0.6235646288454898
13803,0.5940463403207694
13804,0.46381743006294895
13863,0.3397328268833284
13864,0.2818639826817902
13865,0.25613044528979956
13866,0.24839810509745935
13867,0.1362263427825516
13868,0.14926555200290173
13869,0.1654427220148721
13870,0.1703496914232087
13871,0.20188616139197432
13872,0.19272778648379266
13873,0.19108756752694311
13874,0.21132557248967215
13875,0.1983177178734037
13876,0.13462465992733824
13877,0.0989458303220897
13878,0.12172966249495343
13879,0.1497259939580665
13880,0.08632891607674192
13881,0.10474654680219511
13882,0.1362263427825516
13883,0.14926555200290173
13884,0.1654427220148721
13885,0.1703496914232087
13886,0.20188616139197432
13887,0.19272778648379266
13888,0.19108756752694311
13889,0.08632891607674192
13890,0.10474654680219511
13940,0.19048565192047048
13996,0.29413968974446403
13997,0.32375488310685263
13998,0.3177778808167582
13999,0.4282439552948044
14000,0.42120698156214004
14001,0.40397285517408743
14046,0.2748884756933835
14047,0.2748884756933835
14048,0.2748884756933835
14049,0.2748884756933835
14050,0.23330450399763517
14051,0.23330450399763517
14052,0.23330450399763517
14053,0.23330450399763517
14060,0.18837382119186044
14061,0.18837382119186044
14119,0.34086443346265033
14120,0.2795534434926359
14121,0.33001427988143384
14170,0.22223768607913594
14178,0.48423787650488737
14179,0.48423787650488737
14180,0.48423787650488737
14181,0.48423787650488737
14182,0.48423787650488737
14183,0.4834315378875854
14184,0.4834315378875854
14185,0.4834315378875854
14186,0.4834315378875854
14187,0.4834315378875854
14192,0.31834594052304915
14193,0.31834594052304915
14194,0.31834594052304915
14195,0.31834594052304915
14196,0.31834594052304915
14197,0.31834594052304915
14198,0.31834594052304915
14199,0.31834594052304915
14200,0.31834594052304915
14207,0.393771161856037
14208,0.41254671623255934
14209,0.32977154127105174
14210,0.3440812242283125
14220,0.2750845362569668
14221,0.2750845362569668
14222,0.2750845362569668
14223,0.2750845362569668
14224,0.2750845362569668
14233,0.2673454288228378
14234,0.2673454288228378
14253,0.39590933273522083
14254,0.5491454760457489
14255,0.42784966461391405
14256,0.16644283188816675
14257,0.41995965644478545
14258,0.20596511692143424
14301,0.39590933273522083
14302,0.5491454760457489
14303,0.42784966461391405
14304,0.16644283188816675
14305,0.41995965644478545
14306,0.20596511692143424
14310,0.21462040495418633
14311,0.27725123341299096
14312,0.3146831748500334
14351,0.3474794729820082
14352,0.3488250656103609
14353,0.3488250656103609
14354,0.3488250656103609
14355,0.3488250656103609
14356,0.3488250656103609
14357,0.3488250656103609
14358,0.3488250656103609
14359,0.3488250656103609
14360,0.3488250656103609
14361,0.3488250656103609
14362,0.3488250656103609
14363,0.3488250656103609
14364,0.6215111019774304
14374,0.3652205671434174
14375,0.3667919501839297
14376,0.3680572266656897
14377,0.3629400473638953
14405,0.3317270695111141
14406,0.33397795257368446
14408,0.032415733426109816
14409,0.032415733426109816
14410,0.032415733426109816
14411,0.032415733426109816
14412,0.032415733426109816
14413,0.032415733426109816
14414,0.032415733426109816
14415,0.032415733426109816
14416,0.032415733426109816
14417,0.032415733426109816
14418,0.032415733426109816
14419,0.032415733426109816
14420,0.032415733426109816
14421,0.032415733426109816
14422,0.032415733426109816
14423,0.44724112518981995
14434,0.3744845337859456
14436,0.2749498769787893
14441,0.12616431165621675
14442,0.12616431165621675
14443,0.12616431165621675
14444,0.12616431165621675
14445,0.12616431165621675
14446,0.12616431165621675
14447,0.12616431165621675
14448,0.17543546216852646
14449,0.17543546216852646
14450,0.17543546216852646
14451,0.17543546216852646
14452,0.17543546216852646
14453,0.17543546216852646
14454,0.17543546216852646
14455,0.11633782107390778
14456,0.17651591298660813
14500,0.30721520464800084
14501,0.30721520464800084
14502,0.30721520464800084
14503,0.30721520464800084
14504,0.29883343992925554
14509,0.2459103180619549
14512,0.32698781364164314
14513,0.4720620445848257
14514,0.4720620445848257
14515,0.4720620445848257
14516,0.4720620445848257
14517,0.4720620445848257
14525,0.2655981181657204
14526,0.3615943146400575
14527,0.45656202197495216
14548,0.2424221012258902
14549,0.2424221012258902
14550,0.2424221012258902
14551,0.2424221012258902
14552,0.2424221012258902
14553,0.2424221012258902
14554,0.2424221012258902
14555,0.2424221012258902
14556,0.2424221012258902
14557,0.2424221012258902
14558,0.22566316809029882
14559,0.22566316809029882
14560,0.22566316809029882
14561,0.22566316809029882
14562,0.22566316809029882
14563,0.22566316809029882
14564,0.22566316809029882
14565,0.22566316809029882
14566,0.22566316809029882
14567,0.22566316809029882
14568,0.18872648459357905
14569,0.18872648459357905
14570,0.18872648459357905
14571,0.18872648459357905
14572,0.18872648459357905
14573,0.18872648459357905
14574,0.18872648459357905
14575,0.18872648459357905
14576,0.18872648459357905
14577,0.18872648459357905
14578,0.23187541086113436
14579,0.23187541086113436
14580,0.23187541086113436
14581,0.23187541086113436
14582,0.23187541086113436
14583,0.23187541086113436
14584,0.23187541086113436
14585,0.23187541086113436
14586,0.23187541086113436
14587,0.23187541086113436
14588,0.3820455431504959
14589,0.3820455431504959
14590,0.3820455431504959
14591,0.3820455431504959
14592,0.3820455431504959
14593,0.3820455431504959
14594,0.3820455431504959
14595,0.3820455431504959
14596,0.3820455431504959
14597,0.3820455431504959
14598,0.2899771289246712
14599,0.2899771289246712
14600,0.2899771289246712
14601,0.2899771289246712
14602,0.2899771289246712
14603,0.2899771289246712
14604,0.2899771289246712
14605,0.2899771289246712
14606,0.2899771289246712
14607,0.2899771289246712
14608,0.1356810164835307
14609,0.1356810164835307
14610,0.1356810164835307
14611,0.1356810164835307
14612,0.1356810164835307
14613,0.1356810164835307
14614,0.1356810164835307
14615,0.1356810164835307
14616,0.1356810164835307
14617,0.1356810164835307
14634,0.3757542616012671
14635,0.18544645001332602
14636,0.18142627609107212
14637,0.39134329439535914
14638,0.36405164038322124
14639,0.41501841163747916
14640,0.4230464145033429
14641,0.3852571374191872
14642,0.3866204118968173
14643,0.42635491992668606
14644,0.4245420447199426
14645,0.40488152639125974
14646,0.3217552918439042
14647,0.21452424526650912
14648,0.18142627609107212
14649,0.18142627609107212
14650,0.18142627609107212
14651,0.18142627609107212
14652,0.18142627609107212
14689,0.16495683347080448
14690,0.16495683347080448
14691,0.16495683347080448
14692,0.16495683347080448
14693,0.16495683347080448
14694,0.16495683347080448
14695,0.16495683347080448
14696,0.16495683347080448
14697,0.16495683347080448
14698,0.16495683347080448
14699,0.16495683347080448
14700,0.16495683347080448
14701,0.16495683347080448
14712,0.3517581057637941
14713,0.3517581057637941
14714,0.3517581057637941
14715,0.3517581057637941
14716,0.3517581057637941
14717,0.3517581057637941
14718,0.3517581057637941
14719,0.3517581057637941
14720,0.3517581057637941
14721,0.3517581057637941
14722,0.3517581057637941
14723,0.3517581057637941
14724,0.3517581057637941
14725,0.3517581057637941
14726,0.3517581057637941
14727,0.3517581057637941
14728,0.3517581057637941
14729,0.3517581057637941
14730,0.3517581057637941
14731,0.3517581057637941
14732,0.5155277193198794
14733,0.5043895945297339
14734,0.4731614772220904
14735,0.4486927135187439
14736,0.5155277193198794
14737,0.5043895945297339
14738,0.4731614772220904
14739,0.4486927135187439
14740,0.5962357224605713
14741,0.6044786829721638
14742,0.5986038689667139
14743,0.6045368977163748
14744,0.5990683972231949
14745,0.6055343786812992
14746,0.5110519754977574
14747,0.5115657482021523
14748,0.5116659881992369
14754,0.4206562502597763
14755,0.4182500143364461
14756,0.41067124484550943
14757,0.4275612415479684
14758,0.7166931748812742
14759,0.4206562502597763
14760,0.4182500143364461
14761,0.41067124484550943
14762,0.4275612415479684
14763,0.7166931748812742
14766,0.4489336051807358
14789,0.524040772861057
14790,0.5399737416701158
14791,0.5634042547552526
14792,0.5154163308727497
14793,0.524040772861057
14794,0.5399737416701158
14795,0.5634042547552526
14796,0.5154163308727497
14810,0.4320391643357755
14811,0.3534028224253308
14812,0.2979944080316248
14813,0.2981477382186925
14814,0.1839417371123242
14815,0.26903686997001314
14816,0.4320391643357755
14817,0.3534028224253308
14818,0.2979944080316248
14819,0.2981477382186925
14820,0.1839417371123242
14821,0.26903686997001314
14841,0.5843408836957378
14842,0.5856698563207983
14843,0.6064837120231126
14844,0.4858830196821929
14845,0.3181061829466259
14846,0.35329402854253367
14847,0.37293834650654767
14848,0.3533159619156149
14849,0.35802294372816956
14850,0.3645800970399235
14851,0.40535672451981397
14852,0.2844588962451835
14853,0.3159045057699562
14854,0.3181061829466259
14855,0.35329402854253367
14856,0.37293834650654767
14857,0.3533159619156149
14858,0.35802294372816956
14859,0.3645800970399235
14860,0.40535672451981397
14861,0.2844588962451835
14862,0.3159045057699562
14892,0.4895629791980245
14893,0.49039988567167325
14894,0.4837227918899999
14895,0.4895629791980245
14896,0.49039988567167325
14897,0.4837227918899999
14898,0.36639014818241716
14899,0.36639014818241716
14900,0.36639014818241716
14901,0.36639014818241716
14902,0.36639014818241716
14903,0.36639014818241716
14904,0.31693926804367334
14905,0.31693926804367334
14906,0.31693926804367334
14907,0.31693926804367334
14908,0.31693926804367334
14909,0.31693926804367334
14910,0.08994818338593585
14911,0.0839888324963603
14912,0.11212544586689199
14913,0.1215774556954192
14914,0.08994818338593585
14915,0.0839888324963603
14916,0.11212544586689199
14917,0.1215774556954192
14918,0.08994818338593585
14919,0.0839888324963603
14920,0.11212544586689199
14921,0.1215774556954192
14922,0.08994818338593585
14923,0.0839888324963603
14924,0.11212544586689199
14925,0.1215774556954192
14926,0.08994818338593585
14927,0.0839888324963603
14928,0.11212544586689199
14929,0.1215774556954192
14950,0.4879051788702707
14951,0.41015265318850813
14952,0.4879051788702707
14953,0.41015265318850813
14956,0.4188400305696607
14957,0.35826215301198117
14958,0.35387075865037176
14959,0.36947352532368316
14960,0.3897859218373432
14961,0.4188400305696607
14962,0.35826215301198117
14963,0.35387075865037176
14964,0.36947352532368316
14965,0.3897859218373432
14967,0.12282562187185542
14969,0.23553742339767691
14971,0.27871785995301157
14973,0.24162690454845243
15024,0.41436167718216466
15029,0.41436167718216466
15030,0.3818591972544147
15031,0.3818591972544147
15032,0.3818591972544147
15033,0.3818591972544147
15034,0.3818591972544147
15035,0.3818591972544147
15036,0.3818591972544147
15037,0.3818591972544147
15049,0.5184548475717513
15050,0.5530559312215975
15069,0.6578792432983036
15070,0.6511713912261275
15071,0.6578792432983036
15072,0.6511713912261275
15084,0.40517384403049905
15087,0.40517384403049905
15089,0.4166460806931854
15090,0.21080610625599736
15092,0.3915710544916176
15099,0.07286859570295401
15100,0.11674781872623805
15102,0.023149048667674255
15154,0.3156229804323148
15155,0.3156229804323148
15156,0.3156229804323148
15157,0.3156229804323148
15158,0.3156229804323148
15159,0.3156229804323148
15160,0.3156229804323148
15161,0.3156229804323148
15162,0.3156229804323148
15163,0.3156229804323148
15164,0.3858975377450808
15165,0.3858975377450808
15166,0.3858975377450808
15167,0.3858975377450808
15168,0.3858975377450808
15169,0.3858975377450808
15170,0.3858975377450808
15171,0.3858975377450808
15172,0.3858975377450808
15173,0.3858975377450808
15174,0.28107787709604937
15175,0.28107787709604937
15176,0.28107787709604937
15177,0.28107787709604937
15178,0.28107787709604937
15179,0.28107787709604937
15180,0.28107787709604937
15181,0.28107787709604937
15182,0.28107787709604937
15183,0.28107787709604937
15184,0.2773960011586253
15185,0.22176940501728962
15186,0.37538602540112737
15187,0.37538602540112737
15188,0.37538602540112737
15189,0.37538602540112737
15190,0.3574390388332724
15191,0.3574390388332724
15192,0.3574390388332724
15193,0.3574390388332724
15194,0.3703078255561539
15195,0.3703078255561539
15196,0.3703078255561539
15197,0.3703078255561539
15198,0.34694952919762195
15199,0.34694952919762195
15200,0.34694952919762195
15201,0.34694952919762195
15202,0.32362337561827775
15203,0.32362337561827775
15204,0.32362337561827775
15205,0.32362337561827775
15206,0.31262424964319524
15207,0.31262424964319524
15208,0.31262424964319524
15209,0.31262424964319524
15216,0.10612479996694368
15217,0.10612479996694368
15218,0.10612479996694368
15223,0.08815232168638981
15224,0.08815232168638981
15225,0.08815232168638981
15230,0.29512472717026417
15231,0.29512472717026417
15232,0.29512472717026417
15237,0.2962216815834915
15238,0.2962216815834915
15239,0.2962216815834915
15245,0.6710470239370232
15246,0.5423589855056581
15247,0.7073310218662752
15248,0.5571900457759824
15253,0.3588611136772171
15254,0.3588611136772171
15255,0.3588611136772171
15256,0.3588611136772171
15257,0.3588611136772171
15258,0.3588611136772171
15259,0.3588611136772171
15260,0.3588611136772171
15261,0.6035503021173727
15262,0.5866571993877652
15263,0.40516591588517437
15264,0.40516591588517437
15265,0.40516591588517437
15266,0.40516591588517437
15267,0.40516591588517437
15268,0.41004151210086737
15269,0.41004151210086737
15270,0.41004151210086737
15271,0.41004151210086737
15272,0.41004151210086737
15292,0.33222595093286494
15293,0.338880092059314
15294,0.3490243418148064
15345,0.167578601167559
15346,0.16298847442231704
15347,0.09452106023210394
15348,0.12924108463846706
15349,0.06948100380828792
15350,0.09721923354041317
15351,0.22842923527047454
15352,0.18849038342245722
15353,0.3425492056262308
15354,0.25793190781686925
15355,0.14675984804087094
15356,0.12210325288338
15357,0.14656893582206895
15358,0.19908572706871625
15359,0.21777700080278328
15360,0.23203148001589136
15361,0.15916727539118455
15362,0.17599684762820342
15363,0.11254892925321783
15364,0.14586863541442668
15365,0.10108084039880402
15366,0.1364476453076818
15367,0.19700898238211967
15368,0.3426513349963376
15369,0.24342271977018967
15370,0.13089066801065133
15371,0.19304872145264415
15372,0.2090558870564386
15381,0.49259564988786764
15382,0.47209116774493354
15383,0.4765216120729473
15412,0.394647933414447
15413,0.4056606600676947
15414,0.44448898322313807
15415,0.15493135236843378
15416,0.41268957563168096
15417,0.4596960365369408
15418,0.40087292801166663
15419,0.40087292801166663
15424,0.4351610885398416
15430,0.561719543236125
15431,0.561719543236125
15432,0.561719543236125
15433,0.5878261292748996
15434,0.5878261292748996
15435,0.5878261292748996
15436,0.6797888026124215
15437,0.6797888026124215
15438,0.6797888026124215
15439,0.5618786557249598
15440,0.5618786557249598
15441,0.5618786557249598
15443,0.3133801170356144
15478,0.5190941003069506
15479,0.5177593807985325
15480,0.5318046279845959
15481,0.5348521964133582
15490,0.3847628583386036
15491,0.3847628583386036
15492,0.3658667190811519
15493,0.3658667190811519
15497,0.3559320841124372
15511,0.2153527968643885
15512,0.2153527968643885
15514,0.23339934917647787
15515,0.23339934917647787
15517,0.4108281483107018
15518,0.4108281483107018
15520,0.48504062224936534
15521,0.48504062224936534
15523,0.6194518993438702
15524,0.6194518993438702
15526,0.19415394548471057
15527,0.19415394548471057
15529,0.1710303610549988
15530,0.1710303610549988
15532,0.5425606970695244
15533,0.5425606970695244
15553,0.4898820860687693
15554,0.49897710439171344
15555,0.6355968937410263
15556,0.6316238072681277
15557,0.6330890361856154
15558,0.6168890010153014
15559,0.6187577362183365
15560,0.5978638408737607
15561,0.5978638408737607
15562,0.27543860695790356
15563,0.29474847562787376
15564,0.29874031370577686
15565,0.26929430538874366
15566,0.30945644478509443
15567,0.27463316096533974
15568,0.2537860122683072
15569,0.27981376524052326
15570,0.3242196570934785
15571,0.3242196570934785
15572,0.3242196570934785
15573,0.3242196570934785
15574,0.3242196570934785
15576,0.33248822673754486
15577,0.33248822673754486
15578,0.33248822673754486
15579,0.33248822673754486
15580,0.33248822673754486
15584,0.18925693408074604
15585,0.18925693408074604
15586,0.18925693408074604
15589,0.43655259814263525
15594,0.2779111966237268
15600,0.42958462952183624
15601,0.42958462952183624
15629,0.3613637110443169
15630,0.8335485688147664
15631,0.6147937983843668
15632,0.5848271333607664
15633,0.34528682095029656
15639,0.3613637110443169
15640,0.8335485688147664
15641,0.6147937983843668
15642,0.5848271333607664
15643,0.34528682095029656
15644,0.3613637110443169
15645,0.8335485688147664
15646,0.6147937983843668
15647,0.5848271333607664
15648,0.34528682095029656
15649,0.3613637110443169
15650,0.8335485688147664
15651,0.6147937983843668
15652,0.5848271333607664
15653,0.34528682095029656
15654,0.3613637110443169
15655,0.8335485688147664
15656,0.6147937983843668
15657,0.5848271333607664
15658,0.34528682095029656
15659,0.3613637110443169
15660,0.8335485688147664
15661,0.6147937983843668
15662,0.5848271333607664
15663,0.34528682095029656
15664,0.3613637110443169
15665,0.8335485688147664
15666,0.6147937983843668
15668,0.3613637110443169
15669,0.8335485688147664
15670,0.6147937983843668
15671,0.48248682506248325
15672,0.5848271333607664
15673,0.34528682095029656
15674,0.4610911639425631
15675,0.5126317477092306
15676,0.4514441536259149
15677,0.6435877088665806
15680,0.6435877088665806
15681,0.6435877088665806
15682,0.6435877088665806
15683,0.6435877088665806
15684,0.746801859104441
15685,0.746801859104441
15686,0.746801859104441
15687,0.746801859104441
15688,0.5619458143873501
15689,0.5619458143873501
15690,0.5619458143873501
15691,0.5619458143873501
15725,0.595853047940451
15726,0.595853047940451
15727,0.595853047940451
15732,0.2660963879069067
15733,0.5585307558998077
15734,0.622022206380527
15735,0.6138391401200891
15736,0.5768190633603606
15737,0.5768190633603606
15738,0.5768190633603606
15739,0.5768190633603606
15740,0.6417410871139471
15741,0.6417410871139471
15742,0.6417410871139471
15743,0.6417410871139471
15744,0.5830458161143175
15745,0.5830458161143175
15746,0.5830458161143175
15747,0.5830458161143175
15751,0.6424321878888382
15752,0.531927769636084
15753,0.622022206380527
15754,0.567749394059829
15755,0.6211678363110124
15756,0.6211678363110124
15757,0.6211678363110124
15758,0.5636831820394477
15759,0.5636831820394477
15760,0.5636831820394477
15762,0.47597825414310757
15771,0.47597825414310757
15772,0.5326354443436533
15773,0.404690541590949
15774,0.4889963035794045
15775,0.5326354443436533
15776,0.5326354443436533
15777,0.5326354443436533
15778,0.5326354443436533
15779,0.6140484981158141
15780,0.5326354443436533
15781,0.404690541590949
15782,0.6211678363110124
15783,0.4889963035794045
15785,0.35084246943408937
15787,0.34722169235564876
15789,0.34877460722664533
15790,0.34722169235564876
15791,0.34722169235564876
15792,0.34722169235564876
15793,0.5470038866051218
15794,0.5470038866051218
15795,0.5470038866051218
15796,0.5510292421619045
15797,0.5510292421619045
15798,0.5510292421619045
15799,0.5515399206563549
15800,0.5515399206563549
15801,0.5515399206563549
15810,0.566099779386313
15811,0.5571141467972811
15812,0.49041497044558
15813,0.5092658122673378
15814,0.500587975317234
15815,0.5092658122673378
15816,0.500587975317234
15821,0.6970032138399509
15822,0.6970032138399509
15823,0.6970032138399509
15824,0.4165749423372551
15825,0.4165749423372551
15826,0.4165749423372551
15827,0.6239956434746856
15828,0.6239956434746856
15829,0.6239956434746856
15830,0.3281745448168143
15831,0.3281745448168143
15832,0.3281745448168143
15833,0.6211678363110124
15834,0.6140484981158141
15835,0.5337602571575061
15836,0.6083906244555519
15837,0.6140484981158141
15838,0.5337602571575061
15839,0.6083906244555519
15846,0.6357903210890141
15847,0.47479049063539713
15848,0.43179178846293564
15849,0.45972033655086686
15850,0.47479049063539713
15851,0.5831278449406094
15852,0.5878904995767142
15853,0.6357903210890141
15854,0.43179178846293564
15855,0.43179178846293564
15856,0.43179178846293564
15857,0.43179178846293564
15858,0.43179178846293564
15859,0.43179178846293564
15860,0.43179178846293564
15861,0.45972033655086686
15862,0.45972033655086686
15863,0.45972033655086686
15864,0.45972033655086686
15865,0.45972033655086686
15866,0.45972033655086686
15867,0.45972033655086686
15868,0.47479049063539713
15869,0.47479049063539713
15870,0.47479049063539713
15871,0.47479049063539713
15872,0.47479049063539713
15873,0.47479049063539713
15874,0.5831278449406094
15875,0.5831278449406094
15876,0.5831278449406094
15877,0.5831278449406094
15878,0.5831278449406094
15879,0.5831278449406094
15880,0.5831278449406094
15881,0.5878904995767142
15882,0.5878904995767142
15883,0.5878904995767142
15884,0.5878904995767142
15885,0.5878904995767142
15886,0.5878904995767142
15887,0.5878904995767142
15888,0.6357903210890141
15889,0.6357903210890141
15890,0.6357903210890141
15891,0.6357903210890141
15892,0.6357903210890141
15893,0.6357903210890141
15894,0.5436255447145389
15895,0.548105078661496
15896,0.535158473959954
15897,0.5436255447145389
15898,0.548105078661496
15899,0.535158473959954
15900,0.5436255447145389
15901,0.548105078661496
15902,0.535158473959954
15903,0.5498011805972236
15904,0.5762627380491679
15905,0.6173704949251146
15906,0.6207192532857643
15907,0.6150205562427191
15908,0.5838495247051306
15909,0.6150205562427191
15910,0.6150205562427191
15911,0.5838495247051306
15912,0.5838495247051306
15913,0.5367742812586198
15914,0.5610605812071338
15915,0.5551269246986053
15916,0.5445681726214223
15917,0.4990020972037833
15919,0.5808250260222523
15921,0.5468896620638753
15923,0.4990020972037833
15924,0.5808250260222523
15925,0.5468896620638753
15937,0.6012317320620271
15938,0.6012317320620271
15939,0.5997602577905883
15940,0.5997602577905883
15941,0.5496102843681782
15942,0.5496102843681782
15943,0.5496102843681782
15944,0.5496102843681782
15945,0.5330159391917204
15946,0.6201100700058635
15947,0.46436440148968794
15948,0.5796156967541068
15949,0.5330159391917204
15950,0.6201100700058635
15951,0.46436440148968794
15952,0.5796156967541068
15957,0.687636679409795
15958,0.6835016409693363
15959,0.6270258433356464
15960,0.7631121325372342
15961,0.39908599414845575
15967,0.5001842260841085
15968,0.5151699475052602
15969,0.5583205477660305
15973,0.5420066450682379
15974,0.4598540690065043
15975,0.7913542948048683
15976,0.4814338293982995
15977,0.5782248636875257
15978,0.45796165905152003
15979,0.7368679135783603
15980,0.6370520851184843
15981,0.7368679135783603
15982,0.6370520851184843
15983,0.7368679135783603
15984,0.7368679135783603
15985,0.7368679135783603
15986,0.7368679135783603
15987,0.6370520851184843
15988,0.6370520851184843
15989,0.6370520851184843
15990,0.6370520851184843
15991,0.6710470239370232
15992,0.6841954229812759
15993,0.6928606678096983
15994,0.5566451308726356
15995,0.5656761547108766
15996,0.5566451308726356
15997,0.5656761547108766
15998,0.630498450092992
16000,0.630498450092992
16001,0.6328182573349619
16002,0.6328182573349619
16003,0.6328182573349619
16004,0.6621467962100603
16005,0.3723923211920574
16006,0.3884059973838034
16007,0.3701810172767912
16011,0.5606852662813562
16012,0.5810175642293234
16013,0.5178075061311417
16014,0.530680393742303
16015,0.5606852662813562
16016,0.5810175642293234
16017,0.5178075061311417
16018,0.530680393742303
16019,0.5606852662813562
16020,0.5810175642293234
16021,0.5178075061311417
16022,0.530680393742303
16023,0.3617783328700491
16024,0.3375849106976831
16025,0.377005386500342
16026,0.3617783328700491
16027,0.3375849106976831
16028,0.377005386500342
16029,0.5288454951592039
16030,0.6260683758462193
16031,0.5734153387929452
16032,0.6260683758462193
16033,0.5734153387929452
16034,0.6260683758462193
16035,0.5734153387929452
16040,0.49431567048605374
16041,0.4956136628756964
16044,0.530206199258009
16045,0.5179804474888623
16046,0.49939106058937305
16047,0.30027089919169075
16048,0.30037917794163427
16051,0.5025304635569536
16052,0.5016161754022458
16053,0.5254651702085196
16057,0.5584466014919114
16058,0.5636660136682919
16059,0.44849724654835044
16060,0.4789469060042817
16061,0.44849724654835044
16062,0.4789469060042817
16063,0.44849724654835044
16064,0.4789469060042817
16065,0.6214374759293331
16066,0.6173704949251146
16067,0.6193073466949826
16068,0.6161761541590771
16073,0.49168233391913413
16074,0.4878541277669213
16075,0.49734416988069785
16076,0.536240493919529
16077,0.595853047940451
16078,0.591389768401638
16079,0.604233626698327
16080,0.5659999576353996
16081,0.6553614578652656
16082,0.533977307540919
16083,0.5298754724052926
16084,0.8246347241022879
16085,0.5856971491697921
16086,0.6553614578652656
16087,0.533977307540919
16088,0.5298754724052926
16089,0.8246347241022879
16090,0.5856971491697921
16091,0.6553614578652656
16092,0.533977307540919
16093,0.5298754724052926
16094,0.8246347241022879
16095,0.5856971491697921
16096,0.6553614578652656
16097,0.533977307540919
16098,0.5298754724052926
16099,0.8246347241022879
16100,0.5856971491697921
16101,0.6553614578652656
16102,0.533977307540919
16103,0.5298754724052926
16104,0.8246347241022879
16105,0.5856971491697921
16106,0.45753455779006635
16107,0.45753455779006635
16108,0.45753455779006635
16109,0.45753455779006635
16110,0.45753455779006635
16111,0.45430690085664743
16112,0.45430690085664743
16113,0.45430690085664743
16114,0.45430690085664743
16115,0.45430690085664743
16116,0.3604610985445532
16117,0.4347031631894039
16118,0.4137513672686687
16119,0.472061110388302
16123,0.45229054130111807
16124,0.4310364578442698
16127,0.45229054130111807
16128,0.4310364578442698
16134,0.35337100144828204
16135,0.35337100144828204
16136,0.35337100144828204
16137,0.7815561943329923
16142,0.28465977014662025
16143,0.28465977014662025
16144,0.28465977014662025
16145,0.4596719552349919
16146,0.4596719552349919
16147,0.4596719552349919
16148,0.7815561943329923
16149,0.4573019196883552
16150,0.4573019196883552
16151,0.4573019196883552
16152,0.44943826668996917
16153,0.44943826668996917
16154,0.44943826668996917
16155,0.6643851368488163
16169,0.4062900160603101
16170,0.4062900160603101
16171,0.4062900160603101
16172,0.4062900160603101
16173,0.3731564404051843
16174,0.3731564404051843
16175,0.3731564404051843
16176,0.3731564404051843
16177,0.4621044876470539
16178,0.4621044876470539
16179,0.4621044876470539
16180,0.4621044876470539
16181,0.5733194825284288
16182,0.5733194825284288
16183,0.6174336066705067
16184,0.6174336066705067
16185,0.6834971779949626
16186,0.6834971779949626
16196,0.3893154229933081
16197,0.3893154229933081
16199,0.3832133667075867
16200,0.3832133667075867
16201,0.41127496539681124
16202,0.41127496539681124
16203,0.41127496539681124
16204,0.40805640611568333
16205,0.40805640611568333
16206,0.40805640611568333
16207,0.6621403164278339
16208,0.3893154229933081
16209,0.3832133667075867
16210,0.6621403164278339
16211,0.34819799578017724
16212,0.34819799578017724
16213,0.34819799578017724
16214,0.34819799578017724
16215,0.34819799578017724
16216,0.34819799578017724
16217,0.34819799578017724
16218,0.34819799578017724
16219,0.34819799578017724
16220,0.34819799578017724
16221,0.34819799578017724
16222,0.34819799578017724
16223,0.34819799578017724
16224,0.34819799578017724
16225,0.34819799578017724
16226,0.34819799578017724
16227,0.34819799578017724
16228,0.34819799578017724
16229,0.34819799578017724
16230,0.34819799578017724
16231,0.34819799578017724
16232,0.34819799578017724
16233,0.34819799578017724
16234,0.34819799578017724
16235,0.34819799578017724
16236,0.34819799578017724
16237,0.34819799578017724
16238,0.34819799578017724
16239,0.34819799578017724
16240,0.34819799578017724
16241,0.34819799578017724
16242,0.34819799578017724
16243,0.34819799578017724
16244,0.34819799578017724
16245,0.34819799578017724
16246,0.34819799578017724
16247,0.34819799578017724
16248,0.34819799578017724
16249,0.34819799578017724
16250,0.34819799578017724
16251,0.34819799578017724
16252,0.34819799578017724
16253,0.34819799578017724
16254,0.34819799578017724
16255,0.34819799578017724
16256,0.34819799578017724
16257,0.34819799578017724
16258,0.34819799578017724
16259,0.34819799578017724
16260,0.34819799578017724
16261,0.34819799578017724
16262,0.34819799578017724
16263,0.34819799578017724
16264,0.34819799578017724
16265,0.34819799578017724
16266,0.34819799578017724
16267,0.34819799578017724
16268,0.34819799578017724
16269,0.34819799578017724
16270,0.34819799578017724
16271,0.34819799578017724
16272,0.34819799578017724
16273,0.34819799578017724
16274,0.34819799578017724
16275,0.34819799578017724
16276,0.34819799578017724
16277,0.34819799578017724
16278,0.34819799578017724
16279,0.34819799578017724
16280,0.34819799578017724
16281,0.34819799578017724
16282,0.34819799578017724
16283,0.34819799578017724
16284,0.34819799578017724
16285,0.34819799578017724
16286,0.34819799578017724
16287,0.34819799578017724
16288,0.34819799578017724
16289,0.34819799578017724
16290,0.34819799578017724
16291,0.34819799578017724
16292,0.34819799578017724
16293,0.34819799578017724
16294,0.34819799578017724
16295,0.34819799578017724
16296,0.34819799578017724
16297,0.34819799578017724
16298,0.34819799578017724
16299,0.34819799578017724
16300,0.34819799578017724
16301,0.34819799578017724
16302,0.34819799578017724
16303,0.34819799578017724
16304,0.34819799578017724
16305,0.34819799578017724
16306,0.34819799578017724
16307,0.34819799578017724
16308,0.34819799578017724
16309,0.34819799578017724
16310,0.34819799578017724
16311,0.34819799578017724
16312,0.34819799578017724
16313,0.34819799578017724
16314,0.34819799578017724
16315,0.34819799578017724
16316,0.34819799578017724
16317,0.34819799578017724
16318,0.34819799578017724
16319,0.34819799578017724
16320,0.34819799578017724
16321,0.34819799578017724
16322,0.34819799578017724
16323,0.34819799578017724
16324,0.34819799578017724
16325,0.34819799578017724
16326,0.34819799578017724
16327,0.34819799578017724
16328,0.34819799578017724
16329,0.34819799578017724
16330,0.34819799578017724
16331,0.34819799578017724
16332,0.34819799578017724
16333,0.34819799578017724
16334,0.34819799578017724
16335,0.34819799578017724
16336,0.34819799578017724
16337,0.34819799578017724
16338,0.34819799578017724
16339,0.34819799578017724
16340,0.34819799578017724
16341,0.34819799578017724
16342,0.34819799578017724
16343,0.34819799578017724
16344,0.34819799578017724
16345,0.34819799578017724
16346,0.34819799578017724
16347,0.34819799578017724
16348,0.34819799578017724
16349,0.34819799578017724
16350,0.34819799578017724
16351,0.34819799578017724
16352,0.34819799578017724
16353,0.34819799578017724
16354,0.34819799578017724
16355,0.34819799578017724
16356,0.34819799578017724
16357,0.34819799578017724
16358,0.34819799578017724
16359,0.34819799578017724
16360,0.34819799578017724
16361,0.34819799578017724
16362,0.34819799578017724
16363,0.34819799578017724
16364,0.34819799578017724
16365,0.34819799578017724
16366,0.34819799578017724
16367,0.34819799578017724
16368,0.34819799578017724
16369,0.34819799578017724
16370,0.34819799578017724
16371,0.34819799578017724
16372,0.34819799578017724
16373,0.34819799578017724
16374,0.34819799578017724
16375,0.34819799578017724
16376,0.34819799578017724
16377,0.34819799578017724
16378,0.34819799578017724
16379,0.34819799578017724
16380,0.34819799578017724
16381,0.34819799578017724
16382,0.34819799578017724
16383,0.34819799578017724
16384,0.34819799578017724
16385,0.34819799578017724
16386,0.34819799578017724
16387,0.34819799578017724
16388,0.34819799578017724
16389,0.34819799578017724
16390,0.34819799578017724
16391,0.34819799578017724
16392,0.34819799578017724
16393,0.34819799578017724
16394,0.34819799578017724
16395,0.34819799578017724
16396,0.34819799578017724
16397,0.34819799578017724
16398,0.34819799578017724
16399,0.34819799578017724
16400,0.34819799578017724
16401,0.34819799578017724
16402,0.34819799578017724
16403,0.34819799578017724
16404,0.34819799578017724
16405,0.34819799578017724
16406,0.34819799578017724
16407,0.34819799578017724
16408,0.34819799578017724
16409,0.34819799578017724
16410,0.34819799578017724
16411,0.34819799578017724
16412,0.34819799578017724
16413,0.34819799578017724
16414,0.34819799578017724
16415,0.34819799578017724
16416,0.34819799578017724
16417,0.34819799578017724
16418,0.34819799578017724
16419,0.34819799578017724
16420,0.34819799578017724
16421,0.34819799578017724
16422,0.34819799578017724
16423,0.34819799578017724
16424,0.34819799578017724
16425,0.34819799578017724
16426,0.34819799578017724
16427,0.34819799578017724
16428,0.34819799578017724
16429,0.34819799578017724
16430,0.34819799578017724
16431,0.34819799578017724
16432,0.34819799578017724
16433,0.34819799578017724
16434,0.34819799578017724
16435,0.34819799578017724
16436,0.34819799578017724
16437,0.34819799578017724
16438,0.34819799578017724
16439,0.34819799578017724
16440,0.34819799578017724
16441,0.34819799578017724
16442,0.34819799578017724
16443,0.34819799578017724
16444,0.34819799578017724
16445,0.34819799578017724
16446,0.34819799578017724
16447,0.34819799578017724
16448,0.34819799578017724
16449,0.34819799578017724
16450,0.34819799578017724
16451,0.34819799578017724
16452,0.34819799578017724
16453,0.34819799578017724
16454,0.34819799578017724
16455,0.34819799578017724
16456,0.34819799578017724
16457,0.34819799578017724
16458,0.34819799578017724
16459,0.34819799578017724
16460,0.34819799578017724
16461,0.34819799578017724
16462,0.34819799578017724
16463,0.34819799578017724
16464,0.34819799578017724
16465,0.34819799578017724
16466,0.34819799578017724
16467,0.34819799578017724
16468,0.34819799578017724
16469,0.34819799578017724
16470,0.34819799578017724
16471,0.34819799578017724
16472,0.34819799578017724
16473,0.34819799578017724
16474,0.34819799578017724
16475,0.34819799578017724
16476,0.34819799578017724
16477,0.34819799578017724
16478,0.34819799578017724
16479,0.34819799578017724
16480,0.34819799578017724
16481,0.34819799578017724
16482,0.34819799578017724
16483,0.34819799578017724
16484,0.34819799578017724
16485,0.34819799578017724
16486,0.34819799578017724
16487,0.34819799578017724
16488,0.34819799578017724
16489,0.34819799578017724
16490,0.34819799578017724
16491,0.34819799578017724
16492,0.34819799578017724
16493,0.34819799578017724
16494,0.34819799578017724
16495,0.34819799578017724
16496,0.34819799578017724
16497,0.34819799578017724
16498,0.34819799578017724
16499,0.34819799578017724
16500,0.34819799578017724
16501,0.34819799578017724
16502,0.34819799578017724
16503,0.34819799578017724
16504,0.34819799578017724
16505,0.34819799578017724
16506,0.34819799578017724
16507,0.34819799578017724
16508,0.34819799578017724
16509,0.34819799578017724
16510,0.34819799578017724
16511,0.34819799578017724
16512,0.34819799578017724
16513,0.34819799578017724
16514,0.34819799578017724
16515,0.34819799578017724
16516,0.34819799578017724
16517,0.34819799578017724
16518,0.34819799578017724
16519,0.34819799578017724
16520,0.34819799578017724
16521,0.34819799578017724
16522,0.34819799578017724
16523,0.34819799578017724
16524,0.34819799578017724
16525,0.34819799578017724
16526,0.34819799578017724
16527,0.34819799578017724
16528,0.34819799578017724
16529,0.34819799578017724
16530,0.34819799578017724
16531,0.34819799578017724
16532,0.34819799578017724
16533,0.34819799578017724
16534,0.34819799578017724
16535,0.34819799578017724
16536,0.34819799578017724
16537,0.34819799578017724
16538,0.34819799578017724
16539,0.34819799578017724
16540,0.34819799578017724
16541,0.34819799578017724
16542,0.34819799578017724
16543,0.34819799578017724
16544,0.34819799578017724
16545,0.34819799578017724
16547,0.35196578400002704
16568,0.3170488584394436
16569,0.3420419023939541
16570,0.31703513243140113
16571,0.34722318959202997
16572,0.3335783125080223
16573,0.35018693571800724
16574,0.3410407793206561
16601,0.5178346227106054
16615,0.29443668201939666
16616,0.5355959316821932
16617,0.4685260971033196
16618,0.3681888306217589
16620,0.3512680762134797
16621,0.4542299678386572
16622,0.3319408946840808
16623,0.33500998770670287
16625,0.3091238518142493
16644,0.25189955885054816
16645,0.47048248743867366
16646,0.45757698122509183
16647,0.432492094959736
16648,0.3618842321705532
16652,0.4891952323785738
16661,0.17403416994457446
16662,0.17403416994457446
16663,0.17403416994457446
16664,0.17403416994457446
16665,0.17403416994457446
16666,0.17403416994457446
16667,0.17403416994457446
16668,0.17403416994457446
16669,0.17403416994457446
16670,0.29168218488920505
16671,0.29168218488920505
16672,0.29168218488920505
16673,0.29168218488920505
16674,0.29168218488920505
16675,0.29168218488920505
16676,0.29168218488920505
16677,0.29168218488920505
16678,0.29168218488920505
16700,0.13370821743461211
16701,0.13370821743461211
16702,0.13370821743461211
16703,0.13370821743461211
16704,0.13370821743461211
16705,0.13370821743461211
16706,0.13370821743461211
16707,0.13370821743461211
16708,0.3589168144470381
16709,0.3589168144470381
16710,0.3589168144470381
16711,0.3589168144470381
16712,0.3589168144470381
16713,0.3589168144470381
16714,0.3589168144470381
16715,0.3589168144470381
16716,0.3589168144470381
16717,0.3589168144470381
16718,0.3589168144470381
16719,0.3589168144470381
16720,0.3589168144470381
16721,0.3589168144470381
16722,0.3589168144470381
16723,0.3831173559506591
16724,0.3831173559506591
16725,0.3831173559506591
16726,0.3831173559506591
16727,0.3831173559506591
16728,0.3831173559506591
16729,0.3831173559506591
16730,0.3831173559506591
16731,0.3831173559506591
16732,0.3831173559506591
16733,0.3831173559506591
16734,0.3831173559506591
16735,0.3831173559506591
16736,0.3831173559506591
16737,0.3831173559506591
16738,0.28515547581194056
16739,0.28515547581194056
16740,0.28515547581194056
16741,0.28515547581194056
16742,0.28515547581194056
16743,0.28515547581194056
16744,0.28515547581194056
16745,0.28515547581194056
16746,0.28515547581194056
16747,0.28515547581194056
16748,0.28515547581194056
16749,0.28515547581194056
16750,0.28515547581194056
16751,0.28515547581194056
16752,0.28515547581194056
16753,0.3463092894176251
16754,0.3463092894176251
16755,0.3463092894176251
16756,0.3463092894176251
16757,0.3463092894176251
16758,0.3463092894176251
16759,0.3463092894176251
16760,0.3463092894176251
16761,0.3463092894176251
16762,0.3463092894176251
16763,0.3463092894176251
16764,0.3463092894176251
16765,0.3463092894176251
16766,0.3463092894176251
16767,0.3463092894176251
16768,0.377360443919452
16769,0.377360443919452
16770,0.377360443919452
16771,0.377360443919452
16772,0.377360443919452
16773,0.377360443919452
16774,0.377360443919452
16775,0.377360443919452
16776,0.377360443919452
16777,0.377360443919452
16778,0.11419901189548612
16779,0.11419901189548612
16780,0.11419901189548612
16781,0.11419901189548612
16782,0.18516215000239306
16783,0.18516215000239306
16784,0.18516215000239306
16785,0.18516215000239306
16786,0.20241393732917098
16787,0.20241393732917098
16788,0.20241393732917098
16789,0.20241393732917098
16801,0.514390193902402
16802,0.5179604109961641
16803,0.5124739915274971
16811,0.28593736628743116
16812,0.4825971639260765
16813,0.28593736628743116
16814,0.4825971639260765
16853,0.0926734032632463
16854,0.0926734032632463
16855,0.0926734032632463
16856,0.0926734032632463
16857,0.0926734032632463
16858,0.0926734032632463
16859,0.0926734032632463
16860,0.0926734032632463
16861,0.0926734032632463
16862,0.0926734032632463
16863,0.0926734032632463
16864,0.0926734032632463
16865,0.3228720920203149
16866,0.26271425633570733
16867,0.22522558711671958
16868,0.23167326517906223
16869,0.23808404747826378
16870,0.25470441736157967
16871,0.26357616467511735
16872,0.2779646455262444
16873,0.34968433067952903
16874,0.34968439
16875,0.3496843586617079
16876,0.22756897304812276
16878,0.22756897304812276
16879,0.22756897304812276
16893,0.1164924845761495
16906,0.26782088284120886
16908,0.26782088284120886
16972,0.34968439
16973,0.34968439
16974,0.21563590918768402
16975,0.10611886796921807
16976,0.08378796678222755
16977,0.08938027111687574
16978,0.14920582710494618
16979,0.16099618061595533
16980,0.13304474566452595
16981,0.16070893695015237
16982,0.09849725577077878
16983,0.2857648206877813
16984,0.10611886796921807
16985,0.08378796678222755
16986,0.08938027111687574
16987,0.14920582710494618
16988,0.16099618061595533
16989,0.13304474566452595
16990,0.16070893695015237
16991,0.09849725577077878
16992,0.2857648206877813
16993,0.2789823606257926
16994,0.245709622152598
16995,0.3082499572311132
16996,0.23056677386015723
16997,0.25971886461020927
16998,0.1593531184888153
16999,0.2616107745052625
17000,0.28985925478247754
17001,0.23098316779209155
17002,0.19535828482907863
17003,0.2902593732970338
17004,0.21373010147421412
17005,0.14999194229639545
17006,0.18690023774431846
17007,0.32837111568387556
17008,0.2574032046773397
17009,0.2249143595977271
17010,0.2570307847006042
17011,0.17826057706848378
17012,0.2078022994774962
17013,0.23699182946919958
17014,0.18155081557558903
17015,0.22756854407705696
17016,0.22340097079502164
17017,0.20011910309104483
17018,0.26681746554518787
17019,0.2128390401391963
17022,0.552947094046187
17023,0.5298944674193218
17030,0.40669436166803075
17031,0.4074148258998617
17032,0.4062209813182779
17033,0.4090742872646363
17034,0.41052063593171806
17035,0.4081071771357075
17044,0.37855694686216673
17045,0.2994289075147748
17046,0.40507872158939967
17047,0.2773116865728588
17048,0.2346986583261177
17049,0.40768284645705793
17050,0.343043024243177
17051,0.3414953505439236
17052,0.40768284645705793
17053,0.40768284645705793
17054,0.40768284645705793
17055,0.40768284645705793
17056,0.40768284645705793
17057,0.343043024243177
17058,0.343043024243177
17059,0.343043024243177
17060,0.343043024243177
17061,0.343043024243177
17070,0.17865965598479944
17085,0.2374732712894727
17091,0.47190512085300357
17092,0.6408686427162904
17093,0.47190512085300357
17096,0.5187662945991444
17098,0.5183753954325439
17099,0.4734105741619947
17100,0.5187662945991444
17101,0.5038548715855375
17106,0.7490660807448923
17107,0.7490660807448923
17108,0.7490660807448923
17131,0.7041088152710875
17132,0.701608701735667
17141,0.5874584402893033
17142,0.5918562729815223
17143,0.6006014414104576
17144,0.6329470485886084
17145,0.6088374331089641
17157,0.4951842658878807
17158,0.39910412070241486
17159,0.4929116598607208
17160,0.37545443090325775
17161,0.40602256423387895
17162,0.5184524415154997
17163,0.49559085030079475
17164,0.4185900913621193
17165,0.4283749997141917
17166,0.5303327081900342
17167,0.5760529144998222
17168,0.33679881557995645
17169,0.33679881557995645
17170,0.33679881557995645
17171,0.33679881557995645
17172,0.33679881557995645
17173,0.33679881557995645
17174,0.33679881557995645
17175,0.33679881557995645
17176,0.33679881557995645
17177,0.33679881557995645
17178,0.33679881557995645
17179,0.33679881557995645
17180,0.43462089649630553
17181,0.43462089649630553
17182,0.43462089649630553
17183,0.43462089649630553
17184,0.43462089649630553
17185,0.43462089649630553
17186,0.43462089649630553
17187,0.43462089649630553
17188,0.43462089649630553
17189,0.43462089649630553
17190,0.43462089649630553
17191,0.43462089649630553
17192,0.42372308117473
17193,0.42372308117473
17194,0.42372308117473
17195,0.42372308117473
17196,0.42372308117473
17197,0.42372308117473
17198,0.42372308117473
17199,0.42372308117473
17200,0.42372308117473
17201,0.42372308117473
17202,0.42372308117473
17203,0.42372308117473
17204,0.40813772009823673
17205,0.40813772009823673
17206,0.40813772009823673
17207,0.40813772009823673
17208,0.40813772009823673
17209,0.40813772009823673
17210,0.40813772009823673
17211,0.40813772009823673
17212,0.40813772009823673
17213,0.40813772009823673
17214,0.40813772009823673
17215,0.40813772009823673
17216,0.5161673949660454
17217,0.5161673949660454
17218,0.5161673949660454
17219,0.5161673949660454
17220,0.5161673949660454
17221,0.5161673949660454
17222,0.5161673949660454
17223,0.5161673949660454
17224,0.5161673949660454
17225,0.5161673949660454
17226,0.5161673949660454
17227,0.5161673949660454
17228,0.5177438926362683
17229,0.5177438926362683
17230,0.5177438926362683
17231,0.5177438926362683
17232,0.5177438926362683
17233,0.5177438926362683
17234,0.5177438926362683
17235,0.5177438926362683
17236,0.5177438926362683
17237,0.5177438926362683
17238,0.5177438926362683
17239,0.5177438926362683
17240,0.5816672573500197
17241,0.5816672573500197
17242,0.5816672573500197
17243,0.5816672573500197
17244,0.5816672573500197
17245,0.5816672573500197
17246,0.5816672573500197
17247,0.5816672573500197
17248,0.5816672573500197
17249,0.5816672573500197
17250,0.5816672573500197
17251,0.5816672573500197
17259,0.5038693277912155
17274,0.6680146622550436
17275,0.6129505856708051
17276,0.5508029468121065
17277,0.6640706797428301
17278,0.7600781230783911
17279,0.7481954276076243
17280,0.7768158452713684
17288,0.41236710095297036
17289,0.6002894280284663
17290,0.5943775191912425
17291,0.41236710095297036
17292,0.6002894280284663
17293,0.5943775191912425
17294,0.41236710095297036
17295,0.6002894280284663
17296,0.5943775191912425
17297,0.32088876007718503
17298,0.4864316029206074
17299,0.3243579093175969
17300,0.3196742981282825
17301,0.32088876007718503
17302,0.4864316029206074
17303,0.3243579093175969
17304,0.3196742981282825
17305,0.39632908256064814
17306,0.4245265174393835
17307,0.4245265174393835
17318,0.504238832331217
17319,0.4403367124110606
17320,0.47849802616660564
17331,0.5514810668037073
17332,0.7549660153319059
17333,0.282099993158046
17334,0.23438044298623642
17335,0.28787803831458103
17336,0.26488954960150424
17365,0.39747462728898386
17366,0.38797829427157793
17367,0.3291500089084554
17368,0.3864880913727154
17369,0.3369590884299248
17370,0.29798803897924475
17371,0.4500172458203921
17372,0.3469736865009201
17373,0.32882442729862177
17374,0.3248370574760332
17375,0.31950528959406554
17376,0.33527621934835
17377,0.3851759075082301
17378,0.3056053034409023
17379,0.4803359698859826
17380,0.491091408594087
17381,0.5749575515195399
17382,0.26263681594124766
17383,0.24848990694786177
17384,0.19569138139441186
17385,0.20927554405686372
17406,0.38507705225369016
17407,0.34968439
17411,0.5844624434366495
17412,0.5844624434366495
17413,0.4112938860284474
17414,0.43247520003146545
17415,0.4016200934334085
17416,0.45293356077924884
17417,0.4201756255439215
17418,0.38873935478242844
17419,0.46750182668894474
17424,0.37147234416586633
17425,0.49945243369191783
17426,0.49945243369191783
17427,0.3761106301545467
17464,0.14525586451304578
17465,0.14525586451304578
17466,0.14364440280481264
17467,0.14364440280481264
17474,0.36352841990024726
17544,0.5214271714824532
17545,0.5214271714824532
17546,0.5214271714824532
17605,0.28752225141319443
17606,0.381623830445627
17607,0.254182204722019
17608,0.3960254564671956
17609,0.3717881703909148
17644,0.03450863788776393
17645,0.03450863788776393
17646,0.03450863788776393
17647,0.03450863788776393
17648,0.03450863788776393
17674,0.3845270068067903
17675,0.3741640537551153
17695,0.3031078321304385
17696,0.3031078321304385
17698,0.3459259452572633
17699,0.3459259452572633
17700,0.3459259452572633
17702,0.35569576497392597
17703,0.35569576497392597
17704,0.35569576497392597
17706,0.22727001967131455
17707,0.22727001967131455
17709,0.3492475006498928
17710,0.3492475006498928
17711,0.3492475006498928
17870,0.38639979347670084
17871,0.372209934771062
17898,0.8264263880741478
17899,0.6008620401617104
17900,0.548077754941284
17901,0.4562047693302017
17902,0.8264263880741478
17903,0.6008620401617104
17904,0.548077754941284
17905,0.4562047693302017
17906,0.8264263880741478
17907,0.6008620401617104
17908,0.548077754941284
17909,0.4562047693302017
17910,0.8264263880741478
17911,0.6008620401617104
17912,0.548077754941284
17913,0.4562047693302017
17914,0.8264263880741478
17915,0.6008620401617104
17916,0.548077754941284
17917,0.4562047693302017
17918,0.2631873890669644
17919,0.3011771689745673
17920,0.3340919477976052
17921,0.37361343864825997
17922,0.41275244196101585
17923,0.42078389495602986
17998,0.6267982000474249
17999,0.627239124276284
18000,0.6066221444125726
18001,0.6303894956593328
18002,0.6364011264350513
18003,0.6410593836274172
18004,0.6372977077626488
18005,0.5904430869159988
18006,0.5837350091091678
18007,0.6215914774557195
18008,0.6267982000474249
18009,0.627239124276284
18010,0.6066221444125726
18011,0.6303894956593328
18012,0.6364011264350513
18013,0.6410593836274172
18014,0.6372977077626488
18015,0.5904430869159988
18016,0.5837350091091678
18017,0.6215914774557195
18018,0.6267982000474249
18019,0.627239124276284
18020,0.6066221444125726
18021,0.6303894956593328
18022,0.6364011264350513
18023,0.6410593836274172
18024,0.6372977077626488
18025,0.5904430869159988
18026,0.5837350091091678
18027,0.6215914774557195
18028,0.6267982000474249
18029,0.627239124276284
18030,0.6066221444125726
18031,0.6303894956593328
18032,0.6364011264350513
18033,0.6410593836274172
18034,0.6372977077626488
18035,0.5904430869159988
18036,0.5837350091091678
18037,0.6215914774557195
18050,0.13398177924216878
18051,0.13398177924216878
18052,0.06616294093547403
18083,0.173817714097478
18084,0.173817714097478
18086,0.173817714097478
18087,0.173817714097478
18088,0.173817714097478
18094,0.13398177924216878
18095,0.13398177924216878
18097,0.13398177924216878
18193,0.419377507926161
18194,0.419377507926161
18195,0.419377507926161
18196,0.419377507926161
18197,0.419377507926161
18198,0.419377507926161
18199,0.28762613635653944
18200,0.28762613635653944
18202,0.28762613635653944
18203,0.28762613635653944
18204,0.28762613635653944
18205,0.43525885891795874
18206,0.43525885891795874
18208,0.43525885891795874
18209,0.43525885891795874
18210,0.43525885891795874
18211,0.5661672644283138
18212,0.5661672644283138
18214,0.5661672644283138
18215,0.5661672644283138
18216,0.5661672644283138
18217,0.3821134266300579
18218,0.3821134266300579
18220,0.3821134266300579
18221,0.3821134266300579
18222,0.3821134266300579
18223,0.4582704905150315
18224,0.4582704905150315
18226,0.4582704905150315
18227,0.4582704905150315
18228,0.4582704905150315
18229,0.1856299442394658
18230,0.1856299442394658
18232,0.1856299442394658
18233,0.1856299442394658
18234,0.1856299442394658
18235,0.15973186353198476
18236,0.15973186353198476
18238,0.15973186353198476
18239,0.15973186353198476
18240,0.15973186353198476
18241,0.26099190130598987
18242,0.26099190130598987
18244,0.26099190130598987
18245,0.26099190130598987
18246,0.26099190130598987
18247,0.5055310790646341
18248,0.5055310790646341
18250,0.5055310790646341
18251,0.5055310790646341
18252,0.5055310790646341
18253,0.25635707857001677
18254,0.25635707857001677
18256,0.25635707857001677
18257,0.25635707857001677
18258,0.25635707857001677
18259,0.3877938510626136
18260,0.3877938510626136
18262,0.3877938510626136
18263,0.3877938510626136
18264,0.3877938510626136
18265,0.419377507926161
18266,0.28762613635653944
18267,0.43525885891795874
18268,0.5661672644283138
18269,0.3821134266300579
18270,0.4582704905150315
18271,0.1856299442394658
18272,0.15973186353198476
18273,0.26099190130598987
18274,0.5055310790646341
18275,0.25635707857001677
18276,0.3877938510626136
18300,0.49055231213208184
18301,0.4524065940398865
18302,0.41563773628916406
18303,0.5920248202977878
18304,0.5071455386335412
18305,0.47837551131730877
18306,0.47984619657965377
18307,0.45398729844099794
18308,0.4312306059616835
18309,0.41130183223159766
18310,0.39493496144390694
18311,0.3809609752938212
18312,0.3719087499645872
18313,0.36241920782227355
18314,0.349775167033723
18315,0.34790969415397044
18316,0.36464910318068444
18317,0.5071455386335412
18318,0.47837551131730877
18319,0.47984619657965377
18320,0.45398729844099794
18321,0.4312306059616835
18322,0.41130183223159766
18323,0.39493496144390694
18324,0.3809609752938212
18325,0.3719087499645872
18326,0.36241920782227355
18327,0.349775167033723
18328,0.34790969415397044
18329,0.36464910318068444
18363,0.49651557525698375
18364,0.49651557525698375
18365,0.49651557525698375
18366,0.5630389500606101
18367,0.5630389500606101
18368,0.5630389500606101
18369,0.49651557525698375
18370,0.5630389500606101
18372,0.2992920263533582
18382,0.2992920263533582
18392,0.2992920263533582
18402,0.2992920263533582
18411,0.2992920263533582
18414,0.22551018160857736
18415,0.2595756130425304
18416,0.37321602569260115
18417,0.7203073722967775
18418,0.5123021907098873
18419,0.8403344082124808
18420,0.4424891599053402
18421,0.5034926785054599
18422,0.26510986378302465
18425,0.37491792399602425
18432,0.4996302343555691
18433,0.2761996610923519
18434,0.5960172662414814
18435,0.6603711065732822
18436,0.5954498485903136
18437,0.5123891643278444
18438,0.3963747286318254
18439,0.34003107001989746
18440,0.4996302343555691
18441,0.2761996610923519
18442,0.37491792399602425
18443,0.5960172662414814
18444,0.6603711065732822
18445,0.5954498485903136
18446,0.34003107001989746
18447,0.4996302343555691
18448,0.2761996610923519
18449,0.37491792399602425
18450,0.5123891643278444
18451,0.3963747286318254
18452,0.4996302343555691
18453,0.2761996610923519
18454,0.37491792399602425
18455,0.5960172662414814
18456,0.6603711065732822
18457,0.5954498485903136
18458,0.5123891643278444
18459,0.3963747286318254
18460,0.34003107001989746
18461,0.4996302343555691
18462,0.2761996610923519
18463,0.37491792399602425
18464,0.5960172662414814
18465,0.6603711065732822
18466,0.5954498485903136
18467,0.5123891643278444
18468,0.3963747286318254
18469,0.34003107001989746
18470,0.4996302343555691
18471,0.2761996610923519
18472,0.4996302343555691
18473,0.2761996610923519
18474,0.37491792399602425
18490,0.412094890762551
18491,0.5093420200016688
18492,0.4775043942138018
18493,0.36863906759559295
18518,0.23807699807794158
18528,0.4557196142505456
18548,0.8316358312157001
18549,0.6997313401533602
18550,0.8246240154126977
18551,0.6314023206089254
18552,0.8383629633868722
18553,0.7354164817670784
18554,0.45058840854331295
18555,0.41941087180973713
18564,0.8316358312157001
18565,0.6997313401533602
18566,0.8246240154126977
18567,0.6314023206089254
18568,0.8383629633868722
18569,0.7354164817670784
18570,0.45058840854331295
18571,0.41941087180973713
18611,0.2774235151394736
18612,0.28965098167987213
18614,0.22476886404462182
18615,0.2662502083981557
18616,0.18391361675650608
18619,0.3177174948166818
18621,0.21631756847833364
18622,0.405090039897497
18624,0.14368132100865244
18628,0.3585662670401942
18630,0.12821420624051788
18649,0.6513114336458627
18650,0.7078124285960761
18651,0.3356064616298941
18652,0.3356064616298941
18654,0.3356064616298941
18655,0.3356064616298941
18660,0.10790224622407418
18661,0.10790224622407418
18668,0.21972892052617027
18697,0.2871124688235254
18699,0.35039851847869635
18700,0.35039851847869635
18701,0.35039851847869635
18702,0.34852145268907764
18703,0.34852145268907764
18704,0.34852145268907764
18705,0.3515851000662829
18706,0.3515851000662829
18707,0.3515851000662829
18708,0.2871124688235254
18709,0.2871124688235254
18710,0.2871124688235254
18711,0.3479187629264213
18712,0.3837866732306413
18713,0.3607990336539594
18714,0.323997536303614
18715,0.349015472174869
18716,0.3607990336539594
18717,0.3607990336539594
18718,0.3607990336539594
18719,0.3607990336539594
18721,0.3607990336539594
18723,0.3479187629264213
18724,0.3479187629264213
18725,0.323997536303614
18726,0.323997536303614
18727,0.349015472174869
18728,0.349015472174869
18747,0.28559376010615783
18748,0.28559376010615783
18749,0.28559376010615783
18750,0.28559376010615783
18751,0.28559376010615783
18752,0.28559376010615783
18777,0.21701493119841703
18778,0.21701493119841703
18779,0.21701493119841703
18780,0.21701493119841703
18782,0.21701493119841703
18783,0.16302550887763387
18784,0.16302550887763387
18785,0.16302550887763387
18786,0.16302550887763387
18788,0.16302550887763387
18789,0.20016533482526333
18790,0.20016533482526333
18791,0.20016533482526333
18792,0.20016533482526333
18794,0.20016533482526333
18795,0.045935498078149284
18796,0.045935498078149284
18797,0.045935498078149284
18798,0.045935498078149284
18800,0.045935498078149284
18801,0.15608656768920956
18802,0.15608656768920956
18803,0.15608656768920956
18804,0.15608656768920956
18806,0.15608656768920956
18807,0.21701493119841703
18808,0.16302550887763387
18809,0.20016533482526333
18810,0.045935498078149284
18811,0.15608656768920956
18986,0.411267108060123
18987,0.353596098406997
18988,0.34892397904834915
18989,0.443221786717991
19053,0.26521323896760324
19055,0.270774122873242
19057,0.3227711586564037
19059,0.30405668301295086
19069,0.2979315049881511
19072,0.17040179486887533
19073,0.17040179486887533
19079,0.5187383262712865
19084,0.351358813584071
19085,0.3526114710250999
19086,0.3466793883468573
19087,0.3526485206935781
19088,0.35258854646029814
19108,0.33176975824649385
19109,0.3414304025368301
19110,0.4503549047311385
19112,0.13466062294360037
19114,0.19584798417623814
19116,0.22558875571084047
19120,0.19584798417623814
19122,0.22558875571084047
19125,0.3431457872574898
19126,0.23351546102530718
19129,0.16571547521010124
19130,0.17926166217133907
19132,0.3421626088665902
19138,0.3431457872574898
19144,0.3784775942435838
19145,0.3421626088665902
19146,0.36733115328048715
19147,0.37874643236811706
19148,0.40363634806871396
19149,0.4089778060924149
19158,0.23912076469825563
19159,0.2849312498617614
19160,0.31594553997069424
19161,0.35572157246452896
19162,0.38628678406412637
19163,0.42689205278624487
19164,0.4024286971137026
19165,0.3414005093930395
19166,0.35414022644752025
19167,0.4445286485836919
19168,0.3921215314645747
19169,0.36386646849240467
19172,0.40824850237355825
19173,0.4854666833132973
19174,0.33577807075493565
19177,0.48843816231308346
19179,0.37903199933807635
19181,0.41698285492604437
19183,0.3821797355424626
19184,0.4754591196422911
19185,0.41414627378076935
19186,0.3771685625290838
19187,0.3390432273068474
19188,0.3274445210809875
19189,0.2436255515115543
19190,0.2348789922213721
19191,0.22718138124043183
19192,0.30704770867985764
19193,0.22640804166024753
19194,0.4286084730653308
19195,0.47927418451389814
19196,0.3400029797672966
19197,0.352945462476186
19198,0.4935928009721473
19199,0.37031215590053157
19219,0.49035240353728865
19220,0.43731514580455944
19221,0.47529811113483633
19222,0.5307848040815757
19223,0.4985617927192314
19224,0.4257909844596853
19225,0.4692425276816106
19226,0.401276606643708
19243,0.3244939924009814
19287,0.2623204305102669
19288,0.26231645471710474
19289,0.261861486375776
19296,0.4825419765890321
19297,0.48266416145599406
19298,0.4827658734948965
19299,0.34537359249429006
19300,0.3422249684143628
19301,0.3422519462398614
19302,0.4245343353579907
19303,0.42566241552307543
19304,0.4268556711993264
19305,0.5349434504216718
19306,0.5267936343112226
19307,0.5158288316196443
19308,0.44037255461539526
19309,0.4440941216528018
19310,0.44399796406579006
19311,0.4287389239133222
19312,0.42855250499771136
19313,0.4288391091506067
19314,0.4825419765890321
19315,0.48266416145599406
19316,0.4827658734948965
19317,0.34537359249429006
19318,0.3422249684143628
19319,0.3422519462398614
19320,0.4245343353579907
19321,0.42566241552307543
19322,0.4268556711993264
19325,0.4609645708615245
19328,0.18571569201027838
19388,0.437116079875505
19389,0.39407488719247347
19390,0.36555834000908716
19391,0.33086888469196274
19392,0.3734562776058863
19393,0.2868894929267133
19394,0.33446362667832086
19395,0.34316046178494997
19396,0.43006723243786643
19397,0.36724888496764196
19412,0.10121331083048299
19413,0.11995560751123166
19414,0.15570243869911166
19415,0.21433401632129906
19416,0.07587451107411303
19417,0.15001071429940416
19418,0.146253324725481
19419,0.2714336076973783
19420,0.13162739519705888
19421,0.342080664472737
19422,0.33358837519377044
19423,0.343065460467048
19424,0.2686336675241008
19425,0.3532452158881451
19426,0.3290246363626357
19427,0.29708583998415394
19428,0.28740304104278963
19438,0.19954534073845032
19444,0.36755689663152574
19466,0.26013735935629445
19467,0.2088890630479149
19468,0.22475265906406705
19469,0.230209821085159
19470,0.27544493879055
19471,0.1113233716854106
19472,0.09071066546796169
19473,0.20729852534459586
19474,0.3117335819009107
19475,0.25218977026219985
19476,0.26503500438253125
19477,0.28232826952232215
19478,0.28135943998475493
19479,0.27096518788499724
19480,0.2569912384247761
19481,0.23163212016849943
19482,0.24500741794109132
19483,0.24364348874452524
19484,0.2545749138503878
19485,0.2691775387930446
19486,0.26433241113559514
19487,0.2494145189942143
19492,0.2360352795516366
19494,0.24364348874452524
19510,0.4281248775694568
19517,0.4510676022875896
19518,0.28139129597928725
19519,0.5469705077453558
19520,0.4917959023526125
19521,0.30283532680277414
19522,0.5661788989546546
19523,0.4510676022875896
19524,0.28139129597928725
19525,0.5469705077453558
19526,0.4917959023526125
19527,0.30283532680277414
19528,0.5661788989546546
19529,0.4510676022875896
19530,0.28139129597928725
19531,0.5469705077453558
19532,0.4917959023526125
19533,0.30283532680277414
19534,0.5661788989546546
19535,0.25982166135389684
19536,0.18526229045712564
19537,0.1283464399565756
19538,0.1312851160620777
19539,0.09331105250999627
19540,0.11678265760169299
19541,0.12662057526688186
19542,0.16385753581200546
19543,0.1556660727016327
19544,0.13751757739191894
19545,0.12075582049402911
19546,0.1364564488479809
19547,0.18173651401340266
19549,0.48874347533370227
19550,0.48874347533370227
19551,0.48874347533370227
19552,0.48874347533370227
19553,0.48874347533370227
19555,0.488747688124241
19556,0.488747688124241
19557,0.488747688124241
19558,0.488747688124241
19559,0.488747688124241
19560,0.4354495596613578
19561,0.4365329826071516
19562,0.3725579952440631
19563,0.3725504368158255
19570,0.3440693483155492
19577,0.3440693483155492
19596,0.11387590097247857
19603,0.42790070855615236
19604,0.42790070855615236
19606,0.42790070855615236
19607,0.42790070855615236
19608,0.6749309589958048
19609,0.6749309589958048
19611,0.6749309589958048
19612,0.6749309589958048
19613,0.6251057150804147
19614,0.6251057150804147
19616,0.6251057150804147
19617,0.6251057150804147
19618,0.5287305518484129
19619,0.5287305518484129
19621,0.5287305518484129
19622,0.5287305518484129
19623,0.3385064579935493
19624,0.3385064579935493
19626,0.3385064579935493
19627,0.3385064579935493
19633,0.5337224301284765
19634,0.3947919522778165
19638,0.38680190124278424
19639,0.3449369150741309
19640,0.3389248446887865
19641,0.37728083262645906
19656,0.19584798417623814
19657,0.22558875571084047
19676,0.5420481221564578
19680,0.5928662559331824
19684,0.29798341177799315
19696,0.3414388455838099
19697,0.34341291911250255
19698,0.3433587970248068
19699,0.11838051388800516
19700,0.32062000167087645
19701,0.19622545653245088
19702,0.3433587970248068
19703,0.3433587970248068
19704,0.3433587970248068
19710,0.6099434188778761
19721,0.4808904507887566
19729,0.36302162582681446
19730,0.5800855056529386
19738,0.36302162582681446
19739,0.5800855056529386
19801,0.29961587122396577
19802,0.4886578369750409
19803,0.25838857481880817
19804,0.427117461111175
19805,0.597460856990356
19806,0.5642521455580283
19807,0.5091956650069829
19808,0.5754576853268238
19809,0.5693292380573932
19810,0.5541944507650233
19811,0.4941842498628182
19812,0.3843237039017002
19813,0.31261663038848997
19814,0.34444545392260045
19815,0.5225097014438921
19816,0.14265056857106329
19905,0.36679466846380576
19909,0.345588678344879
19912,0.3136086546926613
19920,0.30603243389730567
19921,0.30603243389730567
19922,0.30603243389730567
19923,0.30603243389730567
19924,0.30603243389730567
19925,0.30603243389730567
19979,0.09426094526228801
19980,0.44042312989428634
19981,0.44042312989428634
19982,0.44042312989428634
19983,0.44042312989428634
19984,0.44042312989428634
19985,0.44042312989428634
19986,0.44042312989428634
19987,0.44042312989428634
19988,0.44042312989428634
19989,0.44042312989428634
19990,0.44042312989428634
19991,0.44042312989428634
19992,0.41104838753406014
19993,0.41104838753406014
19994,0.41104838753406014
19995,0.41104838753406014
19996,0.41104838753406014
19997,0.41104838753406014
19998,0.41104838753406014
19999,0.41104838753406014
20000,0.41104838753406014
20001,0.41104838753406014
20002,0.41104838753406014
20003,0.41104838753406014
20004,0.3915058464471297
20005,0.3915058464471297
20006,0.3915058464471297
20007,0.3915058464471297
20008,0.3915058464471297
20009,0.3915058464471297
20010,0.3915058464471297
20011,0.3915058464471297
20012,0.3915058464471297
20013,0.3915058464471297
20014,0.3915058464471297
20015,0.3915058464471297
20020,0.5952865452989673
20028,0.40022416988596743
20034,0.23895260867592422
20035,0.2633577062578298
20040,0.3112942015163293
20041,0.32023207156345107
20043,0.343920943674175
20044,0.4700281141815041
20045,0.2398488986849316
20046,0.20410822370099801
20047,0.2589365035753073
20048,0.2633577062578298
20049,0.5484458923392095
20050,0.2978606880846005
20051,0.25859003301916145
20052,0.377027835800827
20053,0.2954654966006849
20054,0.319001994001158
20064,0.4585147133004362
20071,0.2080140381554635
20072,0.19664897871780168
20073,0.35250447918039174
20074,0.2214623827572399
20097,0.22066996804509328
20122,0.49966054263274157
20123,0.3390863111625813
20124,0.49966054263274157
20125,0.3390863111625813
20148,0.47532808469760407
20149,0.6353590012632192
20164,0.4158351654061595
20169,0.384496206241302
20184,0.27712461232463237
20185,0.27712461232463237
20186,0.27712461232463237
20187,0.30349755312390736
20188,0.30349755312390736
20189,0.30349755312390736
20194,0.2753928497567547
20195,0.30921421524137405
20196,0.24872194975770806
20197,0.23727161558446835
20198,0.22899354505672756
20199,0.29740834948847933
20200,0.3025724534970043
20201,0.2287066343434263
20202,0.37972746199256796
20203,0.48960640505151976
20204,0.4154276244686924
20205,0.22785115879239978
20206,0.22785115879239978
20207,0.22785115879239978
20208,0.22785115879239978
20217,0.28347215619147537
20218,0.3622974505510676
20219,0.3787300417562884
20220,0.3764755437951821
20221,0.4231716614641442
20222,0.23157952825347133
20223,0.3264579755631769
20224,0.33272344630309486
20225,0.33233465786937927
20226,0.3663224373848902
20227,0.2862175464888173
20228,0.3640942283295218
20229,0.38028294732173645
20230,0.3779819507945704
20231,0.4240449869192143
20232,0.2206156033410126
20233,0.3181859101027575
20234,0.3263583700630977
20235,0.3255429864241126
20236,0.36118994122985637
