Tag,estimated_y
1,454.87217708136404
2,434.05122648638707
3,541.8897136172403
4,458.8603399970145
5,458.8603399970145
6,448.6450667103153
7,448.6450667103153
8,448.6450667103153
9,448.6450667103153
10,448.6450667103153
11,459.3440159538378
12,459.3440159538378
13,459.3440159538378
14,459.3440159538378
15,459.3440159538378
16,483.8900325107985
17,483.8900325107985
18,483.8900325107985
19,483.8900325107985
20,479.57767579186594
21,479.57767579186594
22,479.57767579186594
23,479.57767579186594
24,479.57767579186594
25,473.5633544698438
26,473.5633544698438
27,473.5633544698438
28,459.2559854562917
29,472.8714394168702
30,474.59619448182355
31,430.79431209853817
32,466.62985772432074
33,592.4867911813352
34,537.1462747167848
35,504.62902809824345
36,615.6955394912667
37,537.1462747167848
38,592.4867911813352
39,504.62902809824345
40,633.4992017943414
41,615.6955394912667
42,537.1462747167848
43,504.62902809824345
44,633.4992017943414
45,537.1462747167848
46,504.62902809824345
47,615.6955394912667
48,537.1462747167848
49,592.4867911813352
50,504.62902809824345
51,633.4992017943414
52,615.6955394912667
53,537.1462747167848
54,592.4867911813352
55,504.62902809824345
56,633.4992017943414
57,615.6955394912667
58,537.1462747167848
59,592.4867911813352
60,504.62902809824345
61,633.4992017943414
62,615.6955394912667
63,537.1462747167848
64,592.4867911813352
65,504.62902809824345
66,633.4992017943414
67,615.6955394912667
68,537.1462747167848
69,592.4867911813352
70,504.62902809824345
71,633.4992017943414
84,460.8786229936446
85,460.8786229936446
86,460.8786229936446
87,460.8786229936446
88,460.8786229936446
89,460.8786229936446
90,460.8786229936446
91,460.8786229936446
92,406.84353277087723
93,406.84353277087723
94,406.84353277087723
95,406.84353277087723
96,406.84353277087723
97,406.84353277087723
100,338.4896436212158
101,363.0028018420478
102,369.97138267400715
103,385.05799508697703
105,349.5860476412996
106,399.15429927791575
109,369.90055944140516
110,361.13067498792634
118,624.7151163122376
120,624.7151163122376
123,624.7151163122376
164,490.28620098160314
165,478.66712055008423
166,490.28620098160314
167,478.66712055008423
168,490.28620098160314
169,478.66712055008423
170,538.5541039858217
171,538.439188621285
172,533.6181594199755
173,515.0122476309349
174,424.2739830166731
175,563.0548230606823
176,556.0410122914227
177,653.0580321780392
178,545.0339061801714
179,495.6000124612134
180,573.7031987939617
181,587.301970625844
182,480.5696258118187
183,472.8714394168702
184,580.9061855115558
186,554.980129403903
187,688.5583015868713
188,509.8488240653905
189,490.6004883597582
190,348.56507090717355
191,319.36171906190754
192,381.46089640328256
193,363.6837398556617
194,414.33895172318205
195,347.3112163696354
196,347.3112163696354
197,398.5435825450718
198,398.5435825450718
199,418.74254737859525
200,418.74254737859525
201,376.7932208988661
202,535.4338569282611
203,535.4338569282611
204,451.50683247242137
205,348.56507090717355
206,348.56507090717355
207,452.54877483151444
208,615.6955394912667
209,615.6955394912667
210,493.5716172261515
211,466.8554162919764
212,633.6104972835002
213,319.36171906190754
214,363.88013464253015
215,361.88059949493174
216,361.2177458266746
217,358.0133226847159
218,355.98387212161697
219,360.6758200181732
220,363.88013464253015
221,361.88059949493174
222,361.2177458266746
223,358.0133226847159
224,355.98387212161697
225,360.6758200181732
226,363.88013464253015
227,361.88059949493174
228,361.2177458266746
229,358.0133226847159
230,355.98387212161697
231,360.6758200181732
232,363.88013464253015
233,361.88059949493174
234,361.2177458266746
235,358.0133226847159
236,355.98387212161697
237,360.6758200181732
238,363.88013464253015
239,361.88059949493174
240,361.2177458266746
241,358.0133226847159
242,355.98387212161697
243,360.6758200181732
244,363.88013464253015
245,361.88059949493174
246,361.2177458266746
247,358.0133226847159
248,355.98387212161697
249,360.6758200181732
250,363.88013464253015
251,361.88059949493174
252,361.2177458266746
253,358.0133226847159
254,355.98387212161697
255,360.6758200181732
256,361.2177458266746
257,358.0133226847159
258,355.98387212161697
259,360.6758200181732
260,363.88013464253015
261,361.88059949493174
262,361.2177458266746
263,358.0133226847159
264,355.98387212161697
265,360.6758200181732
266,355.98387212161697
267,363.88013464253015
268,361.88059949493174
269,361.2177458266746
270,358.0133226847159
271,355.98387212161697
272,360.6758200181732
273,361.2177458266746
274,358.0133226847159
275,355.98387212161697
276,360.6758200181732
277,607.5227565351153
278,607.5227565351153
279,607.5227565351153
280,607.5227565351153
281,607.5227565351153
282,607.5227565351153
283,607.5227565351153
284,607.5227565351153
285,607.5227565351153
286,607.5227565351153
287,607.5227565351153
288,607.5227565351153
289,607.5227565351153
290,607.5227565351153
291,607.5227565351153
292,607.5227565351153
293,607.5227565351153
294,607.5227565351153
295,397.00471039494937
296,397.00471039494937
297,397.00471039494937
298,397.00471039494937
299,397.00471039494937
300,397.00471039494937
301,397.00471039494937
302,397.00471039494937
303,397.00471039494937
304,419.39836071476384
305,419.39836071476384
306,419.39836071476384
307,419.39836071476384
308,419.39836071476384
315,356.5362011825686
316,356.5362011825686
317,356.5362011825686
318,356.5362011825686
319,356.24863999764693
320,356.24863999764693
321,356.24863999764693
322,356.24863999764693
323,357.42043806260983
324,357.42043806260983
325,357.42043806260983
326,356.5362011825686
327,356.24863999764693
328,357.42043806260983
329,403.71993909618436
330,474.5946256576249
331,474.5946256576249
332,474.5946256576249
333,474.5946256576249
334,474.5946256576249
335,474.5946256576249
336,474.5946256576249
337,474.5946256576249
338,474.5946256576249
339,474.5946256576249
340,474.5946256576249
341,474.5946256576249
342,474.5946256576249
343,474.5946256576249
344,474.5946256576249
345,474.5946256576249
346,474.5946256576249
347,474.5946256576249
359,536.4553231771775
360,536.4553231771775
366,578.8595620316639
368,578.8595620316639
373,602.0557233805079
374,602.0557233805079
375,602.0557233805079
379,590.7306062540262
380,590.7306062540262
381,590.7306062540262
382,590.7306062540262
455,522.2765243310356
456,464.962363204
457,477.9159785711036
458,458.4745520021857
459,466.7809131652469
460,444.85463496888013
508,520.7389295335994
511,435.5409723400014
516,435.5409723400014
521,435.5409723400014
526,435.5409723400014
543,453.9105906756054
544,453.9105906756054
545,453.9105906756054
547,450.3098253402409
548,450.3098253402409
561,385.6415365981421
562,465.18041446752034
563,438.1691312920646
564,441.103201375112
565,428.9423673960337
566,449.30437756931497
567,432.1238950962364
568,450.3098253402409
569,437.55799190227407
570,410.10236664843757
571,460.418338667523
572,505.4898862534055
573,526.9557031407572
574,462.386416796262
575,502.8031552863265
576,526.2541697396487
577,437.09034900419783
578,455.58493145039114
579,463.1561200396529
580,462.386416796262
581,462.386416796262
582,462.386416796262
583,462.386416796262
584,462.386416796262
585,495.3788752204756
586,495.3788752204756
587,495.3788752204756
654,623.1835918510538
655,623.1835918510538
656,623.1835918510538
657,623.1835918510538
658,623.1835918510538
659,623.1835918510538
660,623.1835918510538
661,623.1835918510538
662,480.72135017623486
663,480.72135017623486
665,480.72135017623486
666,480.72135017623486
667,480.72135017623486
668,480.72135017623486
669,480.72135017623486
670,467.2853262396096
672,467.2853262396096
673,467.2853262396096
674,467.2853262396096
675,467.2853262396096
676,467.2853262396096
677,467.2853262396096
678,547.2707837478413
679,547.2707837478413
681,547.2707837478413
682,547.2707837478413
683,547.2707837478413
684,547.2707837478413
685,547.2707837478413
686,509.4994359215173
687,509.4994359215173
688,509.4994359215173
689,509.4994359215173
690,509.4994359215173
691,509.4994359215173
692,509.4994359215173
693,509.4994359215173
694,509.4994359215173
695,509.4994359215173
696,654.8282748870018
697,654.8282748870018
698,654.8282748870018
699,654.8282748870018
700,654.8282748870018
701,654.8282748870018
702,654.8282748870018
703,654.8282748870018
704,654.8282748870018
705,654.8282748870018
706,602.9927826348692
707,602.9927826348692
708,602.9927826348692
709,602.9927826348692
710,602.9927826348692
711,602.9927826348692
712,602.9927826348692
713,602.9927826348692
714,602.9927826348692
715,602.9927826348692
716,518.9469144256855
717,518.9469144256855
718,518.9469144256855
719,518.9469144256855
720,518.9469144256855
721,518.9469144256855
722,518.9469144256855
723,518.9469144256855
724,518.9469144256855
725,518.9469144256855
726,518.9469144256855
727,518.9469144256855
728,518.9469144256855
729,518.9469144256855
744,483.8900325107985
745,483.8900325107985
746,483.8900325107985
747,483.8900325107985
748,483.8900325107985
749,479.57767579186594
750,479.57767579186594
751,479.57767579186594
752,479.57767579186594
753,479.57767579186594
760,501.16263030663487
777,631.8088702668068
908,448.6450667103153
909,452.99510433203926
986,452.30579761280353
987,452.30579761280353
989,452.30579761280353
990,452.30579761280353
991,452.30579761280353
1027,593.2232753557228
1028,593.2232753557228
1057,418.9515377183826
1072,370.4351531274282
1073,370.4351531274282
1074,370.4351531274282
1075,370.4351531274282
1076,370.4351531274282
1077,370.4351531274282
1078,370.4351531274282
1079,370.4351531274282
1090,458.59759460042324
1175,515.8181649372004
1193,491.6501488409876
1196,488.25899969981333
1197,490.0161957556491
1200,489.9495164906359
1203,487.6795590349698
1232,500.0596698961875
1233,500.0596698961875
1234,506.80713917689167
1235,506.80713917689167
1236,507.1071516142092
1237,507.1071516142092
1238,501.0353720047158
1239,501.0353720047158
1240,523.3551165746252
1241,523.3551165746252
1242,500.6969090777989
1243,500.6969090777989
1244,491.9796115960042
1245,491.9796115960042
1246,487.33523891810535
1247,487.33523891810535
1248,483.3431640586546
1249,483.3431640586546
1250,494.69321734744517
1251,494.69321734744517
1252,484.3068652943447
1253,484.3068652943447
1260,553.1892967034269
1262,511.17108620911677
1263,511.17108620911677
1264,511.17108620911677
1295,393.5634284512288
1296,438.9225239238624
1297,397.0321846864266
1298,431.69558972877024
1300,444.7284906986044
1301,444.7284906986044
1302,444.7284906986044
1361,577.83261010832
1362,566.0044309814245
1363,567.4792118387059
1364,558.611845962841
1365,554.2673649588305
1366,560.7725332288279
1367,564.1169132946907
1368,560.7784214587821
1369,577.83261010832
1370,566.0044309814245
1371,567.4792118387059
1372,558.611845962841
1373,554.2673649588305
1374,560.7725332288279
1375,564.1169132946907
1376,560.7784214587821
1377,577.83261010832
1378,566.0044309814245
1379,567.4792118387059
1380,558.611845962841
1381,554.2673649588305
1382,560.7725332288279
1383,564.1169132946907
1384,560.7784214587821
1385,577.83261010832
1386,566.0044309814245
1387,567.4792118387059
1388,558.611845962841
1389,554.2673649588305
1390,560.7725332288279
1391,564.1169132946907
1392,560.7784214587821
1393,577.83261010832
1394,566.0044309814245
1395,567.4792118387059
1396,558.611845962841
1397,554.2673649588305
1398,560.7725332288279
1399,564.1169132946907
1400,560.7784214587821
1401,577.83261010832
1402,566.0044309814245
1403,567.4792118387059
1404,558.611845962841
1405,554.2673649588305
1406,560.7725332288279
1407,564.1169132946907
1408,560.7784214587821
1417,577.83261010832
1418,566.0044309814245
1419,567.4792118387059
1420,558.611845962841
1421,554.2673649588305
1422,560.7725332288279
1423,564.1169132946907
1424,560.7784214587821
1425,435.0478523145935
1426,435.0478523145935
1427,435.0478523145935
1428,435.0478523145935
1429,435.0478523145935
1430,435.0478523145935
1431,457.42320277099867
1432,457.42320277099867
1433,457.42320277099867
1434,457.42320277099867
1488,509.1619505662735
1497,495.1045173406842
1528,510.05076390653886
1532,522.2857343626215
1537,498.5129054862586
1538,498.5129054862586
1582,481.611248062278
1605,424.74045201113665
1606,424.74045201113665
1607,424.74045201113665
1608,424.74045201113665
1614,443.6067191047877
1615,443.6067191047877
1616,443.6067191047877
1617,443.6067191047877
1629,406.57707870730985
1630,433.506619398375
1631,439.8572439503757
1632,450.9592981056777
1633,467.12064233491816
1634,474.6442453017131
1635,414.65218809257624
1636,460.8115391564356
1637,441.62883262329143
1638,452.8579853290029
1639,436.33903224764987
1640,406.57707870730985
1641,433.506619398375
1642,439.8572439503757
1643,467.12064233491816
1644,474.6442453017131
1645,414.65218809257624
1646,460.8115391564356
1647,441.62883262329143
1648,452.8579853290029
1649,436.33903224764987
1650,406.57707870730985
1651,433.506619398375
1652,439.8572439503757
1653,450.9592981056777
1654,467.12064233491816
1655,474.6442453017131
1656,414.65218809257624
1657,460.8115391564356
1658,441.62883262329143
1659,452.8579853290029
1660,436.33903224764987
1661,406.57707870730985
1662,433.506619398375
1663,439.8572439503757
1664,450.9592981056777
1665,467.12064233491816
1666,474.6442453017131
1667,414.65218809257624
1668,460.8115391564356
1669,441.62883262329143
1670,452.8579853290029
1671,436.33903224764987
1687,438.0502315311562
1688,438.0502315311562
1689,438.0502315311562
1690,438.0502315311562
1691,438.0502315311562
1692,438.0502315311562
1693,451.5619924055789
1694,451.5619924055789
1695,451.5619924055789
1696,451.5619924055789
1697,451.5619924055789
1698,451.5619924055789
1699,442.13101422814503
1700,442.13101422814503
1701,442.13101422814503
1702,442.13101422814503
1703,442.13101422814503
1704,442.13101422814503
1705,442.93981492176243
1706,442.93981492176243
1707,442.93981492176243
1708,442.93981492176243
1709,442.93981492176243
1710,442.93981492176243
1711,452.85211453289673
1712,452.85211453289673
1713,452.85211453289673
1714,452.85211453289673
1715,452.85211453289673
1716,452.85211453289673
1717,466.83661409096317
1718,466.83661409096317
1719,466.83661409096317
1720,466.83661409096317
1721,466.83661409096317
1722,466.83661409096317
1723,459.45108120645097
1724,459.45108120645097
1725,459.45108120645097
1726,459.45108120645097
1727,459.45108120645097
1728,459.45108120645097
1729,442.9617505221087
1730,442.9617505221087
1731,442.9617505221087
1732,442.9617505221087
1733,442.9617505221087
1734,442.9617505221087
1735,446.8841358946886
1736,446.8841358946886
1737,446.8841358946886
1738,446.8841358946886
1739,446.8841358946886
1740,446.8841358946886
1741,485.47232740282413
1742,485.47232740282413
1743,485.47232740282413
1744,485.47232740282413
1745,485.47232740282413
1747,503.0755638047313
1748,503.0755638047313
1749,503.0755638047313
1750,503.0755638047313
1751,503.0755638047313
1753,490.4144429742013
1754,490.4144429742013
1755,490.4144429742013
1756,490.4144429742013
1757,490.4144429742013
1759,473.32369929619773
1760,473.32369929619773
1761,473.32369929619773
1762,473.32369929619773
1763,473.32369929619773
1765,476.66673797908595
1766,476.66673797908595
1767,476.66673797908595
1768,476.66673797908595
1769,476.66673797908595
1771,468.00301036326965
1772,468.00301036326965
1773,468.00301036326965
1774,468.00301036326965
1775,468.00301036326965
1777,483.6422662025888
1778,483.6422662025888
1779,483.6422662025888
1780,483.6422662025888
1781,483.6422662025888
1783,483.0951061968075
1784,483.0951061968075
1785,483.0951061968075
1786,483.0951061968075
1787,483.0951061968075
1789,470.4600926594094
1790,470.4600926594094
1791,470.4600926594094
1792,470.4600926594094
1793,470.4600926594094
1795,477.2398391400607
1796,477.2398391400607
1797,477.2398391400607
1798,477.2398391400607
1799,477.2398391400607
1804,581.8334163522944
1805,583.4671669298555
1806,588.7294475142845
1807,581.8334163522944
1808,583.4671669298555
1809,588.7294475142845
1835,594.9816940657892
1836,688.5583015868713
1837,702.938223523621
1838,707.1749004187011
1839,691.8707285366027
1840,684.8484046792842
1841,553.5455853265416
1842,633.3829909555309
1843,691.7216338367292
1844,635.8995631824508
1845,538.5412663394884
1846,594.9816940657892
1847,594.9816940657892
1848,594.9816940657892
1849,594.9816940657892
1850,594.9816940657892
1851,594.9816940657892
1852,688.5583015868713
1853,688.5583015868713
1854,688.5583015868713
1855,688.5583015868713
1856,688.5583015868713
1857,688.5583015868713
1858,702.938223523621
1859,702.938223523621
1860,702.938223523621
1861,702.938223523621
1862,702.938223523621
1863,702.938223523621
1864,707.1749004187011
1865,707.1749004187011
1866,707.1749004187011
1867,707.1749004187011
1868,707.1749004187011
1869,707.1749004187011
1870,691.8707285366027
1871,691.8707285366027
1872,691.8707285366027
1873,691.8707285366027
1874,691.8707285366027
1875,691.8707285366027
1876,684.8484046792842
1877,684.8484046792842
1878,684.8484046792842
1879,684.8484046792842
1880,684.8484046792842
1881,684.8484046792842
1882,553.5455853265416
1883,553.5455853265416
1884,553.5455853265416
1885,553.5455853265416
1886,553.5455853265416
1887,553.5455853265416
1888,633.3829909555309
1889,633.3829909555309
1890,633.3829909555309
1891,633.3829909555309
1892,691.7216338367292
1893,691.7216338367292
1894,691.7216338367292
1895,691.7216338367292
1896,691.7216338367292
1897,691.7216338367292
1898,635.8995631824508
1965,385.76370181032985
1966,365.0287710131499
1967,432.9955349256671
1968,414.648548900754
1969,430.2415409572049
1970,416.96050059422805
1971,399.11314061757184
1972,377.2673543792297
1979,498.55539750838614
1980,506.2952702176547
1981,502.62733938810067
1982,572.2242654189363
1983,569.341366830352
1984,464.89673940176954
1986,488.1420991085613
1988,486.2671463696872
1990,443.87425620605313
1992,494.23445573176076
1995,506.2952702176547
2114,471.43727913181704
2115,471.43727913181704
2117,471.43727913181704
2118,471.43727913181704
2119,471.43727913181704
2120,471.43727913181704
2121,471.43727913181704
2122,471.43727913181704
2123,449.0918273251942
2124,449.0918273251942
2126,449.0918273251942
2127,449.0918273251942
2128,449.0918273251942
2129,449.0918273251942
2130,449.0918273251942
2131,449.0918273251942
2132,420.1439986980065
2133,412.18502164196343
2134,377.9577699962709
2135,354.7794310712485
2136,370.05426574270876
2137,374.1657617065185
2139,409.5902721778822
2149,447.08760706525095
2227,491.6533933421081
2234,477.68103288405456
2237,490.06046191471955
2244,538.706170213782
2260,518.010807815841
2261,555.0498894538729
2262,560.1555746141969
2263,515.8686341231137
2264,545.6208605347979
2265,576.2833177356597
2266,550.7493057847502
2267,576.5210187489588
2268,559.972332367512
2269,570.5413152142768
2270,553.1872518706716
2271,541.2131993893827
2272,548.232842154966
2273,586.168437397227
2274,520.0429211000027
2275,552.2585481401378
2276,567.6850385672617
2277,573.6722821635875
2278,573.4675557672963
2279,547.4650598819885
2280,548.9843630989379
2281,518.010807815841
2282,555.0498894538729
2283,560.1555746141969
2284,515.8686341231137
2285,545.6208605347979
2286,576.2833177356597
2287,550.7493057847502
2288,576.5210187489588
2289,559.972332367512
2290,570.5413152142768
2291,553.1872518706716
2292,541.2131993893827
2293,548.232842154966
2294,586.168437397227
2295,520.0429211000027
2296,552.2585481401378
2297,567.6850385672617
2298,573.6722821635875
2299,573.4675557672963
2300,547.4650598819885
2301,548.9843630989379
2302,518.010807815841
2303,555.0498894538729
2304,560.1555746141969
2305,515.8686341231137
2306,545.6208605347979
2307,576.2833177356597
2308,550.7493057847502
2309,576.5210187489588
2310,559.972332367512
2311,570.5413152142768
2312,553.1872518706716
2313,541.2131993893827
2314,548.232842154966
2315,586.168437397227
2316,520.0429211000027
2317,552.2585481401378
2318,567.6850385672617
2319,573.6722821635875
2320,573.4675557672963
2321,547.4650598819885
2322,548.9843630989379
2323,518.010807815841
2324,555.0498894538729
2325,560.1555746141969
2326,515.8686341231137
2327,545.6208605347979
2328,576.2833177356597
2329,550.7493057847502
2330,576.5210187489588
2331,559.972332367512
2332,570.5413152142768
2333,553.1872518706716
2334,541.2131993893827
2335,548.232842154966
2336,586.168437397227
2337,520.0429211000027
2338,552.2585481401378
2339,567.6850385672617
2340,573.6722821635875
2341,573.4675557672963
2342,547.4650598819885
2343,548.9843630989379
2344,518.010807815841
2345,555.0498894538729
2346,560.1555746141969
2347,515.8686341231137
2348,545.6208605347979
2349,576.2833177356597
2350,550.7493057847502
2351,576.5210187489588
2352,559.972332367512
2353,570.5413152142768
2354,553.1872518706716
2355,541.2131993893827
2356,548.232842154966
2357,586.168437397227
2358,520.0429211000027
2359,552.2585481401378
2360,567.6850385672617
2361,573.6722821635875
2362,573.4675557672963
2363,547.4650598819885
2364,548.9843630989379
2365,518.010807815841
2366,555.0498894538729
2367,560.1555746141969
2368,515.8686341231137
2369,545.6208605347979
2370,576.2833177356597
2371,550.7493057847502
2372,576.5210187489588
2373,559.972332367512
2374,570.5413152142768
2375,553.1872518706716
2376,541.2131993893827
2377,548.232842154966
2378,586.168437397227
2379,520.0429211000027
2380,552.2585481401378
2381,567.6850385672617
2382,573.6722821635875
2383,573.4675557672963
2384,547.4650598819885
2385,548.9843630989379
2503,437.9048658497822
2504,459.9154965799244
2505,464.3859760812732
2506,485.5960757880011
2507,429.8465708819425
2508,451.47139575422835
2509,477.9327451379105
2555,471.03875603055866
2556,471.03875603055866
2571,413.6810388821065
2732,419.74169566315754
2787,428.15285813338517
2788,428.15285813338517
2789,428.15285813338517
2790,428.15285813338517
2791,428.15285813338517
2792,428.15285813338517
2793,428.15285813338517
2794,428.15285813338517
2795,428.15285813338517
2796,428.15285813338517
2797,428.15285813338517
2798,428.15285813338517
2799,493.5716172261515
2800,493.5716172261515
2801,493.5716172261515
2802,493.5716172261515
2803,493.5716172261515
2804,493.5716172261515
2805,493.5716172261515
2806,493.5716172261515
2807,493.5716172261515
2808,493.5716172261515
2809,494.3700830410891
2810,494.3700830410891
2811,494.3700830410891
2812,494.3700830410891
2813,494.3700830410891
2814,494.3700830410891
2815,494.3700830410891
2816,494.3700830410891
2817,494.3700830410891
2818,494.3700830410891
2819,494.3700830410891
2820,494.3700830410891
2821,494.3700830410891
2822,494.3700830410891
2823,494.3700830410891
2824,494.3700830410891
2825,494.3700830410891
2826,494.3700830410891
2827,494.3700830410891
2828,494.3700830410891
2829,494.3700830410891
2830,494.3700830410891
2831,488.03119455509113
2832,488.03119455509113
2833,488.03119455509113
2834,488.03119455509113
2835,488.03119455509113
2836,488.03119455509113
2837,488.03119455509113
2838,488.03119455509113
2839,488.03119455509113
2964,526.6819641013515
2970,526.825349510479
2976,523.5820406900432
2979,542.3963953089241
2982,547.5568793120067
2984,516.1268815374185
2985,516.1268815374185
2992,499.3175826623315
2993,499.3175826623315
2994,499.3175826623315
2995,499.3175826623315
2996,499.3175826623315
3042,497.08528898017204
3182,640.303283279746
3186,685.5772250436587
3187,634.787381386116
3210,688.0906672144883
3215,581.5444297983119
3216,671.925924622605
3226,672.6037199350164
3252,576.16213070096
3253,573.6868019626578
3254,610.6636961777403
3274,598.963877731152
3275,592.2979359628825
3283,681.9865947935499
3285,682.5459656964166
3290,691.592938206097
3302,658.9158056376384
3304,618.2321526556861
3334,602.7437460052547
3335,603.2325133837038
3368,478.28967550342816
3405,428.0844323082916
3407,428.0844323082916
3413,401.2625242508871
3415,401.2625242508871
3466,381.6031170579287
3467,381.6031170579287
3468,381.6031170579287
3469,381.6031170579287
3470,381.6031170579287
3471,381.6031170579287
3490,574.2302954659795
3491,574.2302954659795
3492,574.2302954659795
3493,574.2302954659795
3494,574.2302954659795
3495,574.2302954659795
3496,574.2302954659795
3497,574.2302954659795
3498,574.2302954659795
3499,574.2302954659795
3500,574.2302954659795
3632,414.33895172318205
3637,414.33895172318205
3662,409.32384124688645
3663,392.21376037687753
3664,427.2364438946937
3665,445.3097033063473
3666,449.4827171109617
3667,429.3014156293207
3668,443.9717134056058
3669,455.36632600441203
3670,431.9626602916224
3671,427.2735647748471
3672,443.63071406762657
3673,471.80391085687364
3674,442.0382822760928
3675,424.6989492059162
3676,488.53777556134054
3677,470.3785715573405
3678,419.0623955328407
3679,424.93824609416436
3680,421.9736993397993
3681,520.8545475762685
3682,480.2192362657633
3683,516.9711684058636
3684,493.4149086641488
3685,503.23851225480183
3686,510.3933630768415
3687,500.2172186884121
3688,503.44939949141394
3689,472.4627236201119
3690,523.7806536075743
3691,474.32795588895783
3692,500.49004378453105
3723,425.6141114813606
3724,550.2032375762101
3725,537.6514948036627
3726,503.646035092488
3727,425.6141114813606
3728,550.2032375762101
3729,537.6514948036627
3730,503.646035092488
3731,425.6141114813606
3732,550.2032375762101
3733,537.6514948036627
3734,503.646035092488
3791,469.3781473343579
3792,462.78032632837665
3793,500.48517506118554
3794,499.9197103030123
3795,501.6675688886538
3796,469.3781473343579
3797,462.78032632837665
3798,500.48517506118554
3799,499.9197103030123
3800,501.6675688886538
3801,469.3781473343579
3802,462.78032632837665
3803,500.48517506118554
3804,499.9197103030123
3805,501.6675688886538
3859,517.9178422210693
3860,590.6359036792846
3861,603.1409245284956
3862,548.0066320166436
3867,517.9178422210693
3868,590.6359036792846
3869,603.1409245284956
3870,548.0066320166436
3876,501.02388141298013
3877,513.7474263149925
3878,535.0844219767022
3879,550.8329158741183
3880,573.5814931365319
3922,420.009862224407
3923,420.009862224407
3924,420.009862224407
3925,420.009862224407
3926,420.009862224407
3927,420.009862224407
3928,420.009862224407
3929,420.009862224407
3930,423.40499456803815
3931,423.40499456803815
3932,423.40499456803815
3933,423.40499456803815
3934,423.40499456803815
3935,423.40499456803815
3936,423.40499456803815
3937,423.40499456803815
3977,650.4515803394781
3978,650.4515803394781
3979,650.4515803394781
3980,650.4515803394781
3981,650.4515803394781
3982,650.4515803394781
3983,650.4515803394781
3985,655.7504488371045
3986,655.7504488371045
3987,655.7504488371045
3988,655.7504488371045
3989,655.7504488371045
3990,655.7504488371045
3991,655.7504488371045
3993,649.9498451141211
3994,649.9498451141211
3995,649.9498451141211
3996,649.9498451141211
3997,649.9498451141211
3998,649.9498451141211
3999,649.9498451141211
4001,657.6283088576689
4002,657.6283088576689
4003,657.6283088576689
4004,657.6283088576689
4005,657.6283088576689
4006,657.6283088576689
4007,657.6283088576689
4031,551.8658812378937
4032,570.6834405412396
4037,551.8658812378937
4038,570.6834405412396
4138,438.91116901483656
4139,449.0162196506613
4140,443.57236943379195
4141,441.8524455364462
4142,437.26618345199284
4143,461.7000897194477
4144,461.11465031232393
4145,461.2238347560634
4146,469.7019502709206
4183,457.12491824072134
4184,457.12491824072134
4185,457.12491824072134
4186,457.12491824072134
4187,457.12491824072134
4188,457.12491824072134
4189,457.12491824072134
4190,457.12491824072134
4191,457.12491824072134
4192,457.12491824072134
4193,488.91725286740575
4194,488.91725286740575
4195,488.91725286740575
4196,488.91725286740575
4197,488.91725286740575
4198,488.91725286740575
4199,488.91725286740575
4200,488.91725286740575
4201,488.91725286740575
4202,488.91725286740575
4203,470.7383593861097
4204,470.7383593861097
4205,470.7383593861097
4206,470.7383593861097
4207,470.7383593861097
4208,470.7383593861097
4209,470.7383593861097
4210,470.7383593861097
4211,470.7383593861097
4212,470.7383593861097
4213,471.50175623017907
4214,471.50175623017907
4215,471.50175623017907
4216,471.50175623017907
4217,471.50175623017907
4218,471.50175623017907
4219,471.50175623017907
4220,471.50175623017907
4221,471.50175623017907
4222,471.50175623017907
4223,447.49130896209545
4224,447.49130896209545
4225,447.49130896209545
4226,447.49130896209545
4227,447.49130896209545
4228,447.49130896209545
4229,447.49130896209545
4230,447.49130896209545
4231,447.49130896209545
4232,447.49130896209545
4233,457.12491824072134
4234,488.91725286740575
4235,470.7383593861097
4236,471.50175623017907
4237,447.49130896209545
4238,457.12491824072134
4239,488.91725286740575
4240,470.7383593861097
4241,471.50175623017907
4242,447.49130896209545
4355,534.0132982430194
4356,534.0132982430194
4358,534.0132982430194
4359,534.0132982430194
4368,510.52840084583215
4374,414.9931860301842
4375,414.9931860301842
4376,414.9931860301842
4377,414.9931860301842
4378,414.9931860301842
4379,414.9931860301842
4380,414.9931860301842
4381,414.9931860301842
4382,414.9931860301842
4383,414.9931860301842
4384,414.9931860301842
4385,414.9931860301842
4431,383.09939854750195
4432,380.0198836614566
4433,399.4229872196902
4434,405.4502520563923
4435,379.77821242442116
4436,396.5792221678299
4444,605.6864920140124
4445,605.6864920140124
4447,605.6864920140124
4448,605.6864920140124
4598,428.329405709141
4599,448.13350363755114
4600,453.3912419378445
4601,433.96600180273344
4602,437.96074764329313
4603,450.53199795516485
4604,419.0109826272622
4605,434.3507951985212
4606,441.517808109732
4607,424.67831633372947
4625,482.22239087672915
4639,437.33406454772586
4647,437.33406454772586
4648,510.11966633870577
4649,388.0276759464987
4650,388.0276759464987
4651,388.0276759464987
4652,388.0276759464987
4653,388.07456692312974
4654,388.07456692312974
4655,388.07456692312974
4656,388.07456692312974
4657,386.5272723891038
4658,386.5272723891038
4659,386.5272723891038
4660,386.5272723891038
4661,337.0414200377087
4684,459.23767126604986
4685,466.2108454214145
4694,422.05829971488487
4695,422.05829971488487
4696,422.05829971488487
4697,422.05829971488487
4698,422.05829971488487
4699,422.05829971488487
4700,422.05829971488487
4701,407.27290668134674
4702,407.27290668134674
4703,407.27290668134674
4704,407.27290668134674
4705,407.27290668134674
4706,407.27290668134674
4707,407.27290668134674
4708,387.6893231356602
4709,584.251628673018
4716,584.251628673018
4717,584.251628673018
4718,584.251628673018
4719,584.251628673018
4720,584.251628673018
4721,584.251628673018
4722,584.251628673018
4723,584.251628673018
4724,584.251628673018
4727,488.5213760940244
4730,486.78740459602443
4777,518.2858625526333
4813,525.4749969424703
4814,525.4749969424703
4815,525.4749969424703
4816,525.4749969424703
4817,525.4749969424703
4820,532.8786063601932
4821,532.8786063601932
4822,532.8786063601932
4823,532.8786063601932
4824,532.8786063601932
4827,545.8580933207231
4828,545.8580933207231
4829,545.8580933207231
4830,545.8580933207231
4831,545.8580933207231
4834,525.5635975708136
4835,525.5635975708136
4836,525.5635975708136
4837,525.5635975708136
4838,525.5635975708136
4841,548.6566546261994
4842,548.6566546261994
4843,548.6566546261994
4844,548.6566546261994
4845,548.6566546261994
4848,535.0416860072029
4849,535.0416860072029
4850,535.0416860072029
4851,535.0416860072029
4852,535.0416860072029
4879,428.20839594324593
4880,428.20839594324593
4882,428.20839594324593
4883,428.20839594324593
4884,428.20839594324593
4887,428.20839594324593
4888,428.20839594324593
4890,423.1499014941222
4958,441.58441623844374
4959,430.5184008733213
4960,430.5184008733213
4961,430.5184008733213
4962,430.5184008733213
4963,430.5184008733213
4964,430.5184008733213
4965,430.5184008733213
4966,430.5184008733213
4967,430.5184008733213
4968,430.5184008733213
4969,430.5184008733213
4970,430.5184008733213
4971,430.5184008733213
4972,430.5184008733213
4973,388.5778666898794
4975,388.5778666898794
4976,388.5778666898794
4977,388.5778666898794
4980,388.5778666898794
4982,388.5778666898794
4996,425.62339331202685
4997,443.19505925297256
4998,435.4436922472144
4999,431.8078386459729
5000,406.98157763314504
5001,425.62339331202685
5002,443.19505925297256
5003,435.4436922472144
5004,431.8078386459729
5005,406.98157763314504
5040,388.3417961019627
5043,388.3417961019627
5046,388.3417961019627
5074,596.3725096648848
5143,574.714220186916
5211,522.7805472673188
5280,467.43921100873297
5281,467.43921100873297
5282,467.43921100873297
5283,467.43921100873297
5284,467.43921100873297
5285,467.43921100873297
5286,467.43921100873297
5287,467.43921100873297
5288,467.43921100873297
5289,467.43921100873297
5290,467.43921100873297
5291,467.43921100873297
5292,467.43921100873297
5293,467.43921100873297
5294,467.43921100873297
5358,484.36944989865
5359,484.36944989865
5360,484.36944989865
5361,484.36944989865
5362,484.36944989865
5363,484.36944989865
5364,484.36944989865
5365,484.36944989865
5366,484.36944989865
5367,484.36944989865
5368,515.5632505253336
5369,515.5632505253336
5370,515.5632505253336
5371,515.5632505253336
5372,515.5632505253336
5373,515.5632505253336
5449,513.4196464451497
5450,513.4196464451497
5451,513.4196464451497
5452,513.4196464451497
5453,513.4196464451497
5454,513.4196464451497
5455,513.4196464451497
5456,513.4196464451497
5457,513.4196464451497
5458,513.4196464451497
5459,513.4196464451497
5460,513.4196464451497
5461,513.4196464451497
5462,513.4196464451497
5463,602.0044332764686
5464,602.0044332764686
5465,602.0044332764686
5466,602.0044332764686
5467,602.0044332764686
5468,602.0044332764686
5469,602.0044332764686
5470,602.0044332764686
5471,602.0044332764686
5472,602.0044332764686
5473,602.0044332764686
5474,602.0044332764686
5475,602.0044332764686
5476,602.0044332764686
5515,435.10412995976276
5577,390.59425106413005
5578,390.59425106413005
5579,390.59425106413005
5599,608.3925695999704
5600,610.9474466346695
5601,528.6472638705576
5602,617.9817936579097
5603,594.5654674377561
5604,523.6044150991652
5605,603.0912449145528
5606,615.4647948083257
5607,530.271968549343
5608,537.1729366965243
5609,608.3925695999704
5610,610.9474466346695
5611,528.6472638705576
5612,617.9817936579097
5613,594.5654674377561
5614,523.6044150991652
5615,603.0912449145528
5616,615.4647948083257
5617,530.271968549343
5618,537.1729366965243
5619,608.3925695999704
5620,610.9474466346695
5621,528.6472638705576
5622,617.9817936579097
5623,594.5654674377561
5624,523.6044150991652
5625,603.0912449145528
5626,615.4647948083257
5627,530.271968549343
5628,537.1729366965243
5629,608.3925695999704
5630,610.9474466346695
5631,528.6472638705576
5632,617.9817936579097
5633,594.5654674377561
5634,523.6044150991652
5635,603.0912449145528
5636,615.4647948083257
5637,530.271968549343
5638,537.1729366965243
5662,454.3199009955506
5663,442.1778987165412
5664,499.90057238984224
5665,499.98684984877707
5672,615.3662389805933
5673,613.4675484761079
5678,591.3016246410756
5682,603.1740300295037
5684,616.6904806375907
5685,614.184963459532
5686,596.1790363903558
5687,587.8678413898908
5689,602.2860195100488
5691,602.153327688086
5693,583.4015910947976
5694,575.510487120864
5697,588.2813169856779
5699,575.7851846662749
5700,620.0047371951788
5701,590.0858313298309
5702,531.2531261043448
5743,510.37912291104976
5745,510.37912291104976
5746,510.37912291104976
5747,510.37912291104976
5748,510.37912291104976
5749,510.37912291104976
5750,510.37912291104976
5751,510.37912291104976
5752,510.37912291104976
5753,510.37912291104976
5754,510.37912291104976
5756,510.37912291104976
5757,510.37912291104976
5758,510.37912291104976
5759,510.37912291104976
5760,510.37912291104976
5761,510.37912291104976
5762,510.37912291104976
5763,510.37912291104976
5764,468.68812151007006
5765,468.68812151007006
5766,468.68812151007006
5767,468.68812151007006
5768,468.68812151007006
5769,468.68812151007006
5770,468.68812151007006
5783,515.2215659371756
5785,515.2215659371756
5787,515.2215659371756
5788,515.2215659371756
5790,529.2185066649274
5792,529.2185066649274
5794,529.2185066649274
5795,529.2185066649274
5797,481.9038487205762
5799,481.9038487205762
5801,481.9038487205762
5803,511.0742759582227
5805,511.0742759582227
5807,511.0742759582227
5857,358.5594797629791
5858,358.5594797629791
5859,358.5594797629791
5860,358.5594797629791
5861,358.5594797629791
5862,358.5594797629791
5863,358.5594797629791
5864,358.5594797629791
5875,372.88500049727134
5876,372.88500049727134
5877,372.88500049727134
5878,372.88500049727134
5879,372.88500049727134
5880,372.88500049727134
5881,372.88500049727134
5882,372.88500049727134
5883,372.88500049727134
5884,372.88500049727134
5892,555.8296938808278
5893,555.8296938808278
5894,555.8296938808278
5895,555.8296938808278
5896,555.8296938808278
5897,555.8296938808278
5911,567.1766047577573
5933,501.34143264282443
5934,501.34143264282443
5935,501.34143264282443
5936,501.34143264282443
5937,501.34143264282443
5938,501.34143264282443
5939,501.34143264282443
5940,501.34143264282443
5941,501.34143264282443
5942,501.34143264282443
5943,501.34143264282443
5944,501.34143264282443
5945,501.34143264282443
5946,573.3154319337144
5947,573.3154319337144
5948,573.3154319337144
5949,573.3154319337144
5950,573.3154319337144
5951,573.3154319337144
5952,573.3154319337144
5953,573.3154319337144
5954,573.3154319337144
5955,573.3154319337144
5956,573.3154319337144
5957,573.6017625915014
5958,573.6017625915014
5959,573.6017625915014
5960,573.6017625915014
5961,573.6017625915014
5962,573.6017625915014
5963,573.6017625915014
5964,573.6017625915014
5965,573.6017625915014
5966,573.6017625915014
5967,573.6017625915014
5968,550.4669321284404
5969,550.4669321284404
5970,550.4669321284404
5971,550.4669321284404
5972,550.4669321284404
5973,550.4669321284404
5974,550.4669321284404
5975,550.4669321284404
5976,550.4669321284404
5977,550.4669321284404
5978,550.4669321284404
6040,421.6383819211308
6041,421.6383819211308
6042,421.6383819211308
6043,421.6383819211308
6044,421.6383819211308
6045,421.6383819211308
6046,528.0658207244908
6047,528.0658207244908
6048,528.0658207244908
6049,528.0658207244908
6050,528.0658207244908
6051,528.0658207244908
6052,528.0658207244908
6053,528.0658207244908
6054,528.0658207244908
6055,528.0658207244908
6056,528.0658207244908
6057,528.0658207244908
6058,528.0658207244908
6059,528.0658207244908
6060,528.0658207244908
6061,528.0658207244908
6062,528.0658207244908
6063,528.0658207244908
6064,528.0658207244908
6065,528.0658207244908
6066,528.0658207244908
6067,528.0658207244908
6121,524.0718235332928
6123,531.1926136234663
6125,549.8607512669598
6127,508.90277225283455
6206,514.3340904636715
6207,525.5259239610009
6208,521.8494927852532
6209,539.9979251135726
6210,514.3340904636715
6211,525.5259239610009
6212,521.8494927852532
6213,539.9979251135726
6214,471.53603210053626
6215,469.97123209593974
6216,471.53603210053626
6217,469.97123209593974
6218,468.3590014851152
6219,475.71439817993416
6220,467.3428409617641
6221,476.79870800771994
6222,468.3590014851152
6223,475.71439817993416
6224,467.3428409617641
6225,476.79870800771994
6226,468.3590014851152
6227,475.71439817993416
6228,467.3428409617641
6229,476.79870800771994
6230,468.3590014851152
6231,475.71439817993416
6232,467.3428409617641
6233,476.79870800771994
6248,489.50759543314604
6249,480.16307022348013
6259,419.9374758612798
6260,459.89272504302517
6261,419.9374758612798
6262,459.89272504302517
6263,419.9374758612798
6264,459.89272504302517
6265,419.9374758612798
6266,459.89272504302517
6267,419.9374758612798
6268,459.89272504302517
6270,488.9496824186372
6271,493.6922367505118
6272,544.1197795661701
6273,497.84575204206624
6278,478.4025215814315
6279,488.09952675145945
6280,478.4025215814315
6281,488.09952675145945
6282,493.0095116133689
6283,507.72558736413487
6284,493.0095116133689
6285,507.72558736413487
6286,542.9695798999809
6287,505.9200784893007
6288,506.3100451346257
6289,506.0268688930518
6290,505.1782563144471
6291,505.85363873816266
6292,507.4638126069604
6293,493.9260493024258
6294,506.3100451346257
6295,506.0268688930518
6296,505.1782563144471
6297,505.85363873816266
6298,507.4638126069604
6299,493.9260493024258
6306,492.07677954035995
6307,487.6573868304949
6308,557.0427113638356
6309,541.8733535293923
6310,585.3015764977209
6311,565.362376527232
6312,492.07677954035995
6313,487.6573868304949
6314,557.0427113638356
6315,541.8733535293923
6316,585.3015764977209
6317,565.362376527232
6318,492.07677954035995
6319,487.6573868304949
6320,557.0427113638356
6321,541.8733535293923
6351,436.503570634853
6352,521.9890491003069
6353,436.503570634853
6354,521.9890491003069
6355,436.503570634853
6356,436.503570634853
6357,436.503570634853
6358,436.503570634853
6359,436.503570634853
6360,436.503570634853
6361,436.503570634853
6362,436.503570634853
6363,436.503570634853
6364,436.503570634853
6365,436.503570634853
6366,436.503570634853
6367,436.503570634853
6368,521.9890491003069
6369,521.9890491003069
6370,521.9890491003069
6371,521.9890491003069
6372,521.9890491003069
6373,521.9890491003069
6374,521.9890491003069
6375,521.9890491003069
6376,521.9890491003069
6377,521.9890491003069
6378,521.9890491003069
6379,521.9890491003069
6380,546.4619259989312
6381,546.4619259989312
6382,546.4619259989312
6383,546.4619259989312
6384,546.4619259989312
6385,546.4619259989312
6401,463.815941868149
6402,463.815941868149
6403,463.815941868149
6404,463.815941868149
6405,463.815941868149
6406,463.815941868149
6407,457.463798881211
6408,457.463798881211
6409,457.463798881211
6410,457.463798881211
6411,457.463798881211
6412,457.463798881211
6416,482.3082673469256
6417,482.3082673469256
6418,482.3082673469256
6419,482.3082673469256
6421,537.0660858154188
6422,537.0660858154188
6423,537.0660858154188
6424,537.0660858154188
6426,572.1107575087673
6427,572.1107575087673
6428,572.1107575087673
6429,572.1107575087673
6430,482.3082673469256
6431,537.0660858154188
6432,572.1107575087673
6440,489.36940797203886
6445,499.56964932627
6446,513.0958247460362
6447,581.7962069970587
6448,583.2601679610034
6459,449.96710853601553
6460,449.96710853601553
6461,449.96710853601553
6462,442.6869899042712
6463,442.6869899042712
6464,442.6869899042712
6465,503.20599593189996
6466,503.20599593189996
6467,503.20599593189996
6468,546.3420525880827
6469,546.3420525880827
6470,546.3420525880827
6476,494.3686147235521
6477,515.4249953534643
6478,491.46277725883516
6479,496.577591580764
6480,481.9218030188853
6481,432.0232910643633
6482,481.9218030188853
6483,432.0232910643633
6487,598.7414942870105
6500,535.1001916581014
6501,554.0856057076832
6502,535.1001916581014
6503,554.0856057076832
6504,409.22724713393137
6505,430.0253617205278
6506,481.12452938536103
6507,478.9874626806117
6508,464.89673940176954
6509,464.89673940176954
6510,409.22724713393137
6511,430.0253617205278
6512,481.12452938536103
6513,478.9874626806117
6526,494.23445573176076
6536,419.106754161788
6537,423.1023184365928
6538,418.6861062609538
6539,422.37677431050173
6540,558.492007190712
6541,526.1589766855452
6542,551.7869403139409
6543,553.4291816195318
6548,487.07742500840897
6549,487.7180332373249
6550,487.07742500840897
6551,487.7180332373249
6552,424.30280380149276
6553,461.75503645680897
6554,502.6262353864309
6555,424.30280380149276
6556,461.75503645680897
6557,502.6262353864309
6558,424.30280380149276
6559,461.75503645680897
6560,502.6262353864309
6561,424.30280380149276
6562,461.75503645680897
6563,502.6262353864309
6564,414.0637699599871
6565,459.38960112364526
6566,448.76281216692695
6567,414.0637699599871
6568,459.38960112364526
6569,448.76281216692695
6571,516.4834057431505
6590,500.33964784902093
6591,500.33964784902093
6614,452.1177356698298
6621,550.7548887246533
6622,550.7548887246533
6623,550.7548887246533
6624,550.7548887246533
6625,493.91228962564554
6627,493.91228962564554
6628,493.91228962564554
6629,493.91228962564554
6630,490.7233762838853
6632,490.7233762838853
6633,490.7233762838853
6634,490.7233762838853
6635,444.0563094658347
6636,484.6701640905764
6637,508.77096488396586
6638,523.213367657458
6639,424.3073798128062
6640,444.0563094658347
6641,484.6701640905764
6642,508.77096488396586
6643,523.213367657458
6644,424.3073798128062
6645,444.0563094658347
6646,484.6701640905764
6647,508.77096488396586
6648,523.213367657458
6649,424.3073798128062
6650,444.0563094658347
6651,484.6701640905764
6652,508.77096488396586
6653,523.213367657458
6654,424.3073798128062
6655,444.0563094658347
6656,484.6701640905764
6657,508.77096488396586
6658,523.213367657458
6659,424.3073798128062
6662,456.80775394503496
6663,456.80775394503496
6664,456.80775394503496
6665,456.80775394503496
6666,456.80775394503496
6667,455.16389674860653
6668,455.16389674860653
6669,455.16389674860653
6670,455.16389674860653
6671,455.16389674860653
6672,499.43314730375937
6673,499.43314730375937
6674,499.43314730375937
6675,499.43314730375937
6676,499.43314730375937
6677,513.6587163063505
6678,513.6587163063505
6679,513.6587163063505
6680,513.6587163063505
6681,513.6587163063505
6682,456.80775394503496
6683,455.16389674860653
6684,499.43314730375937
6685,513.6587163063505
6686,456.80775394503496
6687,455.16389674860653
6688,499.43314730375937
6689,513.6587163063505
6704,551.1593418225459
6705,591.4947506709581
6706,562.8631743303711
6707,551.1593418225459
6708,591.4947506709581
6709,562.8631743303711
6713,435.01591255396585
6714,435.01591255396585
6716,435.01591255396585
6717,436.7841782221476
6718,436.7841782221476
6720,436.7841782221476
6729,467.12437978554783
6731,467.12437978554783
6732,408.7043982508129
6733,408.7043982508129
6738,507.93275941934036
6739,468.39156417697166
6740,492.25139203658756
6741,507.93275941934036
6742,468.39156417697166
6743,492.25139203658756
6747,436.3090816690222
6748,422.23159945638315
6749,436.3090816690222
6750,422.23159945638315
6751,436.1262274443611
6752,436.1262274443611
6753,436.1262274443611
6754,436.1262274443611
6755,436.1262274443611
6756,436.1262274443611
6757,436.1262274443611
6758,425.13105831951634
6759,425.13105831951634
6760,425.13105831951634
6761,425.13105831951634
6762,425.13105831951634
6763,425.13105831951634
6764,425.13105831951634
6765,461.0466485694086
6766,461.0466485694086
6767,461.0466485694086
6768,461.0466485694086
6769,461.0466485694086
6770,461.0466485694086
6771,461.0466485694086
6779,427.34741092505794
6780,393.5857040939274
6781,481.4361363643331
6782,454.81824652046384
6783,483.261640755682
6784,456.4858403639538
6785,462.57428260705575
6786,452.9385382983674
6788,452.9385382983674
6789,452.9385382983674
6790,461.4795886857501
6792,461.4795886857501
6793,461.4795886857501
6794,452.9385382983674
6795,461.4795886857501
6798,422.23298968171025
6800,422.23298968171025
6801,422.23298968171025
6802,422.23298968171025
6803,422.23298968171025
6804,424.06723100249195
6806,424.06723100249195
6807,424.06723100249195
6808,424.06723100249195
6809,424.06723100249195
6851,503.60860157833076
6856,503.60860157833076
6877,427.027510370758
6878,427.027510370758
6880,427.027510370758
6881,427.027510370758
6882,427.027510370758
6886,480.01457628189604
6887,480.01457628189604
6888,480.01457628189604
6890,480.01457628189604
6891,480.01457628189604
6893,480.01457628189604
6896,516.7175425647164
6897,516.7175425647164
6898,516.7175425647164
6900,516.7175425647164
6901,516.7175425647164
6903,516.7175425647164
6904,516.7175425647164
6938,434.80455958282135
6939,434.80455958282135
6940,434.80455958282135
6941,434.80455958282135
6942,465.0026611951463
6943,465.0026611951463
6944,465.0026611951463
6945,465.0026611951463
6946,471.7333543048485
6947,471.7333543048485
6948,471.7333543048485
6949,471.7333543048485
6950,512.8727154265539
6951,512.8727154265539
6952,512.8727154265539
6953,512.8727154265539
6958,455.62832395134535
6959,462.25843812786326
6960,422.2513088538857
6961,438.66606224570495
6962,433.7105279773735
6963,422.2513088538857
6964,438.66606224570495
6965,433.7105279773735
6990,496.5986305121126
7008,428.489596042016
7009,428.489596042016
7011,470.3774102164589
7012,470.3774102164589
7013,428.489596042016
7014,470.3774102164589
7028,508.58249344966305
7029,508.58249344966305
7030,508.58249344966305
7031,508.58249344966305
7032,508.58249344966305
7033,508.58249344966305
7034,508.58249344966305
7035,508.58249344966305
7036,508.58249344966305
7037,508.58249344966305
7038,471.8453524654088
7039,471.8453524654088
7040,471.8453524654088
7041,471.8453524654088
7042,471.8453524654088
7043,471.8453524654088
7045,471.8453524654088
7046,471.8453524654088
7047,471.8453524654088
7048,471.8453524654088
7050,488.9367961073099
7051,488.9367961073099
7052,488.9367961073099
7053,488.9367961073099
7054,488.9367961073099
7055,488.9367961073099
7056,488.9367961073099
7058,488.9367961073099
7059,488.9367961073099
7060,488.9367961073099
7061,488.95300233573596
7062,488.95300233573596
7063,488.95300233573596
7064,488.95300233573596
7065,488.95300233573596
7066,488.95300233573596
7067,488.95300233573596
7069,488.95300233573596
7070,488.95300233573596
7071,488.95300233573596
7072,488.72840033158855
7073,488.72840033158855
7074,488.72840033158855
7075,488.72840033158855
7076,488.72840033158855
7077,488.72840033158855
7078,488.72840033158855
7079,488.72840033158855
7081,488.72840033158855
7082,488.72840033158855
7103,498.3501023528005
7104,484.48215624706387
7105,463.87850597034856
7106,486.3498812946325
7107,498.3501023528005
7108,484.48215624706387
7109,463.87850597034856
7110,486.3498812946325
7124,536.2482045043054
7133,415.95837598315416
7134,489.3905774337948
7136,377.04368307024544
7141,357.4431392840333
7144,428.45632927954784
7280,500.14776117575406
7289,496.75993178024095
7290,496.75993178024095
7291,496.75993178024095
7292,496.75993178024095
7293,496.75993178024095
7294,496.75993178024095
7295,496.75993178024095
7296,496.75993178024095
7297,496.75993178024095
7298,496.75993178024095
7321,541.4082958922929
7322,541.4082958922929
7345,435.1686600958417
7346,435.1686600958417
7347,435.1686600958417
7348,435.1686600958417
7349,435.1686600958417
7350,435.1686600958417
7351,435.1686600958417
7352,435.1686600958417
7353,435.1686600958417
7354,435.1686600958417
7355,435.1686600958417
7356,435.1686600958417
7357,435.1686600958417
7358,435.1686600958417
7359,438.2903261414671
7360,438.2903261414671
7361,438.2903261414671
7362,438.2903261414671
7363,438.2903261414671
7364,438.2903261414671
7365,438.2903261414671
7366,438.2903261414671
7367,438.2903261414671
7368,438.2903261414671
7369,438.2903261414671
7370,438.2903261414671
7371,438.2903261414671
7372,438.2903261414671
7373,450.9900599148764
7374,450.9900599148764
7375,450.9900599148764
7376,450.9900599148764
7377,450.9900599148764
7378,450.9900599148764
7379,450.9900599148764
7380,450.9900599148764
7381,450.9900599148764
7382,450.9900599148764
7383,450.9900599148764
7384,450.9900599148764
7385,450.9900599148764
7386,450.9900599148764
7387,454.4133362512814
7388,454.4133362512814
7389,454.4133362512814
7390,454.4133362512814
7391,454.4133362512814
7392,454.4133362512814
7393,454.4133362512814
7394,454.4133362512814
7395,454.4133362512814
7396,454.4133362512814
7397,454.4133362512814
7398,454.4133362512814
7399,454.4133362512814
7400,454.4133362512814
7467,683.0166862953392
7468,683.0166862953392
7530,565.2097958767289
7531,565.2097958767289
7535,522.419200068998
7537,544.3133317472226
7538,544.3133317472226
7542,515.3241424234286
7543,515.3241424234286
7544,515.3241424234286
7546,497.98677570897985
7548,470.14094107790254
7551,509.19656887773635
7552,509.19656887773635
7553,509.19656887773635
7555,494.33025622900306
7557,466.1557129807939
7559,488.53569854618445
7560,488.53569854618445
7561,488.53569854618445
7563,471.42768709261827
7566,534.7271159051683
7567,534.7271159051683
7569,629.8859539897991
7570,636.1574406021098
7571,632.5462367403748
7572,638.7137008332109
7573,634.1818295516721
7574,641.4800758919432
7575,643.0408678273811
7576,642.0479209931193
7577,629.8859539897991
7578,636.1574406021098
7579,632.5462367403748
7580,638.7137008332109
7581,634.1818295516721
7582,641.4800758919432
7583,643.0408678273811
7584,642.0479209931193
7629,491.7122438862408
7631,512.5247792135228
7632,561.7181818514957
7636,556.1227766541211
7652,487.43008407356723
7653,509.8193153145555
7654,509.8193153145555
7679,486.19593317749593
7685,513.0069133356491
7764,530.3023693090825
7765,523.6448269662526
7766,532.6182528247185
7767,516.5659557038405
7768,536.158020316625
7769,525.7038252497655
7770,543.5328524228499
7771,520.9899668943333
7772,564.5114670972823
7773,495.9389693148892
7774,502.9718244655142
7775,535.7439633075314
7776,518.8220703586903
7777,506.5548638684149
7778,509.92660614659354
7779,527.4026917880999
7780,530.3023693090825
7781,523.6448269662526
7782,532.6182528247185
7783,516.5659557038405
7784,536.158020316625
7785,525.7038252497655
7786,543.5328524228499
7787,520.9899668943333
7788,564.5114670972823
7789,495.9389693148892
7790,502.9718244655142
7791,535.7439633075314
7792,518.8220703586903
7793,506.5548638684149
7794,509.92660614659354
7795,527.4026917880999
7813,523.6448269662526
7814,532.6182528247185
7815,516.5659557038405
7816,536.158020316625
7817,525.7038252497655
7818,543.5328524228499
7819,520.9899668943333
7820,564.5114670972823
7821,495.9389693148892
7822,502.9718244655142
7823,535.7439633075314
7824,518.8220703586903
7825,506.5548638684149
7826,509.92660614659354
7827,527.4026917880999
7828,530.3023693090825
7829,523.6448269662526
7830,532.6182528247185
7831,516.5659557038405
7832,536.158020316625
7833,525.7038252497655
7834,543.5328524228499
7835,520.9899668943333
7836,564.5114670972823
7837,495.9389693148892
7838,502.9718244655142
7839,535.7439633075314
7840,518.8220703586903
7841,506.5548638684149
7842,509.92660614659354
7843,527.4026917880999
7856,533.1540093451855
7861,514.338433679614
7863,514.338433679614
7864,514.338433679614
7865,514.338433679614
7889,446.2886151856264
7894,446.2886151856264
7895,446.2886151856264
7896,446.2886151856264
7897,446.2886151856264
7898,475.51300473653157
7903,475.51300473653157
7904,475.51300473653157
7905,475.51300473653157
7906,475.51300473653157
7907,446.2886151856264
7908,475.51300473653157
7928,596.5601889863354
7937,451.9159880417776
7938,444.10027102022167
7939,488.29416924602486
7940,486.4997373101146
7941,596.5601889863354
7942,523.2983230693807
7943,521.0756672184517
8143,405.79056659728536
8153,498.89250537702395
8154,488.63816599581605
8155,498.89250537702395
8156,488.63816599581605
8157,498.89250537702395
8158,488.63816599581605
8159,498.89250537702395
8160,488.63816599581605
8165,446.9088997853957
8166,437.4821904008332
8167,503.00742763204806
8168,500.402110313001
8169,446.9088997853957
8170,437.4821904008332
8171,503.00742763204806
8172,500.402110313001
8173,399.2279034876562
8174,399.2279034876562
8175,399.2279034876562
8177,399.2279034876562
8178,399.2279034876562
8179,414.11912815849394
8180,414.11912815849394
8181,414.11912815849394
8183,414.11912815849394
8184,414.11912815849394
8185,418.2979431876636
8186,418.2979431876636
8187,418.2979431876636
8189,418.2979431876636
8190,418.2979431876636
8242,478.20401706361935
8243,478.20401706361935
8244,478.20401706361935
8245,478.20401706361935
8246,478.20401706361935
8247,478.20401706361935
8248,478.20401706361935
8249,478.20401706361935
8250,478.20401706361935
8251,478.20401706361935
8283,532.0858792605443
8284,532.0858792605443
8290,474.07982826407715
8291,474.07982826407715
8292,474.07982826407715
8294,474.07982826407715
8295,487.9817380057368
8296,487.9817380057368
8297,487.9817380057368
8299,487.9817380057368
8300,465.20240927585394
8301,465.20240927585394
8302,465.20240927585394
8304,465.20240927585394
8305,479.334961262576
8306,479.334961262576
8307,479.334961262576
8309,479.334961262576
8310,482.73650723159176
8311,482.73650723159176
8312,482.73650723159176
8314,482.73650723159176
8315,490.0369223263905
8316,490.0369223263905
8317,490.0369223263905
8319,490.0369223263905
8320,451.5716848189759
8321,451.5716848189759
8322,451.5716848189759
8324,451.5716848189759
8325,458.11608199534163
8326,458.11608199534163
8327,458.11608199534163
8329,458.11608199534163
8330,509.35095844904083
8331,509.35095844904083
8332,509.35095844904083
8334,509.35095844904083
8335,517.1461894184371
8336,517.1461894184371
8337,517.1461894184371
8339,517.1461894184371
8417,563.3656068184782
8418,539.5499445899939
8419,533.0377535653989
8420,493.1330816382288
8421,563.3656068184782
8422,539.5499445899939
8423,533.0377535653989
8424,493.1330816382288
8426,448.8908086455452
8427,448.8908086455452
8428,448.8908086455452
8430,448.8908086455452
8431,448.8908086455452
8432,448.8908086455452
8435,502.37186764669843
8436,502.37186764669843
8437,502.37186764669843
8439,502.37186764669843
8440,502.37186764669843
8441,502.37186764669843
8444,487.62443377715755
8445,487.62443377715755
8446,487.62443377715755
8448,487.62443377715755
8449,487.62443377715755
8450,487.62443377715755
8453,502.35714436218655
8454,502.35714436218655
8455,502.35714436218655
8457,502.35714436218655
8458,502.35714436218655
8459,502.35714436218655
8463,379.1516505509247
8464,379.1516505509247
8468,401.59519126876705
8469,401.59519126876705
8473,429.6012662440708
8474,429.6012662440708
8557,629.674010989651
8558,629.674010989651
8559,629.674010989651
8560,629.674010989651
8561,629.674010989651
8562,629.674010989651
8580,437.70862289754774
8581,403.39305778252924
8582,403.39305778252924
8585,544.4537519692984
8586,544.4537519692984
8587,544.4537519692984
8591,542.3608664416842
8592,542.3608664416842
8596,526.569111162792
8597,526.569111162792
8598,422.81515257559715
8599,460.41489160398845
8600,465.0759071847508
8601,417.3121369320299
8603,383.14805938061295
8605,406.03548410241615
8607,415.7298927283986
8618,440.96028247690657
8619,452.9702952221466
8620,494.53648218386405
8621,524.2860008623448
8622,482.1101453617647
8623,409.25542928090715
8630,440.96028247690657
8631,440.96028247690657
8632,440.96028247690657
8633,440.96028247690657
8634,440.96028247690657
8635,440.96028247690657
8636,440.96028247690657
8637,440.96028247690657
8638,440.96028247690657
8639,440.96028247690657
8640,452.9702952221466
8641,452.9702952221466
8642,452.9702952221466
8643,452.9702952221466
8644,452.9702952221466
8645,452.9702952221466
8646,452.9702952221466
8647,452.9702952221466
8648,452.9702952221466
8649,452.9702952221466
8650,494.53648218386405
8651,494.53648218386405
8652,494.53648218386405
8653,494.53648218386405
8654,494.53648218386405
8655,494.53648218386405
8656,494.53648218386405
8657,494.53648218386405
8658,494.53648218386405
8659,494.53648218386405
8660,524.2860008623448
8661,524.2860008623448
8662,524.2860008623448
8663,524.2860008623448
8664,524.2860008623448
8665,524.2860008623448
8666,524.2860008623448
8667,524.2860008623448
8668,524.2860008623448
8669,524.2860008623448
8670,482.1101453617647
8671,482.1101453617647
8672,482.1101453617647
8673,482.1101453617647
8674,482.1101453617647
8675,482.1101453617647
8676,482.1101453617647
8677,482.1101453617647
8678,482.1101453617647
8679,482.1101453617647
8680,409.25542928090715
8681,409.25542928090715
8682,409.25542928090715
8683,409.25542928090715
8684,409.25542928090715
8685,409.25542928090715
8686,409.25542928090715
8687,409.25542928090715
8688,409.25542928090715
8689,409.25542928090715
8690,411.32426292453925
8691,411.32426292453925
8692,411.32426292453925
8716,524.3962337167201
8717,524.3962337167201
8718,524.3962337167201
8719,524.3962337167201
8720,524.3962337167201
8721,524.3962337167201
8722,524.3962337167201
8723,524.3962337167201
8724,524.3962337167201
8725,524.3962337167201
8726,524.3962337167201
8727,524.3962337167201
8728,524.3962337167201
8729,524.3962337167201
8730,524.3962337167201
8731,524.3962337167201
8732,524.3962337167201
8733,524.3962337167201
8734,524.3962337167201
8735,557.8048330810569
8736,557.8048330810569
8737,557.8048330810569
8738,557.8048330810569
8739,557.8048330810569
8740,557.8048330810569
8741,557.8048330810569
8742,557.8048330810569
8743,557.8048330810569
8744,557.8048330810569
8745,557.8048330810569
8746,557.8048330810569
8747,557.8048330810569
8748,557.8048330810569
8749,557.8048330810569
8750,557.8048330810569
8751,557.8048330810569
8752,557.8048330810569
8829,472.6339511972726
8830,472.6339511972726
8831,472.6339511972726
8832,472.6339511972726
8833,472.6339511972726
8834,472.6339511972726
8835,472.6339511972726
8836,472.6339511972726
8837,472.6339511972726
8838,450.2859755378145
8839,450.2859755378145
8840,450.2859755378145
8841,450.2859755378145
8842,450.2859755378145
8843,450.2859755378145
8844,450.2859755378145
8845,450.2859755378145
8846,465.52740076159415
8847,465.52740076159415
8848,465.52740076159415
8849,465.52740076159415
8850,465.52740076159415
8851,465.52740076159415
8852,465.52740076159415
8853,465.52740076159415
8854,465.52740076159415
8855,462.0245819325937
8856,462.0245819325937
8857,462.0245819325937
8858,462.0245819325937
8859,462.0245819325937
8860,462.0245819325937
8861,462.0245819325937
8862,462.0245819325937
8863,462.0245819325937
8864,456.05154299981746
8865,456.05154299981746
8866,456.05154299981746
8867,456.05154299981746
8868,456.05154299981746
8869,456.05154299981746
8870,440.64592803019264
8871,440.64592803019264
8872,440.64592803019264
8873,440.64592803019264
8874,440.64592803019264
8875,440.64592803019264
8876,440.64592803019264
8877,440.64592803019264
8878,440.64592803019264
8879,429.71434982871017
8880,429.71434982871017
8881,429.71434982871017
8882,429.71434982871017
8883,429.71434982871017
8884,489.4314697664502
8885,489.4314697664502
8886,489.4314697664502
8887,489.4314697664502
8888,489.4314697664502
8889,489.4314697664502
8890,489.4314697664502
8891,489.4314697664502
8892,489.4314697664502
8893,485.50658994992347
8894,485.50658994992347
8895,485.50658994992347
8896,485.50658994992347
8897,485.50658994992347
8898,485.50658994992347
8899,485.50658994992347
8900,485.50658994992347
8901,485.50658994992347
8902,485.50658994992347
8903,470.2479752230123
8904,470.2479752230123
8905,470.2479752230123
8906,470.2479752230123
8907,470.2479752230123
8915,423.4136250482118
8916,423.4136250482118
8917,423.4136250482118
8918,423.4136250482118
8919,423.4136250482118
8920,423.4136250482118
8921,423.4136250482118
8922,423.4136250482118
8923,423.4136250482118
8924,423.4136250482118
8925,515.2215659371756
8926,515.2215659371756
8927,515.2215659371756
8928,515.2215659371756
8929,515.2215659371756
8930,515.2215659371756
8931,515.2215659371756
8932,515.2215659371756
8933,515.2215659371756
8934,515.2215659371756
8935,527.7168862863862
8936,527.7168862863862
8937,527.7168862863862
8938,527.7168862863862
8939,527.7168862863862
8940,527.7168862863862
8941,527.7168862863862
8942,527.7168862863862
8943,527.7168862863862
8944,527.7168862863862
8945,521.256570969472
8946,521.256570969472
8947,521.256570969472
8948,521.256570969472
8949,521.256570969472
8950,521.256570969472
8951,521.256570969472
8952,521.256570969472
8953,521.256570969472
8954,521.256570969472
8955,502.4703213631052
8956,502.4703213631052
8957,502.4703213631052
8958,502.4703213631052
8959,502.4703213631052
8960,502.4703213631052
8961,502.4703213631052
8962,502.4703213631052
8963,502.4703213631052
8964,502.4703213631052
8984,534.9073039565357
8985,534.9073039565357
8986,534.9073039565357
8987,534.9073039565357
8988,534.9073039565357
8989,529.1172084576466
8990,529.1172084576466
8991,529.1172084576466
8992,529.1172084576466
8993,529.1172084576466
9016,499.7984280698869
9017,512.3773985769396
9018,432.27908404294124
9019,496.153254377111
9020,508.55452004191284
9021,495.78319807135506
9022,485.76146866157455
9023,443.9488396872981
9024,514.4162680417883
9025,499.7984280698869
9026,512.3773985769396
9027,432.27908404294124
9028,496.153254377111
9029,508.55452004191284
9030,495.78319807135506
9031,485.76146866157455
9032,443.9488396872981
9033,514.4162680417883
9034,499.7984280698869
9035,512.3773985769396
9036,432.27908404294124
9037,496.153254377111
9038,508.55452004191284
9039,495.78319807135506
9040,485.76146866157455
9041,443.9488396872981
9042,514.4162680417883
9043,499.7984280698869
9044,512.3773985769396
9045,432.27908404294124
9046,496.153254377111
9047,508.55452004191284
9048,495.78319807135506
9049,485.76146866157455
9050,443.9488396872981
9051,514.4162680417883
9052,437.9048658497822
9054,437.9048658497822
9055,437.9048658497822
9056,459.9154965799244
9058,459.9154965799244
9059,459.9154965799244
9060,464.3859760812732
9062,464.3859760812732
9063,464.3859760812732
9065,485.5960757880011
9066,485.5960757880011
9067,429.8465708819425
9069,429.8465708819425
9070,429.8465708819425
9071,451.47139575422835
9073,451.47139575422835
9074,451.47139575422835
9076,477.9327451379105
9077,477.9327451379105
9099,588.304095659509
9100,608.3925695999704
9124,433.08653719974654
9180,571.0911263058078
9211,701.9943122237138
9212,701.9943122237138
9213,701.9943122237138
9225,611.7114464066677
9228,601.464864101568
9229,601.464864101568
9230,601.464864101568
9231,601.464864101568
9242,609.5436602985399
9248,546.5055136153321
9250,425.0604362827307
9251,429.5281662339815
9252,437.028166624721
9253,446.86921698744385
9254,447.26596061613
9255,416.8324578083103
9256,435.3728617318793
9257,464.4683679869605
9258,467.45229077971044
9259,481.5068288850769
9260,425.0604362827307
9261,429.5281662339815
9262,437.028166624721
9263,446.86921698744385
9264,447.26596061613
9265,416.8324578083103
9266,435.3728617318793
9267,464.4683679869605
9268,467.45229077971044
9269,481.5068288850769
9270,573.4413702330238
9271,573.4413702330238
9272,573.4413702330238
9273,573.4413702330238
9274,573.4413702330238
9275,573.4413702330238
9276,573.4413702330238
9277,573.4413702330238
9278,573.4413702330238
9279,573.4413702330238
9280,573.4413702330238
9281,573.4413702330238
9282,600.2079377919417
9283,600.2079377919417
9284,600.2079377919417
9285,600.2079377919417
9286,600.2079377919417
9287,600.2079377919417
9288,600.2079377919417
9289,600.2079377919417
9290,600.2079377919417
9291,600.2079377919417
9292,600.2079377919417
9293,600.2079377919417
9301,557.1491855532844
9302,458.02225785094276
9303,441.71022172424045
9304,459.84485368512355
9305,449.51107854537173
9306,456.764027764521
9307,441.6702741775277
9308,459.61963806034237
9309,431.0321263619368
9319,401.5583528257139
9323,414.69183938097734
9324,414.69183938097734
9325,414.69183938097734
9326,414.69183938097734
9327,414.69183938097734
9328,421.26845277096646
9329,421.26845277096646
9330,421.26845277096646
9331,421.26845277096646
9332,421.26845277096646
9333,427.9675443917774
9334,427.9675443917774
9335,427.9675443917774
9336,427.9675443917774
9337,421.3497655743246
9338,421.3497655743246
9339,421.3497655743246
9340,421.3497655743246
9341,421.3497655743246
9342,394.5093291945667
9343,394.5093291945667
9344,394.5093291945667
9345,394.5093291945667
9346,394.5093291945667
9347,412.34979603975745
9348,412.34979603975745
9349,412.34979603975745
9350,412.34979603975745
9351,412.34979603975745
9357,682.8074925782885
9360,695.4724896697805
9366,640.20408567751
9369,650.5434453246438
9370,537.0080458056796
9373,537.0080458056796
9375,537.0080458056796
9376,537.0080458056796
9377,537.0080458056796
9378,537.0080458056796
9379,505.09130877503867
9380,505.09130877503867
9382,505.09130877503867
9383,505.09130877503867
9384,505.09130877503867
9385,505.09130877503867
9386,505.09130877503867
9387,505.09130877503867
9388,508.33048794472603
9389,508.33048794472603
9391,508.33048794472603
9392,508.33048794472603
9393,508.33048794472603
9394,508.33048794472603
9395,508.33048794472603
9396,508.33048794472603
9397,485.6737117243728
9398,485.6737117243728
9399,485.6737117243728
9400,485.6737117243728
9401,485.6737117243728
9402,485.6737117243728
9403,485.6737117243728
9404,485.6737117243728
9405,485.6737117243728
9410,396.5954804719977
9412,407.0674817437801
9427,496.54826126354516
9464,450.2730078837297
9465,475.7861965297113
9466,462.19006390643676
9467,487.93005099427927
9468,456.033882871535
9469,450.2730078837297
9470,475.7861965297113
9471,462.19006390643676
9472,487.93005099427927
9473,456.033882871535
9474,450.2730078837297
9475,475.7861965297113
9476,462.19006390643676
9477,487.93005099427927
9478,456.033882871535
9479,450.2730078837297
9480,475.7861965297113
9481,462.19006390643676
9482,487.93005099427927
9483,456.033882871535
9484,450.2730078837297
9485,475.7861965297113
9486,462.19006390643676
9487,487.93005099427927
9488,456.033882871535
9489,450.2730078837297
9490,475.7861965297113
9491,462.19006390643676
9492,487.93005099427927
9493,456.033882871535
9494,450.2730078837297
9495,475.7861965297113
9496,462.19006390643676
9497,487.93005099427927
9498,456.033882871535
9499,462.57754806289716
9500,462.57754806289716
9501,462.57754806289716
9502,462.57754806289716
9503,462.57754806289716
9504,462.57754806289716
9505,462.57754806289716
9506,462.57754806289716
9507,462.57754806289716
9508,462.57754806289716
9509,462.57754806289716
9510,462.57754806289716
9511,462.57754806289716
9512,462.57754806289716
9530,587.6732136285245
9531,587.6732136285245
9532,587.6732136285245
9533,587.6732136285245
9534,587.6732136285245
9535,587.6732136285245
9536,587.6732136285245
9537,587.6732136285245
9561,532.2754689343009
9562,532.2754689343009
9563,532.2754689343009
9564,532.2754689343009
9565,532.2754689343009
9566,532.2754689343009
9691,473.3118079091688
9697,430.0151020966475
9698,430.0151020966475
9699,430.0151020966475
9700,430.0151020966475
9701,430.0151020966475
9702,430.0151020966475
9703,430.0151020966475
9704,430.0151020966475
9705,430.0151020966475
9724,445.1860241676696
9728,476.6357934712542
9731,445.1860241676696
9736,505.83774259178466
9737,505.83774259178466
9738,505.83774259178466
9739,505.83774259178466
9740,543.2660594210471
9741,543.2660594210471
9742,543.2660594210471
9743,543.2660594210471
9775,542.4780198731299
9785,542.4780198731299
9789,437.7271829181033
9790,437.7271829181033
9791,437.7271829181033
9792,437.7271829181033
9793,437.7271829181033
9794,437.7271829181033
9795,489.07564959129525
9796,481.5256995539279
9797,503.90104320362707
9854,458.9110568022745
9855,458.9110568022745
9856,458.9110568022745
9857,458.9110568022745
9858,458.9110568022745
9859,458.9110568022745
9860,458.9110568022745
9861,458.9110568022745
9862,458.9110568022745
9863,489.42298880239576
9864,489.42298880239576
9865,489.42298880239576
9866,489.42298880239576
9867,489.42298880239576
9868,489.42298880239576
9869,489.42298880239576
9870,489.42298880239576
9871,489.42298880239576
9872,489.42298880239576
9873,489.42298880239576
9874,489.42298880239576
9875,489.42298880239576
9876,489.42298880239576
9877,489.42298880239576
9878,456.4868605251723
9879,456.4868605251723
9880,456.4868605251723
9881,456.4868605251723
9882,456.4868605251723
9883,456.4868605251723
9884,456.4868605251723
9885,456.4868605251723
9886,456.4868605251723
9887,456.4868605251723
9888,456.4868605251723
9889,456.4868605251723
9896,466.5720994359761
9905,463.80488610842644
9912,463.83083640354255
9919,482.74553032256233
9920,583.2995807675977
9921,582.3591087106646
9923,430.73879592024065
9925,553.4422035483808
9927,501.0897356859953
9974,454.63860920046943
9975,454.63860920046943
9977,491.97947620513185
9978,491.97947620513185
9981,472.13568848574226
9982,472.13568848574226
9985,495.37679645973554
9986,495.37679645973554
9996,490.4695016975722
9997,498.3107674223657
9998,511.5312969492315
10008,480.21779909378034
10009,480.21779909378034
10011,473.6812295042254
10023,479.40251359962934
10024,479.40251359962934
10028,665.9511533401574
10029,665.9511533401574
10030,665.9511533401574
10031,665.9511533401574
10032,665.9511533401574
10033,665.9511533401574
10034,665.9511533401574
10035,665.9511533401574
10036,665.9511533401574
10067,453.4615412930061
10068,453.4615412930061
10069,453.4615412930061
10070,453.4615412930061
10071,453.4615412930061
10072,453.4615412930061
10073,453.4615412930061
10074,471.9912310631217
10075,471.9912310631217
10076,471.9912310631217
10077,471.9912310631217
10078,471.9912310631217
10079,471.9912310631217
10080,471.9912310631217
10081,484.78285144130194
10082,484.78285144130194
10083,484.78285144130194
10084,484.78285144130194
10085,484.78285144130194
10086,484.78285144130194
10087,484.78285144130194
10088,445.27654495603895
10089,445.27654495603895
10090,445.27654495603895
10091,445.27654495603895
10092,445.27654495603895
10093,462.96458761843223
10094,462.96458761843223
10095,462.96458761843223
10096,462.96458761843223
10097,462.96458761843223
10098,477.88747564511885
10099,477.88747564511885
10100,477.88747564511885
10101,477.88747564511885
10102,477.88747564511885
10103,439.9467773416656
10104,472.82874209829146
10129,564.8102721305353
10130,564.8102721305353
10138,578.512273696435
10139,578.512273696435
10162,484.27847809541686
10163,455.6884713897328
10164,567.8872728939923
10277,602.1602512231252
10278,602.1602512231252
10279,602.1602512231252
10280,602.1602512231252
10281,602.1602512231252
10282,602.1602512231252
10283,602.1602512231252
10284,602.1602512231252
10285,603.8870689612568
10286,603.8870689612568
10287,603.8870689612568
10288,603.8870689612568
10289,603.8870689612568
10290,603.8870689612568
10291,603.8870689612568
10292,603.8870689612568
10293,603.764341621481
10294,603.764341621481
10295,603.764341621481
10296,603.764341621481
10297,603.764341621481
10298,603.764341621481
10299,603.764341621481
10300,603.764341621481
10329,306.4098119318887
10330,306.4098119318887
10331,306.4098119318887
10332,306.4098119318887
10333,306.4098119318887
10334,306.4098119318887
10379,497.71355984247253
10380,477.59688722114066
10381,483.5640076161765
10382,505.4900093854899
10383,516.3195123899194
10384,525.399111300817
10385,488.96207571414067
10386,488.96207571414067
10387,488.96207571414067
10388,488.96207571414067
10389,488.96207571414067
10390,488.96207571414067
10391,488.96207571414067
10392,488.96207571414067
10393,488.96207571414067
10394,456.8655442574487
10395,456.8655442574487
10396,456.8655442574487
10397,456.8655442574487
10398,456.8655442574487
10399,456.8655442574487
10400,456.8655442574487
10401,456.8655442574487
10402,456.8655442574487
10403,500.91695246331415
10404,500.91695246331415
10405,500.91695246331415
10406,500.91695246331415
10407,500.91695246331415
10408,500.91695246331415
10409,500.91695246331415
10410,497.9515855543024
10411,497.9515855543024
10412,497.9515855543024
10413,497.9515855543024
10414,497.9515855543024
10415,497.9515855543024
10416,497.9515855543024
10417,497.9515855543024
10418,497.9515855543024
10419,536.0508581552795
10420,536.0508581552795
10421,536.0508581552795
10422,536.0508581552795
10423,536.0508581552795
10424,536.0508581552795
10425,536.0508581552795
10426,536.0508581552795
10427,536.0508581552795
10428,571.3214499695987
10429,571.3214499695987
10430,571.3214499695987
10431,571.3214499695987
10432,571.3214499695987
10433,571.3214499695987
10434,571.3214499695987
10435,571.3214499695987
10436,571.3214499695987
10452,358.5341379412497
10453,358.5341379412497
10454,358.5341379412497
10455,358.5341379412497
10456,358.5341379412497
10457,358.5341379412497
10458,358.5341379412497
10459,358.5341379412497
10460,358.5341379412497
10468,566.0064471120312
10479,423.6259224987859
10480,423.6259224987859
10481,423.6259224987859
10482,423.6259224987859
10483,423.6259224987859
10484,423.6259224987859
10485,423.6259224987859
10486,423.6259224987859
10487,423.6259224987859
10488,423.6259224987859
10489,430.35378746326364
10490,430.35378746326364
10491,430.35378746326364
10492,430.35378746326364
10493,430.35378746326364
10494,430.35378746326364
10495,430.35378746326364
10496,430.35378746326364
10497,430.35378746326364
10498,430.35378746326364
10512,486.30724307790524
10513,498.0356706322274
10514,518.7821262397833
10574,544.91202139504
10575,544.91202139504
10576,544.91202139504
10577,544.91202139504
10578,544.91202139504
10589,563.521017177542
10590,563.521017177542
10591,563.521017177542
10592,563.521017177542
10593,563.521017177542
10604,592.1953128714608
10605,592.1953128714608
10606,592.1953128714608
10607,592.1953128714608
10608,592.1953128714608
10609,594.6045601857596
10610,594.6045601857596
10611,594.6045601857596
10612,594.6045601857596
10613,594.6045601857596
10624,592.6300670169928
10625,592.6300670169928
10626,592.6300670169928
10627,592.6300670169928
10628,592.6300670169928
10629,606.4124044133953
10630,606.4124044133953
10631,606.4124044133953
10632,606.4124044133953
10633,606.4124044133953
10682,531.0058205622275
10683,531.2956103012364
10684,535.6119195059399
10685,536.4685779542081
10686,534.3790588637758
10687,535.0443845321001
10688,539.3605199287579
10689,537.1457748186048
10690,444.200724272118
10691,444.200724272118
10692,444.200724272118
10693,444.200724272118
10694,444.200724272118
10695,444.200724272118
10696,444.200724272118
10697,444.200724272118
10698,444.200724272118
10699,444.200724272118
10700,444.200724272118
10701,444.200724272118
10702,444.200724272118
10703,444.200724272118
10704,444.200724272118
10705,444.200724272118
10706,444.200724272118
10707,444.200724272118
10708,444.200724272118
10709,444.200724272118
10710,444.200724272118
10711,444.200724272118
10712,444.200724272118
10713,444.200724272118
10714,444.200724272118
10715,444.200724272118
10716,444.200724272118
10717,444.200724272118
10718,442.9937382031116
10719,442.9937382031116
10720,442.9937382031116
10721,442.9937382031116
10722,442.9937382031116
10723,442.9937382031116
10724,442.9937382031116
10725,442.9937382031116
10726,442.9937382031116
10727,442.9937382031116
10728,442.9937382031116
10729,442.9937382031116
10730,442.9937382031116
10731,442.9937382031116
10732,442.9937382031116
10733,442.9937382031116
10734,442.9937382031116
10735,442.9937382031116
10736,442.9937382031116
10737,442.9937382031116
10738,442.9937382031116
10739,442.9937382031116
10740,442.9937382031116
10741,442.9937382031116
10742,442.9937382031116
10743,442.9937382031116
10744,442.9937382031116
10745,442.9937382031116
10746,438.68522133787155
10747,438.68522133787155
10748,438.68522133787155
10749,438.68522133787155
10750,438.68522133787155
10751,438.68522133787155
10752,438.68522133787155
10753,438.68522133787155
10754,438.68522133787155
10755,438.68522133787155
10756,438.68522133787155
10757,438.68522133787155
10758,438.68522133787155
10759,438.68522133787155
10760,438.68522133787155
10761,438.68522133787155
10762,438.68522133787155
10763,438.68522133787155
10764,438.68522133787155
10765,438.68522133787155
10766,438.68522133787155
10767,438.68522133787155
10768,438.68522133787155
10769,438.68522133787155
10770,438.68522133787155
10771,438.68522133787155
10772,438.68522133787155
10773,438.68522133787155
10828,577.5659379144719
10829,577.5659379144719
10830,577.5659379144719
10831,577.5659379144719
10832,577.5659379144719
10833,577.5659379144719
10834,577.5659379144719
10835,577.5659379144719
10836,571.5355979794971
10837,571.5355979794971
10838,571.5355979794971
10839,571.5355979794971
10840,571.5355979794971
10841,571.5355979794971
10842,571.5355979794971
10843,571.5355979794971
10878,522.9270683100345
10879,522.9270683100345
10882,455.14559295112116
10883,455.14559295112116
10884,455.14559295112116
10885,455.14559295112116
10886,455.14559295112116
10887,455.14559295112116
10888,455.14559295112116
10889,455.14559295112116
10890,455.14559295112116
10891,455.14559295112116
10892,455.14559295112116
10893,455.14559295112116
10894,455.14559295112116
10895,455.14559295112116
10896,455.14559295112116
10897,455.14559295112116
10898,455.14559295112116
10899,424.9047808883895
10900,424.9047808883895
10901,424.9047808883895
10902,424.9047808883895
10903,424.9047808883895
10904,424.9047808883895
10905,424.9047808883895
10906,424.9047808883895
10907,424.9047808883895
10908,424.9047808883895
10909,424.9047808883895
10910,424.9047808883895
10911,424.9047808883895
10912,424.9047808883895
10913,424.9047808883895
10914,424.9047808883895
10915,424.9047808883895
10916,418.33627297317753
10917,418.33627297317753
10918,418.33627297317753
10919,418.33627297317753
10920,418.33627297317753
10921,418.33627297317753
10922,418.33627297317753
10923,418.33627297317753
10924,418.33627297317753
10925,418.33627297317753
10926,418.33627297317753
10927,418.33627297317753
10928,418.33627297317753
10929,418.33627297317753
10930,418.33627297317753
10931,418.33627297317753
10932,418.33627297317753
10933,417.57192712595395
10934,417.57192712595395
10935,417.57192712595395
10936,417.57192712595395
10937,417.57192712595395
10938,417.57192712595395
10939,417.57192712595395
10940,417.57192712595395
10941,417.57192712595395
10942,417.57192712595395
10943,417.57192712595395
10944,417.57192712595395
10945,417.57192712595395
10946,417.57192712595395
10947,417.57192712595395
10948,417.57192712595395
10949,417.57192712595395
10950,419.4237684025462
10951,419.4237684025462
10952,419.4237684025462
10953,419.4237684025462
10954,419.4237684025462
10955,419.4237684025462
10956,419.4237684025462
10957,419.4237684025462
10958,419.4237684025462
10959,419.4237684025462
10960,419.4237684025462
10961,419.4237684025462
10962,419.4237684025462
10963,419.4237684025462
10964,419.4237684025462
10965,419.4237684025462
10966,419.4237684025462
10967,450.72599914414286
10968,450.72599914414286
10969,450.72599914414286
10970,450.72599914414286
10971,450.72599914414286
10972,450.72599914414286
10973,450.72599914414286
10974,450.72599914414286
10975,450.72599914414286
10976,450.72599914414286
10977,450.72599914414286
10978,450.72599914414286
10979,450.72599914414286
10980,450.72599914414286
10981,450.72599914414286
10982,450.72599914414286
10983,450.72599914414286
10985,478.5637325068866
10987,478.5637325068866
10988,478.5637325068866
10991,495.7766897155215
10993,495.7766897155215
10994,495.7766897155215
11013,489.51254304519165
11029,516.376802234613
11031,516.376802234613
11068,575.0530137633729
11069,570.5404363812827
11070,583.7833117070332
11071,588.5090976955956
11072,570.6182525590743
11073,566.6462955859782
11074,580.7401051109647
11075,584.7142991951846
11076,562.3760256086862
11077,558.6322654346775
11078,574.0661981310341
11079,577.1885791083317
11120,543.8009090129726
11133,365.47368819432995
11165,422.05829971488487
11166,422.05829971488487
11167,422.05829971488487
11168,422.05829971488487
11169,422.05829971488487
11170,422.05829971488487
11171,422.05829971488487
11177,411.08779462140774
11178,411.08779462140774
11180,411.08779462140774
11181,411.08779462140774
11182,411.08779462140774
11183,411.08779462140774
11186,410.59017504644305
11187,410.59017504644305
11189,410.59017504644305
11190,410.59017504644305
11191,410.59017504644305
11192,410.59017504644305
11195,411.36301259919435
11196,411.36301259919435
11198,411.36301259919435
11199,411.36301259919435
11200,411.36301259919435
11201,411.36301259919435
11204,410.19489324749173
11205,410.19489324749173
11207,410.19489324749173
11208,410.19489324749173
11209,410.19489324749173
11210,410.19489324749173
11212,370.34991441182433
11213,370.34991441182433
11214,370.34991441182433
11215,370.34991441182433
11216,370.34991441182433
11217,370.34991441182433
11218,369.03975140791533
11224,386.3674513154328
11230,463.38110286410534
11236,516.8311904237677
11237,516.8311904237677
11238,516.8311904237677
11239,516.8311904237677
11240,516.8311904237677
11241,516.8311904237677
11242,516.8311904237677
11243,516.8311904237677
11244,516.8311904237677
11245,516.8311904237677
11246,516.8311904237677
11247,516.8311904237677
11248,504.8655122992801
11249,504.8655122992801
11250,504.8655122992801
11251,504.8655122992801
11252,504.8655122992801
11253,504.8655122992801
11254,504.8655122992801
11255,504.8655122992801
11256,504.8655122992801
11257,504.8655122992801
11258,504.8655122992801
11259,504.8655122992801
11260,522.0038060470379
11261,522.0038060470379
11262,522.0038060470379
11263,522.0038060470379
11264,522.0038060470379
11265,522.0038060470379
11266,522.0038060470379
11267,522.0038060470379
11268,522.0038060470379
11269,522.0038060470379
11270,522.0038060470379
11271,522.0038060470379
11272,524.7768161434428
11273,524.7768161434428
11274,524.7768161434428
11275,524.7768161434428
11276,524.7768161434428
11277,524.7768161434428
11278,524.7768161434428
11279,524.7768161434428
11280,524.7768161434428
11281,524.7768161434428
11282,524.7768161434428
11283,524.7768161434428
11284,517.7528801533078
11285,517.7528801533078
11286,517.7528801533078
11287,517.7528801533078
11288,517.7528801533078
11289,517.7528801533078
11290,517.7528801533078
11291,517.7528801533078
11292,517.7528801533078
11293,517.7528801533078
11294,512.8251244250534
11295,512.8251244250534
11296,512.8251244250534
11297,512.8251244250534
11298,512.8251244250534
11299,512.8251244250534
11300,512.8251244250534
11301,512.8251244250534
11302,512.8251244250534
11303,512.8251244250534
11304,512.8251244250534
11305,512.8251244250534
11306,502.6089634362482
11307,502.6089634362482
11308,502.6089634362482
11309,502.6089634362482
11310,502.6089634362482
11311,502.6089634362482
11312,502.6089634362482
11313,502.6089634362482
11314,502.6089634362482
11315,502.6089634362482
11316,502.6089634362482
11317,502.6089634362482
11318,486.21187438019194
11319,486.21187438019194
11320,486.21187438019194
11321,486.21187438019194
11322,486.21187438019194
11323,486.21187438019194
11324,486.21187438019194
11325,486.21187438019194
11326,486.21187438019194
11327,486.21187438019194
11328,486.21187438019194
11329,486.21187438019194
11330,501.0657940227843
11331,501.0657940227843
11332,501.0657940227843
11333,501.0657940227843
11334,501.0657940227843
11335,501.0657940227843
11336,501.0657940227843
11337,501.0657940227843
11338,501.0657940227843
11339,501.0657940227843
11340,501.0657940227843
11341,507.4620423216123
11342,507.4620423216123
11343,507.4620423216123
11344,507.4620423216123
11345,507.4620423216123
11346,507.4620423216123
11347,507.4620423216123
11348,507.4620423216123
11349,507.4620423216123
11350,614.0571025627938
11351,614.0571025627938
11352,614.0571025627938
11353,614.0571025627938
11354,614.0571025627938
11355,629.685259939403
11356,629.685259939403
11357,629.685259939403
11358,629.685259939403
11359,629.685259939403
11399,478.0803544216459
11400,478.0803544216459
11401,478.0803544216459
11402,478.0803544216459
11403,478.0803544216459
11404,478.0803544216459
11405,478.0803544216459
11420,388.380647429059
11421,388.380647429059
11422,388.380647429059
11423,388.380647429059
11424,388.380647429059
11425,388.380647429059
11426,388.380647429059
11427,388.380647429059
11444,373.4105282158829
11448,403.60331917822407
11451,370.0485486291544
11456,492.0160330760903
11457,500.24714975969596
11458,504.46158554179294
11459,500.13505066098315
11460,509.34360425578257
11461,500.0770899326376
11462,508.1540348974772
11463,508.04578966568124
11464,481.6337626512932
11465,476.92982814029233
11466,490.432123779523
11467,484.85872382233663
11468,492.6545177206187
11469,492.31338670038383
11470,490.86753171817725
11471,487.99428834254155
11472,493.7629982707861
11473,491.90321708086776
11474,490.17334399916405
11475,498.09688334099366
11476,493.0178984441746
11477,489.47235810497085
11478,500.7128827642347
11479,502.11761838247185
11480,494.606293874702
11481,502.69369652730956
11482,505.16051552572975
11483,517.6729447956775
11484,526.4147965414229
11485,530.091812666912
11486,501.3268564408654
11487,509.37831000918015
11488,512.1667434080559
11489,508.1384948509656
11490,517.3345903959246
11491,520.4026460789338
11492,451.0544239531994
11493,451.0544239531994
11494,451.0544239531994
11495,451.0544239531994
11496,451.0544239531994
11497,451.0544239531994
11498,451.0544239531994
11499,451.0544239531994
11500,451.0544239531994
11501,451.0544239531994
11502,451.0544239531994
11503,529.5985899378517
11504,529.5985899378517
11505,529.5985899378517
11506,529.5985899378517
11507,529.5985899378517
11508,529.5985899378517
11509,529.5985899378517
11510,529.5985899378517
11511,542.5294839169898
11512,542.5294839169898
11513,542.5294839169898
11514,542.5294839169898
11515,542.5294839169898
11516,542.5294839169898
11517,542.5294839169898
11518,542.5294839169898
11519,546.1638223770611
11520,546.1638223770611
11521,546.1638223770611
11522,546.1638223770611
11523,546.1638223770611
11524,546.1638223770611
11525,546.1638223770611
11526,546.1638223770611
11545,550.1507740898945
11548,550.1507740898945
11568,513.0974573387521
11570,547.6840680736972
11574,582.2458563064249
11577,584.0414295189979
11580,574.199650241677
11581,454.15266362485073
11582,473.43668842601704
11583,471.5868371192764
11584,414.46332788521624
11585,414.46332788521624
11586,414.46332788521624
11587,414.46332788521624
11588,414.46332788521624
11589,414.46332788521624
11590,414.46332788521624
11591,414.46332788521624
11592,414.46332788521624
11593,414.46332788521624
11595,418.20444931309794
11596,418.20444931309794
11598,418.20444931309794
11599,418.20444931309794
11600,418.20444931309794
11601,418.20444931309794
11603,418.20444931309794
11661,588.320628582747
11662,588.320628582747
11663,588.320628582747
11664,588.320628582747
11665,588.320628582747
11666,588.320628582747
11667,588.320628582747
11668,588.320628582747
11669,588.320628582747
11670,588.320628582747
11671,588.320628582747
11672,588.320628582747
11673,588.320628582747
11674,588.320628582747
11675,588.320628582747
11676,588.320628582747
11677,588.320628582747
11678,588.320628582747
11705,383.01352880104207
11706,397.55632059003926
11713,460.12742543165905
11714,460.12742543165905
11715,460.12742543165905
11716,460.12742543165905
11717,460.12742543165905
11718,460.12742543165905
11719,460.12742543165905
11720,460.12742543165905
11721,556.5736893447254
11722,556.5736893447254
11723,556.5736893447254
11724,558.7492892150594
11725,558.7492892150594
11726,558.7492892150594
11727,563.8910341291867
11728,563.8910341291867
11729,563.8910341291867
11730,563.8911061609585
11731,563.8911061609585
11732,563.8911061609585
11733,568.0904942473463
11734,568.0904942473463
11735,568.0904942473463
11736,567.9427316474569
11737,567.9427316474569
11738,567.9427316474569
11739,507.7466182129039
11740,507.7466182129039
11759,438.92976595955736
11821,568.3320330862596
11834,485.8034513879338
11835,497.5659300413066
11871,512.8836782500191
11872,512.8836782500191
11873,512.8836782500191
11876,512.5302717742958
11877,512.5302717742958
11878,512.5302717742958
11881,516.1917032083775
11882,516.1917032083775
11883,516.1917032083775
11901,405.01238128380487
11902,461.24803121999423
11903,471.13006072965294
11904,468.7482197984123
11905,473.171674413432
11906,484.6497784435679
11907,421.7292364948527
11933,542.0707503474298
11935,542.0707503474298
11936,542.0707503474298
11937,542.0707503474298
11939,542.0707503474298
11949,508.2102603541962
11951,508.2102603541962
11952,508.2102603541962
11953,508.2102603541962
11955,508.2102603541962
11989,419.5585397871906
11998,419.5585397871906
11999,419.5585397871906
12000,419.5585397871906
12001,419.5585397871906
12002,419.5585397871906
12003,467.71272117991515
12004,479.4079917988966
12021,422.3730168131204
12022,422.3730168131204
12025,388.96732668435607
12026,388.96732668435607
12027,388.96732668435607
12028,388.96732668435607
12029,388.96732668435607
12030,388.96732668435607
12031,388.96732668435607
12032,388.96732668435607
12033,388.96732668435607
12034,388.96732668435607
12035,388.96732668435607
12036,388.96732668435607
12037,388.96732668435607
12038,388.96732668435607
12039,388.96732668435607
12040,388.96732668435607
12041,388.96732668435607
12042,388.96732668435607
12043,388.96732668435607
12044,388.96732668435607
12045,391.44983404039715
12046,391.44983404039715
12047,391.44983404039715
12048,391.44983404039715
12049,391.44983404039715
12050,391.44983404039715
12051,391.44983404039715
12052,391.44983404039715
12053,391.44983404039715
12054,391.44983404039715
12055,391.44983404039715
12056,391.44983404039715
12057,391.44983404039715
12058,391.44983404039715
12059,391.44983404039715
12060,391.44983404039715
12061,391.44983404039715
12062,391.44983404039715
12063,391.44983404039715
12064,391.44983404039715
12065,395.6421766104779
12066,395.6421766104779
12067,395.6421766104779
12068,395.6421766104779
12069,395.6421766104779
12070,395.6421766104779
12071,395.6421766104779
12072,395.6421766104779
12073,395.6421766104779
12074,395.6421766104779
12075,395.6421766104779
12076,395.6421766104779
12077,395.6421766104779
12078,395.6421766104779
12079,395.6421766104779
12080,395.6421766104779
12081,395.6421766104779
12082,395.6421766104779
12083,395.6421766104779
12084,395.6421766104779
12116,562.4760566745758
12117,562.4760566745758
12118,562.4760566745758
12119,562.4760566745758
12124,578.4577609046034
12125,578.4577609046034
12126,578.4577609046034
12131,520.2473332082454
12132,520.2473332082454
12133,520.2473332082454
12138,600.3390605639484
12139,600.3390605639484
12140,600.3390605639484
12141,600.3390605639484
12142,600.3390605639484
12143,600.3390605639484
12144,600.3390605639484
12145,600.3390605639484
12146,600.3390605639484
12147,600.3390605639484
12148,600.3390605639484
12149,600.3390605639484
12150,600.3390605639484
12151,600.3390605639484
12152,600.3390605639484
12153,600.3390605639484
12154,600.3390605639484
12162,527.401913576373
12170,502.7000064613855
12171,502.7000064613855
12186,524.7435002221589
12187,524.7435002221589
12202,579.2473623003173
12203,579.2473623003173
12245,459.4655056190404
12246,459.4655056190404
12247,459.4655056190404
12248,459.4655056190404
12249,440.990762336837
12250,396.28463015783944
12251,396.28463015783944
12252,396.28463015783944
12253,396.28463015783944
12254,396.28463015783944
12255,396.28463015783944
12256,396.28463015783944
12257,396.28463015783944
12258,396.28463015783944
12259,396.28463015783944
12260,396.28463015783944
12261,396.28463015783944
12262,396.28463015783944
12263,396.28463015783944
12264,396.28463015783944
12265,396.28463015783944
12370,470.50585068618733
12371,497.81885503314936
12372,441.35005968739216
12373,474.866271689343
12374,414.07708031384044
12375,448.5369244564127
12376,440.1092450951521
12377,502.59875515694205
12378,519.3093236772547
12379,509.62007882657906
12380,521.9453852499807
12381,513.9349865879011
12382,512.4531938782548
12383,506.8380984494427
12384,500.8105837862894
12385,496.96991276233075
12386,535.7600822181088
12387,529.3336770627859
12388,514.9075440500546
12389,542.5314633076472
12390,519.1317493694086
12391,510.5340052036257
12392,504.79437206502286
12393,515.3042239242343
12397,486.19593317749593
12399,513.0069133356491
12402,506.8665773006988
12406,482.8821429573687
12410,460.0835036328029
12411,399.37443227411086
12461,441.4974885134147
12462,441.4974885134147
12463,441.4974885134147
12465,441.4974885134147
12467,441.4974885134147
12470,433.60631303404296
12471,433.60631303404296
12474,433.60631303404296
12480,441.98536278224094
12481,441.98536278224094
12482,441.98536278224094
12494,422.42465975711946
12495,413.0906445042664
12496,424.72030574847133
12497,439.9997170041968
12498,418.7913354399452
12499,433.3258529447577
12500,475.904502810285
12501,407.4471648395745
12502,431.10923854999646
12503,431.10923854999646
12504,431.10923854999646
12505,431.10923854999646
12506,431.10923854999646
12507,431.10923854999646
12508,431.10923854999646
12509,431.10923854999646
12510,431.10923854999646
12522,475.54823393891024
12523,492.4922930018222
12524,521.0407441676863
12525,494.68867459851464
12526,523.4306751721534
12527,545.7731000442619
12565,535.0584628725487
12566,499.023736079005
12567,495.8121267210163
12568,503.17889929399917
12569,384.7401537388906
12570,414.3704969941923
12571,475.98288608543197
12572,467.1995024720915
12573,459.2620543358504
12574,499.5641766124018
12575,494.92842738649557
12576,505.5745756877285
12577,467.2313349994608
12578,469.57475503254676
12579,479.1858964202957
12580,467.26627111677635
12581,447.2380275341103
12588,607.1975553069891
12595,651.269487356858
12602,643.1890281446226
12609,611.3730093833653
12727,456.12140501375757
12728,456.12140501375757
12746,518.0582031981178
12747,524.4425187880391
12748,447.6599103673116
12749,447.71865194683164
12750,491.00615844962266
12751,505.8053364954112
12752,518.0582031981178
12753,524.4425187880391
12754,447.6599103673116
12755,447.71865194683164
12756,491.00615844962266
12757,505.8053364954112
12758,518.0582031981178
12759,524.4425187880391
12769,565.190478734929
12771,565.190478734929
12772,615.3378198794422
12773,615.3378198794422
12774,615.3378198794422
12802,568.3018297799146
12805,568.3018297799146
12817,449.54960131639785
12818,396.5925356006852
12819,389.19738690008313
12820,468.22632548510404
12821,415.6263264018902
12822,402.31724615768303
12823,453.33177141391866
12824,400.8134337676029
12830,714.7432808562678
12832,738.9176087760422
12839,594.4722955288239
12840,573.1155399270108
12841,580.4850604647999
12842,548.6345352137074
12844,574.9901648693019
12848,573.1155399270108
12850,548.6345352137074
12855,412.6614835516641
12856,412.6614835516641
12857,412.6614835516641
12858,412.6614835516641
12879,420.78773409292614
12881,420.78773409292614
12889,439.65649876747926
12891,439.65649876747926
12918,669.5103435427659
12922,656.9098362577329
12926,666.5392150147727
12930,670.8967944727774
12934,654.3645297507394
12938,657.4549736471372
12942,644.7408591723419
12946,647.0709144344232
12950,618.5928653024521
12952,611.3947886537438
12954,611.3947886537438
12967,511.99197375580525
12968,504.8297518815663
12969,490.8765011281827
12970,489.5599438341304
12971,388.5291813941351
12972,465.64394927317824
12979,500.45034235470024
12980,476.13720906766383
12981,495.3836697803099
12982,486.53542598044
12983,486.53542598044
12984,486.53542598044
12985,486.53542598044
12986,486.53542598044
12987,486.53542598044
12988,486.53542598044
12989,486.53542598044
12990,486.53542598044
12991,486.53542598044
12992,486.53542598044
12993,486.53542598044
12995,481.9038487205762
12997,481.9038487205762
12998,481.9038487205762
12999,481.9038487205762
13001,481.15593846167616
13003,481.15593846167616
13004,481.15593846167616
13005,481.15593846167616
13007,511.0742759582227
13009,511.0742759582227
13010,511.0742759582227
13011,511.0742759582227
13015,476.2100984247488
13016,430.95786568872904
13022,512.4227294018641
13023,491.20030346782755
13024,457.56106404707083
13025,456.42314837091055
13026,452.65805477723234
13027,484.8167652497967
13033,423.57501970606506
13038,467.9058065922111
13042,430.95786568872904
13048,512.4227294018641
13049,491.20030346782755
13050,457.56106404707083
13051,456.42314837091055
13052,452.65805477723234
13054,416.5120261296395
13084,430.6976109451371
13085,445.7210307066446
13086,509.25395401806276
13087,518.4553933370568
13088,515.9634923856302
13089,511.6653700330758
13090,481.9349051258228
13091,481.9639043294062
13092,486.2281519075271
13093,460.2890854612098
13094,478.2510958059316
13095,515.7458821968534
13096,516.7403345383301
13097,480.98896088502033
13098,452.29185518697534
13099,452.29185518697534
13100,452.29185518697534
13101,452.29185518697534
13102,452.29185518697534
13103,452.29185518697534
13104,452.29185518697534
13105,452.29185518697534
13106,452.29185518697534
13107,452.29185518697534
13108,452.29185518697534
13109,452.29185518697534
13110,452.29185518697534
13111,452.29185518697534
13112,452.29185518697534
13123,332.38435008964143
13126,332.38435008964143
13127,332.38435008964143
13128,332.38435008964143
13129,332.38435008964143
13130,327.07885394088964
13131,327.07885394088964
13132,327.07885394088964
13133,611.1679417770158
13134,714.5199058840923
13135,647.7989861623334
13136,745.6517992956453
13147,560.1527425467435
13148,542.5994115986874
13149,548.8935742836634
13150,550.1621596367424
13151,557.0696173257282
13152,545.8578582244209
13153,554.753564426994
13154,563.14873405318
13155,552.2599204105629
13156,554.5155996885353
13157,558.137597053237
13158,561.3201263668332
13159,552.321425778817
13160,560.2666982766726
13175,429.83765207054137
13176,433.4311983884487
13180,472.28761266758266
13181,472.28761266758266
13182,472.28761266758266
13183,472.28761266758266
13184,472.28761266758266
13185,472.28761266758266
13186,472.28761266758266
13187,472.28761266758266
13188,472.28761266758266
13189,472.28761266758266
13202,452.25052782816715
13216,513.1100659205874
13219,513.1100659205874
13251,523.2952516375104
13252,574.3159857029652
13253,504.5749815845817
13254,446.738461456336
13255,481.98674541002487
13256,542.9588626954547
13281,542.8302668670689
13282,542.8302668670689
13283,542.8302668670689
13284,542.8302668670689
13285,542.8302668670689
13286,542.8302668670689
13287,542.8302668670689
13288,542.8302668670689
13289,542.8302668670689
13295,414.2610458782824
13296,414.2610458782824
13297,414.2610458782824
13298,414.2610458782824
13323,476.3004684328906
13326,460.8786229936446
13327,460.8786229936446
13328,460.8786229936446
13329,460.8786229936446
13330,460.8786229936446
13331,460.8786229936446
13332,460.8786229936446
13333,460.8786229936446
13334,460.8786229936446
13335,460.8786229936446
13336,484.09006090397804
13337,484.09006090397804
13338,484.09006090397804
13339,484.09006090397804
13340,484.09006090397804
13341,484.09006090397804
13342,484.09006090397804
13343,484.09006090397804
13344,484.09006090397804
13345,484.09006090397804
13346,500.72291666715006
13347,500.72291666715006
13348,500.72291666715006
13349,500.72291666715006
13350,500.72291666715006
13351,500.72291666715006
13352,500.72291666715006
13353,500.72291666715006
13354,500.72291666715006
13355,500.72291666715006
13356,487.22776966849096
13357,487.22776966849096
13358,487.22776966849096
13359,487.22776966849096
13360,487.22776966849096
13361,487.22776966849096
13362,487.22776966849096
13363,487.22776966849096
13364,487.22776966849096
13365,487.22776966849096
13366,503.6276328146647
13367,503.6276328146647
13368,503.6276328146647
13369,503.6276328146647
13370,503.6276328146647
13371,503.6276328146647
13372,503.6276328146647
13373,503.6276328146647
13374,503.6276328146647
13375,503.6276328146647
13502,531.6330886880677
13507,566.9739332834911
13508,566.9739332834911
13509,566.9739332834911
13510,566.9739332834911
13511,566.9739332834911
13512,566.9739332834911
13513,566.9739332834911
13514,566.9739332834911
13515,566.9739332834911
13516,566.9739332834911
13517,566.9739332834911
13518,566.9739332834911
13519,566.9739332834911
13520,544.8146974884097
13521,544.8146974884097
13522,544.8146974884097
13523,544.8146974884097
13524,544.8146974884097
13525,544.8146974884097
13526,544.8146974884097
13527,544.8146974884097
13528,544.8146974884097
13529,544.8146974884097
13530,544.8146974884097
13531,544.8146974884097
13532,544.8146974884097
13533,525.5852298965618
13534,525.5852298965618
13535,525.5852298965618
13536,525.5852298965618
13537,525.5852298965618
13538,525.5852298965618
13539,525.5852298965618
13540,525.5852298965618
13541,525.5852298965618
13542,525.5852298965618
13543,525.5852298965618
13544,525.5852298965618
13545,525.5852298965618
13643,498.9878642309693
13644,535.6612220309598
13645,519.3408271364709
13646,528.8011328263019
13647,525.4224576575015
13648,498.5247118179898
13649,498.5247118179898
13650,498.5247118179898
13651,498.5247118179898
13652,498.5247118179898
13653,498.5247118179898
13654,498.5247118179898
13655,498.5247118179898
13656,498.5247118179898
13657,498.5247118179898
13658,498.5247118179898
13659,498.5247118179898
13660,498.5247118179898
13661,498.5247118179898
13662,498.5247118179898
13663,431.4640027706633
13664,431.4640027706633
13665,456.0341707121336
13666,456.0341707121336
13667,412.4636515057641
13668,412.4636515057641
13669,444.0108846279453
13670,444.0108846279453
13671,547.9279422870035
13672,547.9279422870035
13673,546.4128997133766
13674,546.4128997133766
13675,562.9702397941294
13676,562.9702397941294
13677,543.8707679873784
13678,543.8707679873784
13679,554.2020584555942
13680,554.2020584555942
13687,498.51473684329835
13688,498.51473684329835
13689,498.51473684329835
13690,498.51473684329835
13692,481.2749530623031
13693,466.33751184732785
13694,486.8118008101281
13695,486.8118008101281
13696,486.8118008101281
13697,486.8118008101281
13699,425.3923859985126
13700,425.3923859985126
13701,425.3923859985126
13702,425.3923859985126
13704,481.813682631388
13705,481.813682631388
13706,481.813682631388
13707,481.813682631388
13709,473.1433614687184
13710,473.1433614687184
13711,473.1433614687184
13712,473.1433614687184
13714,498.51473684329835
13715,481.2749530623031
13716,466.33751184732785
13717,486.8118008101281
13718,425.3923859985126
13719,481.813682631388
13720,473.1433614687184
13744,504.199948182342
13745,522.1224440426689
13746,504.199948182342
13747,522.1224440426689
13748,520.4274266975169
13749,537.0033487349781
13750,531.0174627107863
13751,526.7680142966772
13752,517.0925117044458
13753,537.7387375286726
13759,486.8859667775126
13760,486.8859667775126
13761,486.8859667775126
13762,486.8859667775126
13763,486.8859667775126
13764,486.8859667775126
13765,486.8859667775126
13766,486.8859667775126
13767,486.8859667775126
13768,486.8859667775126
13769,486.8859667775126
13770,486.8859667775126
13771,452.2823425085196
13772,452.2823425085196
13773,452.2823425085196
13774,452.2823425085196
13775,452.2823425085196
13776,452.2823425085196
13777,452.2823425085196
13778,452.2823425085196
13779,452.2823425085196
13780,452.2823425085196
13781,452.2823425085196
13782,452.2823425085196
13783,513.8733194213727
13784,513.8733194213727
13801,399.125048743097
13802,421.2705372862805
13803,416.2289473912382
13804,418.9545344728486
13863,497.7552200412995
13864,604.3717222879459
13865,614.4878639089194
13866,643.9999777246067
13867,513.9078615000369
13868,514.97880495317
13869,519.004581671976
13870,520.2902548348213
13871,527.5418179850311
13872,526.0559732660383
13873,529.952748894051
13874,536.1380499357441
13875,530.6385090295198
13876,517.1910489449754
13877,513.6324049935723
13878,483.9764687575006
13879,528.5293604548071
13880,505.05740640713685
13881,516.4711800472425
13882,513.9078615000369
13883,514.97880495317
13884,519.004581671976
13885,520.2902548348213
13886,527.5418179850311
13887,526.0559732660383
13888,529.952748894051
13889,505.05740640713685
13890,516.4711800472425
13940,485.49716410821543
13996,428.2323161056315
13997,453.155782482976
13998,447.8086460593163
13999,460.95352793021056
14000,476.25613056721335
14001,484.30959374141906
14046,450.0359038505561
14047,450.0359038505561
14048,450.0359038505561
14049,450.0359038505561
14050,438.29191674833646
14051,438.29191674833646
14052,438.29191674833646
14053,438.29191674833646
14060,393.0870607272867
14061,393.0870607272867
14119,419.6935854570303
14120,486.8893629705001
14121,452.39627358815346
14170,451.8539293372047
14178,462.3985095903052
14179,462.3985095903052
14180,462.3985095903052
14181,462.3985095903052
14182,462.3985095903052
14183,463.169877258724
14184,463.169877258724
14185,463.169877258724
14186,463.169877258724
14187,463.169877258724
14192,497.49361027644744
14193,497.49361027644744
14194,497.49361027644744
14195,497.49361027644744
14196,497.49361027644744
14197,497.49361027644744
14198,497.49361027644744
14199,497.49361027644744
14200,497.49361027644744
14207,484.2231706146847
14208,483.11423399043923
14209,511.29682319773235
14210,520.8861793096471
14220,424.59408681150126
14221,424.59408681150126
14222,424.59408681150126
14223,424.59408681150126
14224,424.59408681150126
14233,472.64243714987816
14234,472.64243714987816
14253,379.0063784152591
14254,393.33934320596745
14255,385.57600310401716
14256,413.80844199703006
14257,472.3849935542777
14258,449.9804202416696
14301,379.0063784152591
14302,393.33934320596745
14303,385.57600310401716
14304,413.80844199703006
14305,472.3849935542777
14306,449.9804202416696
14310,645.8297494696477
14311,683.4585425612963
14312,684.3803792127674
14351,453.1749351344281
14352,468.7201503188981
14353,468.7201503188981
14354,468.7201503188981
14355,468.7201503188981
14356,468.7201503188981
14357,468.7201503188981
14358,468.7201503188981
14359,468.7201503188981
14360,468.7201503188981
14361,468.7201503188981
14362,468.7201503188981
14363,468.7201503188981
14364,460.6729059876319
14374,425.78994114283404
14375,422.1411134477404
14376,424.3753311033724
14377,425.2803464089414
14405,691.0916001447815
14406,689.7490462092023
14408,485.97480703981125
14409,485.97480703981125
14410,485.97480703981125
14411,485.97480703981125
14412,485.97480703981125
14413,485.97480703981125
14414,485.97480703981125
14415,485.97480703981125
14416,485.97480703981125
14417,485.97480703981125
14418,485.97480703981125
14419,485.97480703981125
14420,485.97480703981125
14421,485.97480703981125
14422,485.97480703981125
14423,505.93697612638977
14434,448.22532837558083
14436,470.10350417582924
14441,517.9281214947149
14442,517.9281214947149
14443,517.9281214947149
14444,517.9281214947149
14445,517.9281214947149
14446,517.9281214947149
14447,517.9281214947149
14448,590.7759157260057
14449,590.7759157260057
14450,590.7759157260057
14451,590.7759157260057
14452,590.7759157260057
14453,590.7759157260057
14454,590.7759157260057
14455,469.7178353734652
14456,533.8091653713115
14500,531.3277209873775
14501,531.3277209873775
14502,531.3277209873775
14503,531.3277209873775
14504,533.2343427333776
14509,654.7189939707097
14512,688.8057985453015
14513,465.2776824267637
14514,465.2776824267637
14515,465.2776824267637
14516,465.2776824267637
14517,465.2776824267637
14525,477.81373002425596
14526,465.42552757589294
14527,472.5753178643932
14548,501.7941676660142
14549,501.7941676660142
14550,501.7941676660142
14551,501.7941676660142
14552,501.7941676660142
14553,501.7941676660142
14554,501.7941676660142
14555,501.7941676660142
14556,501.7941676660142
14557,501.7941676660142
14558,478.4057758405907
14559,478.4057758405907
14560,478.4057758405907
14561,478.4057758405907
14562,478.4057758405907
14563,478.4057758405907
14564,478.4057758405907
14565,478.4057758405907
14566,478.4057758405907
14567,478.4057758405907
14568,557.5819986188035
14569,557.5819986188035
14570,557.5819986188035
14571,557.5819986188035
14572,557.5819986188035
14573,557.5819986188035
14574,557.5819986188035
14575,557.5819986188035
14576,557.5819986188035
14577,557.5819986188035
14578,498.18871778409834
14579,498.18871778409834
14580,498.18871778409834
14581,498.18871778409834
14582,498.18871778409834
14583,498.18871778409834
14584,498.18871778409834
14585,498.18871778409834
14586,498.18871778409834
14587,498.18871778409834
14588,512.8439596922254
14589,512.8439596922254
14590,512.8439596922254
14591,512.8439596922254
14592,512.8439596922254
14593,512.8439596922254
14594,512.8439596922254
14595,512.8439596922254
14596,512.8439596922254
14597,512.8439596922254
14598,545.7729095922039
14599,545.7729095922039
14600,545.7729095922039
14601,545.7729095922039
14602,545.7729095922039
14603,545.7729095922039
14604,545.7729095922039
14605,545.7729095922039
14606,545.7729095922039
14607,545.7729095922039
14608,598.7857471971195
14609,598.7857471971195
14610,598.7857471971195
14611,598.7857471971195
14612,598.7857471971195
14613,598.7857471971195
14614,598.7857471971195
14615,598.7857471971195
14616,598.7857471971195
14617,598.7857471971195
14634,471.0031849677519
14635,466.3301619729579
14636,461.1773575348074
14637,473.5199191816134
14638,479.7152104322167
14639,480.7155502343765
14640,447.3316337238191
14641,474.1799614561556
14642,470.75881634081236
14643,498.518941505041
14644,462.99971960050476
14645,489.81885536880924
14646,513.3091737406523
14647,481.00927178362366
14648,461.1773575348074
14649,461.1773575348074
14650,461.1773575348074
14651,461.1773575348074
14652,461.1773575348074
14689,549.8467796988905
14690,549.8467796988905
14691,549.8467796988905
14692,549.8467796988905
14693,549.8467796988905
14694,549.8467796988905
14695,549.8467796988905
14696,549.8467796988905
14697,549.8467796988905
14698,549.8467796988905
14699,549.8467796988905
14700,549.8467796988905
14701,549.8467796988905
14712,455.0915199399799
14713,455.0915199399799
14714,455.0915199399799
14715,455.0915199399799
14716,455.0915199399799
14717,455.0915199399799
14718,455.0915199399799
14719,455.0915199399799
14720,455.0915199399799
14721,455.0915199399799
14722,455.0915199399799
14723,455.0915199399799
14724,455.0915199399799
14725,455.0915199399799
14726,455.0915199399799
14727,455.0915199399799
14728,455.0915199399799
14729,455.0915199399799
14730,455.0915199399799
14731,455.0915199399799
14732,424.2749181710219
14733,457.56951684536614
14734,435.276488927435
14735,467.57775065862813
14736,424.2749181710219
14737,457.56951684536614
14738,435.276488927435
14739,467.57775065862813
14740,455.09723462511306
14741,427.92705499549766
14742,457.3832845003467
14743,430.34294857454734
14744,454.9940911703929
14745,427.9573516034926
14746,465.7543649628532
14747,466.1902553697629
14748,465.1992228003207
14754,616.1446159404423
14755,607.6414649183603
14756,683.9252947648118
14757,679.8351229872385
14758,611.3282643823782
14759,616.1446159404423
14760,607.6414649183603
14761,683.9252947648118
14762,679.8351229872385
14763,611.3282643823782
14766,479.3730634286261
14789,421.6179471033065
14790,415.7492711688851
14791,437.6995739527417
14792,452.2985546656538
14793,421.6179471033065
14794,415.7492711688851
14795,437.6995739527417
14796,452.2985546656538
14810,668.7483546032995
14811,588.8302698573457
14812,657.942352634979
14813,682.9147055860647
14814,608.3336791634398
14815,660.552217208689
14816,668.7483546032995
14817,588.8302698573457
14818,657.942352634979
14819,682.9147055860647
14820,608.3336791634398
14821,660.552217208689
14841,453.09362890916884
14842,437.51536819865083
14843,438.8698957420329
14844,432.92938638815957
14845,414.55130025184405
14846,422.993952693165
14847,442.52530370603927
14848,435.8622730578331
14849,440.64988861483374
14850,451.896561029562
14851,449.1360866048902
14852,498.14202245236925
14853,445.4858124910583
14854,414.55130025184405
14855,422.993952693165
14856,442.52530370603927
14857,435.8622730578331
14858,440.64988861483374
14859,451.896561029562
14860,449.1360866048902
14861,498.14202245236925
14862,445.4858124910583
14892,564.0973086057365
14893,543.1027810396805
14894,552.9237308224914
14895,564.0973086057365
14896,543.1027810396805
14897,552.9237308224914
14898,456.76757229340444
14899,456.76757229340444
14900,456.76757229340444
14901,456.76757229340444
14902,456.76757229340444
14903,456.76757229340444
14904,433.829043022429
14905,433.829043022429
14906,433.829043022429
14907,433.829043022429
14908,433.829043022429
14909,433.829043022429
14910,528.3662373692371
14911,535.0819410678575
14912,538.8852297873395
14913,501.34143264282443
14914,528.3662373692371
14915,535.0819410678575
14916,538.8852297873395
14917,501.34143264282443
14918,528.3662373692371
14919,535.0819410678575
14920,538.8852297873395
14921,501.34143264282443
14922,528.3662373692371
14923,535.0819410678575
14924,538.8852297873395
14925,501.34143264282443
14926,528.3662373692371
14927,535.0819410678575
14928,538.8852297873395
14929,501.34143264282443
14950,516.952373301845
14951,541.0789978433049
14952,516.952373301845
14953,541.0789978433049
14956,442.30748260130235
14957,458.84128406174875
14958,487.1664889770725
14959,490.6577351449848
14960,498.479684081822
14961,442.30748260130235
14962,458.84128406174875
14963,487.1664889770725
14964,490.6577351449848
14965,498.479684081822
14967,540.3828833782354
14969,550.8821288657258
14971,512.6995527347906
14973,545.6623468432507
15024,427.64691260159145
15029,427.64691260159145
15030,416.88825154818755
15031,416.88825154818755
15032,416.88825154818755
15033,416.88825154818755
15034,416.88825154818755
15035,416.88825154818755
15036,416.88825154818755
15037,416.88825154818755
15049,490.77834060745
15050,472.6771023765109
15069,397.57312118236524
15070,382.54716625982445
15071,397.57312118236524
15072,382.54716625982445
15084,458.6630061447637
15087,458.6630061447637
15089,471.1764806297686
15090,483.6191649060369
15092,476.0659392662884
15099,542.6955463486628
15100,499.79677502113185
15102,566.9664736740818
15154,432.6241463311727
15155,432.6241463311727
15156,432.6241463311727
15157,432.6241463311727
15158,432.6241463311727
15159,432.6241463311727
15160,432.6241463311727
15161,432.6241463311727
15162,432.6241463311727
15163,432.6241463311727
15164,427.56581262327563
15165,427.56581262327563
15166,427.56581262327563
15167,427.56581262327563
15168,427.56581262327563
15169,427.56581262327563
15170,427.56581262327563
15171,427.56581262327563
15172,427.56581262327563
15173,427.56581262327563
15174,427.5904428219814
15175,427.5904428219814
15176,427.5904428219814
15177,427.5904428219814
15178,427.5904428219814
15179,427.5904428219814
15180,427.5904428219814
15181,427.5904428219814
15182,427.5904428219814
15183,427.5904428219814
15184,465.2147759764201
15185,503.75153619827813
15186,487.6546854695434
15187,487.6546854695434
15188,487.6546854695434
15189,487.6546854695434
15190,479.2251487970395
15191,479.2251487970395
15192,479.2251487970395
15193,479.2251487970395
15194,488.225819991618
15195,488.225819991618
15196,488.225819991618
15197,488.225819991618
15198,478.3828189240852
15199,478.3828189240852
15200,478.3828189240852
15201,478.3828189240852
15202,502.55968476437374
15203,502.55968476437374
15204,502.55968476437374
15205,502.55968476437374
15206,495.5457192810321
15207,495.5457192810321
15208,495.5457192810321
15209,495.5457192810321
15216,520.0315895100996
15217,520.0315895100996
15218,520.0315895100996
15223,543.8167191056234
15224,543.8167191056234
15225,543.8167191056234
15230,505.78192176529654
15231,505.78192176529654
15232,505.78192176529654
15237,522.4817627188388
15238,522.4817627188388
15239,522.4817627188388
15245,492.19388589426694
15246,525.8801735022167
15247,499.57214946562914
15248,537.4511966651658
15253,590.1214344679738
15254,590.1214344679738
15255,590.1214344679738
15256,590.1214344679738
15257,590.1214344679738
15258,590.1214344679738
15259,590.1214344679738
15260,590.1214344679738
15261,442.70562531601047
15262,417.39473649097914
15263,427.87404604712367
15264,427.87404604712367
15265,427.87404604712367
15266,427.87404604712367
15267,427.87404604712367
15268,425.69399422052476
15269,425.69399422052476
15270,425.69399422052476
15271,425.69399422052476
15272,425.69399422052476
15292,555.5386329154107
15293,525.4868085708699
15294,492.6343894850674
15345,437.17305443181044
15346,495.21278520424073
15347,447.8361896608451
15348,558.5585674962211
15349,571.1452934523774
15350,564.4797706444062
15351,504.8866879006254
15352,534.6477145741698
15353,466.65312479161133
15354,559.0573406275919
15355,484.49786496640615
15356,454.001601005747
15357,419.20573951655103
15358,605.524124339512
15359,541.6086503271125
15360,581.1668353402476
15361,587.1756242841631
15362,620.376134419505
15363,595.944864458447
15364,643.4806907877207
15365,648.0701843406262
15366,637.9645644781106
15367,637.6119271595803
15368,498.4792132973182
15369,644.3280728643941
15370,613.3451470018829
15371,605.8606996195784
15372,597.7520386911203
15381,493.33073963478967
15382,502.65018622252813
15383,508.21083421110114
15412,513.8129027957435
15413,493.73333921617024
15414,476.4846854495088
15415,556.2078947109646
15416,529.7832875820873
15417,510.31085791261927
15418,460.61343272888524
15419,460.61343272888524
15424,555.800206959957
15430,490.13900756070996
15431,490.13900756070996
15432,490.13900756070996
15433,494.40586132713923
15434,494.40586132713923
15435,494.40586132713923
15436,489.2147632001916
15437,489.2147632001916
15438,489.2147632001916
15439,494.3562024341045
15440,494.3562024341045
15441,494.3562024341045
15443,499.576166170522
15478,529.8789183466967
15479,524.3834005729238
15480,566.5910717311855
15481,562.6902629577374
15490,596.2538932310351
15491,596.2538932310351
15492,569.0714637242093
15493,569.0714637242093
15497,595.7892641132809
15511,610.5339423811091
15512,610.5339423811091
15514,615.607643164617
15515,615.607643164617
15517,606.3476101143464
15518,606.3476101143464
15520,571.4782712838451
15521,571.4782712838451
15523,518.1810645780471
15524,518.1810645780471
15526,586.0607282897489
15527,586.0607282897489
15529,576.2149500727277
15530,576.2149500727277
15532,562.2723255030882
15533,562.2723255030882
15553,438.24037976602835
15554,454.16062107231636
15555,428.55411024983323
15556,427.8802107288915
15557,429.78933167328375
15558,432.27613558874185
15559,433.8297163778061
15560,466.6179986178918
15561,466.6179986178918
15562,440.4750615224043
15563,443.5143206994808
15564,440.3901563643138
15565,457.72679511767785
15566,465.9773597819405
15567,455.99035497896966
15568,447.0168808541215
15569,446.1056046233272
15570,463.815941868149
15571,463.815941868149
15572,463.815941868149
15573,463.815941868149
15574,463.815941868149
15576,457.463798881211
15577,457.463798881211
15578,457.463798881211
15579,457.463798881211
15580,457.463798881211
15584,603.5370395471846
15585,603.5370395471846
15586,603.5370395471846
15589,557.0841707488931
15594,626.2757488893687
15600,498.6405220747128
15601,498.6405220747128
15629,475.403754564382
15630,446.37864630709
15631,459.45845636738545
15632,510.13960732403353
15633,516.57725511196
15639,475.403754564382
15640,446.37864630709
15641,459.45845636738545
15642,510.13960732403353
15643,516.57725511196
15644,475.403754564382
15645,446.37864630709
15646,459.45845636738545
15647,510.13960732403353
15648,516.57725511196
15649,475.403754564382
15650,446.37864630709
15651,459.45845636738545
15652,510.13960732403353
15653,516.57725511196
15654,475.403754564382
15655,446.37864630709
15656,459.45845636738545
15657,510.13960732403353
15658,516.57725511196
15659,475.403754564382
15660,446.37864630709
15661,459.45845636738545
15662,510.13960732403353
15663,516.57725511196
15664,475.403754564382
15665,446.37864630709
15666,459.45845636738545
15668,475.403754564382
15669,446.37864630709
15670,459.45845636738545
15671,481.190431979994
15672,510.13960732403353
15673,516.57725511196
15674,430.5269126313053
15675,448.73398117269085
15676,460.01213733542863
15677,456.1766103021023
15680,456.1766103021023
15681,456.1766103021023
15682,456.1766103021023
15683,456.1766103021023
15684,473.8616872848176
15685,473.8616872848176
15686,473.8616872848176
15687,473.8616872848176
15688,485.1105740393665
15689,485.1105740393665
15690,485.1105740393665
15691,485.1105740393665
15725,514.3340904636715
15726,514.3340904636715
15727,514.3340904636715
15732,492.88928697416395
15733,485.66348363643937
15734,451.63475104670283
15735,453.4216388670317
15736,547.3028145598503
15737,547.3028145598503
15738,547.3028145598503
15739,547.3028145598503
15740,603.0924848246767
15741,603.0924848246767
15742,603.0924848246767
15743,603.0924848246767
15744,586.4797241396402
15745,586.4797241396402
15746,586.4797241396402
15747,586.4797241396402
15751,448.20437652990654
15752,458.7942114457803
15753,451.63475104670283
15754,508.0547046470762
15755,452.76052009791357
15756,452.76052009791357
15757,452.76052009791357
15758,458.17032194528383
15759,458.17032194528383
15760,458.17032194528383
15762,465.11372427860937
15771,465.11372427860937
15772,470.15495711716375
15773,492.25217443225375
15774,469.86170009107224
15775,470.15495711716375
15776,470.15495711716375
15777,470.15495711716375
15778,470.15495711716375
15779,462.46903540954406
15780,470.15495711716375
15781,492.25217443225375
15782,452.76052009791357
15783,469.86170009107224
15785,542.2331554096738
15787,544.1865318968706
15789,549.0097765923108
15790,544.1865318968706
15791,544.1865318968706
15792,544.1865318968706
15793,493.5363866214569
15794,493.5363866214569
15795,493.5363866214569
15796,496.36104113824626
15797,496.36104113824626
15798,496.36104113824626
15799,492.8283804619297
15800,492.8283804619297
15801,492.8283804619297
15810,476.8355767742323
15811,501.8179004690404
15812,523.241927205788
15813,522.8920555236168
15814,542.3657623547316
15815,522.8920555236168
15816,542.3657623547316
15821,488.98946854942886
15822,488.98946854942886
15823,488.98946854942886
15824,539.0541387827651
15825,539.0541387827651
15826,539.0541387827651
15827,512.3205301702985
15828,512.3205301702985
15829,512.3205301702985
15830,579.1563419879336
15831,579.1563419879336
15832,579.1563419879336
15833,452.76052009791357
15834,462.46903540954406
15835,500.9674119234714
15836,473.33034747455855
15837,462.46903540954406
15838,500.9674119234714
15839,473.33034747455855
15846,527.5466449563246
15847,531.1292977555386
15848,511.3890347157914
15849,526.9133034765526
15850,531.1292977555386
15851,519.5836769608906
15852,528.7365876194892
15853,527.5466449563246
15854,511.3890347157914
15855,511.3890347157914
15856,511.3890347157914
15857,511.3890347157914
15858,511.3890347157914
15859,511.3890347157914
15860,511.3890347157914
15861,526.9133034765526
15862,526.9133034765526
15863,526.9133034765526
15864,526.9133034765526
15865,526.9133034765526
15866,526.9133034765526
15867,526.9133034765526
15868,531.1292977555386
15869,531.1292977555386
15870,531.1292977555386
15871,531.1292977555386
15872,531.1292977555386
15873,531.1292977555386
15874,519.5836769608906
15875,519.5836769608906
15876,519.5836769608906
15877,519.5836769608906
15878,519.5836769608906
15879,519.5836769608906
15880,519.5836769608906
15881,528.7365876194892
15882,528.7365876194892
15883,528.7365876194892
15884,528.7365876194892
15885,528.7365876194892
15886,528.7365876194892
15887,528.7365876194892
15888,527.5466449563246
15889,527.5466449563246
15890,527.5466449563246
15891,527.5466449563246
15892,527.5466449563246
15893,527.5466449563246
15894,460.25402108065805
15895,456.77542102444784
15896,468.28414169786316
15897,460.25402108065805
15898,456.77542102444784
15899,468.28414169786316
15900,460.25402108065805
15901,456.77542102444784
15902,468.28414169786316
15903,479.40839272771666
15904,488.65841860009
15905,455.8155533293706
15906,457.1881632784807
15907,466.0941918799349
15908,455.9772520392512
15909,466.0941918799349
15910,466.0941918799349
15911,455.9772520392512
15912,455.9772520392512
15913,495.2409656285061
15914,524.6584040518687
15915,506.08721856883335
15916,523.0501848319993
15917,503.7979603662366
15919,479.51381734031975
15921,470.84156193980004
15923,503.7979603662366
15924,479.51381734031975
15925,470.84156193980004
15937,474.21606736229313
15938,474.21606736229313
15939,476.19466987136474
15940,476.19466987136474
15941,548.8641728954605
15942,548.8641728954605
15943,548.8641728954605
15944,548.8641728954605
15945,515.4530916030973
15946,518.3634053813154
15947,529.3343700544214
15948,547.5464748103216
15949,515.4530916030973
15950,518.3634053813154
15951,529.3343700544214
15952,547.5464748103216
15957,496.6289508163143
15958,527.4749517729329
15959,496.98171881493704
15960,518.4218178767479
15961,483.2608685423738
15967,505.84498279058045
15968,503.2480372236897
15969,500.1909695187402
15973,508.8845594833714
15974,541.381232932986
15975,514.3976684007195
15976,503.4520234725392
15977,541.5961028888062
15978,540.905463262505
15979,469.58038937469763
15980,504.4034268439435
15981,469.58038937469763
15982,504.4034268439435
15983,469.58038937469763
15984,469.58038937469763
15985,469.58038937469763
15986,469.58038937469763
15987,504.4034268439435
15988,504.4034268439435
15989,504.4034268439435
15990,504.4034268439435
15991,492.19388589426694
15992,496.86265166221415
15993,499.7985356816118
15994,552.7930907733793
15995,556.0260481721588
15996,552.7930907733793
15997,556.0260481721588
15998,507.346498030618
16000,507.346498030618
16001,464.03659087929736
16002,464.03659087929736
16003,464.03659087929736
16004,545.9259294265374
16005,453.5362843097396
16006,473.59164220666145
16007,481.4062261984081
16011,474.9813692984965
16012,481.98846555505156
16013,503.2206296284474
16014,506.0498044762247
16015,474.9813692984965
16016,481.98846555505156
16017,503.2206296284474
16018,506.0498044762247
16019,474.9813692984965
16020,481.98846555505156
16021,503.2206296284474
16022,506.0498044762247
16023,574.170392740356
16024,578.1499614718898
16025,585.0622963876635
16026,574.170392740356
16027,578.1499614718898
16028,585.0622963876635
16029,370.155173408422
16030,483.70115426811066
16031,471.42252781841574
16032,483.70115426811066
16033,471.42252781841574
16034,483.70115426811066
16035,471.42252781841574
16040,475.06731245189604
16041,475.6621142344387
16044,467.0735292321327
16045,497.36689808505673
16046,516.5256927170145
16047,553.3503513540759
16048,553.1967724630663
16051,474.391717756475
16052,444.9889503378272
16053,391.7599008370149
16057,485.9377122498948
16058,468.6930067671809
16059,496.81877531338546
16060,498.77467767271463
16061,496.81877531338546
16062,498.77467767271463
16063,496.81877531338546
16064,498.77467767271463
16065,453.492411631411
16066,455.8155533293706
16067,451.58950755991225
16068,459.0634766815321
16073,503.63445294698465
16074,508.1575957447196
16075,498.31753172309976
16076,490.01787754951624
16077,514.3340904636715
16078,525.5259239610009
16079,521.8494927852532
16080,539.9979251135726
16081,458.88518598094504
16082,459.8370196259593
16083,495.5257910460552
16084,473.8053544715906
16085,535.1507693994348
16086,458.88518598094504
16087,459.8370196259593
16088,495.5257910460552
16089,473.8053544715906
16090,535.1507693994348
16091,458.88518598094504
16092,459.8370196259593
16093,495.5257910460552
16094,473.8053544715906
16095,535.1507693994348
16096,458.88518598094504
16097,459.8370196259593
16098,495.5257910460552
16099,473.8053544715906
16100,535.1507693994348
16101,458.88518598094504
16102,459.8370196259593
16103,495.5257910460552
16104,473.8053544715906
16105,535.1507693994348
16106,555.2312973846654
16107,555.2312973846654
16108,555.2312973846654
16109,555.2312973846654
16110,555.2312973846654
16111,557.6767134890353
16112,557.6767134890353
16113,557.6767134890353
16114,557.6767134890353
16115,557.6767134890353
16116,467.51088395453155
16117,508.1319784037344
16118,473.6206231271064
16119,510.8373887979868
16123,484.697281433166
16124,481.4938330677052
16127,484.697281433166
16128,481.4938330677052
16134,471.2967906753866
16135,471.2967906753866
16136,471.2967906753866
16137,486.1229524692448
16142,488.28907340671003
16143,488.28907340671003
16144,488.28907340671003
16145,482.842562370414
16146,482.842562370414
16147,482.842562370414
16148,486.1229524692448
16149,487.07742500840897
16150,487.07742500840897
16151,487.07742500840897
16152,487.7180332373249
16153,487.7180332373249
16154,487.7180332373249
16155,534.377374532428
16169,500.63140126991635
16170,500.63140126991635
16171,500.63140126991635
16172,500.63140126991635
16173,476.8781130252162
16174,476.8781130252162
16175,476.8781130252162
16176,476.8781130252162
16177,480.322538167032
16178,480.322538167032
16179,480.322538167032
16180,480.322538167032
16181,478.5777689130381
16182,478.5777689130381
16183,458.6181174202237
16184,458.6181174202237
16185,456.4816425094289
16186,456.4816425094289
16196,485.6120009454207
16197,485.6120009454207
16199,490.19230396548505
16200,490.19230396548505
16201,490.2215775997774
16202,490.2215775997774
16203,490.2215775997774
16204,492.4799614234803
16205,492.4799614234803
16206,492.4799614234803
16207,499.09740336521173
16208,485.6120009454207
16209,490.19230396548505
16210,499.09740336521173
16211,482.38637086720934
16212,482.38637086720934
16213,482.38637086720934
16214,482.38637086720934
16215,482.38637086720934
16216,482.38637086720934
16217,482.38637086720934
16218,482.38637086720934
16219,482.38637086720934
16220,482.38637086720934
16221,482.38637086720934
16222,482.38637086720934
16223,482.38637086720934
16224,482.38637086720934
16225,482.38637086720934
16226,482.38637086720934
16227,482.38637086720934
16228,482.38637086720934
16229,482.38637086720934
16230,482.38637086720934
16231,482.38637086720934
16232,482.38637086720934
16233,482.38637086720934
16234,482.38637086720934
16235,482.38637086720934
16236,482.38637086720934
16237,482.38637086720934
16238,482.38637086720934
16239,482.38637086720934
16240,482.38637086720934
16241,482.38637086720934
16242,482.38637086720934
16243,482.38637086720934
16244,482.38637086720934
16245,482.38637086720934
16246,482.38637086720934
16247,482.38637086720934
16248,482.38637086720934
16249,482.38637086720934
16250,482.38637086720934
16251,482.38637086720934
16252,482.38637086720934
16253,482.38637086720934
16254,482.38637086720934
16255,482.38637086720934
16256,482.38637086720934
16257,482.38637086720934
16258,482.38637086720934
16259,482.38637086720934
16260,482.38637086720934
16261,482.38637086720934
16262,482.38637086720934
16263,482.38637086720934
16264,482.38637086720934
16265,482.38637086720934
16266,482.38637086720934
16267,482.38637086720934
16268,482.38637086720934
16269,482.38637086720934
16270,482.38637086720934
16271,482.38637086720934
16272,482.38637086720934
16273,482.38637086720934
16274,482.38637086720934
16275,482.38637086720934
16276,482.38637086720934
16277,482.38637086720934
16278,482.38637086720934
16279,482.38637086720934
16280,482.38637086720934
16281,482.38637086720934
16282,482.38637086720934
16283,482.38637086720934
16284,482.38637086720934
16285,482.38637086720934
16286,482.38637086720934
16287,482.38637086720934
16288,482.38637086720934
16289,482.38637086720934
16290,482.38637086720934
16291,482.38637086720934
16292,482.38637086720934
16293,482.38637086720934
16294,482.38637086720934
16295,482.38637086720934
16296,482.38637086720934
16297,482.38637086720934
16298,482.38637086720934
16299,482.38637086720934
16300,482.38637086720934
16301,482.38637086720934
16302,482.38637086720934
16303,482.38637086720934
16304,482.38637086720934
16305,482.38637086720934
16306,482.38637086720934
16307,482.38637086720934
16308,482.38637086720934
16309,482.38637086720934
16310,482.38637086720934
16311,482.38637086720934
16312,482.38637086720934
16313,482.38637086720934
16314,482.38637086720934
16315,482.38637086720934
16316,482.38637086720934
16317,482.38637086720934
16318,482.38637086720934
16319,482.38637086720934
16320,482.38637086720934
16321,482.38637086720934
16322,482.38637086720934
16323,482.38637086720934
16324,482.38637086720934
16325,482.38637086720934
16326,482.38637086720934
16327,482.38637086720934
16328,482.38637086720934
16329,482.38637086720934
16330,482.38637086720934
16331,482.38637086720934
16332,482.38637086720934
16333,482.38637086720934
16334,482.38637086720934
16335,482.38637086720934
16336,482.38637086720934
16337,482.38637086720934
16338,482.38637086720934
16339,482.38637086720934
16340,482.38637086720934
16341,482.38637086720934
16342,482.38637086720934
16343,482.38637086720934
16344,482.38637086720934
16345,482.38637086720934
16346,482.38637086720934
16347,482.38637086720934
16348,482.38637086720934
16349,482.38637086720934
16350,482.38637086720934
16351,482.38637086720934
16352,482.38637086720934
16353,482.38637086720934
16354,482.38637086720934
16355,482.38637086720934
16356,482.38637086720934
16357,482.38637086720934
16358,482.38637086720934
16359,482.38637086720934
16360,482.38637086720934
16361,482.38637086720934
16362,482.38637086720934
16363,482.38637086720934
16364,482.38637086720934
16365,482.38637086720934
16366,482.38637086720934
16367,482.38637086720934
16368,482.38637086720934
16369,482.38637086720934
16370,482.38637086720934
16371,482.38637086720934
16372,482.38637086720934
16373,482.38637086720934
16374,482.38637086720934
16375,482.38637086720934
16376,482.38637086720934
16377,482.38637086720934
16378,482.38637086720934
16379,482.38637086720934
16380,482.38637086720934
16381,482.38637086720934
16382,482.38637086720934
16383,482.38637086720934
16384,482.38637086720934
16385,482.38637086720934
16386,482.38637086720934
16387,482.38637086720934
16388,482.38637086720934
16389,482.38637086720934
16390,482.38637086720934
16391,482.38637086720934
16392,482.38637086720934
16393,482.38637086720934
16394,482.38637086720934
16395,482.38637086720934
16396,482.38637086720934
16397,482.38637086720934
16398,482.38637086720934
16399,482.38637086720934
16400,482.38637086720934
16401,482.38637086720934
16402,482.38637086720934
16403,482.38637086720934
16404,482.38637086720934
16405,482.38637086720934
16406,482.38637086720934
16407,482.38637086720934
16408,482.38637086720934
16409,482.38637086720934
16410,482.38637086720934
16411,482.38637086720934
16412,482.38637086720934
16413,482.38637086720934
16414,482.38637086720934
16415,482.38637086720934
16416,482.38637086720934
16417,482.38637086720934
16418,482.38637086720934
16419,482.38637086720934
16420,482.38637086720934
16421,482.38637086720934
16422,482.38637086720934
16423,482.38637086720934
16424,482.38637086720934
16425,482.38637086720934
16426,482.38637086720934
16427,482.38637086720934
16428,482.38637086720934
16429,482.38637086720934
16430,482.38637086720934
16431,482.38637086720934
16432,482.38637086720934
16433,482.38637086720934
16434,482.38637086720934
16435,482.38637086720934
16436,482.38637086720934
16437,482.38637086720934
16438,482.38637086720934
16439,482.38637086720934
16440,482.38637086720934
16441,482.38637086720934
16442,482.38637086720934
16443,482.38637086720934
16444,482.38637086720934
16445,482.38637086720934
16446,482.38637086720934
16447,482.38637086720934
16448,482.38637086720934
16449,482.38637086720934
16450,482.38637086720934
16451,482.38637086720934
16452,482.38637086720934
16453,482.38637086720934
16454,482.38637086720934
16455,482.38637086720934
16456,482.38637086720934
16457,482.38637086720934
16458,482.38637086720934
16459,482.38637086720934
16460,482.38637086720934
16461,482.38637086720934
16462,482.38637086720934
16463,482.38637086720934
16464,482.38637086720934
16465,482.38637086720934
16466,482.38637086720934
16467,482.38637086720934
16468,482.38637086720934
16469,482.38637086720934
16470,482.38637086720934
16471,482.38637086720934
16472,482.38637086720934
16473,482.38637086720934
16474,482.38637086720934
16475,482.38637086720934
16476,482.38637086720934
16477,482.38637086720934
16478,482.38637086720934
16479,482.38637086720934
16480,482.38637086720934
16481,482.38637086720934
16482,482.38637086720934
16483,482.38637086720934
16484,482.38637086720934
16485,482.38637086720934
16486,482.38637086720934
16487,482.38637086720934
16488,482.38637086720934
16489,482.38637086720934
16490,482.38637086720934
16491,482.38637086720934
16492,482.38637086720934
16493,482.38637086720934
16494,482.38637086720934
16495,482.38637086720934
16496,482.38637086720934
16497,482.38637086720934
16498,482.38637086720934
16499,482.38637086720934
16500,482.38637086720934
16501,482.38637086720934
16502,482.38637086720934
16503,482.38637086720934
16504,482.38637086720934
16505,482.38637086720934
16506,482.38637086720934
16507,482.38637086720934
16508,482.38637086720934
16509,482.38637086720934
16510,482.38637086720934
16511,482.38637086720934
16512,482.38637086720934
16513,482.38637086720934
16514,482.38637086720934
16515,482.38637086720934
16516,482.38637086720934
16517,482.38637086720934
16518,482.38637086720934
16519,482.38637086720934
16520,482.38637086720934
16521,482.38637086720934
16522,482.38637086720934
16523,482.38637086720934
16524,482.38637086720934
16525,482.38637086720934
16526,482.38637086720934
16527,482.38637086720934
16528,482.38637086720934
16529,482.38637086720934
16530,482.38637086720934
16531,482.38637086720934
16532,482.38637086720934
16533,482.38637086720934
16534,482.38637086720934
16535,482.38637086720934
16536,482.38637086720934
16537,482.38637086720934
16538,482.38637086720934
16539,482.38637086720934
16540,482.38637086720934
16541,482.38637086720934
16542,482.38637086720934
16543,482.38637086720934
16544,482.38637086720934
16545,482.38637086720934
16547,537.8458779175534
16568,583.9740677757668
16569,606.6883297511068
16570,645.5878474591271
16571,618.1873573328025
16572,619.834825800065
16573,624.4985048740502
16574,639.790328123932
16601,589.9214434311892
16615,535.9273809065932
16616,554.6629308081742
16617,479.2987048575944
16618,484.6017320348026
16620,570.8307504004256
16621,556.5032277065657
16622,625.6393260365853
16623,587.2071274436129
16625,599.8244721771362
16644,587.2629003381636
16645,504.0855196012445
16646,507.37551031767526
16647,510.61678020475756
16648,545.663854445682
16652,598.4279102149878
16661,525.3718817159164
16662,525.3718817159164
16663,525.3718817159164
16664,525.3718817159164
16665,525.3718817159164
16666,525.3718817159164
16667,525.3718817159164
16668,525.3718817159164
16669,525.3718817159164
16670,521.6270837373663
16671,521.6270837373663
16672,521.6270837373663
16673,521.6270837373663
16674,521.6270837373663
16675,521.6270837373663
16676,521.6270837373663
16677,521.6270837373663
16678,521.6270837373663
16700,437.6274026574555
16701,437.6274026574555
16702,437.6274026574555
16703,437.6274026574555
16704,437.6274026574555
16705,437.6274026574555
16706,437.6274026574555
16707,437.6274026574555
16708,453.02773427608753
16709,453.02773427608753
16710,453.02773427608753
16711,453.02773427608753
16712,453.02773427608753
16713,453.02773427608753
16714,453.02773427608753
16715,453.02773427608753
16716,453.02773427608753
16717,453.02773427608753
16718,453.02773427608753
16719,453.02773427608753
16720,453.02773427608753
16721,453.02773427608753
16722,453.02773427608753
16723,480.53410965300566
16724,480.53410965300566
16725,480.53410965300566
16726,480.53410965300566
16727,480.53410965300566
16728,480.53410965300566
16729,480.53410965300566
16730,480.53410965300566
16731,480.53410965300566
16732,480.53410965300566
16733,480.53410965300566
16734,480.53410965300566
16735,480.53410965300566
16736,480.53410965300566
16737,480.53410965300566
16738,483.73719316155547
16739,483.73719316155547
16740,483.73719316155547
16741,483.73719316155547
16742,483.73719316155547
16743,483.73719316155547
16744,483.73719316155547
16745,483.73719316155547
16746,483.73719316155547
16747,483.73719316155547
16748,483.73719316155547
16749,483.73719316155547
16750,483.73719316155547
16751,483.73719316155547
16752,483.73719316155547
16753,464.46779884299895
16754,464.46779884299895
16755,464.46779884299895
16756,464.46779884299895
16757,464.46779884299895
16758,464.46779884299895
16759,464.46779884299895
16760,464.46779884299895
16761,464.46779884299895
16762,464.46779884299895
16763,464.46779884299895
16764,464.46779884299895
16765,464.46779884299895
16766,464.46779884299895
16767,464.46779884299895
16768,520.7424903023078
16769,520.7424903023078
16770,520.7424903023078
16771,520.7424903023078
16772,520.7424903023078
16773,520.7424903023078
16774,520.7424903023078
16775,520.7424903023078
16776,520.7424903023078
16777,520.7424903023078
16778,489.5261963937961
16779,489.5261963937961
16780,489.5261963937961
16781,489.5261963937961
16782,525.0343315225588
16783,525.0343315225588
16784,525.0343315225588
16785,525.0343315225588
16786,509.73770601289067
16787,509.73770601289067
16788,509.73770601289067
16789,509.73770601289067
16801,497.68410224260504
16802,491.0508616015382
16803,482.6840073928649
16811,439.00931945125467
16812,556.241660578579
16813,439.00931945125467
16814,556.241660578579
16853,456.0161027344108
16854,456.0161027344108
16855,456.0161027344108
16856,456.0161027344108
16857,456.0161027344108
16858,456.0161027344108
16859,456.0161027344108
16860,456.0161027344108
16861,456.0161027344108
16862,456.0161027344108
16863,456.0161027344108
16864,456.0161027344108
16865,365.41782015617207
16866,329.0121391740811
16867,307.3771420725482
16868,304.5596866236424
16869,306.5555077342656
16870,309.9329987180385
16871,315.66720089055593
16872,318.02212147795717
16873,517.5469160510432
16874,504.8674382867403
16875,517.0492117080522
16876,553.5947516590642
16878,553.5947516590642
16879,553.5947516590642
16893,540.4482737376752
16906,534.3505908375244
16908,534.3505908375244
16972,502.32965911585103
16973,502.32965911585103
16974,390.13911349638545
16975,429.7600833045635
16976,426.5920799120332
16977,427.14926931278654
16978,464.3229045170753
16979,400.0564574669923
16980,406.5936825344691
16981,413.07955654334586
16982,432.2979519925679
16983,372.30226276873634
16984,429.7600833045635
16985,426.5920799120332
16986,427.14926931278654
16987,464.3229045170753
16988,400.0564574669923
16989,406.5936825344691
16990,413.07955654334586
16991,432.2979519925679
16992,372.30226276873634
16993,355.82434174447235
16994,320.34205440424455
16995,381.8358123092478
16996,329.708042313056
16997,356.6212053832073
16998,324.43661894553355
16999,375.0957049819183
17000,362.7624612954561
17001,352.0593860916908
17002,310.9976591528706
17003,335.17789452041427
17004,378.50317425525435
17005,336.8114711792842
17006,322.49660305541795
17007,484.2244895807246
17008,372.9903157601751
17009,397.2965858783273
17010,361.82484504684066
17011,349.0162461540783
17012,369.1278230117613
17013,407.16622503209487
17014,351.6721219486721
17015,340.9495451399846
17016,335.7111437835299
17017,354.22923895579765
17018,450.31441095473883
17019,398.08455911567665
17022,511.63080721869864
17023,475.017596291595
17030,433.2852184413669
17031,431.63048206477436
17032,434.7770084893035
17033,429.1582958222102
17034,426.74207958885086
17035,430.9012675404408
17044,516.6498562679327
17045,513.038751759887
17046,505.81834700572034
17047,502.06271975960703
17048,515.7282002556967
17049,535.8656666799985
17050,555.2439175288392
17051,524.4691909405298
17052,535.8656666799985
17053,535.8656666799985
17054,535.8656666799985
17055,535.8656666799985
17056,535.8656666799985
17057,555.2439175288392
17058,555.2439175288392
17059,555.2439175288392
17060,555.2439175288392
17061,555.2439175288392
17070,426.89186008784156
17085,459.22433356789884
17091,472.9584912634922
17092,483.987151433554
17093,472.9584912634922
17096,449.3997153721925
17098,449.5572387338719
17099,460.5041472726413
17100,449.3997153721925
17101,471.6999666276801
17106,396.2890394677956
17107,396.2890394677956
17108,396.2890394677956
17131,433.5260177654243
17132,436.58245057703095
17141,467.7973396163051
17142,474.6348885129082
17143,483.91190801764225
17144,491.52003386267654
17145,520.3576671200069
17157,451.1312364806749
17158,419.5028338047271
17159,492.42748347034365
17160,415.2887712622405
17161,427.2487392130846
17162,491.04918335118805
17163,437.95918184104295
17164,458.24239287370693
17165,445.7320588775625
17166,543.993098375321
17167,529.8880210100514
17168,418.35250865776163
17169,418.35250865776163
17170,418.35250865776163
17171,418.35250865776163
17172,418.35250865776163
17173,418.35250865776163
17174,418.35250865776163
17175,418.35250865776163
17176,418.35250865776163
17177,418.35250865776163
17178,418.35250865776163
17179,418.35250865776163
17180,407.04283359533053
17181,407.04283359533053
17182,407.04283359533053
17183,407.04283359533053
17184,407.04283359533053
17185,407.04283359533053
17186,407.04283359533053
17187,407.04283359533053
17188,407.04283359533053
17189,407.04283359533053
17190,407.04283359533053
17191,407.04283359533053
17192,414.3635662822841
17193,414.3635662822841
17194,414.3635662822841
17195,414.3635662822841
17196,414.3635662822841
17197,414.3635662822841
17198,414.3635662822841
17199,414.3635662822841
17200,414.3635662822841
17201,414.3635662822841
17202,414.3635662822841
17203,414.3635662822841
17204,416.2015476516781
17205,416.2015476516781
17206,416.2015476516781
17207,416.2015476516781
17208,416.2015476516781
17209,416.2015476516781
17210,416.2015476516781
17211,416.2015476516781
17212,416.2015476516781
17213,416.2015476516781
17214,416.2015476516781
17215,416.2015476516781
17216,434.84362081521334
17217,434.84362081521334
17218,434.84362081521334
17219,434.84362081521334
17220,434.84362081521334
17221,434.84362081521334
17222,434.84362081521334
17223,434.84362081521334
17224,434.84362081521334
17225,434.84362081521334
17226,434.84362081521334
17227,434.84362081521334
17228,436.18850030837046
17229,436.18850030837046
17230,436.18850030837046
17231,436.18850030837046
17232,436.18850030837046
17233,436.18850030837046
17234,436.18850030837046
17235,436.18850030837046
17236,436.18850030837046
17237,436.18850030837046
17238,436.18850030837046
17239,436.18850030837046
17240,459.625919017736
17241,459.625919017736
17242,459.625919017736
17243,459.625919017736
17244,459.625919017736
17245,459.625919017736
17246,459.625919017736
17247,459.625919017736
17248,459.625919017736
17249,459.625919017736
17250,459.625919017736
17251,459.625919017736
17259,442.2321418561094
17274,472.19930276255235
17275,490.8071424807302
17276,505.6659304166547
17277,500.9429904133044
17278,433.8372675404131
17279,441.8521316352048
17280,471.90355177979717
17288,463.8860188464486
17289,438.2650574738324
17290,423.5884358803727
17291,463.8860188464486
17292,438.2650574738324
17293,423.5884358803727
17294,463.8860188464486
17295,438.2650574738324
17296,423.5884358803727
17297,574.0966337119228
17298,531.3514668759435
17299,582.6631365285127
17300,617.7997641864918
17301,574.0966337119228
17302,531.3514668759435
17303,582.6631365285127
17304,617.7997641864918
17305,471.9936273563892
17306,489.5194068476353
17307,489.5194068476353
17318,522.7099315780381
17319,562.7661134261948
17320,525.264562018076
17331,544.8659336589529
17332,569.5151292105572
17333,556.3164429604345
17334,580.6893251061392
17335,552.7289714583112
17336,581.8172948351908
17365,542.2708234093816
17366,540.8288126826882
17367,552.38023737178
17368,545.8514597122244
17369,527.4032470254216
17370,546.3641806146042
17371,554.7351372830443
17372,557.1213819747277
17373,555.0261660281312
17374,557.9005397809623
17375,558.4026376636907
17376,553.2634734882433
17377,558.7468069412556
17378,556.07448908513
17379,553.3224633279415
17380,556.5875268842719
17381,596.7396212206121
17382,532.4812544699859
17383,519.2128510921818
17384,574.2339290333823
17385,549.959946199207
17406,508.3487906536013
17407,502.01373509769405
17411,653.6899956587703
17412,653.6899956587703
17413,540.7720824156955
17414,557.4996364525574
17415,585.824276257551
17416,557.5525112070821
17417,588.162471388184
17418,614.3489123143924
17419,529.419271452744
17424,543.8742692126256
17425,527.4939907564807
17426,527.4939907564807
17427,566.3180638931929
17464,613.157909399986
17465,613.157909399986
17466,639.4729041855386
17467,639.4729041855386
17474,473.71657727416124
17544,567.0218986035233
17545,567.0218986035233
17546,567.0218986035233
17605,619.1922431557391
17606,695.8072363042636
17607,559.6662213172447
17608,681.5380088564277
17609,697.3229919973182
17644,435.39954870019807
17645,435.39954870019807
17646,435.39954870019807
17647,435.39954870019807
17648,435.39954870019807
17674,706.4355603408919
17675,720.8856390803523
17695,612.1366823720572
17696,612.1366823720572
17698,532.9602423596594
17699,532.9602423596594
17700,532.9602423596594
17702,507.0557995404538
17703,507.0557995404538
17704,507.0557995404538
17706,527.291245857979
17707,527.291245857979
17709,478.2235478767229
17710,478.2235478767229
17711,478.2235478767229
17870,654.0779936127365
17871,642.562092753916
17898,575.1856809852837
17899,581.2835331435814
17900,617.7302098012364
17901,646.3617809455809
17902,575.1856809852837
17903,581.2835331435814
17904,617.7302098012364
17905,646.3617809455809
17906,575.1856809852837
17907,581.2835331435814
17908,617.7302098012364
17909,646.3617809455809
17910,575.1856809852837
17911,581.2835331435814
17912,617.7302098012364
17913,646.3617809455809
17914,575.1856809852837
17915,581.2835331435814
17916,617.7302098012364
17917,646.3617809455809
17918,476.585537948568
17919,477.2224069582938
17920,499.78114416706785
17921,494.29017789005115
17922,500.73940766738394
17923,505.36143174970306
17998,516.3588760600599
17999,517.3995863752655
18000,529.9192658025173
18001,531.9771211148158
18002,522.2135868215877
18003,523.1844942543225
18004,520.4252518511156
18005,519.2355112387253
18006,534.517218182314
18007,535.1043138873657
18008,516.3588760600599
18009,517.3995863752655
18010,529.9192658025173
18011,531.9771211148158
18012,522.2135868215877
18013,523.1844942543225
18014,520.4252518511156
18015,519.2355112387253
18016,534.517218182314
18017,535.1043138873657
18018,516.3588760600599
18019,517.3995863752655
18020,529.9192658025173
18021,531.9771211148158
18022,522.2135868215877
18023,523.1844942543225
18024,520.4252518511156
18025,519.2355112387253
18026,534.517218182314
18027,535.1043138873657
18028,516.3588760600599
18029,517.3995863752655
18030,529.9192658025173
18031,531.9771211148158
18032,522.2135868215877
18033,523.1844942543225
18034,520.4252518511156
18035,519.2355112387253
18036,534.517218182314
18037,535.1043138873657
18050,446.0642653984537
18051,446.0642653984537
18052,464.7067193474123
18083,423.81851587444703
18084,423.81851587444703
18086,423.81851587444703
18087,423.81851587444703
18088,423.81851587444703
18094,446.0642653984537
18095,446.0642653984537
18097,446.0642653984537
18193,427.5149530046485
18194,427.5149530046485
18195,427.5149530046485
18196,427.5149530046485
18197,427.5149530046485
18198,427.5149530046485
18199,441.8080299928018
18200,441.8080299928018
18202,441.8080299928018
18203,441.8080299928018
18204,441.8080299928018
18205,488.227012335788
18206,488.227012335788
18208,488.227012335788
18209,488.227012335788
18210,488.227012335788
18211,515.8970968595912
18212,515.8970968595912
18214,515.8970968595912
18215,515.8970968595912
18216,515.8970968595912
18217,519.8181059146686
18218,519.8181059146686
18220,519.8181059146686
18221,519.8181059146686
18222,519.8181059146686
18223,521.6747786086236
18224,521.6747786086236
18226,521.6747786086236
18227,521.6747786086236
18228,521.6747786086236
18229,401.4266059719837
18230,401.4266059719837
18232,401.4266059719837
18233,401.4266059719837
18234,401.4266059719837
18235,424.4892795839646
18236,424.4892795839646
18238,424.4892795839646
18239,424.4892795839646
18240,424.4892795839646
18241,490.68427398407255
18242,490.68427398407255
18244,490.68427398407255
18245,490.68427398407255
18246,490.68427398407255
18247,521.9370084198897
18248,521.9370084198897
18250,521.9370084198897
18251,521.9370084198897
18252,521.9370084198897
18253,521.060733394557
18254,521.060733394557
18256,521.060733394557
18257,521.060733394557
18258,521.060733394557
18259,528.450973773087
18260,528.450973773087
18262,528.450973773087
18263,528.450973773087
18264,528.450973773087
18265,427.5149530046485
18266,441.8080299928018
18267,488.227012335788
18268,515.8970968595912
18269,519.8181059146686
18270,521.6747786086236
18271,401.4266059719837
18272,424.4892795839646
18273,490.68427398407255
18274,521.9370084198897
18275,521.060733394557
18276,528.450973773087
18300,432.6515185877553
18301,396.34969812774864
18302,417.45945396253853
18303,370.2223254533626
18304,372.6489953446502
18305,404.21099173886114
18306,376.2883942249587
18307,407.0782879465271
18308,384.08751151007453
18309,412.9266276428882
18310,392.00611977412257
18311,418.2355153528461
18312,399.74568485628964
18313,426.2584798093029
18314,446.5492475948133
18315,458.50082659567187
18316,435.2694029326435
18317,372.6489953446502
18318,404.21099173886114
18319,376.2883942249587
18320,407.0782879465271
18321,384.08751151007453
18322,412.9266276428882
18323,392.00611977412257
18324,418.2355153528461
18325,399.74568485628964
18326,426.2584798093029
18327,446.5492475948133
18328,458.50082659567187
18329,435.2694029326435
18363,491.4416882668653
18364,491.4416882668653
18365,491.4416882668653
18366,522.3135196293745
18367,522.3135196293745
18368,522.3135196293745
18369,491.4416882668653
18370,522.3135196293745
18372,475.2210300530942
18382,475.2210300530942
18392,475.2210300530942
18402,475.2210300530942
18411,475.2210300530942
18414,456.72454171877274
18415,453.07133172892134
18416,474.140724051614
18417,421.1026027353831
18418,436.4948593676122
18419,436.6556388673083
18420,481.6656996284055
18421,491.996052204428
18422,470.3068747275545
18425,487.47859123664114
18432,479.6248769964652
18433,500.0052032102227
18434,424.0509279526222
18435,426.96388615330534
18436,453.02934964761505
18437,461.98780956163307
18438,490.43227648142386
18439,509.84021710701234
18440,479.6248769964652
18441,500.0052032102227
18442,487.47859123664114
18443,424.0509279526222
18444,426.96388615330534
18445,453.02934964761505
18446,509.84021710701234
18447,479.6248769964652
18448,500.0052032102227
18449,487.47859123664114
18450,461.98780956163307
18451,490.43227648142386
18452,479.6248769964652
18453,500.0052032102227
18454,487.47859123664114
18455,424.0509279526222
18456,426.96388615330534
18457,453.02934964761505
18458,461.98780956163307
18459,490.43227648142386
18460,509.84021710701234
18461,479.6248769964652
18462,500.0052032102227
18463,487.47859123664114
18464,424.0509279526222
18465,426.96388615330534
18466,453.02934964761505
18467,461.98780956163307
18468,490.43227648142386
18469,509.84021710701234
18470,479.6248769964652
18471,500.0052032102227
18472,479.6248769964652
18473,500.0052032102227
18474,487.47859123664114
18490,565.6292993237442
18491,532.3331589617392
18492,539.3417995780126
18493,562.0700399869438
18518,429.88099325218036
18528,459.6196472056425
18548,500.9464721734616
18549,456.4285822255812
18550,490.55847533617214
18551,447.5691260602866
18552,501.0988407807818
18553,456.06886699301845
18554,493.31038525238154
18555,495.77859393129347
18564,500.9464721734616
18565,456.4285822255812
18566,490.55847533617214
18567,447.5691260602866
18568,501.0988407807818
18569,456.06886699301845
18570,493.31038525238154
18571,495.77859393129347
18611,478.8101600740575
18612,511.94544689378813
18614,531.9073911122331
18615,538.501225457785
18616,516.1632935512902
18619,481.9627888015329
18621,460.6552394904828
18622,493.90415335894414
18624,468.2962330927383
18628,472.0052282020019
18630,445.4895874673331
18649,453.6316961690689
18650,418.3850393333196
18651,459.44012612850304
18652,459.44012612850304
18654,459.44012612850304
18655,459.44012612850304
18660,546.3662054624527
18661,546.3662054624527
18668,498.18700317100695
18697,651.1492719929443
18699,570.9754635473607
18700,570.9754635473607
18701,570.9754635473607
18702,561.9895991887549
18703,561.9895991887549
18704,561.9895991887549
18705,582.2513132224103
18706,582.2513132224103
18707,582.2513132224103
18708,651.1492719929443
18709,651.1492719929443
18710,651.1492719929443
18711,601.5120481139872
18712,616.6631834278444
18713,597.0825975310652
18714,623.2181993991566
18715,618.6650496003826
18716,597.0825975310652
18717,597.0825975310652
18718,597.0825975310652
18719,597.0825975310652
18721,597.0825975310652
18723,601.5120481139872
18724,601.5120481139872
18725,623.2181993991566
18726,623.2181993991566
18727,618.6650496003826
18728,618.6650496003826
18747,478.86640554241694
18748,478.86640554241694
18749,478.86640554241694
18750,478.86640554241694
18751,478.86640554241694
18752,478.86640554241694
18777,548.8443842573589
18778,548.8443842573589
18779,548.8443842573589
18780,548.8443842573589
18782,548.8443842573589
18783,576.6814599323508
18784,576.6814599323508
18785,576.6814599323508
18786,576.6814599323508
18788,576.6814599323508
18789,570.593263263736
18790,570.593263263736
18791,570.593263263736
18792,570.593263263736
18794,570.593263263736
18795,598.8300827283214
18796,598.8300827283214
18797,598.8300827283214
18798,598.8300827283214
18800,598.8300827283214
18801,584.3774947251517
18802,584.3774947251517
18803,584.3774947251517
18804,584.3774947251517
18806,584.3774947251517
18807,548.8443842573589
18808,576.6814599323508
18809,570.593263263736
18810,598.8300827283214
18811,584.3774947251517
18986,455.6808847408784
18987,508.426468695552
18988,483.0455658557729
18989,481.30740854328667
19053,502.7853948257593
19055,520.4766703412686
19057,517.6375074476481
19059,527.847154850216
19069,513.3562746541837
19072,493.1168618806003
19073,493.1168618806003
19079,574.0847097353717
19084,508.24512020096864
19085,503.1303982968896
19086,504.9970809941233
19087,503.23306482599156
19088,504.71493653490404
19108,479.033826057394
19109,494.0217812937823
19110,468.07329854605285
19112,497.3611172172043
19114,539.3286736378587
19116,569.3495743688842
19120,539.3286736378587
19122,569.3495743688842
19125,508.5530837167981
19126,514.4842098817101
19129,552.248624962145
19130,542.3822620273995
19132,551.3149370909726
19138,508.5530837167981
19144,568.3182299693401
19145,551.3149370909726
19146,562.7849256900948
19147,564.6928916073923
19148,561.417600007369
19149,566.1535705239141
19158,486.2013313329297
19159,466.10883208323196
19160,492.3256817410746
19161,487.452853342926
19162,513.2457756868218
19163,515.224834179411
19164,490.10346360801316
19165,491.3398352787673
19166,483.2168295089325
19167,545.5733656631994
19168,519.1228622201749
19169,529.4270614454102
19172,528.2882738559421
19173,504.7438485938177
19174,499.64999209666234
19177,547.2992268675592
19179,523.0519815240342
19181,512.1060721138642
19183,501.4123228328493
19184,542.852623138363
19185,544.8421891686052
19186,456.49444850338114
19187,474.3342830199395
19188,473.21093548452296
19189,478.0698662776387
19190,494.05302613595336
19191,496.7552253481812
19192,467.29012976511115
19193,501.67770242559715
19194,520.0539946888473
19195,494.6657548269661
19196,466.2942392957028
19197,462.71615783681193
19198,548.4842986278311
19199,522.1639967754033
19219,409.8319378895418
19220,392.0898329880323
19221,386.8714387410197
19222,377.0234733292038
19223,409.2891004939179
19224,387.97792980315427
19225,390.6778260298438
19226,413.76371019947067
19243,589.8860262272531
19287,501.7915801651963
19288,501.7824273566941
19289,501.6667968817942
19296,527.4061062725716
19297,527.4344366188662
19298,527.4307847273957
19299,503.19975431963354
19300,505.164650708957
19301,505.15002135865967
19302,551.2843179030647
19303,554.0523074571421
19304,553.0759799434777
19305,525.6383230498772
19306,533.4512728078029
19307,540.8552766752007
19308,548.7360019062044
19309,546.3665176823141
19310,546.4241453708073
19311,542.6696850962271
19312,543.3916814803204
19313,542.7060334211578
19314,527.4061062725716
19315,527.4344366188662
19316,527.4307847273957
19317,503.19975431963354
19318,505.164650708957
19319,505.15002135865967
19320,551.2843179030647
19321,554.0523074571421
19322,553.0759799434777
19325,668.0924547599943
19328,612.8121876149798
19388,491.5166290732639
19389,479.9613414162169
19390,478.5524800806027
19391,477.02573605633887
19392,479.76191281763903
19393,468.5805102405709
19394,537.4352422338939
19395,553.4954380811085
19396,459.56481303301854
19397,528.1861994666565
19412,499.9300409530529
19413,520.4289601170312
19414,482.4935609781846
19415,510.2911610171241
19416,525.7445578143517
19417,532.4781612554978
19418,530.4837680316322
19419,538.8276594445226
19420,519.9417100607745
19421,561.1243627936858
19422,562.1841008922979
19423,519.2536574905574
19424,560.5079913098634
19425,518.6595585127714
19426,491.91587969343516
19427,509.4120488330442
19428,556.8327784558222
19438,444.7066913703527
19444,556.713352936542
19466,542.7680709268642
19467,545.2405114613238
19468,556.7484215136191
19469,564.6023053713552
19470,576.1792978959024
19471,594.3184122322785
19472,576.8793570559164
19473,594.3198906478771
19474,527.9938574247559
19475,548.9109102531316
19476,530.198389073548
19477,514.8603055110159
19478,520.3650710998725
19479,516.2842050729796
19480,512.4443616178959
19481,523.1453218183924
19482,523.4114931254175
19483,564.7422681087495
19484,544.4268854328374
19485,530.8247958329838
19486,531.4163549813399
19487,527.3340651500787
19492,544.6847385385139
19494,564.7422681087495
19510,532.9854510624211
19517,518.3345775365596
19518,572.5113706180264
19519,523.4554253274708
19520,497.59904722372863
19521,562.3412147814189
19522,508.7855645520574
19523,518.3345775365596
19524,572.5113706180264
19525,523.4554253274708
19526,497.59904722372863
19527,562.3412147814189
19528,508.7855645520574
19529,518.3345775365596
19530,572.5113706180264
19531,523.4554253274708
19532,497.59904722372863
19533,562.3412147814189
19534,508.7855645520574
19535,526.147116022247
19536,598.6190855095587
19537,536.6275536496264
19538,538.2154643662183
19539,552.9559277623623
19540,549.5312995379848
19541,569.859361171098
19542,587.2357887667497
19543,539.2427973330628
19544,565.2197603358206
19545,409.74032715647957
19546,520.6110213417841
19547,467.2097467334745
19549,533.849999254844
19550,533.849999254844
19551,533.849999254844
19552,533.849999254844
19553,533.849999254844
19555,533.805140743527
19556,533.805140743527
19557,533.805140743527
19558,533.805140743527
19559,533.805140743527
19560,582.18256158864
19561,582.5930452622729
19562,522.0281427040917
19563,521.9909005267557
19570,590.2312471568931
19577,590.2312471568931
19596,571.3002106430455
19603,557.5846093027371
19604,557.5846093027371
19606,557.5846093027371
19607,557.5846093027371
19608,588.5494046695441
19609,588.5494046695441
19611,588.5494046695441
19612,588.5494046695441
19613,506.6380526584974
19614,506.6380526584974
19616,506.6380526584974
19617,506.6380526584974
19618,522.9023586997619
19619,522.9023586997619
19621,522.9023586997619
19622,522.9023586997619
19623,606.1354721638461
19624,606.1354721638461
19626,606.1354721638461
19627,606.1354721638461
19633,498.17900084173743
19634,546.3710588614201
19638,495.7484329885095
19639,464.4623003565522
19640,548.228224282272
19641,541.2798456594676
19656,539.3286736378587
19657,569.3495743688842
19676,430.01811208469735
19680,398.4254837956107
19684,457.3147100474485
19696,666.1355437531486
19697,631.2666835975092
19698,619.81655067939
19699,722.5194173464871
19700,624.8448810785798
19701,606.9455296373042
19702,619.81655067939
19703,619.81655067939
19704,619.81655067939
19710,475.50275869141626
19721,421.4893219669281
19729,348.56507090717355
19730,370.0485486291544
19738,348.56507090717355
19739,370.0485486291544
19801,446.03584677895253
19802,440.63928783591416
19803,410.1054617955886
19804,445.7711055834335
19805,409.78044560713033
19806,475.2754613433537
19807,470.36861647570487
19808,429.50764836963936
19809,491.01406748075954
19810,461.01614932417016
19811,440.91738895103356
19812,462.9781574403889
19813,455.4942938520858
19814,475.22616056489676
19815,457.34579667683124
19816,387.33285183836387
19905,509.94888441361553
19909,491.9880899282154
19912,474.3614710333128
19920,472.0926138017755
19921,472.0926138017755
19922,472.0926138017755
19923,472.0926138017755
19924,472.0926138017755
19925,472.0926138017755
19979,482.98969891173965
19980,479.42348650716315
19981,479.42348650716315
19982,479.42348650716315
19983,479.42348650716315
19984,479.42348650716315
19985,479.42348650716315
19986,479.42348650716315
19987,479.42348650716315
19988,479.42348650716315
19989,479.42348650716315
19990,479.42348650716315
19991,479.42348650716315
19992,477.2151961887085
19993,477.2151961887085
19994,477.2151961887085
19995,477.2151961887085
19996,477.2151961887085
19997,477.2151961887085
19998,477.2151961887085
19999,477.2151961887085
20000,477.2151961887085
20001,477.2151961887085
20002,477.2151961887085
20003,477.2151961887085
20004,471.7109296826522
20005,471.7109296826522
20006,471.7109296826522
20007,471.7109296826522
20008,471.7109296826522
20009,471.7109296826522
20010,471.7109296826522
20011,471.7109296826522
20012,471.7109296826522
20013,471.7109296826522
20014,471.7109296826522
20015,471.7109296826522
20020,491.57073152461317
20028,487.8445580699578
20034,653.5163499541826
20035,641.0008580650219
20040,667.1154793500393
20041,656.2131138551225
20043,581.0751537403437
20044,564.3088995211058
20045,521.2717379627106
20046,550.5784405991843
20047,556.6235412577846
20048,641.0008580650219
20049,475.1741227475974
20050,556.4075285559878
20051,569.7853666146236
20052,576.908488199735
20053,561.7859458755692
20054,600.5351996104388
20064,495.1533685635939
20071,506.3720305236611
20072,587.3747767448283
20073,572.7426531725632
20074,562.2164315114919
20097,494.9683235825497
20122,397.5079721243271
20123,538.9377217072382
20124,397.5079721243271
20125,538.9377217072382
20148,400.1010763790874
20149,414.4914722687603
20164,485.3241455249015
20169,479.9724611364591
20184,664.1177757670633
20185,664.1177757670633
20186,664.1177757670633
20187,667.0981344053708
20188,667.0981344053708
20189,667.0981344053708
20194,535.9912423983333
20195,584.9162409737664
20196,630.0021519185601
20197,484.70955945068675
20198,485.1050062461796
20199,475.77813058398976
20200,482.794244937959
20201,492.65017423112386
20202,529.9921008928436
20203,518.681039217999
20204,518.8984918742256
20205,485.46743807443494
20206,485.46743807443494
20207,485.46743807443494
20208,485.46743807443494
20217,488.16655141886633
20218,514.785204006378
20219,529.7917640389661
20220,529.6575020674529
20221,545.3924847304592
20222,580.6022066746347
20223,582.8212551098073
20224,599.5938938860684
20225,598.1842767492266
20226,611.5979278873992
20227,486.5517015608839
20228,513.3273575215754
20229,528.2769644835859
20230,528.1476856523741
20231,543.7774467195585
20232,578.0773466756738
20233,581.0937630918781
20234,596.4973072861617
20235,595.2170974147438
20236,608.880221455892
