Tag,actual_y,estimated_y,error_of_y(actual_y-estimated_y),std_of_estimated_y
10561,0.1552,0.22371267237811687,-0.06851267237811687,0.21642745639592664
18142,0.1,0.16877536496818235,-0.06877536496818235,0.18799065498603965
147,0.69,0.7194212988752506,-0.02942129887525069,0.18749455092160078
2640,0.13,0.14425321539478356,-0.014253215394783553,0.20789526566092123
11097,0.0137,0.07443687722114645,-0.06073687722114644,0.21141427379193897
18589,0.17,0.23127934350562415,-0.06127934350562414,0.21527313038073756
1571,0.087,0.11401506023515648,-0.027015060235156485,0.20571868989722117
16688,0.032,0.06641456969388243,-0.03441456969388243,0.2043855121553133
19215,0.06,0.1958543552875544,-0.1358543552875544,0.2116895044511064
1220,0.95,0.7584581992851591,0.19154180071484084,0.2140614508793319
7539,0.041,0.09041996153597076,-0.04941996153597076,0.21775932191461778
4560,0.91,0.696390560474574,0.213609439525426,0.19818128322223397
2690,0.0011,0.11691055731032182,-0.11581055731032182,0.2083918797827655
8056,0.32,0.35014885721207745,-0.03014885721207744,0.21382649359119654
2858,0.998,0.443761133665009,0.554238866334991,0.17443379743231532
10223,0.13,0.12881270696868477,0.0011872930313152341,0.20250288194510144
7796,0.21,0.21117717324947774,-0.0011771732494777476,0.2018455325730997
14708,0.8,0.7121513990713872,0.0878486009286128,0.19380468806873252
3363,0.009,0.0814312352362973,-0.07243123523629731,0.21630740204707302
12111,0.026,0.19634119192099064,-0.17034119192099065,0.20812848175405516
3854,0.001,0.045873393127724205,-0.044873393127724204,0.19461706961242115
19371,0.32,0.3373170745738445,-0.017317074573844515,0.2085200901225
9732,0.02,0.09293055570910924,-0.07293055570910924,0.21628058085621715
2251,0.52,0.37365897474055815,0.14634102525944187,0.21016210807207783
5730,0.02,0.08452713129253558,-0.06452713129253558,0.21905799124562417
4094,0.91,0.8311749860814355,0.07882501391856456,0.18282255827619673
19752,0.25,0.29437269476576616,-0.04437269476576616,0.19692792501658934
11750,0.14,0.23730293759713894,-0.09730293759713893,0.20615062703064735
12437,0.9,0.636611249625131,0.263388750374869,0.1806985443807362
11419,0.05,0.16563189008708093,-0.11563189008708093,0.19056470263264505
3971,0.09,0.12134725656064285,-0.031347256560642855,0.18807941058760844
8484,0.001,0.05052154132297221,-0.04952154132297221,0.21666476726152709
17634,0.007,0.030560384242201588,-0.02356038424220159,0.20841229142492348
6924,0.887,0.8597379107539636,0.02726208924603646,0.188254754037336
13958,0.007,0.07132597128264845,-0.06432597128264844,0.21360320168312327
14142,0.34,0.3843845290692398,-0.044384529069239786,0.18105206317776526
588,0.33,0.35902721272521204,-0.029027212725212026,0.21389245528910653
1170,0.76,0.6337808090003136,0.12621919099968637,0.193740393086202
4396,0.06,0.5961187179329349,-0.536118717932935,0.17675392703041912
18373,0.18,0.2595756130425304,-0.07957561304253041,0.20992956425770767
3146,0.42,0.31817137106012816,0.10182862893987182,0.20860257211517905
17510,0.65,0.5359170920714607,0.11408290792853937,0.19475212607611794
9088,0.38,0.32615032915196185,0.053849670848038156,0.19736521477709243
3264,0.88,0.687541607399127,0.19245839260087305,0.2050866470127286
13851,0.13,0.11918195070802043,0.010818049291979576,0.1883157655199807
3644,0.017,0.044461560620928875,-0.027461560620928874,0.198205927933731
10264,0.015,0.04182109582361243,-0.02682109582361243,0.182557752595402
13628,0.26,0.279911890576494,-0.019911890576494007,0.19357991082599443
19036,0.95,0.8414924429988769,0.10850755700112302,0.21230213669042144
4453,0.13,0.13096441886186874,-0.0009644188618687377,0.19617225308053857
20159,0.11,0.19556258110587257,-0.08556258110587257,0.2175654657352562
12222,0.53,0.568274879414913,-0.03827487941491292,0.1836096301543139
1482,0.012,0.07277669312160828,-0.060776693121608286,0.18216542680507639
7341,0.16,0.25736805690571135,-0.09736805690571135,0.20932791108359844
2615,0.47,0.4828468451657819,-0.01284684516578194,0.2122218510882674
16630,0.0639,0.15374850497460155,-0.08984850497460155,0.217291430288859
19259,0.051,0.18317536923348773,-0.13217536923348774,0.19644829771221337
2435,0.29,0.20104842316430147,0.08895157683569851,0.20575540353201913
3421,0.88,0.6414544567756343,0.23854554322436572,0.18711738298568256
3659,0.28,0.272016631432269,0.00798336856773102,0.18346491950304752
18609,0.14,0.18391361675650608,-0.04391361675650607,0.21864566581728773
11838,0.663,0.6132635575314997,0.049736442468500286,0.2139388373925625
2203,0.19,0.28221655986217165,-0.09221655986217164,0.18744002085965705
8707,0.09,0.20839895421175517,-0.11839895421175517,0.2139378924635384
9568,0.26,0.3201902334123086,-0.060190233412308614,0.190929367924696
9990,0.039,0.07560242950990698,-0.03660242950990698,0.20940455224195503
112,0.4,0.4016051805468154,-0.0016051805468153546,0.20945405411851006
4305,0.81,0.6827108675190963,0.1272891324809038,0.2122550853680082
17472,0.02,0.14599214304434013,-0.12599214304434014,0.20945133155850104
2920,0.03,0.5226062093249456,-0.4926062093249456,0.17670482431099493
15287,0.46,0.48570389643556283,-0.025703896435562812,0.19553109451100467
12552,0.44,0.4657839102549982,-0.02578391025499821,0.2081454769706232
5641,0.674,0.6796144081710787,-0.005614408171078611,0.18801174438761892
15326,0.22,0.41160440964532174,-0.19160440964532174,0.18647130918903257
3218,0.45,0.4292227859142039,0.020777214085796136,0.21397806081556361
13506,0.52,0.46150657066134276,0.058493429338657255,0.21681284743691534
13492,0.58,0.5945822688665494,-0.014582268866549453,0.21428480535410452
649,0.11,0.16187722197935683,-0.05187722197935683,0.21922106826227958
18864,0.49,0.4531296697826047,0.036870330217395275,0.21899240604391904
19264,0.1,0.25597834389127283,-0.15597834389127282,0.20912171307324662
14499,0.009,0.06668109144545131,-0.05768109144545131,0.21328401176546946
13738,0.51,0.46898112218077054,0.04101887781922947,0.1976752801157802
13444,0.066,0.1145251601000285,-0.0485251601000285,0.20947581507094942
1285,0.73,0.6605193629256606,0.06948063707433938,0.21572736599775932
8203,0.03,0.09494865633774235,-0.06494865633774236,0.1949718595585935
17983,0.03,0.12203480311548981,-0.09203480311548981,0.21494059430948542
15054,0.3,0.2845482353236356,0.015451764676364388,0.21271288411591632
15143,0.0121,0.0670197685505165,-0.0549197685505165,0.20483716011026865
4471,0.12,0.14783736269886588,-0.027837362698865886,0.2073536655407958
13791,0.86,0.8151506933219232,0.04484930667807674,0.2064475158673393
12542,0.16,0.26130566204047173,-0.10130566204047173,0.21407768639368316
12919,0.29,0.23753209452855764,0.05246790547144234,0.21274589407701164
13825,0.34,0.36213001644888926,-0.022130016448889234,0.20816400062582952
3871,0.502,0.43793028221127933,0.06406971778872067,0.21324631411139108
11002,0.1,0.15908322816146298,-0.05908322816146297,0.2086295171091635
9173,0.66,0.5354716728050012,0.12452832719499884,0.21409364776477707
12200,0.0087,0.055030649274987076,-0.046330649274987076,0.19217891108043897
8699,0.16,0.3054757255689069,-0.1454757255689069,0.19494178726849073
13813,0.68,0.5576432258261446,0.12235677417385549,0.21307773703852723
6828,0.77,0.703928226619311,0.06607177338068904,0.21279959584633498
4051,0.88,0.7514485678466327,0.12855143215336728,0.2062751860974382
12787,0.606,0.4616320434527897,0.1443679565472103,0.20815266676208427
19237,0.75,0.6519499892671548,0.09805001073284525,0.21608271569576115
11820,0.0021,0.028073531941942398,-0.025973531941942397,0.18873220539753024
780,0.008,0.049168708141192896,-0.041168708141192896,0.19811570717827884
16036,0.1,0.30341552567908386,-0.20341552567908386,0.1945133131807325
4797,0.52,0.5049450843564768,0.015054915643523237,0.18065182906241462
3057,0.18,0.2985090035076155,-0.1185090035076155,0.19863988041976255
802,0.147,0.16325900307320382,-0.016259003073203826,0.18761428841087985
5154,0.96,0.8698045299609609,0.09019547003903905,0.1977337445982439
16888,0.001,0.1164924845761495,-0.1154924845761495,0.20164826400783384
1052,0.0189,0.05674484293753668,-0.03784484293753668,0.20660964816347946
5552,0.01248,0.07711965657106196,-0.06463965657106195,0.19432883133806536
4090,0.86,0.8542071385559213,0.005792861444078645,0.18378002106530528
2151,0.0071,0.15481511403287113,-0.14771511403287113,0.20284523799608134
14096,0.001,0.09606839004304285,-0.09506839004304285,0.1929818701664358
12808,0.36,0.3582791163932981,0.0017208836067018618,0.2192227083000821
12662,0.68,0.5261435225609443,0.15385647743905573,0.18205676085590797
4288,0.145,0.11997915423002306,0.02502084576997693,0.19688226062464922
6531,0.7,0.609970310007806,0.09002968999219396,0.21902307656722259
1511,0.248,0.11597001303659055,0.13202998696340945,0.19465612723362385
8702,0.32,0.3712631643649582,-0.0512631643649582,0.19525961281327872
924,0.02,0.0831759595388688,-0.0631759595388688,0.21720234471757593
4154,0.1,0.14535270867098243,-0.04535270867098243,0.188175037866287
2190,0.01,0.07961882533834136,-0.06961882533834136,0.20540242013220603
5814,0.263,0.3683491386805044,-0.10534913868050438,0.18255591074882593
14982,0.0006,0.09320225199036575,-0.09260225199036574,0.1949468043611785
5420,0.3,0.31677939621868534,-0.01677939621868535,0.2074914835415411
19452,0.0207,0.17211278125048854,-0.15141278125048854,0.20753011385092449
11429,0.0014,0.08475306885783884,-0.08335306885783884,0.18116871898020734
12592,0.044,0.08392015927709495,-0.039920159277094955,0.19817040512773282
2645,0.007,0.07631087753742627,-0.06931087753742626,0.21518754683078625
4353,0.1,0.32658467952044473,-0.22658467952044473,0.19549520633494813
9460,0.018,0.04276819452937025,-0.024768194529370253,0.20759816316441512
5726,0.01,0.05556958614684415,-0.04556958614684415,0.1966459751949035
5837,0.38,0.46810424876585277,-0.08810424876585277,0.19484355553403876
19384,0.18,0.2521324528091451,-0.0721324528091451,0.20891979337584343
4810,0.05,0.14390570802629726,-0.09390570802629726,0.21459189254675803
6746,0.46,0.5436881367793972,-0.08368813677939718,0.21377596021995476
6818,0.0647,0.14003042068617733,-0.07533042068617733,0.19914743099592974
6966,0.074,0.2190292228871641,-0.14502922288716408,0.21078098132994522
13166,0.47,0.4892338754020073,-0.019233875402007328,0.20994170680650057
2702,0.0033,0.05659090546523621,-0.05329090546523621,0.21151015694345346
4018,0.8,0.6332051074328398,0.1667948925671603,0.2095396092439293
12275,0.94,0.7951289354149111,0.1448710645850888,0.21033554700397614
18151,0.08,0.12274493570428965,-0.04274493570428965,0.19503366402328584
5722,0.24,0.2516716645083404,-0.011671664508340396,0.21829539957908817
7661,0.97,0.8007250998182105,0.16927490018178948,0.2126906290202088
4013,0.3,0.35098881123003534,-0.05098881123003535,0.21409889090456213
18098,0.06,0.13398177924216878,-0.07398177924216878,0.19625613212226073
3357,0.064,0.20342306005072386,-0.13942306005072386,0.2106844429746189
1256,0.019,0.16722040153306067,-0.14822040153306068,0.20690113939305363
16937,0.024,0.21310216255729297,-0.18910216255729298,0.19981530123422922
12329,0.11,0.32039539317077437,-0.21039539317077438,0.2077988546333865
4021,0.057,0.1166828000456479,-0.0596828000456479,0.1958278208529918
4915,0.003,0.1482420756407567,-0.1452420756407567,0.21628777399279903
8629,0.6,0.5214788985262524,0.07852110147374758,0.21548828388862176
4071,0.79,0.7188354277056264,0.07116457229437367,0.1964768285312574
7802,0.12,0.19616784233749282,-0.07616784233749282,0.21344875451220577
13722,0.73,0.45782881823583427,0.2721711817641657,0.1974734721251864
8425,0.8004,0.700112113225276,0.100287886774724,0.19589156928905038
19636,0.46,0.434525467134913,0.025474532865086996,0.2187445170729185
11808,0.0023,0.028073531941942398,-0.025773531941942398,0.18873220539753024
12847,0.02,0.13541395017303068,-0.11541395017303067,0.21356963223486872
14010,0.042,0.08850022613312852,-0.04650022613312852,0.19601289971969205
12102,0.056,0.1942495471245444,-0.1382495471245444,0.20785146888919778
6171,0.77,0.597578264555842,0.17242173544415806,0.1800688959338891
1485,0.008,0.07277669312160828,-0.06477669312160828,0.18216542680507639
2408,0.03,0.09558086094040841,-0.06558086094040841,0.194458708635911
10519,0.001,0.144412696261495,-0.143412696261495,0.18976070297087091
4116,0.98,0.48997281184996,0.49002718815004,0.19484373471914274
11763,0.55,0.5179806217411085,0.03201937825889156,0.1827050568104295
13792,0.72,0.659265995691612,0.060734004308387934,0.2106098712560815
20081,0.17,0.23182489045046298,-0.061824890450462966,0.21557513825713234
17083,0.02,0.1100886465315962,-0.09008864653159619,0.21282233819145327
5052,0.6,0.476718782452016,0.12328121754798399,0.18777765467902852
4083,0.78,0.6347830851730346,0.14521691482696542,0.21701474668916082
3482,0.044,0.13795273086362003,-0.09395273086362003,0.20991546058468366
18100,0.17,0.13398177924216878,0.03601822075783123,0.19625613212226073
18597,0.063,0.1899956047041652,-0.1269956047041652,0.21490029345242143
16141,0.96,0.7815561943329923,0.17844380566700768,0.21210028331512015
5277,0.72,0.7064282288372092,0.013571771162790736,0.19344830798807577
1081,0.47,0.21838392466044165,0.2516160753395583,0.19595828762977488
9097,0.31,0.28747579010481833,0.02252420989518167,0.2166873034345587
18125,0.11,0.13970731900073416,-0.02970731900073416,0.21083564657634835
8089,0.011,0.06950433274998785,-0.058504332749987856,0.18362326770142942
12558,0.03,0.12064621112653565,-0.09064621112653565,0.21922231165258127
12973,1.0,0.6938507229283828,0.3061492770716172,0.1969296684487253
19918,0.95,0.7631644437064726,0.18683555629352733,0.21818421026666093
17894,0.96,0.8264263880741478,0.13357361192585215,0.21409076678583955
4156,0.07,0.14535270867098243,-0.07535270867098243,0.188175037866287
428,0.46,0.3817136928304343,0.0782863071695657,0.20866841951546236
851,0.41,0.3254041283502536,0.08459587164974636,0.19101398299138977
17949,0.22,0.2703663898812685,-0.050366389881268486,0.199813441790664
6080,0.004,0.11505987491912462,-0.11105987491912461,0.19411490083315883
18514,0.47,0.4421680866012768,0.02783191339872315,0.20996760777889817
13079,0.24,0.255442801729335,-0.015442801729334987,0.21842533336120248
14629,0.57,0.5078324062196073,0.062167593780392605,0.2189744286984318
5189,0.743,0.6198109818523071,0.1231890181476929,0.1916202898718511
11392,0.033,0.0957772215364262,-0.0627772215364262,0.19747410080435188
13433,0.46,0.4291466200979225,0.030853379902077538,0.20802798216241955
6545,0.54,0.4997890539083518,0.040210946091648214,0.2165519560236471
7225,0.38,0.5049196770287672,-0.12491967702876716,0.18877490844552144
15637,0.67,0.5848271333607664,0.08517286663923362,0.21936062183497654
15117,0.0246,0.07050436500526064,-0.04590436500526064,0.18910615048402288
13300,0.13,0.23255722375846594,-0.10255722375846593,0.19289627272432922
13118,0.0051,0.060188106702796895,-0.055088106702796895,0.2139646956893209
16598,0.52,0.36189342730275703,0.158106572697243,0.2113915683169238
9123,0.102,0.24128133884989544,-0.13928133884989546,0.17990981158129396
19359,0.64,0.46184494499552897,0.17815505500447104,0.2032481317285018
12863,0.2,0.37453448993982047,-0.17453448993982046,0.19860258520174726
7737,0.86,0.7803058676893633,0.07969413231063671,0.21222854938793687
6443,0.001,0.14003670821765432,-0.13903670821765432,0.21178582427454662
5022,0.15,0.2018658535596979,-0.051865853559697916,0.21938099008521128
3525,0.28,0.32616364347315097,-0.04616364347315094,0.20880598241155288
18154,0.12,0.12274493570428965,-0.0027449357042896583,0.19503366402328584
4127,0.68,0.736918917965855,-0.05691891796585491,0.19726127965641735
9160,0.093,0.21939777089680185,-0.12639777089680185,0.18726604560610352
13235,0.007,0.22270944926637798,-0.21570944926637797,0.20521192012448167
14028,0.047,0.10972729339315204,-0.06272729339315204,0.2029453578599437
17575,0.21,0.06626975870471041,0.14373024129528958,0.1861332448576761
7460,0.13,0.2297580405527067,-0.0997580405527067,0.21353286825669665
14487,0.27,0.42338117913871587,-0.15338117913871585,0.19831536019028537
8364,0.005,0.18158410854094353,-0.17658410854094353,0.19782071487138372
10251,0.6,0.6501756802820353,-0.05017568028203534,0.19948362365784572
17804,0.66,0.7137681438062329,-0.05376814380623285,0.19140072545565212
8252,5e-05,0.157549826685569,-0.157499826685569,0.21180567538896453
16578,0.059,0.09881186311190288,-0.03981186311190288,0.21421327860308065
12669,0.73,0.6214260435524014,0.1085739564475986,0.20009911037353054
4989,0.7852,0.6574641893229596,0.12773581067704043,0.21436586518577497
2174,0.5,0.4250639341184925,0.07493606588150747,0.21257919541682352
19463,0.05,0.1113233716854106,-0.06132337168541059,0.21654028505683795
6238,0.404,0.4340541848841396,-0.03005418488413958,0.2066129416705712
1080,0.5,0.48362037272018277,0.016379627279817233,0.21489730117598857
5871,0.66,0.6319206148684124,0.028079385131587586,0.2131964136899799
15290,0.53,0.48570389643556283,0.044296103564437195,0.19553109451100467
1101,0.68,0.5508944627197501,0.12910553728024998,0.21315768299784224
19568,0.77,0.6185220624085342,0.15147793759146577,0.21518020881568692
12441,0.23,0.636611249625131,-0.40661124962513107,0.1806985443807362
1089,0.072,0.21838392466044165,-0.14638392466044164,0.19595828762977488
3516,0.8,0.6651754207831982,0.1348245792168018,0.21392407828848897
558,0.21,0.35887105074489734,-0.14887105074489734,0.2025616438747699
6400,0.21,0.28029048168232695,-0.07029048168232696,0.21756119313327216
15428,0.67,0.6285793144252669,0.04142068557473311,0.21171345599280053
4490,0.86,0.6057734842868541,0.2542265157131459,0.1975129451330283
6454,0.89,0.7693046571036292,0.12069534289637085,0.21409172979163424
7511,0.48,0.44372649481640214,0.03627350518359784,0.20679731865666584
7716,0.65,0.6190805273185286,0.030919472681471438,0.21092826546739138
4612,0.24,0.31945857922038046,-0.07945857922038047,0.19476857871910935
11532,0.05,0.15552005787436757,-0.10552005787436756,0.2168568150136393
7305,0.033,0.1317955158977876,-0.0987955158977876,0.20881499816866272
13124,0.09,0.15351761130256164,-0.06351761130256164,0.21327735378672516
9603,0.003,0.03650683872820798,-0.03350683872820798,0.18755471991692396
7913,0.99,0.81325510152513,0.17674489847486996,0.20745172481973445
1949,0.81,0.7173337676096465,0.09266623239035354,0.20966485829193449
6154,0.45,0.23908325464724986,0.21091674535275015,0.19663134770836957
18834,0.0033,0.10566862727246593,-0.10236862727246593,0.21303614052413006
15929,0.73,0.6718850658907476,0.05811493410925239,0.21387282622083412
11887,0.98,0.7047034636373495,0.2752965363626505,0.21276660207339793
6521,0.403,0.3593574498498395,0.0436425501501605,0.21060400404225268
15330,0.6,0.6105648447584537,-0.010564844758453762,0.20930304641331346
2074,0.36,0.38946400393611486,-0.02946400393611487,0.2104408174879036
15626,0.32,0.32496883593999903,-0.004968835939999028,0.19751085709926655
16562,0.0232,0.15772167582291363,-0.13452167582291363,0.2145235096595134
5597,0.008,0.09921297015837477,-0.09121297015837476,0.2193534724870802
16850,0.71,0.6499233412372347,0.060076658762765245,0.18235049837244743
13567,0.1,0.17984743738047673,-0.07984743738047673,0.2043512760752392
8176,0.72,0.5986786911964077,0.12132130880359226,0.20553532762596685
17149,0.25,0.37545443090325775,-0.12545443090325775,0.20144095835905085
969,0.012,0.06291145521747382,-0.050911455217473825,0.18295485469089037
1155,0.014,0.11165672930783302,-0.09765672930783302,0.1948854629782656
4397,0.65,0.5961187179329349,0.053881282067065106,0.17675392703041912
13141,0.001,0.05717387007963587,-0.05617387007963587,0.21156620818454808
9961,0.01,0.07771093222478459,-0.0677109322247846,0.21838070018050174
16162,0.27,0.28193948461398116,-0.011939484613981144,0.20085932813320884
1311,0.93,0.7835780658300009,0.14642193416999916,0.19448690502955207
3425,0.46,0.6414544567756343,-0.18145445677563427,0.18711738298568256
7318,0.17,0.1943592903757306,-0.02435929037573059,0.21622300459600857
7247,0.14,0.19681045707606373,-0.05681045707606372,0.2117847928358567
10112,0.0263,0.19152307100949212,-0.16522307100949213,0.21198864197595563
8067,0.035,0.11280409340579906,-0.07780409340579905,0.2056983381989107
13550,0.005,0.059668724033162424,-0.054668724033162426,0.19006443733465844
19058,0.29,0.30405668301295086,-0.014056683012950877,0.20804058281458324
13384,0.07,0.2585722086857273,-0.18857220868572727,0.20388620304915228
18958,0.52,0.3976620775209598,0.12233792247904024,0.21348528778400166
7962,0.08,0.11572802421281342,-0.03572802421281342,0.21708859644487924
12956,0.0011,0.09194206550909706,-0.09084206550909706,0.2193761558789239
12155,0.811,0.7454488875474239,0.06555111245257617,0.18703514701065488
16164,0.12,0.2348011492566098,-0.11480114925660981,0.19118571482648927
15052,0.47,0.43628063875736434,0.03371936124263564,0.20940841402338822
3439,0.93,0.840848468609227,0.08915153139077303,0.18419654114506867
17255,0.31,0.40813772009823673,-0.09813772009823674,0.21110525920336098
7901,0.17,0.18159209149915284,-0.011592091499152829,0.19560843825469437
4617,0.31,0.31945857922038046,-0.009458579220380459,0.19476857871910935
9773,0.21,0.12812871059656938,0.08187128940343061,0.18663379301968286
11925,0.005,0.041442420913571365,-0.03644242091357137,0.1915971624520054
17652,0.001,0.009960001198543067,-0.008960001198543066,0.19340320857604484
7706,0.87,0.7617808655050156,0.10821913449498444,0.2135046918922545
15149,0.1325,0.09444982414822262,0.03805017585177739,0.20473571566390325
11413,0.38,0.16563189008708093,0.21436810991291907,0.19056470263264505
9720,0.0019,0.021744539557806697,-0.019844539557806698,0.19481770557370065
15006,0.3285,0.3039003271659254,0.024599672834074604,0.18404686678387594
20129,0.0031,0.20953428466574608,-0.2064342846657461,0.21290657585978362
15484,1.0,0.8259905650376791,0.1740094349623209,0.21931124099745053
370,0.2456,0.27143437052664565,-0.02583437052664564,0.21165545625669016
19858,0.98,0.8946028562242534,0.08539714377574659,0.19324421172397538
13990,0.27,0.29413968974446403,-0.02413968974446401,0.21880411079709713
5827,0.567,0.3683491386805044,0.19865086131949555,0.18255591074882593
14429,0.87,0.7196806475182009,0.15031935248179906,0.21437098367210602
12621,0.75,0.7151657486099464,0.03483425139005358,0.19466730183706032
1342,0.166,0.26877132429075745,-0.10277132429075744,0.18669460779719096
4177,0.2,0.2618703122678082,-0.0618703122678082,0.21000800912064727
7985,0.001,0.23031599218269205,-0.22931599218269205,0.20351725383274907
5589,0.06,0.09804967985438823,-0.03804967985438823,0.19706348802061666
13828,0.66,0.5076472719619121,0.15235272803808797,0.21120840765769733
18992,0.11,0.15056497388774748,-0.04056497388774748,0.21654756758535668
5195,0.585,0.7454488875474239,-0.16044888754742392,0.18703514701065488
17947,0.34,0.3465759978248512,-0.0065759978248511874,0.19754131587064971
9436,0.033,0.02275123654912392,0.01024876345087608,0.1828674412370434
17460,0.148,0.15871017379570254,-0.010710173795702549,0.2123846430730998
12435,0.94,0.636611249625131,0.3033887503748689,0.1806985443807362
17326,0.89,0.7549660153319059,0.13503398466809413,0.2185802139250607
163,0.72,0.6474348268620531,0.07256517313794686,0.21669073959866295
11378,0.35,0.361924413742979,-0.011924413742979034,0.21712833256268857
11227,0.044,0.20772959081833017,-0.16372959081833016,0.21186207756161055
19381,0.066,0.13054255883518034,-0.06454255883518034,0.214478096576518
809,0.058,0.16325900307320382,-0.10525900307320382,0.18761428841087985
10803,0.083,0.07488494163271087,0.008115058367289138,0.1950050666238169
17124,0.08,0.1661484283231938,-0.08614842832319379,0.21642740202596927
12862,0.56,0.37453448993982047,0.18546551006017958,0.19860258520174726
17451,0.66,0.615138171638073,0.04486182836192698,0.21160395984717564
13057,0.003,0.046202315706149244,-0.04320231570614924,0.20801279252035995
2392,0.55,0.4463718793103798,0.10362812068962024,0.21001236938369172
19152,0.04,0.08175097932623432,-0.04175097932623432,0.2153980133503466
7611,0.82,0.645938871665487,0.17406112833451293,0.21357185183798363
7257,0.043,0.1037254889167846,-0.0607254889167846,0.19477014948350824
9550,0.025,0.0885288225177529,-0.06352882251775291,0.19338484284186933
3446,0.26,0.32475917108672053,-0.06475917108672052,0.18742652476153954
8240,0.03,0.10848500050571785,-0.07848500050571786,0.18808009295693198
823,0.44,0.3713327187196733,0.06866728128032668,0.20127529826799448
17435,0.75,0.7032547944921004,0.04674520550789962,0.20488639680916357
19679,0.89,0.5928662559331824,0.2971337440668176,0.2064718423847202
9205,0.008,0.20680999160533134,-0.19880999160533133,0.19679781514909478
7805,0.09,0.21705047156548818,-0.12705047156548818,0.20103859401039675
18377,1.0,0.8403344082124808,0.15966559178751916,0.19354088537292724
12795,0.002,0.2601030016669609,-0.2581030016669609,0.19264580612268234
6915,0.775,0.771512002252504,0.0034879977474959745,0.18415193669310836
19714,0.45,0.4297891857326927,0.02021081426730731,0.19596096734429846
16595,0.16,0.19391555223979415,-0.033915552239794144,0.2187393089541545
6331,0.95,0.8246347241022879,0.12536527589771207,0.2149456465955727
19927,0.9,0.7504933439173391,0.1495066560826609,0.21883676931583154
11006,0.038,0.07125634108985185,-0.03325634108985185,0.19650891778356547
4167,0.29,0.3098369422324623,-0.019836942232462296,0.20887227615126702
5319,0.28,0.2974840729705555,-0.017484072970555486,0.19486894925407985
9833,0.07,0.18372063981986053,-0.11372063981986053,0.18942330582131023
17829,0.012,0.1690281699244001,-0.15702816992440008,0.20619255101802977
12869,0.04,0.11993124440958064,-0.07993124440958063,0.21817602309258322
10865,0.025,0.3197729180875165,-0.2947729180875165,0.19066942355796693
13793,0.88,0.7135879525500164,0.1664120474499836,0.20931026610720443
9435,0.022,0.02275123654912392,-0.0007512365491239223,0.1828674412370434
5395,0.48,0.39397829135267004,0.08602170864732994,0.21130261131537878
5133,0.78,0.725084828762637,0.054915171237363,0.18287291948852022
10661,0.28,0.25582463105589354,0.02417536894410649,0.19835064674140818
15426,0.86,0.7432325931582711,0.11676740684172893,0.21088487066470213
17462,0.07,0.12826767079566187,-0.05826767079566186,0.20961196407541152
4399,0.77,0.5961187179329349,0.1738812820670651,0.17675392703041912
7623,0.63,0.5469817351159018,0.08301826488409825,0.20812830904337423
7709,0.61,0.5586785265356451,0.051321473464354894,0.19455270695784274
6247,0.55,0.5640078719826102,-0.01400787198261011,0.21413599473013156
6090,0.042,0.11505987491912462,-0.0730598749191246,0.19411490083315883
1974,0.938,0.8042515726300405,0.1337484273699594,0.20444089762147796
8797,0.24,0.16952113085393963,0.07047886914606036,0.18176276972000158
19261,0.084,0.18317536923348773,-0.09917536923348773,0.19644829771221337
9910,0.57,0.508673749968598,0.06132625003140191,0.21933592006077413
5262,0.7,0.5820999927141743,0.11790000728582561,0.2066484087461228
3064,0.19,0.30345824996325893,-0.11345824996325893,0.19142422968877792
15053,0.34,0.3624231494487899,-0.02242314944878987,0.208943035963514
15592,0.07,0.2779111966237268,-0.2079111966237268,0.2097076299841106
5644,0.834,0.6796144081710787,0.1543855918289213,0.18801174438761892
1802,0.35,0.343847636459686,0.006152363540313954,0.213359886181067
11036,0.015,0.06851295740182206,-0.05351295740182206,0.20582799398755
4929,0.03,0.13977849343005147,-0.10977849343005147,0.2157761148118374
3899,0.88,0.7075335025395321,0.17246649746046794,0.21292000696584282
11105,0.022,0.06118791779337823,-0.039187917793378234,0.21082073517313055
769,0.013,0.06215698530885644,-0.04915698530885644,0.21707948070984454
17874,0.25,0.1986323083178953,0.0513676916821047,0.193847765526115
19671,0.1,0.25367735424296894,-0.15367735424296894,0.21416477829204186
15457,0.178,0.2538434794857479,-0.07584347948574793,0.1908497486916538
11433,0.003,0.08475306885783884,-0.08175306885783884,0.18116871898020734
7458,0.16,0.2327496991923767,-0.0727496991923767,0.20936717275613648
12814,0.78,0.7108431460935185,0.06915685390648152,0.21543387273249556
13260,0.007,0.09828274773004952,-0.09128274773004952,0.21124863225375237
5818,0.011,0.3683491386805044,-0.3573491386805044,0.18255591074882593
12810,0.75,0.7033674732507226,0.046632526749277425,0.21458845340751292
3098,0.94,0.6559350283190533,0.2840649716809467,0.17724857040248262
19118,0.02,0.13466062294360037,-0.11466062294360037,0.2131627231359547
6699,0.061,0.31323498575507946,-0.25223498575507947,0.1958523924246586
14240,0.39,0.3359414501524701,0.05405854984752989,0.21072715910656645
10238,0.16,0.1441329326325451,0.015867067367454912,0.19290749234604004
12208,0.075,0.07648300189000662,-0.0014830018900066216,0.18776683612392042
8048,0.32,0.3815080142749701,-0.0615080142749701,0.20928720932127218
12315,0.75,0.49006686614624073,0.25993313385375927,0.19422073666210657
14188,0.71,0.6954261665505,0.014573833449499918,0.19609680776058278
12658,0.85,0.8488887419908424,0.0011112580091575675,0.195302407961469
13394,0.73,0.635783798399241,0.09421620160075894,0.21084289983844673
4393,0.79,0.5961187179329349,0.19388128206706512,0.17675392703041912
1070,0.001,0.08946419419200846,-0.08846419419200846,0.206709173764133
13924,0.18,0.155730972628499,0.024269027371500995,0.1975640539181926
5514,0.162,0.08158227754319874,0.08041772245680126,0.18372060563647252
1576,0.002,0.14589475233452412,-0.14389475233452412,0.18701461895048116
1035,0.1525,0.11810300281906361,0.03439699718093639,0.19400877093660263
3522,0.29,0.34939404097824167,-0.05939404097824169,0.20964053984673325
13861,0.04,0.16224732738044473,-0.12224732738044472,0.2086777498279181
2207,0.49,0.28221655986217165,0.20778344013782835,0.18744002085965705
8981,0.056,0.16663984761710884,-0.11063984761710885,0.21134169096817476
3091,0.77,0.6559350283190533,0.11406497168094676,0.17724857040248262
11010,0.037,0.07125634108985185,-0.03425634108985185,0.19650891778356547
18953,0.067,0.14213704906211064,-0.07513704906211063,0.21869535523668526
17324,0.93,0.5288498004178808,0.4011501995821193,0.19731992202143667
4932,0.49,0.475820928911002,0.014179071088998019,0.20878607758667847
6488,0.59,0.4887076848492512,0.10129231515074877,0.1882976072565142
18576,1.0,0.8383629633868722,0.16163703661312778,0.19148074807031434
9527,0.02,0.07992836326674241,-0.059928363266742404,0.20579592597035987
3657,0.14,0.1862860684413006,-0.04628606844130059,0.19005784664304923
9371,0.048,0.14585798258062133,-0.09785798258062132,0.21734000265964387
9120,0.25,0.24128133884989544,0.008718661150104556,0.17990981158129396
6857,0.22,0.24618721631902252,-0.026187216319022516,0.20755016581086472
14019,0.108,0.08850022613312852,0.019499773866871475,0.19601289971969205
19864,0.87,0.8242928814973743,0.045707118502625654,0.20554521488055386
3830,0.63,0.5484066485110387,0.0815933514889613,0.1972467034065491
13982,0.8,0.730944895078276,0.06905510492172406,0.21336173490789587
18863,0.26,0.28111378291731454,-0.021113782917314527,0.21810683771889205
9719,0.005,0.021744539557806697,-0.016744539557806696,0.19481770557370065
17311,0.26,0.3417043955279827,-0.0817043955279827,0.2158459235669743
10524,0.4,0.4228951075640839,-0.02289510756408386,0.20419501805737114
13549,0.007,0.059668724033162424,-0.052668724033162424,0.19006443733465844
18121,0.14,0.1884688761927404,-0.04846887619274037,0.18769721973225903
1584,0.936,0.7695814962688294,0.16641850373117062,0.2054579497334355
14537,0.847,0.594153697307055,0.25284630269294495,0.19773598010879792
2662,0.01,0.11429322114628693,-0.10429322114628693,0.21354730029864133
2580,0.00083,0.011917691479971515,-0.011087691479971514,0.18900833092503241
19244,0.23,0.2584672103556213,-0.028467210355621303,0.21933141188838856
4077,0.76,0.6597262821880463,0.10027371781195371,0.21651207330513864
7245,0.61,0.47232841733523173,0.13767158266476826,0.21123193429587397
4060,0.55,0.571983200479106,-0.021983200479105958,0.20831461107233884
2519,0.025,0.09823376783981214,-0.07323376783981214,0.19798040892327
1282,0.83,0.7166931748812742,0.1133068251187258,0.21546271779305998
18405,0.97,0.7203073722967775,0.24969262770322243,0.20596506100805326
7406,0.88,0.7440678954340718,0.1359321045659282,0.20738303314698137
13638,0.37,0.279911890576494,0.09008810942350598,0.19357991082599443
19673,0.86,0.5420481221564578,0.3179518778435422,0.1926747949887273
2782,0.16,0.18972340464541096,-0.029723404645410956,0.2161357600135791
3192,0.8,0.591314143679033,0.20868585632096703,0.2109520082598474
19734,0.57,0.5584105071873131,0.011589492812686841,0.20908169633908816
7044,0.6,0.5923928771065375,0.007607122893462437,0.20914288522146934
19100,0.014,0.1809011725822603,-0.16690117258226028,0.21468321335165785
20098,0.72,0.5810144727593491,0.13898552724065083,0.21022680730504095
11895,0.82,0.72990706099982,0.09009293900018,0.21269712265666266
13321,0.00091,0.09478667354235792,-0.09387667354235793,0.21815358796936302
14102,0.005,0.22473222805754617,-0.21973222805754616,0.18667363689248137
19399,0.33,0.3815884058944422,-0.05158840589444219,0.21782892809225546
9642,0.8,0.674544420797438,0.125455579202562,0.21335239107073953
19211,0.62,0.5307848040815757,0.0892151959184243,0.2114272002157145
429,0.12,0.20411849461540893,-0.08411849461540893,0.21249622753560596
2847,0.18,0.443761133665009,-0.26376113366500903,0.17443379743231532
18767,0.00088,0.22301701941209173,-0.22213701941209174,0.19423888055476243
2438,0.2,0.1487385494184387,0.05126145058156131,0.1986254035705926
3509,0.004,0.05937404147661657,-0.055374041476616565,0.19673193089097626
12369,0.99,0.836177929385334,0.15382207061466602,0.21857810114518125
434,0.28,0.40996968911141507,-0.12996968911141504,0.1935185192424673
7474,0.12,0.1811204152572595,-0.0611204152572595,0.21853229003402266
1573,0.089,0.14589475233452412,-0.056894752334524124,0.18701461895048116
13021,0.04,0.08993219367848043,-0.04993219367848043,0.20428353576187722
12700,0.68,0.585404260504993,0.0945957394950071,0.18697767589631997
489,0.039,0.3062281097147812,-0.2672281097147812,0.1985551307945097
13474,0.94,0.8145826481481108,0.12541735185188918,0.21733506877340988
13445,0.059,0.13632710843469753,-0.07732710843469753,0.21011261581531032
4677,0.36,0.3857348854991859,-0.0257348854991859,0.20844265176420365
17539,0.58,0.6312956783303495,-0.05129567833034954,0.19541324763655007
1601,0.064,0.10646354899415161,-0.04246354899415161,0.2175282160369051
4725,0.017,0.05141864154196846,-0.034418641541968456,0.20540717764907143
11764,0.39,0.5179806217411085,-0.12798062174110847,0.1827050568104295
6811,0.79,0.6920302936230509,0.09796970637694913,0.2123338053137279
4628,0.001,0.09972880247344018,-0.09872880247344018,0.21335659656199987
3548,0.95,0.7617362205801814,0.18826377941981853,0.19745824112851826
12622,0.78,0.7151657486099464,0.06483425139005361,0.19466730183706032
4157,0.06,0.12924337453065118,-0.06924337453065119,0.18852975119675705
4760,0.395,0.3785245637438294,0.016475436256170595,0.2192615679289828
1613,0.9,0.7232859607337445,0.1767140392662555,0.217772163301243
2991,0.014,0.16548687604713372,-0.1514868760471337,0.2090068873716892
17328,0.1,0.23438044298623642,-0.13438044298623641,0.2144696975748226
14711,0.76,0.7121513990713872,0.04784860092861276,0.19380468806873252
14833,0.09,0.16768693199245166,-0.07768693199245166,0.21363995227658125
15097,0.07,0.10786852015173709,-0.037868520151737084,0.2104374878670315
11141,0.17,0.18543727267976692,-0.015437272679766911,0.19638507911451114
3450,0.64,0.32475917108672053,0.3152408289132795,0.18742652476153954
19965,0.55,0.5198738347973717,0.03012616520262834,0.21785573032151553
11947,0.0359,0.08143220938698215,-0.045532209386982145,0.20832548289307862
1292,0.94,0.7859544240021096,0.15404557599789037,0.21540192277449335
17705,0.11,0.22727001967131455,-0.11727001967131455,0.21412168826472308
9765,0.17,0.23778000107600866,-0.06778000107600865,0.19517501321806496
12590,0.05,0.08392015927709495,-0.03392015927709495,0.19817040512773282
11779,0.95,0.489764994687344,0.46023500531265593,0.1873893500159697
18875,0.47,0.455390849161222,0.014609150838777951,0.2081771191408851
1156,0.012,0.11165672930783302,-0.09965672930783302,0.1948854629782656
11780,0.32,0.489764994687344,-0.16976499468734402,0.1873893500159697
9188,0.04,0.09398522186453112,-0.05398522186453112,0.19719998817301027
1467,0.42,0.33904276428003743,0.08095723571996255,0.20881565707865235
16187,0.37,0.41280022317955395,-0.04280022317955395,0.2111534951866191
1908,0.97,0.7403307132531447,0.22966928674685527,0.21026726817315775
15920,0.71,0.5808250260222523,0.1291749739777477,0.20169215987443503
5079,0.081,0.1536602240772158,-0.0726602240772158,0.20626706482623577
3380,0.16,0.19894776671450642,-0.03894776671450642,0.20926512187378374
9444,0.088,0.041438199623737515,0.04656180037626248,0.19337408752592944
10620,0.16,0.1820795004904075,-0.022079500490407494,0.18891153645671452
3417,0.84,0.6414544567756343,0.19854554322436568,0.18711738298568256
8413,0.64,0.5095604854860777,0.13043951451392233,0.18755248512996894
14491,0.006,0.05626777569218139,-0.05026777569218139,0.21193448498815107
17979,0.15,0.20965987255876342,-0.05965987255876343,0.2033479806512311
5414,0.156,0.28986535575935646,-0.13386535575935646,0.19307426336774824
5980,0.95,0.8162586424672318,0.13374135753276817,0.19315347210444772
5647,0.836,0.6796144081710787,0.1563855918289213,0.18801174438761892
1564,0.136,0.14101030605664752,-0.005010306056647512,0.21168930182551654
11407,0.0024,0.13724283419623182,-0.1348428341962318,0.19485303610901192
11782,0.14,0.489764994687344,-0.349764994687344,0.1873893500159697
16159,0.22,0.2348011492566098,-0.014801149256609802,0.19118571482648927
10642,0.17,0.1778530417858733,-0.007853041785873288,0.19809815043938475
14661,0.47,0.37480905279912274,0.09519094720087723,0.19616293634428497
6009,0.076,0.2082359964155752,-0.1322359964155752,0.19280778348378175
17536,0.8,0.6312956783303495,0.16870432166965055,0.19541324763655007
5104,0.53,0.5115549003111164,0.018445099688883637,0.19484202694489017
9101,0.305,0.32685449130975935,-0.02185449130975936,0.1936756537964941
6340,0.56,0.5899206292756496,-0.029920629275649535,0.21170598704325244
17597,0.05,0.062203479060088884,-0.012203479060088882,0.19693325619587274
18768,0.58,0.46578006531647637,0.1142199346835236,0.20167119582758583
2672,0.55,0.5089741028807309,0.041025897119269183,0.19585098362444317
13407,0.25,0.14569245620874072,0.10430754379125928,0.19612878163730252
757,0.8,0.6269742546861914,0.17302574531380865,0.2076837997726517
2709,0.0209,0.12795974096006468,-0.10705974096006468,0.20948544047130474
3758,0.58,0.5282392020546001,0.051760797945399895,0.20978691801131752
6133,0.016,0.11299389241712199,-0.09699389241712199,0.18621383204236416
2911,0.01,0.5226062093249456,-0.5126062093249456,0.17670482431099493
3059,0.34,0.30345824996325893,0.036541750036741094,0.19142422968877792
12707,0.36,0.585404260504993,-0.22540426050499296,0.18697767589631997
9187,0.01,0.09398522186453112,-0.08398522186453113,0.19719998817301027
1828,0.07,0.1393658920417171,-0.06936589204171709,0.2193473993494859
5057,0.74,0.476718782452016,0.263281217547984,0.18777765467902852
18641,0.82,0.7078124285960761,0.11218757140392388,0.21353700906860795
3745,0.119,0.23240124793976766,-0.11340124793976766,0.21517909102518817
3144,0.053,0.1952325048845947,-0.1422325048845947,0.2004333512251682
8098,0.5,0.35768805524353,0.14231194475647002,0.2074108537240613
3453,0.098,0.32475917108672053,-0.22675917108672053,0.18742652476153954
19833,0.92,0.47564401957514124,0.4443559804248588,0.1973378146470025
4159,0.12,0.12924337453065118,-0.009243374530651188,0.18852975119675705
18484,0.16,0.23346617972816613,-0.07346617972816613,0.21623659039101506
18298,0.82,0.6530001759690196,0.16699982403098035,0.2119150852906871
8080,0.18,0.1376772365838855,0.04232276341611449,0.1834564495876557
7001,0.063,0.11824590153547893,-0.055245901535478925,0.20021331154618108
13789,0.95,0.8648309466422195,0.08516905335778047,0.20667859427751203
6821,0.0029,0.13628199719824774,-0.13338199719824773,0.21587065499272845
4577,0.0095,0.08888755793014019,-0.0793875579301402,0.1805269556744945
12825,0.36,0.34343455098762393,0.016565449012376054,0.21365349170855089
2568,0.0363,0.0491502908935173,-0.012850290893517302,0.2159125258079111
18846,0.8,0.6488099198373011,0.15119008016269897,0.21832138068592566
7729,0.55,0.767834182580931,-0.2178341825809309,0.18532478375785127
17883,0.63,0.433650041234013,0.196349958765987,0.1941041918617481
1959,0.92,0.736918917965855,0.18308108203414508,0.19726127965641735
13968,0.043,0.06982376363696224,-0.026823763636962247,0.21649500912420222
1071,0.27,0.35030137596844907,-0.08030137596844905,0.21581490360797728
16609,0.87,0.6783026764549207,0.1916973235450793,0.21195309606411394
11135,0.18,0.18543727267976692,-0.00543727267976693,0.19638507911451114
10580,0.02,0.15637674279741978,-0.1363767427974198,0.20510443211076002
6175,0.93,0.597578264555842,0.3324217354441581,0.1800688959338891
852,0.26,0.3254041283502536,-0.06540412835025361,0.19101398299138977
5531,0.26,0.21382035900243904,0.04617964099756097,0.20388334139327632
2064,0.34,0.3396523756159573,0.0003476243840427329,0.20260590232052209
4469,0.1,0.14683661032926648,-0.046836610329266476,0.2101282330337481
12210,0.0075,0.07648300189000662,-0.06898300189000661,0.18776683612392042
7333,0.012,0.12917460746033962,-0.11717460746033963,0.21278515903449433
20150,0.2,0.2830229176947531,-0.08302291769475306,0.21662079508109613
3965,0.11,0.12134725656064285,-0.011347256560642852,0.18807941058760844
14162,0.17,0.22635373689176608,-0.056353736891766065,0.20494270042485005
4561,0.62,0.696390560474574,-0.07639056047457404,0.19818128322223397
19838,0.64,0.5723285364605525,0.06767146353944753,0.21558005889779466
18814,0.72,0.6032240164006699,0.11677598359933006,0.2175546648941851
3904,0.73,0.6288942079128195,0.10110579208718051,0.20996817525037434
16554,0.558,0.4810243920430132,0.07697560795698682,0.21388943403591218
12937,0.12,0.15949146446328796,-0.03949146446328797,0.2136562805793875
8162,0.28,0.37967311775634127,-0.09967311775634125,0.21061814596873396
10243,0.046,0.10513208019112033,-0.05913208019112033,0.19383891515183574
4551,0.22,0.4326157354912635,-0.21261573549126347,0.1964169333435306
16550,0.09,0.16017940336643677,-0.07017940336643677,0.2178908482704489
12597,0.062,0.11100044696723685,-0.04900044696723685,0.21793972060362457
10825,0.032,0.07015615501636369,-0.038156155016363685,0.19495937011582726
9959,0.02,0.08682225534325155,-0.06682225534325155,0.21822535242857083
7634,0.03,0.06365628626227537,-0.033656286262275376,0.2167667677190544
8483,0.0033,0.038281340357800564,-0.03498134035780057,0.21633521956105434
17272,0.83,0.7481954276076243,0.08180457239237571,0.2168436773832383
7427,0.66,0.6116519721150337,0.04834802788496628,0.19723201636180937
14014,0.02,0.05603784286729219,-0.03603784286729218,0.21211744720114764
19021,0.53,0.5727189369455392,-0.04271893694553919,0.21351825893340193
9804,0.0077,0.09972253886110188,-0.09202253886110189,0.21344563919000656
5436,0.051,0.09629623379613861,-0.04529623379613861,0.20531551956481225
2737,0.011,0.1276562644913983,-0.1166562644913983,0.2179891016740558
3261,0.008,0.1651419174791801,-0.1571419174791801,0.21478744660322793
8979,0.81,0.7041551328878055,0.10584486711219454,0.20631714338758564
6987,0.126,0.23617988476799925,-0.11017988476799925,0.21258911366179134
15620,0.27,0.32496883593999903,-0.05496883593999902,0.19751085709926655
12090,0.25,0.3212769978143446,-0.0712769978143446,0.20264825761277833
10056,0.018,0.06300707051950927,-0.045007070519509265,0.2061391778370895
2980,0.0024,0.043376235843627986,-0.04097623584362799,0.19520235565978084
4735,0.31,0.26789204607861594,0.042107953921384056,0.20593890532380482
17490,0.07,0.20359832201993988,-0.13359832201993987,0.21386198058463823
14998,0.1174,0.16544029823059817,-0.04804029823059816,0.215769694240795
8239,0.19,0.10848500050571785,0.08151499949428215,0.18808009295693198
3178,0.78,0.6423357622952821,0.13766423770471792,0.20909688795882553
14095,0.002,0.09606839004304285,-0.09406839004304285,0.1929818701664358
14705,0.56,0.6330351406195239,-0.07303514061952388,0.1939629151813933
9832,0.28,0.272016631432269,0.00798336856773102,0.18346491950304752
11798,0.46,0.49732865155552275,-0.03732865155552273,0.18349118862845207
20106,0.0612,0.12118763977985872,-0.05998763977985872,0.2152578547510697
2871,0.84,0.443761133665009,0.39623886633499095,0.17443379743231532
20163,0.82,0.6856235836079139,0.13437641639208608,0.2145880169982824
779,0.005,0.049168708141192896,-0.0441687081411929,0.19811570717827884
10336,0.076,0.13037369953247616,-0.05437369953247616,0.21603034188429865
979,0.123,0.18307698633131,-0.060076986331310006,0.20727876686571592
10638,0.15,0.16802070442104194,-0.01802070442104195,0.1971346440728691
6496,0.8,0.4887076848492512,0.31129231515074884,0.1882976072565142
5725,0.02,0.05556958614684415,-0.03556958614684415,0.1966459751949035
6598,0.68,0.6475240240094946,0.032475975990505446,0.21556256595691867
4388,0.68,0.5961187179329349,0.08388128206706513,0.17675392703041912
4269,0.41,0.36633178932387256,0.04366821067612742,0.21501373936248874
9414,0.44,0.4474428146263777,-0.007442814626377692,0.21441869921120296
3716,0.26,0.26836250227733427,-0.00836250227733426,0.2114528237484654
3694,0.73,0.6182907542908169,0.11170924570918306,0.2092011359129367
8974,0.42,0.4145312587417771,0.005468741258222887,0.2123582290113814
1938,0.85,0.7745323529198802,0.07546764708011977,0.20649760924264962
7622,0.48,0.4122293925683001,0.06777060743169988,0.2106405516759613
9783,0.01,0.12812871059656938,-0.11812871059656939,0.18663379301968286
1622,0.21,0.27765694531856866,-0.06765694531856867,0.20791053785331196
11450,0.71,0.5800855056529386,0.12991449434706137,0.2084900079920809
4485,0.01,0.13902063962219535,-0.12902063962219534,0.20604115958631936
10343,0.67,0.5278785550075794,0.14212144499242063,0.21366349504201387
11815,0.0007,0.028073531941942398,-0.0273735319419424,0.18873220539753024
18424,0.2,0.2761996610923519,-0.07619966109235188,0.21655703784022332
13064,0.49,0.5017262926284081,-0.011726292628408075,0.19513513525728324
14624,0.24,0.2669477138610909,-0.026947713861090905,0.21515394171871408
10194,0.011,0.07135886913291561,-0.06035886913291562,0.2085579019227365
18737,0.04,0.14345945434019783,-0.10345945434019782,0.20686573802138003
3121,0.99,0.7856221946917405,0.20437780530825944,0.17879379699770762
10260,0.023,0.04182109582361243,-0.01882109582361243,0.182557752595402
913,0.38,0.37209676047863616,0.007903239521363847,0.21128575793634774
12638,0.59,0.48341699770784885,0.10658300229215112,0.18811402361524784
18825,0.1686,0.17403064588534828,-0.005430645885348279,0.21191349027900883
18137,0.22,0.16877536496818235,0.05122463503181765,0.18799065498603965
8973,0.85,0.7513517370309226,0.09864826296907736,0.20584713673018915
17664,0.001,0.0016987566936070841,-0.0006987566936070841,0.20553233481193559
6156,0.04,0.23908325464724986,-0.19908325464724985,0.19663134770836957
6520,0.381,0.366349209507841,0.014650790492159005,0.21084901621024701
19064,0.84,0.6369823893489237,0.20301761065107626,0.20863296632290929
8226,0.09,0.12154328338888451,-0.03154328338888451,0.1943492078387235
7752,0.92,0.7930391276050612,0.1269608723949388,0.21256395099666894
19039,0.96,0.803654911531942,0.15634508846805795,0.21492691650206097
7015,0.77,0.605667355775549,0.16433264422445104,0.20815399683540345
2542,0.06057,0.036133023865462854,0.024436976134537144,0.19692225113769124
18664,0.02,0.10790224622407418,-0.08790224622407418,0.21189072315205462
18603,0.2,0.24399422270692034,-0.04399422270692033,0.21629807170683896
5106,0.54,0.5115549003111164,0.028445099688883646,0.19484202694489017
18073,0.14,0.2224722503334517,-0.08247225033345168,0.1838357590437536
15396,0.028,0.2607551112629105,-0.2327551112629105,0.21204447925832764
7740,0.64,0.5043855949531243,0.13561440504687572,0.19502794016305017
3652,0.028,0.1549399662605792,-0.1269399662605792,0.20924508181062385
17689,0.53,0.43388832522916093,0.0961116747708391,0.19568473110670118
620,0.001,0.13062789885981305,-0.12962789885981305,0.21121268289819176
2931,1.0,0.5226062093249456,0.4773937906750544,0.17670482431099493
13843,0.22,0.26175895405538946,-0.04175895405538946,0.19605343948322507
5423,0.27,0.30114459830391954,-0.031144598303919524,0.20449185838285217
7453,0.92,0.6792138717300469,0.24078612826995316,0.21266299503708916
13955,0.218,0.2643112252336886,-0.04631122523368861,0.2108004120977807
18617,0.51,0.4622457335688196,0.047754266431180414,0.21789087813693894
19644,0.22,0.2382763452575669,-0.01827634525756691,0.208829407792548
8020,0.03,0.1446443077374403,-0.1146443077374403,0.2143434329761538
8003,0.03,0.15267190617489398,-0.12267190617489399,0.21364015020992905
13308,0.45,0.45159188430393327,-0.0015918843039332553,0.2121229898947926
15067,0.48,0.390772801631849,0.08922719836815096,0.20714507671671537
3504,0.024,0.04524261044885852,-0.021242610448858522,0.21319369925448806
3106,0.58,0.6559350283190533,-0.0759350283190533,0.17724857040248262
2388,0.46,0.4248355591319793,0.03516444086802073,0.1984246866955285
11110,0.58,0.5131272231014454,0.06687277689855453,0.2114190026477142
4530,0.77,0.5850078344558789,0.18499216554412112,0.19701102366689635
4618,0.079,0.08375119550209814,-0.0047511955020981406,0.19445507368442344
11909,0.001,0.11226740198880134,-0.11126740198880133,0.20810162311882302
19431,0.37,0.38563934343298634,-0.01563934343298634,0.2151011397205304
6120,0.046,0.14691647091466356,-0.10091647091466356,0.21777855014672803
12278,0.44,0.44971929042308956,-0.009719290423089555,0.2048183421342525
10346,0.29,0.31185055080360036,-0.021850550803600377,0.21848425637272742
5050,0.016,0.12242470877268113,-0.10642470877268113,0.21542270524980855
731,0.83,0.7098089980417932,0.12019100195820676,0.21791912192221705
5147,0.22,0.319486720850407,-0.09948672085040702,0.18062518507668787
17283,0.35,0.40743035452928567,-0.05743035452928569,0.2120830120575488
18673,0.63,0.5261957011952823,0.10380429880471775,0.21239292959878886
12703,0.75,0.585404260504993,0.16459573949500705,0.18697767589631997
12646,0.91,0.8088580515043403,0.10114194849565972,0.20971706969758394
14370,0.74,0.6470156524792285,0.09298434752077145,0.2175836771244845
12199,0.004,0.05344457795134183,-0.04944457795134183,0.19300934134097486
18117,0.23,0.1884688761927404,0.04153112380725962,0.18769721973225903
9449,0.022,0.04010523050020093,-0.01810523050020093,0.18754603207029671
14286,0.12,0.16644283188816675,-0.04644283188816675,0.19477743621695048
3718,0.25,0.2616001197784538,-0.011600119778453821,0.2113597608156217
18055,0.02,0.05215431600037018,-0.03215431600037018,0.1957505119853432
17352,0.41,0.32882442729862177,0.0811755727013782,0.207532994179802
16614,0.096,0.4887076848492512,-0.3927076848492512,0.1882976072565142
17948,0.34,0.3465759978248512,-0.0065759978248511874,0.19754131587064971
609,0.0276,0.08053627915725048,-0.05293627915725048,0.2142208947102254
6918,0.72,0.771512002252504,-0.051512002252504074,0.18415193669310836
10564,0.17,0.2902935479956727,-0.12029354799567268,0.20690315992392372
12643,0.39,0.48341699770784885,-0.09341699770784884,0.18811402361524784
4438,0.08,0.1198369347233865,-0.039836934723386494,0.19575054881545367
3770,0.54,0.3916587665140903,0.14834123348590972,0.20423958144670373
8234,0.09,0.10848500050571785,-0.018485000505717858,0.18808009295693198
2584,0.00222,0.011917691479971515,-0.009697691479971515,0.18900833092503241
9893,0.56,0.5867165373006339,-0.026716537300633836,0.2081128243039369
6234,0.856,0.7658811899941248,0.09011881000587518,0.21506535982037897
19914,0.62,0.5465525157020409,0.07344748429795911,0.21855093928721883
4503,0.17,0.2170350327072692,-0.04703503270726919,0.21342178024316732
7965,0.51,0.42686407241453767,0.08313592758546234,0.21399172924389245
12333,0.72,0.711445494611022,0.008554505388977951,0.19517876035013662
1478,0.6,0.44161511581528784,0.15838488418471214,0.1953379223255083
17957,0.34,0.28471951791581995,0.05528048208418007,0.19226448245371566
876,0.52,0.469577005613031,0.05042299438696901,0.20898042927827476
12716,0.47,0.6292568625438859,-0.15925686254388594,0.19439403279252887
9831,0.43,0.27288256401891864,0.15711743598108135,0.18374856720207625
18332,0.03,0.2904873456176427,-0.26048734561764275,0.209328132200008
1581,0.558,0.42354035457243283,0.13445964542756722,0.2076006755799012
14663,0.32,0.37480905279912274,-0.05480905279912274,0.19616293634428497
1272,0.6,0.5840402084703527,0.015959791529647327,0.2027289317546774
19341,0.55,0.5330914873267405,0.016908512673259546,0.2172857724467993
7876,0.36,0.42685847085191914,-0.06685847085191915,0.21172328810539592
10556,0.007,0.1715576839590513,-0.1645576839590513,0.20679541736140794
18487,0.58,0.5093420200016688,0.07065797999833112,0.2138878633277994
2147,0.424,0.37083530464630865,0.05316469535369134,0.21771668092771715
19081,0.1,0.26514666402146764,-0.16514666402146763,0.21068326507152363
3863,0.72,0.6210693492528863,0.09893065074711371,0.21639733406152198
17802,0.82,0.7137681438062329,0.10623185619376707,0.19140072545565212
19432,0.07,0.17577629894715802,-0.10577629894715801,0.2090802686594304
13821,0.41,0.39653041902788616,0.013469580972113815,0.20904498232310736
15548,0.73,0.6355968937410263,0.09440310625897363,0.2080661334452689
14097,0.388,0.22473222805754617,0.16326777194245384,0.18667363689248137
16950,0.579,0.62449129118419,-0.04549129118419004,0.1859584222372651
13440,0.046,0.15542609797483684,-0.10942609797483684,0.2061123406393691
15448,0.28,0.34218574995954343,-0.0621857499595434,0.20799932867606238
3262,0.008,0.12773189307698038,-0.11973189307698037,0.2176737442837057
17493,0.22,0.33734647066223106,-0.11734647066223106,0.20915877866438087
767,0.055,0.12515609756637655,-0.07015609756637656,0.20712250159825119
14751,0.401,0.41067124484550943,-0.009671244845509408,0.21826382812117967
8223,0.015,0.09494865633774235,-0.07994865633774235,0.1949718595585935
72,0.2,0.41878571781634955,-0.21878571781634953,0.19774409984047908
17787,0.07,0.566367245917693,-0.49636724591769305,0.19070139865273555
2469,0.089,0.055181678968556636,0.03381832103144336,0.19512398353455435
12851,0.028,0.07189572294731339,-0.04389572294731339,0.21770528230759045
7260,0.107,0.1037254889167846,0.0032745110832154006,0.19477014948350824
4497,0.157,0.20208514563354976,-0.04508514563354976,0.2152512949092653
9438,0.01,0.041438199623737515,-0.03143819962373751,0.19337408752592944
12664,0.6,0.5261435225609443,0.07385647743905566,0.18205676085590797
14242,0.81,0.5491454760457489,0.2608545239542511,0.19563180696642965
9128,0.33,0.2253370761983329,0.10466292380166711,0.19327528574585115
6335,0.83,0.6165018866685386,0.2134981133314614,0.19888910796576045
6824,0.0285,0.13812122380802228,-0.10962122380802228,0.19924817280460086
8791,0.11,0.16952113085393963,-0.05952113085393963,0.18176276972000158
10662,0.22,0.25582463105589354,-0.035824631055893535,0.19835064674140818
5394,0.06,0.1958981124646043,-0.13589811246460431,0.21140370003522033
5991,1.0,0.8988841109909187,0.1011158890090813,0.19493422156851503
11843,0.077,0.11553213885460323,-0.03853213885460323,0.20607621556779607
7167,0.62,0.5910877918929491,0.028912208107050863,0.21095361395644432
6178,0.56,0.597578264555842,-0.0375782645558419,0.1800688959338891
15522,0.852,0.6194518993438702,0.23254810065612974,0.18538105117246212
12641,0.44,0.48341699770784885,-0.04341699770784885,0.18811402361524784
17744,0.91,0.7868934679342714,0.12310653206572864,0.1990677406669787
13609,0.12,0.16260433519001075,-0.04260433519001075,0.21508419076672328
10364,0.03,0.06876845688830191,-0.03876845688830191,0.19668753395062719
12221,0.54,0.568274879414913,-0.028274879414912912,0.1836096301543139
9662,0.008,0.05714710873473605,-0.04914710873473605,0.18399078714673642
3112,1.0,0.7856221946917405,0.21437780530825945,0.17879379699770762
11145,0.11,0.16807380750892006,-0.058073807508920064,0.2077118317261712
18407,0.97,0.8403344082124808,0.12966559178751913,0.19354088537292724
14109,0.1,0.15618021272805677,-0.05618021272805676,0.21747540959794676
8696,0.42,0.3054757255689069,0.11452427443109309,0.19494178726849073
18141,0.17,0.16877536496818235,0.0012246350318176613,0.18799065498603965
13725,0.21,0.45782881823583427,-0.24782881823583428,0.1974734721251864
5390,0.58,0.48960469455094224,0.09039530544905772,0.20905473460113516
9226,0.048,0.10125242601867834,-0.05325242601867834,0.20875572674005421
18593,0.18,0.2366275734209703,-0.0566275734209703,0.215390274533428
14387,0.442,0.5338100122933385,-0.09181001229333846,0.19681146733700303
5736,0.49,0.45322884946985204,0.036771150530147956,0.21537333098252595
3648,0.08,0.08371143988178181,-0.003711439881781811,0.20134491586843242
10786,0.092,0.06301918306991205,0.028980816930087944,0.18365337678777247
10639,0.15,0.1778530417858733,-0.027853041785873306,0.19809815043938475
12015,0.16,0.22419568261219722,-0.06419568261219721,0.18869112308695313
5671,0.21,0.22584027823803696,-0.015840278238036964,0.21760978611635448
18343,0.8,0.768680067448563,0.03131993255143706,0.19583744640933715
4818,0.046,0.15044881823148515,-0.10444881823148515,0.2149414426560325
17264,0.81,0.7600781230783911,0.04992187692160899,0.2155520702113993
877,0.68,0.5319349334830918,0.1480650665169082,0.20218469559366709
10847,0.862,0.49966890902426847,0.3623310909757315,0.18915205992741477
13039,0.001,0.08260233478504253,-0.08160233478504253,0.20679270648879294
8467,0.0143,0.07115359614150168,-0.056853596141501685,0.20902770073308224
15127,0.0111,0.0210627744503451,-0.0099627744503451,0.19032872103249376
19693,0.04,0.11838051388800516,-0.07838051388800515,0.2193691442376872
2578,0.00198,0.07404051429807856,-0.07206051429807857,0.21910826490476681
7972,0.33,0.35962394452761204,-0.029623944527612023,0.21309046939545181
13014,0.03,0.09050530388419403,-0.060505303884194034,0.2034114158185595
7007,0.35,0.43033577016304214,-0.08033577016304216,0.21339005873796518
13758,0.48,0.546539271743171,-0.06653927174317098,0.20830250055043306
11856,0.139,0.1794751152084104,-0.04047511520841038,0.21003549970640972
13893,0.13,0.19405852794082656,-0.06405852794082656,0.2099842506544396
10241,0.1,0.10513208019112033,-0.005132080191120325,0.19383891515183574
19735,0.58,0.5606911098559115,0.01930889014408843,0.21235222647576568
17794,0.96,0.8105734060812284,0.14942659391877156,0.2051769389166056
2866,0.52,0.443761133665009,0.076238866334991,0.17443379743231532
11791,0.52,0.49732865155552275,0.02267134844447727,0.18349118862845207
11760,0.62,0.5179806217411085,0.10201937825889151,0.1827050568104295
5060,0.22,0.476718782452016,-0.25671878245201596,0.18777765467902852
3155,0.74,0.6273661016895464,0.11263389831045356,0.21275549541184788
12532,0.37,0.3684870971111743,0.0015129028888257179,0.2183398296982609
756,0.83,0.6755529264735363,0.1544470735264637,0.2080191961917153
3260,0.32,0.37380333639129804,-0.05380333639129803,0.2171317964411455
13278,0.019,0.06077542442612621,-0.04177542442612621,0.2126560327578231
7703,0.95,0.8162124615012818,0.13378753849871816,0.197623403568876
6394,0.978,0.8420484990715786,0.13595150092842134,0.21504575502946005
6252,0.79,0.6834971779949626,0.10650282200503747,0.2104543155851913
2551,0.00324,0.033834660303701525,-0.030594660303701525,0.19699111754640589
18112,0.14,0.1936455720917143,-0.05364557209171428,0.18746778258515845
18299,0.74,0.6333102355714918,0.1066897644285082,0.21221319973168212
4386,0.76,0.5961187179329349,0.1638812820670651,0.17675392703041912
926,0.18,0.13729786659690374,0.042702133403096254,0.19676083189136323
19456,0.1105,0.17966202828644964,-0.06916202828644964,0.21118133380477297
5842,0.529,0.46810424876585277,0.060895751234147255,0.19484355553403876
5136,0.54,0.319486720850407,0.220513279149593,0.18062518507668787
8062,0.49,0.46486466299045154,0.025135337009548453,0.21116323055807978
6436,0.44,0.2501954113540026,0.18980458864599742,0.19597160854003345
3626,0.25,0.1635146459873039,0.08648535401269611,0.1885505962759361
16633,0.28,0.33484950676064346,-0.05484950676064343,0.2101764177075428
13035,0.006,0.049355692223671366,-0.04335569222367137,0.19319718806269942
2939,0.69,0.5226062093249456,0.16739379067505433,0.17670482431099493
894,0.15,0.1650045029428024,-0.015004502942802395,0.21599262599246788
2246,0.03,0.20347778002552927,-0.17347778002552927,0.21079854852673413
5929,0.237,0.23119563220118727,0.005804367798812715,0.19765835421357125
7992,0.001,0.07064988566077202,-0.06964988566077202,0.21722705302027953
14391,0.582,0.5338100122933385,0.0481899877066615,0.19681146733700303
7952,0.96,0.7225886839033735,0.23741131609662647,0.21108482891739722
4247,0.76,0.440531314174782,0.31946868582521804,0.19324863068678472
19291,0.46,0.4440941216528018,0.0159058783471982,0.21751353655040082
20063,0.033,0.06758887589859547,-0.03458887589859547,0.21572059928082712
6495,0.08,0.2314961563566904,-0.1514961563566904,0.21064031870392433
10046,0.0021,0.0860723104426343,-0.0839723104426343,0.21786000195523222
13732,0.31,0.38186055391638457,-0.07186055391638457,0.20634660233032237
10350,0.05,0.15655127433715144,-0.10655127433715143,0.217245335437794
15140,0.016,0.023149048667674255,-0.007149048667674254,0.19576654388072526
15373,0.94,0.769046380046013,0.17095361995398695,0.2093214301279106
2443,0.46,0.39233311184715874,0.06766688815284128,0.18507421018565026
11528,0.248,0.24993768580805903,-0.001937685808059031,0.21243146314586417
3161,0.4,0.40301662120611886,-0.0030166212061188413,0.2096928917004121
19090,0.778,0.6848681982940602,0.09313180170593982,0.19733029585313608
5398,0.15,0.2096922106900013,-0.0596922106900013,0.20847352500167574
3629,0.2,0.1635146459873039,0.03648535401269612,0.1885505962759361
9817,0.0047,0.04723789115362853,-0.04253789115362853,0.21469662120385924
19362,0.55,0.4765268202313266,0.07347317976867346,0.2085110726229501
1113,0.36,0.3791862794135475,-0.019186279413547502,0.21279563290167736
19720,0.45,0.4331380459360318,0.016861954063968232,0.19111964637293027
6702,0.555,0.31323498575507946,0.24176501424492058,0.1958523924246586
10367,0.37,0.3148642898464715,0.05513571015352847,0.2117722966472551
519,0.42,0.29625491701316753,0.12374508298683246,0.19533967689315682
5254,0.64,0.5053046374976056,0.13469536250239444,0.19283248426749655
19257,0.93,0.7188354277056264,0.2111645722943737,0.1964768285312574
17818,0.3,0.4094066652872533,-0.10940666528725329,0.1867269130716337
15465,0.15,0.20272705870493143,-0.05272705870493144,0.19914469767958803
14492,0.005,0.06283281665136359,-0.05783281665136359,0.21372765219713125
2739,0.68,0.5351360511782681,0.14486394882173192,0.20797074789440625
534,0.19,0.37895641983875944,-0.18895641983875944,0.20098574004189995
10653,0.82,0.6620917826321973,0.1579082173678027,0.2142745732985131
14828,0.22,0.2097937098362493,0.010206290163750714,0.2105484041498707
18351,0.83,0.6711381945565642,0.15886180544343576,0.2126111203961652
12766,0.69,0.5338768489637504,0.15612315103624952,0.2132343884886207
8323,0.2,0.21127711437013938,-0.011277114370139368,0.21060998931399583
3735,0.218,0.3197353491269942,-0.1017353491269942,0.21205016157180037
19777,0.78,0.6370940037705236,0.14290599622947642,0.21133391969358192
19820,0.56,0.46308617399394025,0.0969138260060598,0.21080302440516493
20038,0.13,0.18637847002383678,-0.05637847002383678,0.21848852179709294
12273,0.52,0.5799300978796773,-0.05993009787967729,0.211877379740533
1472,0.11,0.25111857005503824,-0.14111857005503825,0.21115425477650582
12711,0.87,0.6292568625438859,0.2407431374561141,0.19439403279252887
1199,0.33,0.3353219481005762,-0.005321948100576179,0.2086824636931915
10621,0.2,0.1820795004904075,0.017920499509592513,0.18891153645671452
848,0.27,0.3019033222793044,-0.03190332227930437,0.1984679249962008
1273,0.64,0.5896901894517735,0.050309810548226475,0.20277472750778194
19213,0.44,0.4257909844596853,0.014209015540314729,0.2089866500085172
19753,0.34,0.29437269476576616,0.04562730523423386,0.19692792501658934
14227,0.05,0.1496730354347,-0.0996730354347,0.2095552430516578
6033,0.81,0.7408481340295058,0.06915186597049428,0.19826071315981
2140,0.0035,0.09540182715636308,-0.09190182715636308,0.21569261054080513
14775,0.36,0.22966991675743,0.13033008324256998,0.19086085656750604
2059,0.43,0.4085904023365162,0.02140959766348377,0.2115947477270919
14279,0.18,0.42784966461391405,-0.24784966461391406,0.18368626345035924
18498,0.006,0.04606072505753783,-0.040060725057537834,0.20900429119525032
3244,0.07,0.1855982047901638,-0.1155982047901638,0.20849821213687322
7927,0.01,0.2684845057343574,-0.2584845057343574,0.2119575751776479
15464,0.36,0.2538434794857479,0.10615652051425206,0.1908497486916538
827,0.39,0.36734427510571194,0.022655724894288076,0.20096106524454688
3212,0.79,0.725084828762637,0.06491517123736301,0.18287291948852022
10440,0.84,0.7266747702171776,0.11332522978282233,0.1874876443377136
1514,0.002,0.11597001303659055,-0.11397001303659055,0.19465612723362385
8137,0.16,0.23338682513210673,-0.07338682513210673,0.19451832588750798
15538,0.88,0.7319834878642825,0.14801651213571754,0.2137753544728922
17942,0.002,0.058822075005673546,-0.056822075005673545,0.21736400873099226
12917,0.06,0.06299663984571219,-0.00299663984571219,0.21368457052182319
9114,0.39,0.24128133884989544,0.14871866115010457,0.17990981158129396
10790,0.048,0.06301918306991205,-0.015019183069912054,0.18365337678777247
14702,0.68,0.6330351406195239,0.04696485938047612,0.1939629151813933
14024,0.011,0.049025464766907445,-0.03802546476690745,0.20903267279695645
4691,0.9,0.793145658575348,0.106854341424652,0.21502331154074358
5167,0.517,0.494811283025211,0.022188716974789024,0.1923124830570466
4401,0.49,0.3904569713627546,0.0995430286372454,0.2062533962804735
10812,0.003,0.04241235700224466,-0.03941235700224466,0.20770086768665955
15615,0.52,0.5270364109247034,-0.007036410924703418,0.18933506971566594
19828,0.02,0.14869480137571803,-0.12869480137571804,0.21830726874208184
1448,0.03,0.24202118526593647,-0.21202118526593647,0.1922053520366324
6982,0.099,0.1978427442575394,-0.09884274425753939,0.21382537498488052
5157,0.97,0.8698045299609609,0.10019547003903906,0.1977337445982439
8778,0.24,0.2139624412867645,0.026037558713235487,0.18279611867820642
4614,0.51,0.45949429733048686,0.05050570266951315,0.20969192615228172
6151,0.43,0.40129770561994016,0.028702294380059834,0.2188071999914464
12317,0.29,0.49006686614624073,-0.20006686614624075,0.19422073666210657
9991,0.002,0.05510840845661208,-0.05310840845661208,0.21036069146057543
122,0.67,0.6491502389275807,0.020849761072419315,0.1984377807757337
15922,0.47,0.5468896620638753,-0.07688966206387537,0.20239257872254265
5737,0.78,0.6924762247028533,0.08752377529714672,0.214059307211955
4296,0.05,0.22924083595244676,-0.17924083595244678,0.2064330575856831
3818,0.24,0.31627556862604955,-0.07627556862604956,0.2101368309156157
4178,0.14,0.24205734018429165,-0.10205734018429163,0.21242297793691348
18070,0.55,0.2224722503334517,0.32752774966654835,0.1838357590437536
10055,0.109,0.08877681388210218,0.02022318611789782,0.2055766485904203
15213,0.11,0.10612479996694368,0.003875200033056317,0.19699720053069558
14518,0.51,0.40939899535185587,0.10060100464814414,0.21202647882780537
314,0.024,0.08356895307965806,-0.05956895307965806,0.2165270945008643
2200,0.21,0.28221655986217165,-0.07221655986217165,0.18744002085965705
11761,0.56,0.5179806217411085,0.04201937825889157,0.1827050568104295
16915,0.006,0.10821393064834531,-0.1022139306483453,0.1985492948721473
5659,0.282,0.29569810748660363,-0.013698107486603661,0.21915924733768882
6692,0.105,0.24763456343192602,-0.14263456343192604,0.207754941781274
7002,0.094,0.1119240193740163,-0.017924019374016303,0.19207281751790065
17440,0.78,0.7018361265942709,0.07816387340572917,0.20929733512605012
1343,0.3604,0.26877132429075745,0.09162867570924255,0.18669460779719096
19153,0.08,0.11111923458903236,-0.03111923458903236,0.21626178189409792
10655,0.42,0.4329067761493127,-0.012906776149312738,0.21387297585717888
17402,0.29,0.3134615808986166,-0.023461580898616607,0.198098746842747
12403,0.49,0.5107621343736592,-0.020762134373659258,0.21519286268594717
420,0.3,0.2934160686628673,0.006583931337132698,0.20845689621014443
6570,0.304,0.31011644617169265,-0.006116446171692658,0.2184883467421987
9655,0.032,0.05714710873473605,-0.02514710873473605,0.18399078714673642
15728,0.1,0.2660963879069067,-0.1660963879069067,0.2151929646694852
8399,0.11,0.14033124550261777,-0.030331245502617774,0.21851760538094286
8264,0.0282,0.17750801637476105,-0.14930801637476104,0.21639056568765272
3114,0.94,0.7856221946917405,0.1543778053082594,0.17879379699770762
2468,0.033,0.06240988009812809,-0.02940988009812809,0.21256979640195142
15635,0.99,0.8335485688147664,0.15645143118523364,0.2136692539833015
9406,0.3,0.32295080885543825,-0.022950808855438265,0.2103129097279674
16934,0.95,0.5831257005890582,0.36687429941094174,0.19966232200888562
2967,0.002,0.018059939210953113,-0.01605993921095311,0.20466623788858843
3124,0.59,0.7856221946917405,-0.19562219469174058,0.17879379699770762
14975,0.105,0.09320225199036575,0.011797748009634249,0.1949468043611785
12350,0.59,0.6305958526671603,-0.04059585266716037,0.19688784752077637
1275,0.45,0.45525428395997525,-0.005254283959975237,0.21684780201364107
9089,0.31,0.32615032915196185,-0.01615032915196185,0.19736521477709243
12161,0.106,0.22345568165730154,-0.11745568165730154,0.21005867037481984
19635,0.57,0.5322719681869392,0.037728031813060725,0.2173851972527679
16643,0.021,0.11204126476791038,-0.09104126476791037,0.21823190588183417
10319,0.48,0.45699414269070404,0.02300585730929594,0.2155886619432974
9602,0.01,0.05627316699325774,-0.04627316699325774,0.18716490734525612
10366,0.06,0.06876845688830191,-0.008768456888301912,0.19668753395062719
7203,0.63,0.5926819600418558,0.0373180399581442,0.19673533884372027
1570,0.061,0.10008655238563938,-0.03908655238563938,0.2058737281247527
4463,0.26,0.22091439514478883,0.039085604855211176,0.20259921750044602
8532,0.084,0.5118590145811923,-0.4278590145811923,0.19698760270885565
2445,0.5,0.39233311184715874,0.10766688815284126,0.18507421018565026
132,0.02,0.13885597021848525,-0.11885597021848525,0.21188804617875426
15226,0.29,0.29512472717026417,-0.005124727170264187,0.21909176383089032
3630,0.05,0.1635146459873039,-0.11351464598730389,0.1885505962759361
19930,0.75,0.6587902872737258,0.0912097127262742,0.21795934273024567
9802,0.22,0.2331824562093538,-0.013182456209353793,0.21862041652030872
11790,0.53,0.49732865155552275,0.03267134844447728,0.18349118862845207
2231,0.0014,0.09128117623562937,-0.08988117623562937,0.21938043909067576
9132,0.066,0.2253370761983329,-0.1593370761983329,0.19327528574585115
16899,0.014,0.13288023286622103,-0.11888023286622103,0.20771788206348626
18289,0.05,0.20144176985749934,-0.15144176985749935,0.21112159991633045
17557,0.44,0.47636054500496783,-0.036360545004967826,0.19593825133122278
7800,0.07,0.14058881397015469,-0.07058881397015468,0.19851633055954435
4780,0.57,0.5049450843564768,0.06505491564352317,0.18065182906241462
15840,0.38,0.43179178846293564,-0.05179178846293564,0.215955055223535
13161,0.46,0.45164688904287376,0.008353110957126264,0.20989837130312222
14382,0.18,0.20411566645610257,-0.02411566645610258,0.2171068134729165
12939,0.28,0.2461216601514491,0.03387833984855093,0.21282598474099543
4088,0.96,0.8542071385559213,0.10579286144407862,0.18378002106530528
6434,0.55,0.5504625124525857,-0.00046251245258566165,0.2085986205080463
12016,0.25,0.22419568261219722,0.025804317387802783,0.18869112308695313
17879,0.01,0.1986323083178953,-0.1886323083178953,0.193847765526115
9433,0.014,0.02275123654912392,-0.00875123654912392,0.1828674412370434
9161,0.363,0.21939777089680185,0.14360222910319814,0.18726604560610352
7867,0.1,0.21006166157864314,-0.11006166157864314,0.2078609910113693
2016,0.85,0.7329675028761609,0.11703249712383912,0.21698777801417157
13853,0.04,0.11918195070802043,-0.07918195070802042,0.1883157655199807
18639,0.95,0.7111684871002479,0.23883151289975202,0.20994260121799324
1013,0.74,0.4740092445797869,0.2659907554202131,0.19417149827361396
7641,0.95,0.7664645859058898,0.18353541409411012,0.193081057802375
5144,0.25,0.319486720850407,-0.06948672085040702,0.18062518507668787
5063,0.1,0.1614366829467615,-0.061436682946761495,0.21291774738740837
2001,0.85,0.7432889446062885,0.10671105539371151,0.21649315815189296
2617,0.4,0.3806913053456381,0.019308694654361913,0.2049019100523015
18757,0.96,0.7906634416200444,0.16933655837995554,0.2186073372506411
19233,0.63,0.5124343548697289,0.11756564513027112,0.20953835921863986
13197,0.23,0.4624962732488956,-0.23249627324889557,0.20719006431361703
8279,0.874,0.7369358101918233,0.1370641898081767,0.2189280294938498
11156,0.12,0.12173216525801503,-0.0017321652580150337,0.19925799714059575
5902,0.52,0.41825047132930415,0.10174952867069587,0.21309331369834303
7644,0.99,0.7664645859058898,0.22353541409411015,0.193081057802375
11594,0.026,0.10416850704513375,-0.07816850704513376,0.21090038421084606
11794,0.49,0.49732865155552275,-0.007328651555522758,0.18349118862845207
4096,0.98,0.8311749860814355,0.1488250139185645,0.18282255827619673
2039,0.48,0.3743355606109781,0.10566443938902187,0.21013547135512292
13909,0.25,0.22315590585313508,0.026844094146864922,0.2100901127270947
7227,0.82,0.5049196770287672,0.3150803229712328,0.18877490844552144
9708,0.0073,0.010926370833409527,-0.0036263708334095266,0.2086390213874145
3101,0.53,0.6559350283190533,-0.12593502831905323,0.17724857040248262
6991,0.097,0.19526104178528492,-0.09826104178528491,0.21191271892471525
10588,0.03,0.10897952946565834,-0.07897952946565834,0.19553843144750416
7301,0.087,0.2974298395398351,-0.2104298395398351,0.2039832490737543
3886,0.64,0.578789377563264,0.06121062243673603,0.20615578842548968
2878,1.0,0.727297621674456,0.272702378325544,0.2059263750326353
6499,0.5,0.47553211709585963,0.02446788290414037,0.21134887273682376
17273,0.88,0.7768158452713684,0.10318415472863163,0.21321491953273602
8410,0.48,0.5095604854860777,-0.029560485486077703,0.18755248512996894
905,0.059,0.17198156847811688,-0.11298156847811688,0.21190711889120506
4627,0.001,0.1245946093064079,-0.1235946093064079,0.19633854423904937
18513,0.34,0.39395273667649494,-0.05395273667649492,0.2150962684690523
17715,0.82,0.7761679858876475,0.04383201411235249,0.19150072931328693
18496,0.03,0.158146934056346,-0.128146934056346,0.20630586818658328
15617,0.46,0.5270364109247034,-0.06703641092470342,0.18933506971566594
19033,0.84,0.7992871028302264,0.040712897169773554,0.20440315071779427
17286,0.28,0.3698083147237966,-0.08980831472379658,0.20960360107402962
886,0.2,0.2208765353800003,-0.020876535380000283,0.21188468787984557
1975,0.716,0.7475979790569476,-0.03159797905694761,0.20463966012468765
7500,0.48,0.5483066140494925,-0.06830661404949256,0.2101493899699776
13061,0.001,0.049355692223671366,-0.048355692223671365,0.19319718806269942
13593,0.56,0.4288169473577724,0.13118305264222763,0.21447381535663235
14152,0.4,0.383394179428509,0.016605820571491015,0.18148546033238694
19357,0.71,0.5804851162623053,0.1295148837376947,0.21039072928122166
12395,0.01,0.09120833832541603,-0.08120833832541603,0.21853871797911345
3647,0.02,0.052194106912113625,-0.03219410691211362,0.1983118219027721
10545,0.89,0.7770303921105521,0.11296960788944788,0.21716487426479691
7197,0.66,0.5926819600418558,0.06731803995814423,0.19673533884372027
4772,0.94,0.7195843656078412,0.22041563439215872,0.2076891981744065
7655,0.48,0.44174288383610627,0.03825711616389371,0.2114951249884446
10874,0.638,0.43068224369505803,0.20731775630494198,0.190022525360645
13192,0.05,0.12432277146977413,-0.07432277146977413,0.2102672561214718
19351,0.51,0.5123513043256145,-0.0023513043256144783,0.20574697167573508
7326,0.13,0.1873110007682709,-0.05731100076827089,0.21937956740932557
9837,0.18,0.21775676916467523,-0.03775676916467524,0.1993778813734545
11098,0.0634,0.12299388413712276,-0.05959388413712276,0.20934597702908886
10819,0.022,0.07015615501636369,-0.04815615501636369,0.19495937011582726
11698,0.11,0.15157590351986608,-0.04157590351986608,0.21790538951165977
16697,0.074,0.09657749507862812,-0.02257749507862812,0.20966385361202483
956,0.01,0.06567058956820049,-0.055670589568200486,0.18711394050774385
2510,0.089,0.09823376783981214,-0.00923376783981214,0.19798040892327
19654,0.15,0.21155836663257513,-0.061558366632575134,0.20928686014537012
16948,0.705,0.62449129118419,0.08050870881580996,0.1859584222372651
1627,0.136,0.201316831658308,-0.06531683165830798,0.21069534758074993
7893,0.63,0.6938507229283828,-0.06385072292838279,0.1969296684487253
6137,0.022,0.11299389241712199,-0.090993892417122,0.18621383204236416
4573,0.3,0.08888755793014019,0.2111124420698598,0.1805269556744945
6859,0.31,0.32066171160302503,-0.010661711603025037,0.21047582490046182
14261,0.55,0.42784966461391405,0.122150335386086,0.18368626345035924
4622,0.041,0.08375119550209814,-0.04275119550209814,0.19445507368442344
8035,0.54,0.3362369438163089,0.20376305618369112,0.20357389398967257
18106,0.25,0.1936455720917143,0.05635442790828571,0.18746778258515845
19765,0.63,0.5772739695995268,0.05272603040047319,0.21063626082558443
1814,0.073,0.15148899973183602,-0.07848899973183603,0.21509010928378358
9672,0.043,0.09714860797279368,-0.05414860797279368,0.2177787405847084
9105,0.429,0.32685449130975935,0.10214550869024064,0.1936756537964941
18074,0.11,0.2224722503334517,-0.11247225033345169,0.1838357590437536
4151,0.91,0.7194212988752506,0.1905787011247494,0.18749455092160078
392,0.74,0.5850339874823108,0.15496601251768916,0.2021874476473201
18057,0.24,0.2911392474095123,-0.05113924740951231,0.21307467127969476
18054,0.01,0.05215431600037018,-0.04215431600037018,0.1957505119853432
18599,0.089,0.16156605625614795,-0.07256605625614795,0.2174812909078253
9595,0.003,0.05627316699325774,-0.05327316699325774,0.18716490734525612
17650,0.012,0.009960001198543067,0.0020399988014569333,0.19340320857604484
5070,0.1,0.1405967936191411,-0.04059679361914109,0.20844610805232258
2922,0.01,0.5226062093249456,-0.5126062093249456,0.17670482431099493
17341,0.61,0.5655530589876471,0.044446941012352914,0.2107061362782704
4855,0.22,0.21335841666852817,0.006641583331471829,0.20268365935073135
3211,0.1,0.1436921684400587,-0.04369216844005869,0.2134033469598018
2844,0.19,0.443761133665009,-0.253761133665009,0.17443379743231532
12633,0.51,0.5624464023047812,-0.05244640230478115,0.20803938100530023
2981,0.0001,0.043376235843627986,-0.04327623584362798,0.19520235565978084
17396,0.32,0.3620631097737664,-0.04206310977376637,0.1950929142093438
1800,0.06,0.08091258548317598,-0.020912585483175983,0.20987262174604812
11144,0.16,0.08660020298709586,0.07339979701290414,0.19049414945206647
10668,0.73,0.5891590945029718,0.1408409054970282,0.21345596500622818
14141,0.43,0.3843845290692398,0.04561547093076018,0.18105206317776526
18477,0.04,0.1275670149801078,-0.0875670149801078,0.21083943683805317
12807,0.35,0.3501506807364872,-0.0001506807364872187,0.21936359147543985
19052,0.18,0.26521323896760324,-0.08521323896760324,0.20737916949635576
14938,0.19,0.23385717470895975,-0.04385717470895975,0.21688865580445946
4027,0.12,0.1166828000456479,0.0033171999543520903,0.1958278208529918
7122,0.025,0.16999635504410576,-0.14499635504410577,0.21453344795768534
13065,0.62,0.5017262926284081,0.11827370737159193,0.19513513525728324
5258,0.46,0.5053046374976056,-0.04530463749760555,0.19283248426749655
12366,0.99,0.8146155910355359,0.17538440896446406,0.2139986578050342
9064,0.36,0.35362475405488547,0.006375245945114516,0.21186463121963237
3918,0.39,0.38752409280759154,0.0024759071924084775,0.18699477385239768
19212,0.56,0.4985617927192314,0.06143820728076865,0.20706566636290136
9454,0.059,0.04010523050020093,0.01889476949979907,0.18754603207029671
957,0.009,0.06567058956820049,-0.05667058956820049,0.18711394050774385
3570,0.007,0.12431605599206783,-0.11731605599206782,0.21421233795311254
920,0.08,0.16013966880949335,-0.08013966880949334,0.21429026408168478
15212,0.09,0.10612479996694368,-0.016124799966943687,0.19699720053069558
4995,0.0078,0.15589777556514806,-0.14809777556514805,0.21682855680824573
2549,0.0009,0.033834660303701525,-0.03293466030370153,0.19699111754640589
18534,1.0,0.8246240154126977,0.1753759845873023,0.19945214464445402
15715,0.12,0.268932402356329,-0.14893240235632899,0.21059665457791268
15678,0.89,0.746801859104441,0.14319814089555905,0.20946264226901323
14776,0.21,0.22966991675743,-0.019669916757430017,0.19086085656750604
17591,0.011,0.07591887032836303,-0.06491887032836303,0.19510629299095059
14480,0.63,0.42338117913871587,0.20661882086128414,0.19831536019028537
20060,0.00017,0.0625881813435944,-0.06241818134359439,0.2148332717019431
7697,0.95,0.767834182580931,0.182165817419069,0.18532478375785127
387,0.56,0.6194518993438702,-0.059451899343870185,0.18538105117246212
2727,0.3,0.32430405285859165,-0.024304052858591663,0.19616390463900824
13757,0.62,0.6151560293575853,0.004843970642414708,0.2072877654567791
14284,0.45,0.5491454760457489,-0.09914547604574891,0.19563180696642965
2524,0.01241,0.033240260047937675,-0.020830260047937678,0.18859701727802441
15096,0.093,0.15602741702527834,-0.06302741702527834,0.21894075465907065
5161,0.519,0.494811283025211,0.024188716974789026,0.1923124830570466
12629,0.87,0.7544532752434321,0.11554672475656791,0.20915106936221917
5354,0.032,0.06330533696178342,-0.03130533696178342,0.1882807833008737
2215,0.21,0.23419584639474184,-0.024195846394741843,0.1940907957462059
18979,0.752,0.6131918016495999,0.13880819835040015,0.211352222151554
17269,0.45,0.5508029468121065,-0.1008029468121065,0.21372651336760085
14066,0.009,0.32274322746424844,-0.31374322746424843,0.20477596081976576
8758,0.09,0.10205125125971515,-0.012051251259715151,0.18648587732564864
10778,0.016,0.0871830860377441,-0.0711830860377441,0.21481747260053569
19968,0.99,0.5878494665433376,0.4021505334566624,0.20404784483489835
1040,0.1062,0.10837865014234133,-0.0021786501423413235,0.20471244935594662
964,0.051,0.06291145521747382,-0.011911455217473825,0.18295485469089037
1341,0.2886,0.26877132429075745,0.01982867570924257,0.18669460779719096
7094,0.25,0.24868356444367146,0.0013164355563285435,0.1892115639889142
8809,0.23,0.16952113085393963,0.06047886914606038,0.18176276972000158
12174,0.043,0.12349613593674585,-0.08049613593674586,0.1939172738122166
18517,0.49,0.5064170013585569,-0.01641700135855695,0.2094054202841137
142,0.91,0.7194212988752506,0.1905787011247494,0.18749455092160078
3168,0.65,0.5927903338698898,0.05720966613011025,0.2158917580863258
14490,0.03,0.14564366897000453,-0.11564366897000453,0.2135703665210786
15844,0.55,0.5878904995767142,-0.0378904995767142,0.20442847407059123
6302,0.63,0.577886779870433,0.052113220129566984,0.21193394685255174
6102,0.11,0.16897557703995836,-0.05897557703995836,0.20747717609269167
15420,0.78,0.7262239201272358,0.053776079872764226,0.21233176590658806
2454,0.0065,0.055181678968556636,-0.04868167896855664,0.19512398353455435
2734,0.83,0.6194966988382602,0.21050330116173976,0.21065262201946153
16038,0.47,0.30341552567908386,0.1665844743209161,0.1945133131807325
20142,0.8,0.5540579540407203,0.2459420459592797,0.2013359888763672
10634,0.14,0.16802070442104194,-0.02802070442104193,0.1971346440728691
4250,0.05,0.440531314174782,-0.390531314174782,0.19324863068678472
2457,0.0029,0.030435320863729187,-0.027535320863729187,0.21098386660462312
5412,0.7,0.5472493794168855,0.1527506205831145,0.20895759200366953
1621,0.385,0.3177807462113059,0.06721925378869409,0.20612316685744173
622,0.43,0.3764956790768432,0.05350432092315677,0.2130079361497291
7320,0.56,0.48551353081176374,0.07448646918823632,0.2140592283902167
19101,0.18,0.2312934494126474,-0.05129344941264741,0.21759828960473346
3442,0.75,0.840848468609227,-0.09084846860922702,0.18419654114506867
15722,0.8,0.6981675368983695,0.10183246310163052,0.1930995776519612
7440,0.017,0.08895126395501857,-0.07195126395501857,0.20900834607927732
3756,0.48,0.4897607272166743,-0.009760727216674314,0.20929145542849054
14321,0.3,0.4307886490468903,-0.1307886490468903,0.2085343007079356
14309,0.5,0.47325558797367684,0.02674441202632316,0.2129055590035115
12692,0.68,0.6069586557584639,0.07304134424153619,0.20971395507915805
510,0.36,0.3518216009506769,0.008178399049323104,0.21642528647241646
17816,0.75,0.4094066652872533,0.3405933347127467,0.1867269130716337
12331,0.84,0.711445494611022,0.12855450538897795,0.19517876035013662
3256,0.51,0.4499807795720938,0.060019220427906195,0.21162672866737392
17582,0.013,0.06626975870471041,-0.053269758704710415,0.1861332448576761
5213,0.14,0.1928580690005958,-0.05285806900059578,0.2134433823544696
10215,0.061,0.13240641089521551,-0.07140641089521552,0.21262718872731168
3765,0.012,0.07277669312160828,-0.060776693121608286,0.18216542680507639
6855,0.01,0.18167729320591897,-0.17167729320591896,0.20443422870935996
19409,0.65,0.5695685324559673,0.08043146754403274,0.21911043401294097
6589,0.93,0.7768093678617293,0.15319063213827078,0.2132724708421787
18560,0.82,0.8383629633868722,-0.018362963386872266,0.19148074807031434
18588,0.61,0.5135196953473237,0.09648030465267632,0.21484432870635992
13826,0.51,0.4771705598023223,0.032829440197677695,0.21453254946565492
17323,0.17,0.5288498004178808,-0.3588498004178807,0.19731992202143667
814,0.4,0.38400320149067607,0.01599679850932395,0.19158785817840582
16852,0.55,0.6499233412372347,-0.09992334123723468,0.18235049837244743
7736,0.75,0.8020624685160256,-0.052062468516025584,0.19760322000456898
9145,0.351,0.3395165583289071,0.011483441671092887,0.2060677431787951
18674,0.38,0.32080392725588025,0.059196072744119754,0.21199015626760945
6616,0.32,0.5474516709684147,-0.22745167096841473,0.19833807545567145
17669,0.41,0.43388832522916093,-0.023888325229160956,0.19568473110670118
5094,0.55,0.5119571116568763,0.03804288834312375,0.21503868961064718
11206,0.18,0.20249565677955447,-0.02249565677955448,0.20795882451050032
3968,0.1,0.12134725656064285,-0.021347256560642847,0.18807941058760844
10438,0.92,0.7266747702171776,0.1933252297828224,0.1874876443377136
17540,0.46,0.5214271714824532,-0.06142717148245319,0.19582638059826324
18406,0.42,0.5123021907098873,-0.09230219070988727,0.20513056317168085
11449,0.71,0.6278968516350004,0.08210314836499955,0.21076458434349335
8813,0.3,0.20476040363064102,0.09523959636935897,0.197504251843618
152,0.1,0.14535270867098243,-0.04535270867098243,0.188175037866287
1172,0.81,0.6337808090003136,0.17621919099968641,0.193740393086202
11963,0.039,0.03749816835254899,0.0015018316474510116,0.18571220679899456
5331,0.11,0.23576324233735746,-0.12576324233735747,0.19450189336492765
15749,0.7,0.6417410871139471,0.058258912886052894,0.21642495354507077
18353,0.86,0.768680067448563,0.091319932551437,0.19583744640933715
1794,0.03,0.07333404003951605,-0.04333404003951605,0.210445432548188
3778,0.99,0.7764130376620242,0.2135869623379758,0.2103441131944907
5989,1.0,0.8988841109909187,0.1011158890090813,0.19493422156851503
5357,0.02,0.06330533696178342,-0.04330533696178342,0.1882807833008737
3028,0.74,0.5747772143261668,0.1652227856738332,0.20911361044688967
2526,0.01793,0.033240260047937675,-0.015310260047937674,0.18859701727802441
18917,0.0269,0.1095022929318615,-0.0826022929318615,0.21921233357748132
9168,0.174,0.21939777089680185,-0.04539777089680186,0.18726604560610352
10305,0.136,0.24508517922835796,-0.10908517922835795,0.21440896089031808
17072,0.08,0.1912149627064614,-0.1112149627064614,0.21015579185372127
15277,0.18,0.14243658522652483,0.03756341477347516,0.19666175758600252
13852,0.1,0.11918195070802043,-0.019181950708020423,0.1883157655199807
10623,0.18,0.1820795004904075,-0.0020795004904075043,0.18891153645671452
16579,0.04,0.06575584859636158,-0.025755848596361576,0.21487592250682025
12440,0.7,0.636611249625131,0.06338875037486891,0.1806985443807362
3288,0.1,0.1669034952756675,-0.0669034952756675,0.21446330223799495
1936,0.75,0.8311749860814355,-0.08117498608143547,0.18282255827619673
9216,0.14,0.17118935619471307,-0.031189356194713053,0.19347937391352957
8708,0.33,0.2664098615603551,0.0635901384396449,0.19593739349874534
7194,0.39,0.4714909706444963,-0.08149097064449629,0.21205701938090898
960,0.001,0.06567058956820049,-0.06467058956820049,0.18711394050774385
13376,0.46,0.3462966951624232,0.11370330483757685,0.19354195029476393
557,0.5,0.43166471253458133,0.06833528746541867,0.20398743336672065
9057,0.38,0.3515340151104312,0.028465984889568807,0.21197473955199467
17610,0.65,0.5656920542809297,0.0843079457190703,0.2114652733377035
18561,0.95,0.7354164817670784,0.21458351823292154,0.21514294903636186
10263,0.016,0.04182109582361243,-0.02582109582361243,0.182557752595402
15126,0.0424,0.059098543793772496,-0.016698543793772495,0.20395252263976285
14338,0.54,0.45553085912110325,0.08446914087889679,0.21477492637655732
15009,0.0301,0.3039003271659254,-0.2738003271659254,0.18404686678387594
1189,0.73,0.6222028013470027,0.1077971986529973,0.21054438417458915
19695,0.144,0.19622545653245088,-0.05222545653245089,0.219365410263117
8823,0.07,0.20476040363064102,-0.134760403630641,0.197504251843618
126,0.76,0.6380749309029451,0.12192506909705492,0.21777815804397166
2541,0.0015,0.036133023865462854,-0.03463302386546285,0.19692225113769124
11579,0.1,0.1783127048560208,-0.07831270485602079,0.21209729986476747
15153,0.0368,0.08285454964119071,-0.04605454964119071,0.21022983045668187
6013,0.037,0.2082359964155752,-0.1712359964155752,0.19280778348378175
18821,0.55,0.5018562834449448,0.04814371655505523,0.21901854560721892
12779,0.076,0.1916987587189995,-0.1156987587189995,0.20716802113965782
1930,0.89,0.8311749860814355,0.05882501391856454,0.18282255827619673
8161,0.24,0.2714230348777581,-0.031423034877758105,0.2084378993995935
1317,0.75,0.7835780658300009,-0.03357806583000089,0.19448690502955207
19569,0.79,0.6766426144498365,0.1133573855501635,0.21899442895191434
5103,0.28,0.3055284385276446,-0.02552843852764458,0.21836978183547487
18618,0.35,0.3591426598117699,-0.009142659811769926,0.2190802907878856
6611,0.8,0.5682762437763724,0.23172375622362762,0.19833910113115172
1045,0.0346,0.033766581592217626,0.0008334184077823728,0.20942085464733687
8085,0.18,0.1376772365838855,0.04232276341611449,0.1834564495876557
5389,0.16,0.2830522752454988,-0.1230522752454988,0.20929549805597303
6913,0.847,0.771512002252504,0.07548799774749593,0.18415193669310836
14883,0.22,0.26250757695079857,-0.04250757695079857,0.21618325958164286
19345,0.92,0.7850064122627474,0.13499358773725267,0.2175883782253103
2930,1.0,0.5226062093249456,0.4773937906750544,0.17670482431099493
5865,0.78,0.6925708896380887,0.08742911036191137,0.21291629492827183
17071,0.1,0.16355841726850184,-0.06355841726850184,0.2086337311956386
1764,0.43,0.31537503221552904,0.11462496778447095,0.21230144235215573
3811,0.34,0.3510938438797586,-0.011093843879758591,0.2101289056802681
2664,0.27,0.32613785040745824,-0.05613785040745822,0.21341023967569248
14189,0.87,0.6954261665505,0.17457383344949995,0.19609680776058278
7998,0.29,0.40083739607278246,-0.11083739607278248,0.19510014870563083
1349,0.1085,0.19979956965271073,-0.09129956965271073,0.20129815567611806
15605,0.67,0.5270364109247034,0.1429635890752966,0.18933506971566594
12355,0.19,0.2969056104584968,-0.10690561045849678,0.1936798676816546
1025,0.073,0.06416153930066526,0.008838460699334735,0.19747386244428078
19089,0.726,0.6848681982940602,0.041131801705939774,0.19733029585313608
8070,0.18,0.1376772365838855,0.04232276341611449,0.1834564495876557
12266,0.95,0.7908438231052366,0.15915617689476336,0.210946134304753
11623,0.0506,0.13621164341704542,-0.08561164341704541,0.19302049925681264
8415,0.46,0.5095604854860777,-0.049560485486077666,0.18755248512996894
1474,0.64,0.5277637784061856,0.11223622159381441,0.2116523109081068
13462,0.091,0.14196050099875945,-0.050960500998759456,0.21011114934117403
12434,0.5,0.636611249625131,-0.13661124962513105,0.1806985443807362
14868,0.14,0.19168649751795608,-0.051686497517956065,0.21912466402458902
7080,0.8,0.6862886302016142,0.11371136979838581,0.21213731167378852
18870,0.63,0.5053072592274181,0.12469274077258186,0.2084252778188159
9814,0.023,0.06853217330627198,-0.04553217330627198,0.21311049339160024
6494,0.52,0.48067321219040154,0.039326787809598474,0.21496288194947713
2402,0.7,0.5818447953697522,0.11815520463024776,0.20997561641220025
19435,0.099,0.2040627340122878,-0.1050627340122878,0.21550931895399725
3746,0.331,0.5033633224456956,-0.17236332244569558,0.20410991879602597
8135,0.19,0.23338682513210673,-0.04338682513210673,0.19451832588750798
15927,0.55,0.46689517904304,0.08310482095696003,0.20727441388317547
4801,0.47,0.5049450843564768,-0.03494508435647681,0.18065182906241462
18977,0.486,0.4441753956279857,0.041824604372014296,0.21348571736540983
10239,0.13,0.1441329326325451,-0.014132932632545087,0.19290749234604004
7902,0.12,0.18159209149915284,-0.061592091499152846,0.19560843825469437
6980,0.058,0.1119240193740163,-0.0539240193740163,0.19207281751790065
7093,0.012,0.24868356444367146,-0.23668356444367145,0.1892115639889142
17630,0.03,0.12686384313185506,-0.09686384313185506,0.21906792626533134
14369,0.81,0.6283682706284721,0.18163172937152794,0.2064921613443373
18075,0.09,0.2224722503334517,-0.1324722503334517,0.1838357590437536
7602,0.17,0.313769185796174,-0.143769185796174,0.19913507325707683
2929,0.99,0.5226062093249456,0.4673937906750544,0.17670482431099493
2500,0.15,0.22075098700048545,-0.07075098700048546,0.21327715560842225
19447,0.16,0.2785395721149319,-0.11853957211493191,0.19382196026137016
17749,0.82,0.6911747495095704,0.1288252504904296,0.20331406040740246
18959,0.83,0.658460855659804,0.17153914434019601,0.2104958537995028
4017,0.84,0.6940087149584686,0.14599128504153136,0.18545506572590928
13212,0.49,0.38882894537853935,0.10117105462146064,0.19242712596342815
5775,0.083,0.11524344639321815,-0.03224344639321815,0.2181730751522382
3609,0.92,0.7631014849936386,0.15689851500636143,0.2142269851002813
16548,0.022,0.12337851601696775,-0.10137851601696776,0.21550855729303736
5507,0.082,0.08158227754319874,0.00041772245680125886,0.18372060563647252
15308,0.24,0.41160440964532174,-0.17160440964532175,0.18647130918903257
18670,0.38,0.35904205629724634,0.020957943702753667,0.20720417000375943
20174,0.12,0.24469060012786248,-0.12469060012786248,0.2115788048345188
15064,0.4,0.4264365189763776,-0.026436518976377554,0.20457802611504133
19954,0.63,0.5909573834096956,0.03904261659030439,0.21507641207790942
18770,0.16,0.22441973760934428,-0.06441973760934427,0.1947277191968146
18188,0.14,0.13874590562398117,0.0012540943760188383,0.20093463315897572
2213,0.25,0.23419584639474184,0.015804153605258164,0.194090795746206
1575,0.158,0.14589475233452412,0.012105247665475882,0.18701461895048116
5560,0.9,0.7023155623849651,0.19768443761503496,0.2113355810617287
13483,0.036,0.1437749583842445,-0.1077749583842445,0.21236106309277744
7712,0.78,0.7476360202892334,0.032363979710766655,0.1959209370058821
19454,0.2823,0.263534510454991,0.018765489545009006,0.2097889273410614
10022,0.267,0.28349482608204796,-0.016494826082047942,0.20964393444126317
2598,0.5,0.49258987712237357,0.007410122877626435,0.21427583689490584
10339,0.0405,0.10653341577011649,-0.06603341577011648,0.20877698142586346
17954,0.24,0.28471951791581995,-0.04471951791581996,0.19226448245371566
2249,0.56,0.5090133697488427,0.05098663025115735,0.21229807296285308
3247,0.72,0.6426422592691287,0.07735774073087132,0.21541283580779594
17113,0.282,0.38144204551016664,-0.09944204551016667,0.21139317672224286
3920,0.42,0.38752409280759154,0.03247590719240845,0.18699477385239768
1011,0.427,0.4740092445797869,-0.04700924457978689,0.19417149827361396
11442,0.0012,0.08475306885783884,-0.08355306885783884,0.18116871898020734
1752,0.02,0.08716143907790208,-0.06716143907790208,0.21220118492210582
1436,0.27,0.26324329514479794,0.006756704855202078,0.202002888620593
4441,0.02,0.1198369347233865,-0.09983693472338649,0.19575054881545367
5925,0.205,0.23119563220118727,-0.026195632201187286,0.19765835421357125
7689,0.1,0.19333575956176935,-0.09333575956176934,0.2146513848416492
16924,0.011,0.3151785533170725,-0.3041785533170725,0.19564781031964398
7600,0.82,0.4694747674401406,0.35052523255985935,0.19513027313814688
5581,0.033,0.049337900237275745,-0.016337900237275743,0.19907151989249894
16792,0.69,0.6475000409409191,0.04249995905908088,0.2102916606496518
9989,0.029,0.08043666499504065,-0.051436664995040654,0.20869623823509
3771,0.84,0.6940087149584686,0.14599128504153136,0.18545506572590928
9450,0.018,0.04010523050020093,-0.02210523050020093,0.18754603207029671
8549,0.41,0.3523698894592077,0.057630110540792256,0.20907386070288025
117,0.72,0.6491502389275807,0.07084976107241925,0.1984377807757337
816,0.42,0.38400320149067607,0.03599679850932391,0.19158785817840582
7628,0.03,0.3425780997694975,-0.31257809976949746,0.19464312146759966
11987,0.42,0.4240897809201064,-0.004089780920106423,0.19244652707740056
1213,0.71,0.6580665883273074,0.05193341167269261,0.19368588543083198
9247,0.015,0.10719015116173175,-0.09219015116173175,0.20998695449582885
4630,0.12,0.13401283026793526,-0.014012830267935261,0.2121899716693686
15309,0.52,0.4985474325789405,0.0214525674210595,0.18660788220553157
928,0.03,0.13729786659690374,-0.10729786659690374,0.19676083189136323
8767,0.025,0.10205125125971515,-0.07705125125971515,0.18648587732564864
3562,0.09,0.15698787688003837,-0.06698787688003838,0.21419843830496715
6475,0.64,0.5821293714483514,0.057870628551648595,0.2163083363912328
14394,0.43,0.3575567344982503,0.07244326550174968,0.21159293697522055
6514,0.287,0.35138645245715094,-0.06438645245715097,0.21468360711632903
11893,0.42,0.44509842869680893,-0.02509842869680895,0.2131573257718464
20141,0.48,0.4932111124790932,-0.013211112479093234,0.2011986283939794
17592,0.25,0.13435422096696606,0.11564577903303394,0.20025486481002397
12910,0.736,0.63920842204445,0.09679157795554993,0.21607072378911063
6934,0.54,0.6059094602920803,-0.06590946029208022,0.21440913372636844
15060,0.44,0.38836386135885564,0.05163613864114436,0.21414614679925043
11649,0.39,0.3312416916526211,0.05875830834737894,0.1934833455018749
13954,0.26,0.23555904431641728,0.024440955683582732,0.21207221920181066
17756,0.72,0.5540284525735147,0.16597154742648523,0.20244405188814457
1458,0.4,0.23446067403425047,0.16553932596574955,0.19474521433085243
17439,0.67,0.6313594999183947,0.038640500081605356,0.20756259699419402
18594,0.23,0.2611169101169843,-0.03111691011698428,0.2146643492192878
14986,0.027,0.09569173697364608,-0.06869173697364608,0.21013101770015127
5889,0.014,0.06692553669354256,-0.052925536693542566,0.21177250186458169
17986,0.02,0.16463731580194116,-0.14463731580194117,0.2166437059107883
5712,0.15,0.1591723303962964,-0.009172330396296419,0.21102923896091252
1053,0.0251,0.11810300281906361,-0.09300300281906361,0.19400877093660263
6180,0.27,0.597578264555842,-0.32757826455584194,0.1800688959338891
18642,0.96,0.7531746163449039,0.20682538365509606,0.21486272814759766
19142,0.11,0.16571547521010124,-0.05571547521010124,0.212477081931828
10869,0.458,0.43068224369505803,0.027317756304941987,0.190022525360645
5511,0.015,0.08158227754319874,-0.06658227754319875,0.18372060563647252
10020,0.075,0.2009993676307356,-0.1259993676307356,0.21359176173716593
80,0.11,0.13470798376261992,-0.024707983762619914,0.1983261669720157
17410,0.65,0.5844624434366495,0.06553755656335047,0.2163995048235671
7564,0.069,0.09840323477195023,-0.029403234771950226,0.21808641881342908
356,0.2925,0.19398895355933285,0.09851104644066713,0.19465859228909205
13056,0.002,0.053270119546428574,-0.05127011954642857,0.20077712885376658
5185,0.658,0.6198109818523071,0.03818901814769293,0.1916202898718511
18919,0.0127,0.08587149358967738,-0.07317149358967738,0.21792375372858583
1120,0.39,0.3958478163723028,-0.005847816372302805,0.21137285507671175
13948,0.1,0.16878901000382968,-0.06878901000382967,0.20910402120730429
9010,0.66,0.41517052395931686,0.24482947604068317,0.2021511105966112
20031,0.1872,0.2398488986849316,-0.05264889868493158,0.2178489869846421
357,0.1076,0.19398895355933285,-0.08638895355933285,0.19465859228909205
8492,0.015,0.1489606738995266,-0.1339606738995266,0.21319437112540116
9008,0.41,0.3192411405354191,0.0907588594645809,0.20755345807373968
12129,0.35,0.22473222805754617,0.1252677719424538,0.18667363689248137
1184,0.72,0.615194101555939,0.10480589844406096,0.21678439377393585
15469,0.48,0.4598540690065043,0.02014593099349571,0.20973110659795055
4804,0.55,0.5049450843564768,0.04505491564352326,0.18065182906241462
5191,1.0,0.7454488875474239,0.2545511124525761,0.18703514701065488
20180,0.15,0.18044837668595728,-0.03044837668595729,0.21255558546088046
4489,0.8,0.6023587817479051,0.1976412182520949,0.1977029243541978
15528,0.069,0.1710303610549988,-0.1020303610549988,0.21388858033259112
8590,0.0005,0.10511643609782836,-0.10461643609782836,0.21734945324435695
3705,0.84,0.6589356098638542,0.18106439013614573,0.2082104140831527
2450,0.32,0.36497687018380875,-0.04497687018380875,0.18479044117732327
3917,0.25,0.38752409280759154,-0.13752409280759154,0.18699477385239768
13165,0.45,0.445865999852849,0.004134000147150985,0.21056092142437563
10262,0.018,0.04182109582361243,-0.023821095823612432,0.182557752595402
10548,0.16,0.2693444821973333,-0.10934448219733331,0.20755666545262316
14264,0.04,0.20596511692143424,-0.16596511692143423,0.21033037437797042
4948,0.06,0.1985568457034053,-0.1385568457034053,0.2064019757141895
17389,0.43,0.38450868516900355,0.04549131483099644,0.18784075022851246
20036,0.6344,0.5484458923392095,0.08595410766079048,0.21423374923199562
15318,0.75,0.4985474325789405,0.2514525674210595,0.18660788220553157
12092,0.42,0.4143714508738844,0.005628549126115601,0.20123453872825625
14782,0.17,0.20298666757418857,-0.032986667574188555,0.19845042436315016
11374,0.44,0.37156600037329995,0.06843399962670005,0.2149878126273403
897,0.21,0.15309695271066012,0.05690304728933987,0.19884256020106525
5926,0.229,0.26803517221358014,-0.03903517221358013,0.19776309711461354
5151,0.2,0.319486720850407,-0.11948672085040701,0.18062518507668787
3550,0.96,0.7722319857354706,0.18776801426452938,0.20372720974372707
2069,0.24,0.32104482038148596,-0.08104482038148597,0.20370803149625952
13083,0.04,0.1715581108445474,-0.13155811084454738,0.21726605549573091
19004,0.65,0.5741958149533608,0.07580418504663922,0.2188379939178466
8293,0.83,0.5891758944940175,0.24082410550598243,0.20802912406787694
12235,0.27,0.2846458247811963,-0.014645824781196304,0.2188662574458341
4454,0.12,0.13096441886186874,-0.010964418861868747,0.19617225308053857
2725,0.33,0.32430405285859165,0.005695947141408364,0.19616390463900824
2439,0.025,0.1257445904414415,-0.10074459044144152,0.19858627296641881
8433,0.7337,0.700112113225276,0.03358788677472402,0.19589156928905038
20096,0.07,0.19248882729937017,-0.12248882729937016,0.2171566662983047
5529,0.28,0.22803819117401544,0.051961808825984585,0.20268400952066512
4637,0.009,0.09750054473894332,-0.08850054473894332,0.2115805465148723
12407,0.34,0.42264401818541353,-0.0826440181854135,0.21468572900199906
12545,0.01,0.06520263647474678,-0.055202636474746776,0.21469045526355493
2225,0.00012,0.09105907706681288,-0.09093907706681288,0.21905149446083477
10254,0.078,0.10469191900363772,-0.026691919003637724,0.20214964019891965
11957,0.0068,0.03749816835254899,-0.030698168352548988,0.18571220679899456
4914,0.56,0.5069826595097198,0.053017340490280285,0.20743897113451
1600,0.98,0.7874000306401179,0.1925999693598821,0.20587778974483906
15718,0.8,0.6981675368983695,0.10183246310163052,0.1930995776519612
11922,0.0004,0.041442420913571365,-0.04104242091357137,0.1915971624520054
11628,0.0596,0.07159029825888813,-0.01199029825888813,0.19638296025642804
9546,0.09,0.0885288225177529,0.0014711774822470935,0.19338484284186933
11618,0.0561,0.13621164341704542,-0.08011164341704542,0.19302049925681264
13408,0.02,0.14569245620874072,-0.12569245620874073,0.19612878163730252
17135,0.78,0.6576977054752878,0.1223022945247122,0.2105436913093895
2621,0.012,0.07200704916535788,-0.06000704916535789,0.20720912444542638
9296,0.11,0.16549129597668685,-0.05549129597668685,0.19574454716518072
13226,0.52,0.38678250696141436,0.13321749303858565,0.20522144529559158
15055,0.39,0.42387871913036307,-0.033878719130363055,0.20855216387014155
14250,0.04,0.16644283188816675,-0.12644283188816674,0.19477743621695048
5567,0.3,0.30291668513698533,-0.002916685136985342,0.21735672072031734
3786,0.94,0.6940087149584686,0.24599128504153134,0.18545506572590928
15380,0.47,0.4765216120729473,-0.006521612072947325,0.21085261550222034
19327,0.14,0.18571569201027838,-0.045715692010278364,0.21838817730690332
3156,1.0,0.7839150593130981,0.21608494068690187,0.2144311563420835
5273,0.88,0.7064282288372092,0.17357177116279077,0.19344830798807577
5422,0.39,0.28986535575935646,0.10013464424064356,0.19307426336774824
6584,0.321,0.3604610985445532,-0.03946109854455321,0.21034481044244194
14329,0.98,0.6864419836962818,0.29355801630371814,0.2020424432268684
17386,0.42,0.38450868516900355,0.035491314830996434,0.18784075022851246
11538,0.3,0.3011344720869354,-0.0011344720869354008,0.21746007902954237
3843,0.0084,0.11386727533655655,-0.10546727533655655,0.20991422162038714
503,0.61,0.5307633555158713,0.0792366444841287,0.21243005700033207
9601,0.005,0.05627316699325774,-0.05127316699325774,0.18716490734525612
3443,0.88,0.840848468609227,0.03915153139077299,0.18419654114506867
8531,0.999,0.5118590145811923,0.4871409854188077,0.19698760270885565
6970,0.044,0.162017997021557,-0.118017997021557,0.21218290985835186
5549,0.0124,0.07711965657106196,-0.06471965657106196,0.19432883133806536
899,0.062,0.13170277116155144,-0.06970277116155144,0.1988674574035344
19913,0.38,0.3702452150855483,0.009754784914451697,0.21903005146540921
13622,0.54,0.40996968911141507,0.13003031088858497,0.1935185192424673
19279,0.34,0.3422249684143628,-0.00222496841436276,0.21839165076402767
4009,0.04,0.21168367770787658,-0.17168367770787657,0.20990908154995286
6343,0.41,0.5666347584885493,-0.1566347584885493,0.19896251484112928
12667,0.28,0.5261435225609443,-0.2461435225609443,0.18205676085590797
1477,0.18,0.23656076404946988,-0.056560764049469886,0.19497005201653325
7254,0.075,0.09433026959281726,-0.019330269592817265,0.20682768489431322
14243,0.48,0.42784966461391405,0.05215033538608593,0.18368626345035924
8206,0.04,0.12154328338888451,-0.0815432833888845,0.1943492078387235
14341,0.08,0.06926259528881223,0.010737404711187767,0.21328506677689307
4132,0.05,0.48997281184996,-0.43997281184996,0.19484373471914274
17347,0.35,0.3864880913727154,-0.036488091372715414,0.21083005020639645
9080,0.29,0.3228082578938751,-0.03280825789387509,0.2163258363477162
3915,0.38,0.4215234584480575,-0.04152345844805749,0.21185366130646674
15470,0.87,0.7913542948048683,0.0786457051951317,0.2107727664536027
9777,0.24,0.2386035574070709,0.0013964425929290925,0.19517641048043421
4480,0.51,0.3483680541768791,0.1616319458231209,0.20810805985920458
13581,0.37,0.26525934717981275,0.10474065282018724,0.2050093788372314
18119,0.22,0.1884688761927404,0.031531123807259614,0.18769721973225903
11436,0.0078,0.08475306885783884,-0.07695306885783884,0.18116871898020734
18185,0.19,0.14917034631930126,0.04082965368069874,0.20102458981506735
3894,0.51,0.5344504061489815,-0.02445040614898153,0.2072436560181883
9656,0.035,0.05714710873473605,-0.02214710873473605,0.18399078714673642
19104,0.99,0.7721453423968141,0.2178546576031859,0.21594722527697477
5556,0.83,0.639590759384154,0.19040924061584596,0.21133831029349617
2583,0.00018,0.011917691479971515,-0.011737691479971515,0.18900833092503241
19659,0.64,0.5623419526717278,0.0776580473282722,0.21934910313416822
7480,0.14,0.18324524775230236,-0.043245247752302346,0.21748654956934987
16962,0.422,0.4257281276431275,-0.003728127643127521,0.20471279219636296
15409,0.0129,0.15493135236843378,-0.14203135236843378,0.21266143168954763
1051,0.0008,0.02891849842938865,-0.028118498429388652,0.20645410752548374
7470,0.03,0.15864814305849406,-0.12864814305849406,0.21067673547407262
11993,0.48,0.4240897809201064,0.055910219079893575,0.19244652707740056
7726,0.53,0.5615298138508835,-0.03152981385088349,0.20833948253404083
3191,0.038,0.2012284533750414,-0.16322845337504138,0.20933223481343638
8074,0.02,0.06950433274998785,-0.04950433274998785,0.18362326770142942
742,0.91,0.7328751003752353,0.17712489962476474,0.2163827465478179
8792,0.13,0.16952113085393963,-0.03952113085393963,0.18176276972000158
8496,0.52,0.4950332011558771,0.024966798844122895,0.21216984511448936
20212,0.3,0.34335752724813867,-0.04335752724813868,0.21663770753568543
520,0.62,0.47217177045045444,0.14782822954954555,0.20566192823534693
8770,0.25,0.2139624412867645,0.036037558713235496,0.18279611867820642
1160,0.63,0.5666750143854931,0.06332498561450695,0.1951598512498769
16800,0.47,0.44712238485902317,0.022877615140976804,0.2146991032412926
1161,0.57,0.5666750143854931,0.0033249856145068923,0.1951598512498769
2601,0.58,0.5258218854488532,0.05417811455114674,0.21591829890720457
9116,0.32,0.24128133884989544,0.07871866115010456,0.17990981158129396
5916,0.292,0.300592330477988,-0.00859233047798802,0.2141093411567299
2525,0.0234,0.033240260047937675,-0.009840260047937675,0.18859701727802441
9202,0.271,0.20680999160533134,0.06419000839466868,0.19679781514909478
18799,0.005,0.045935498078149284,-0.040935498078149286,0.20986799242477805
2840,0.03,0.443761133665009,-0.413761133665009,0.17443379743231532
14823,0.034,0.12350733850351947,-0.08950733850351947,0.21654068698536302
5117,0.89,0.725084828762637,0.164915171237363,0.18287291948852022
16902,0.002,0.144412696261495,-0.142412696261495,0.18976070297087091
15713,0.45,0.4163804781469316,0.033619521853068435,0.21045148007709538
19586,0.00157,0.09343630092176813,-0.09186630092176813,0.21908961197965773
10173,0.096,0.1175971364754673,-0.021597136475467293,0.19835688194990883
7803,0.23,0.2995515642126185,-0.06955156421261852,0.20618998829506727
2653,0.01,0.08332251730960849,-0.0733225173096085,0.21474790571302882
18963,0.45,0.3488684096217808,0.10113159037821923,0.2095243899216345
15466,0.189,0.2739145424163604,-0.08491454241636037,0.21714416902208014
17881,0.4,0.433650041234013,-0.033650041234012995,0.1941041918617481
5914,0.33,0.26803517221358014,0.061964827786419874,0.19776309711461354
14344,0.01,0.04167016974657184,-0.03167016974657184,0.217177636938417
18531,0.013,0.1605638603044779,-0.14756386030447788,0.21416459148682554
16194,0.94,0.8237792478120788,0.11622075218792116,0.2140667949187581
17541,0.69,0.5214271714824532,0.16857282851754674,0.19582638059826324
12654,0.98,0.8488887419908424,0.13111125800915757,0.195302407961469
9119,0.11,0.24128133884989544,-0.13128133884989546,0.17990981158129396
12173,0.13,0.12349613593674585,0.00650386406325415,0.1939172738122166
1255,0.538,0.25234381668940997,0.28565618331059006,0.19380098019956482
2401,0.72,0.5718158683607655,0.1481841316392345,0.2101289640859271
19464,0.03,0.09071066546796169,-0.060710665467961694,0.21682680974145413
7324,0.37,0.3628496340113682,0.007150365988631779,0.2193718484655662
11231,0.886,0.6662077639616659,0.2197922360383341,0.21261203198738646
12484,0.62,0.5140733622263594,0.10592663777364064,0.20770449675841154
18640,0.82,0.6513114336458627,0.1686885663541372,0.21035502970974132
1597,0.004,0.1506640743812158,-0.1466640743812158,0.21272839648349265
4416,0.66,0.48393346549297667,0.17606653450702336,0.20431597057708234
1007,0.116,0.2314389872188823,-0.11543898721888231,0.20701817847551482
5707,0.3,0.28974525400730294,0.010254745992697045,0.2164457417621283
8192,0.82,0.8032645539546641,0.016735446045335833,0.19047997724780466
10037,0.11,0.16718330656263794,-0.05718330656263794,0.21671185819011693
12777,0.01,0.13503069832406686,-0.12503069832406685,0.20341868059348933
5981,1.0,0.8162586424672318,0.1837413575327682,0.19315347210444772
12809,0.71,0.6376337850662688,0.07236621493373119,0.217174092208734
7881,0.26,0.34334029728453,-0.08334029728453002,0.20984896264214287
5352,0.015,0.06330533696178342,-0.04830533696178342,0.1882807833008737
12014,0.24,0.22419568261219722,0.015804317387802774,0.18869112308695313
3214,0.01,0.2527543840059249,-0.24275438400592492,0.2069215382524286
4089,0.98,0.8542071385559213,0.12579286144407864,0.18378002106530528
17673,0.29,0.33298571236037605,-0.04298571236037607,0.21357629915853985
3375,0.26,0.24499015126529483,0.015009848734705178,0.2124843424305787
15046,0.46,0.39383826429635144,0.06616173570364858,0.20535782302621994
15595,0.56,0.49197264817310715,0.0680273518268929,0.20947980294431065
17147,0.45,0.39910412070241486,0.050895879297585156,0.2014733524891465
7127,0.75,0.6995429637029911,0.05045703629700893,0.21330874183116694
3251,0.87,0.6800962421790686,0.18990375782093138,0.20354430314180516
4045,0.35,0.44161511581528784,-0.09161511581528786,0.1953379223255083
1479,0.31,0.23656076404946988,0.07343923595053012,0.19497005201653325
8995,0.01,0.029289909526470315,-0.019289909526470313,0.21086487284676816
3130,0.75,0.7856221946917405,-0.03562219469174055,0.17879379699770762
19583,0.00075,0.08306293021878569,-0.08231293021878569,0.21750424573378754
20107,0.02,0.0881081766994174,-0.06810817669941739,0.21646273652884945
5477,0.04,0.08470769407688206,-0.044707694076882055,0.20755294146623376
14059,0.6,0.565403234792494,0.034596765207505986,0.2155914339208298
18413,0.18,0.26510986378302465,-0.08510986378302465,0.19514480250581176
10539,0.79,0.6997657740827254,0.09023422591727459,0.21319510194126448
5336,0.4,0.23576324233735746,0.16423675766264256,0.19450189336492765
1906,0.8,0.7222095493154737,0.07779045068452639,0.19850199797079418
10846,0.584,0.49966890902426847,0.08433109097573149,0.18915205992741477
17997,0.673,0.6215914774557195,0.05140852254428052,0.20832083556167968
13984,0.59,0.6079696816952385,-0.017969681695238493,0.19516907482199186
8710,0.17,0.2664098615603551,-0.09640986156035511,0.19593739349874534
4274,0.53,0.47611838713910226,0.053881612860897765,0.19321290276094433
3768,0.008,0.07277669312160828,-0.06477669312160828,0.18216542680507639
6471,0.7,0.6410292640446716,0.05897073595532831,0.21711739193777477
1360,0.2145,0.24640216949857513,-0.031902169498575134,0.20650420011604392
5784,0.037,0.08037339522927522,-0.043373395229275226,0.20711303797645972
15005,0.5263,0.3039003271659254,0.22239967283407458,0.18404686678387594
8196,0.87,0.8032645539546641,0.06673544604533588,0.19047997724780466
19446,0.21,0.2785395721149319,-0.06853957211493192,0.19382196026137016
13301,0.45,0.35417689493118226,0.09582310506881775,0.2023680834821221
13032,0.008,0.11479167530540554,-0.10679167530540554,0.20595536347268165
15008,0.3368,0.3039003271659254,0.03289967283407458,0.18404686678387594
2051,0.17,0.3201902334123086,-0.1501902334123086,0.190929367924696
15113,0.02,0.054187185455458586,-0.03418718545545858,0.20384148873547794
14532,0.454,0.594153697307055,-0.14015369730705501,0.19773598010879792
17713,0.81,0.7761679858876475,0.03383201411235259,0.19150072931328693
10171,0.068,0.1175971364754673,-0.04959713647546729,0.19835688194990883
3003,0.5,0.4584134062439402,0.041586593756059775,0.2167609109726099
19440,0.02,0.1347231402838362,-0.11472314028383619,0.21716448896706705
8282,0.44,0.42489131095002974,0.015108689049970259,0.21798116757477737
4579,0.0074,0.08888755793014019,-0.08148755793014019,0.1805269556744945
8609,0.7,0.5775745619369154,0.12242543806308459,0.2154326968633522
19663,0.97,0.8078466905743771,0.1621533094256229,0.21515530259668272
782,0.611,0.5316010419279036,0.0793989580720964,0.21904627048191974
11124,0.029,0.2121293461714789,-0.1831293461714789,0.21023852177893282
19675,0.42,0.5420481221564578,-0.12204812215645783,0.1926747949887273
1681,0.067,0.16325900307320382,-0.09625900307320381,0.18761428841087985
3426,0.94,0.8068795128961838,0.1331204871038162,0.2173022901792597
863,0.31,0.449820480257972,-0.139820480257972,0.20211547339921038
7713,0.92,0.767834182580931,0.1521658174190691,0.18532478375785127
3702,0.16,0.3454901188544366,-0.1854901188544366,0.2069243290478035
6300,0.88,0.7463682422406295,0.13363175775937053,0.21247049188514783
6241,0.226,0.3073213692183402,-0.08132136921834018,0.20667263887460244
13986,0.59,0.6079696816952385,-0.017969681695238493,0.19516907482199186
967,0.017,0.06291145521747382,-0.04591145521747382,0.18295485469089037
10474,0.083,0.2864264736543012,-0.20342647365430117,0.19645051860002935
12215,0.74,0.568274879414913,0.17172512058508704,0.1836096301543139
2668,0.6,0.5089741028807309,0.09102589711926912,0.19585098362444317
10377,0.05,0.05639331645820056,-0.006393316458200557,0.2143405888991985
13199,0.9,0.7160040848211829,0.18399591517881708,0.20815859412901
3094,0.52,0.6559350283190533,-0.13593502831905324,0.17724857040248262
18167,0.08,0.1281377259851439,-0.04813772598514389,0.19513944537507785
6926,0.988,0.8597379107539636,0.12826208924603644,0.188254754037336
4729,0.0019,0.07630138716409807,-0.07440138716409807,0.20525961430695114
3581,0.7,0.5069328458325155,0.19306715416748443,0.21089741881090568
11446,0.27,0.40406905360468487,-0.13406905360468485,0.21055534583897076
18933,0.05,0.17577110069258026,-0.12577110069258024,0.21431547788153188
2081,0.55,0.4656476599414466,0.08435234005855347,0.20501515052843247
14155,0.2,0.24332821768816992,-0.04332821768816991,0.20442824359536532
7708,0.34,0.5043855949531243,-0.16438559495312427,0.19502794016305017
6846,0.14,0.1913380618853855,-0.05133806188538548,0.2109491001899993
18665,0.1,0.1606561860936211,-0.060656186093621084,0.21154799176409986
16815,0.56,0.5391046889526024,0.020895311047397613,0.20741635600275518
7214,0.45,0.48346350265347515,-0.03346350265347514,0.19181064469605208
19365,0.09,0.2958471400290659,-0.20584714002906593,0.2052306682997394
10057,0.027,0.06184143774664763,-0.034841437746647635,0.21385898695335417
12324,0.56,0.508740283181285,0.051259716818715106,0.20880657016264775
17398,0.32,0.3134615808986166,0.006538419101383419,0.198098746842747
15123,0.0571,0.07733350019960394,-0.020233500199603946,0.19411328103654832
17620,0.13,0.29634807029915317,-0.16634807029915316,0.21085586517959518
11771,0.65,0.5457339756697712,0.1042660243302288,0.21532454602947873
15136,0.0632,0.07050436500526064,-0.007304365005260632,0.18910615048402288
2531,0.0009,0.025871268163151606,-0.024971268163151605,0.21553609777164653
15279,0.05,0.14243658522652483,-0.09243658522652483,0.19666175758600252
18109,0.21,0.1936455720917143,0.0163544279082857,0.18746778258515845
15582,0.06,0.18925693408074604,-0.12925693408074604,0.21178364361970473
9628,0.03,0.16446569115226564,-0.13446569115226564,0.21281104258588873
9234,0.16,0.16599025792496266,-0.005990257924962661,0.18952479351260634
4538,0.53,0.5082827625264108,0.021717237473589224,0.21465659367722745
6032,0.81,0.7408481340295058,0.06915186597049428,0.19826071315981
19885,0.68,0.6581778425659944,0.021822157434005618,0.21071571758848626
9782,0.01,0.12540208702071393,-0.11540208702071393,0.1874910377346841
6474,0.8,0.7197652292105521,0.08023477078944796,0.21652883831844374
14524,0.54,0.45656202197495216,0.08343797802504788,0.20822813607382087
6104,0.02,0.09613832445362769,-0.07613832445362768,0.2096594307593632
17485,0.03,0.1984523002110742,-0.1684523002110742,0.20928381978784696
12348,0.75,0.6305958526671603,0.11940414733283966,0.19688784752077637
17993,0.688,0.6410593836274172,0.04694061637258273,0.20708151572763486
9516,0.035,0.09225443202830835,-0.05725443202830835,0.19375232399099765
14966,0.0486,0.12282562187185542,-0.07422562187185541,0.21300449193080576
15146,0.0197,0.0210627744503451,-0.0013627744503451021,0.19032872103249376
389,0.58,0.6194518993438702,-0.03945189934387028,0.18538105117246212
2042,0.03,0.11491838053378156,-0.08491838053378156,0.21021379702464058
7445,0.01,0.11386013581612844,-0.10386013581612845,0.21358270382490854
18176,0.34,0.2811561755607136,0.05884382443928643,0.21505832423984417
10471,0.501,0.2864264736543012,0.21457352634569882,0.19645051860002935
12346,0.15,0.2846613697305975,-0.13466136973059753,0.21540119841314148
18508,0.11,0.07983752926734927,0.03016247073265073,0.20983267742936065
482,0.56,0.3062281097147812,0.25377189028521885,0.1985551307945097
11634,0.038,0.07159029825888813,-0.03359029825888813,0.19638296025642804
6130,0.007,0.11299389241712199,-0.10599389241712198,0.18621383204236416
19745,0.28,0.3010292626261364,-0.021029262626136358,0.21478606235362338
15114,0.01,0.03003690281873317,-0.020036902818733167,0.20179673746471904
1825,0.19,0.23780416783671457,-0.04780416783671457,0.1972218487645914
17841,0.003,0.1116346083893563,-0.10863460838935629,0.19395635549376117
12742,0.04,0.21475445218220154,-0.17475445218220154,0.20973233739565933
19354,0.73,0.6028470250370226,0.1271529749629774,0.20731355011907973
77,0.08,0.13470798376261992,-0.05470798376261991,0.1983261669720157
529,0.18,0.29625491701316753,-0.11625491701316754,0.19533967689315682
1061,0.1,0.1496967775637329,-0.04969677756373289,0.215258628231495
5719,0.15,0.17921389133416965,-0.029213891334169656,0.21753472709453667
13075,0.5,0.3609977486348045,0.1390022513651955,0.21017729236079927
8018,0.49,0.4518851368407213,0.0381148631592787,0.21274816002525068
5832,0.447,0.3683491386805044,0.07865086131949561,0.18255591074882593
5657,0.18,0.3886878531447643,-0.2086878531447643,0.19690124990765326
10180,0.00275,0.17117180447136698,-0.16842180447136698,0.21147324589298822
7804,0.02,0.14184082943292226,-0.12184082943292225,0.20720730706673468
3974,0.35,0.316117321861156,0.03388267813884399,0.2099182063550946
3402,0.23,0.2535750784475758,-0.02357507844757581,0.2119399017702905
9685,0.76,0.6666462467282144,0.09335375327178563,0.21155743652220943
7725,0.58,0.5586785265356451,0.021321473464354868,0.19455270695784274
4790,0.55,0.5049450843564768,0.04505491564352326,0.18065182906241462
401,0.64,0.5571174416048746,0.08288255839512537,0.20570361848203225
8197,0.89,0.8059784309891767,0.08402156901082336,0.1952877185765167
7402,0.77,0.7291305070882961,0.04086949291170394,0.20475906928537055
4527,0.5,0.5850078344558789,-0.0850078344558789,0.19701102366689635
11650,0.4,0.3312416916526211,0.06875830834737895,0.1934833455018749
17774,0.99,0.8098306100410213,0.1801693899589787,0.21199131837869112
19336,0.04,0.07935867010375514,-0.039358670103755135,0.19832455551338807
1900,0.8,0.7222095493154737,0.07779045068452639,0.19850199797079418
2855,0.45,0.443761133665009,0.006238866334990989,0.17443379743231532
18625,0.8,0.6899014643822943,0.11009853561770577,0.21227023049062999
6600,0.62,0.5777689603496519,0.042231039650348134,0.21171532003468682
3992,0.291,0.26938763646993746,0.021612363530062517,0.21089068234402655
6074,0.028,0.20911224957656305,-0.18111224957656305,0.21086339354885442
16680,0.0032,0.06795478793566295,-0.06475478793566296,0.20920821617777013
6187,0.21,0.3284388971636619,-0.11843889716366193,0.21506361998209245
15306,0.34,0.3611128906334477,-0.02111289063344768,0.20593077855453562
4500,0.144,0.20265931481950408,-0.058659314819504094,0.21450676476249078
8701,0.48,0.3712631643649582,0.10873683563504177,0.19525961281327872
12894,0.622,0.5761081788792881,0.045891821120711884,0.2160894644372023
4920,0.46,0.4447095591672613,0.015290440832738728,0.2173304576318426
16591,0.2,0.2191177852466456,-0.01911778524664559,0.21787424288570356
464,0.12,0.23102050035797672,-0.11102050035797673,0.2170798521973359
16952,0.806,0.62449129118419,0.18150870881581005,0.1859584222372651
15442,0.153,0.3133801170356144,-0.16038011703561442,0.21332105028606455
3437,0.94,0.840848468609227,0.09915153139077293,0.18419654114506867
1446,0.4,0.24202118526593647,0.15797881473406356,0.1922053520366324
501,0.24,0.33061959131845603,-0.09061959131845604,0.20991640217568597
12220,0.53,0.568274879414913,-0.03827487941491292,0.1836096301543139
8493,0.0056,0.15628991427354474,-0.15068991427354475,0.21259820381331462
6113,0.05,0.24160250158283808,-0.1916025015828381,0.20448546123274916
6933,0.819,0.8597379107539636,-0.0407379107539636,0.188254754037336
4281,0.06,0.11997915423002306,-0.05997915423002306,0.19688226062464922
12365,0.35,0.4729672752598001,-0.12296727525980011,0.20984130657233893
13708,0.14,0.1813610921244075,-0.0413610921244075,0.21749000194020848
6437,0.02,0.2501954113540026,-0.2301954113540026,0.19597160854003345
16588,0.01,0.11014811105210101,-0.10014811105210102,0.2184877313778266
19594,0.00173,0.07196929481255954,-0.07023929481255954,0.21149541680855954
17308,0.68,0.6133942451452497,0.0666057548547504,0.21497850731118662
6858,0.52,0.47018431897751023,0.04981568102248979,0.2082147591087693
157,0.07,0.12924337453065118,-0.05924337453065118,0.18852975119675705
19932,0.85,0.6791180525231357,0.17088194747686425,0.2157617065792773
10054,0.048,0.06165403358780197,-0.01365403358780197,0.20595865319111586
410,0.68,0.5622992339064348,0.11770076609356528,0.21068475175357476
3017,0.63,0.5533308203073868,0.07666917969261322,0.219065614102105
10586,0.03,0.10897952946565834,-0.07897952946565834,0.19553843144750416
19843,0.05,0.47564401957514124,-0.42564401957514125,0.1973378146470025
4268,0.32,0.33812682660641763,-0.018126826606417623,0.21548651445058262
377,0.0538,0.1545519982666395,-0.10075199826663951,0.2123226582539237
5041,0.21,0.23357673859918812,-0.02357673859918813,0.19490321169955635
17404,0.39,0.38507705225369016,0.004922947746309858,0.21755439174216468
12665,0.44,0.5261435225609443,-0.08614352256094432,0.18205676085590797
4464,0.25,0.21319292555587527,0.03680707444412473,0.20348369561273122
11919,0.002,0.04017677727817337,-0.03817677727817337,0.20053290316622285
19082,0.67,0.5927542121858345,0.07724578781416558,0.21561574459008037
1112,0.36,0.3907275048239788,-0.03072750482397879,0.19622976744834078
4897,0.7,0.5913418046754442,0.10865819532455578,0.21510536972035685
3832,0.53,0.5484066485110387,-0.01840664851103868,0.1972467034065491
9513,0.15,0.09225443202830835,0.05774556797169164,0.19375232399099765
3323,0.01,0.12612216989395406,-0.11612216989395406,0.21718159411600219
17422,0.88,0.7504156327746686,0.1295843672253314,0.21903547432308523
5591,0.05,0.09804967985438823,-0.048049679854388225,0.19706348802061666
1019,0.014,0.06416153930066526,-0.05016153930066526,0.19747386244428078
9610,0.003,0.03650683872820798,-0.03350683872820798,0.18755471991692396
6978,0.704,0.4923265900831574,0.21167340991684258,0.20907416124387082
13379,0.28,0.3462966951624232,-0.06629669516242315,0.19354195029476393
16161,0.67,0.6643851368488163,0.005614863151183758,0.2128738294650783
19901,0.83,0.6845562194309607,0.14544378056903928,0.21547704536481926
639,0.0046,0.06574140798541167,-0.06114140798541167,0.21657445813432755
18949,0.186,0.22418800729522614,-0.038188007295226145,0.21775145696435216
2620,0.021,0.0829211035811544,-0.061921103581154394,0.20705637957899736
2441,0.001,0.08276052237429077,-0.08176052237429077,0.21071256735152624
19228,0.02,0.11778436301269893,-0.09778436301269892,0.21554500117021377
8064,0.007,0.06950433274998785,-0.06250433274998785,0.18362326770142942
965,0.027,0.06291145521747382,-0.035911455217473826,0.18295485469089037
2247,0.1,0.2070886113729719,-0.1070886113729719,0.21151575456171842
10785,0.036,0.06301918306991205,-0.027019183069912057,0.18365337678777247
5139,0.4,0.319486720850407,0.080513279149593,0.18062518507668787
2777,0.74,0.6379928636086011,0.10200713639139891,0.21938094444438105
17560,0.53,0.47636054500496783,0.0536394549950322,0.19593825133122278
15503,0.33,0.34636739053935656,-0.01636739053935654,0.21820182064375282
9295,0.14,0.16549129597668685,-0.02549129597668684,0.19574454716518072
19063,0.68,0.5563904252096472,0.12360957479035284,0.21212923281259144
9434,0.012,0.02275123654912392,-0.01075123654912392,0.1828674412370434
4501,0.148,0.19985533170062628,-0.051855331700626284,0.21071607859813818
5527,0.24,0.20186746747734888,0.038132532522651114,0.20416050023595053
5542,0.27,0.26112359434210186,0.008876405657898156,0.20671788185126933
10443,0.77,0.7266747702171776,0.04332522978282238,0.1874876443377136
8229,0.33,0.3427084979564807,-0.012708497956480658,0.2104355917148037
18380,0.2,0.26510986378302465,-0.06510986378302464,0.19514480250581176
5517,0.019,0.08158227754319874,-0.06258227754319874,0.18372060563647252
7206,0.49,0.4915380709688531,-0.0015380709688531113,0.21498321628066436
6914,0.824,0.771512002252504,0.05248799774749591,0.18415193669310836
11398,0.055,0.0957772215364262,-0.040777221536426204,0.19747410080435188
12185,0.001,0.0286687128676269,-0.0276687128676269,0.19558885989233174
13845,0.26,0.26175895405538946,-0.00175895405538945,0.19605343948322507
17936,0.025,0.11171017334973887,-0.08671017334973888,0.2181048870380153
3194,0.98,0.7678281689250628,0.2121718310749372,0.21088279132934382
2089,0.00013,0.08815529963466501,-0.088025299634665,0.2182441020372191
2255,1.0,0.8033746784994888,0.19662532150051115,0.21443178302379856
13313,0.33,0.32083402561086016,0.009165974389139853,0.21420227957637775
12784,0.478,0.40807354784959116,0.06992645215040882,0.2071904204389491
3081,0.5,0.39424181479529613,0.10575818520470387,0.20148479960370108
9715,0.004,0.010989163773659882,-0.006989163773659882,0.20968032406202344
8775,0.35,0.2139624412867645,0.13603755871323547,0.18279611867820642
3360,0.01,0.06698824382406149,-0.05698824382406149,0.2153340985481338
5651,0.65,0.3886878531447643,0.26131214685523574,0.19690124990765326
2759,0.218,0.22834128630541567,-0.01034128630541567,0.21055796931365428
16845,0.81,0.6499233412372347,0.16007665876276533,0.18235049837244743
19719,0.46,0.4331380459360318,0.02686195406396824,0.19111964637293027
1628,0.064,0.2721848661774257,-0.2081848661774257,0.20722973346700402
4596,0.26,0.25098990116832265,0.00901009883167736,0.20981295182074283
7091,0.44,0.24868356444367146,0.19131643555632855,0.1892115639889142
14249,0.55,0.42784966461391405,0.122150335386086,0.18368626345035924
18890,0.27,0.2858479964554416,-0.015847996455441604,0.19742159931020484
5251,0.78,0.580836907567312,0.19916309243268804,0.20450482804596345
19947,0.637,0.5785402132874349,0.05845978671256513,0.20891107176844592
8785,0.076,0.2139624412867645,-0.1379624412867645,0.18279611867820642
12488,0.84,0.679588507070175,0.16041149292982493,0.2123577865004913
9710,0.013,0.028110540807554985,-0.015110540807554985,0.2077957540989491
18183,0.05,0.056833969823333386,-0.006833969823333383,0.20155593620510676
9624,0.041,0.140338369762607,-0.09933836976260699,0.21462664249580463
11860,0.03,0.09254380817766367,-0.06254380817766367,0.21136102222054623
13389,0.71,0.6147953914998376,0.09520460850016232,0.2105354343830588
14217,0.4,0.3369931642292498,0.06300683577075022,0.20984628940680253
18066,0.19,0.19780161293140233,-0.00780161293140233,0.2135702688687627
2486,0.7,0.5577155303007486,0.14228446969925135,0.21161494424053712
17395,0.4,0.3620631097737664,0.037936890226233644,0.1950929142093438
17733,0.09,0.4152869333313226,-0.32528693333132264,0.1998724952763518
4942,0.56,0.4540837616009432,0.10591623839905684,0.20686840316021118
3857,0.001,0.045873393127724205,-0.044873393127724204,0.19461706961242115
3071,0.51,0.47222322705560094,0.03777677294439907,0.21244722742000963
13205,0.491,0.41631208900701927,0.07468791099298072,0.20021678657739572
19235,0.75,0.6552578031897239,0.09474219681027607,0.21458518435583981
10463,0.424,0.3555972302166233,0.06840276978337667,0.21690417379996235
13210,0.265,0.38882894537853935,-0.12382894537853933,0.19242712596342815
19683,0.22,0.29798341177799315,-0.07798341177799314,0.2069551486431754
2867,0.6,0.443761133665009,0.15623886633499096,0.17443379743231532
5044,0.01,0.23357673859918812,-0.2235767385991881,0.19490321169955635
13029,0.004,0.04289801635370377,-0.03889801635370377,0.2016972859505663
8054,0.87,0.6777356010113933,0.1922643989886067,0.21050599726606833
14874,0.27,0.2825400054685343,-0.012540005468534288,0.21782318470441484
4346,0.72,0.32658467952044473,0.39341532047955524,0.19549520633494813
11865,0.03,0.1394676263905581,-0.1094676263905581,0.21427730564031355
1122,0.4,0.3907275048239788,0.009272495176021245,0.19622976744834078
8757,0.089,0.10205125125971515,-0.013051251259715152,0.18648587732564864
12194,0.0051,0.05078188393312494,-0.04568188393312494,0.18951507623599712
5314,0.37,0.2974840729705555,0.07251592702944448,0.19486894925407985
6022,0.38,0.36224510232830015,0.017754897671699854,0.20496621262025425
15845,0.74,0.6357903210890141,0.10420967891098587,0.2045169207692058
17390,0.32,0.38450868516900355,-0.06450868516900354,0.18784075022851246
2451,0.46,0.36497687018380875,0.09502312981619127,0.18479044117732327
17511,0.51,0.5359170920714607,-0.025917092071460646,0.19475212607611794
1461,0.02,0.23446067403425047,-0.21446067403425048,0.19474521433085243
13169,0.43,0.4190499951636092,0.010950004836390803,0.20930499279435136
17583,0.002,0.06626975870471041,-0.06426975870471041,0.1861332448576761
3099,0.55,0.6559350283190533,-0.10593502831905321,0.17724857040248262
10159,0.02,0.11259151351138896,-0.09259151351138896,0.21824477022522615
7522,0.65,0.562557876551895,0.08744212344810498,0.21238067382004486
1204,0.22,0.24748563577594695,-0.027485635775946954,0.21303034306864901
10857,0.009,0.33638753992379106,-0.32738753992379105,0.1910329599459301
14148,0.37,0.383394179428509,-0.013394179428509012,0.18148546033238694
20030,0.52,0.4700281141815041,0.04997188581849593,0.21810422245885827
11056,0.65,0.5974692244304232,0.05253077556957686,0.21700175315387626
4552,0.57,0.4326157354912635,0.13738426450873648,0.1964169333435306
7426,0.65,0.6116519721150337,0.038348027884966274,0.19723201636180937
10794,0.025,0.06301918306991205,-0.03801918306991205,0.18365337678777247
19335,0.02,0.07935867010375514,-0.05935867010375513,0.19832455551338807
1185,0.18,0.31210065668994935,-0.13210065668994936,0.2096309762132141
12420,0.12,0.28544360610840297,-0.16544360610840297,0.21147039333784892
5032,0.95,0.7674649995121123,0.18253500048788762,0.21885604590653965
3454,0.022,0.13946220899670894,-0.11746220899670895,0.20800167696462468
7995,0.43,0.40083739607278246,0.029162603927217534,0.19510014870563083
17103,0.145,0.3201229709445695,-0.1751229709445695,0.2121509048405512
13929,0.08,0.155730972628499,-0.075730972628499,0.1975640539181926
9771,0.17,0.1708839859344952,-0.0008839859344951795,0.20966041005158653
1211,0.94,0.6580665883273074,0.2819334116726926,0.19368588543083198
2010,0.5,0.4765007571496771,0.0234992428503229,0.2151237169752203
17839,0.004,0.1116346083893563,-0.10763460838935629,0.19395635549376117
78,0.69,0.41878571781634955,0.2712142821836504,0.19774409984047908
933,0.855,0.6880389599852721,0.1669610400147279,0.21354583909501682
9944,0.0009,0.04343991984994261,-0.04253991984994261,0.20174483271041665
13312,0.42,0.3648689910934566,0.05513100890654338,0.21057688225084398
13554,0.0019,0.08660020298709586,-0.08470020298709587,0.19049414945206647
810,0.46,0.3891861644119188,0.07081383558808124,0.2008112721544812
17817,0.34,0.4094066652872533,-0.06940666528725326,0.1867269130716337
1541,0.002,0.09574116351444606,-0.09374116351444606,0.20768535309511432
10798,0.029,0.07488494163271087,-0.04588494163271087,0.1950050666238169
3655,0.16,0.18554342613839983,-0.025543426138399827,0.21121244016303006
6778,0.457,0.5202701531864357,-0.06327015318643564,0.21387327085233357
11959,0.0054,0.03749816835254899,-0.032098168352548986,0.18571220679899456
5323,0.047,0.1031822270904652,-0.056182227090465206,0.2116654293236464
15056,0.56,0.48737574519484816,0.07262425480515189,0.20936158964572685
5230,0.049,0.12023606472267867,-0.07123606472267867,0.21571210540294786
4644,0.131,0.19538002603923493,-0.06438002603923493,0.21469075261572804
6703,0.6,0.4982722413779136,0.10172775862208638,0.20928640041691013
13755,0.57,0.47611838713910226,0.09388161286089769,0.19321290276094433
19850,0.99,0.8496635496996292,0.14033645030037079,0.20546153664840278
4468,0.09,0.13069738867460298,-0.040697388674602986,0.21081878051256936
2607,0.54,0.48555602074946813,0.054443979250531904,0.21568882452325694
13625,0.1,0.20598369543820522,-0.10598369543820521,0.2051440442385472
16844,0.79,0.6499233412372347,0.14007665876276532,0.18235049837244743
1822,0.24,0.27444237340307054,-0.03444237340307055,0.2129424741561998
16556,0.075,0.17737351710017066,-0.10237351710017066,0.21660888306464035
9194,0.46,0.41885885314810056,0.04114114685189946,0.21387249776573325
2849,0.03,0.443761133665009,-0.413761133665009,0.17443379743231532
14788,0.01,0.08456958148407612,-0.07456958148407612,0.2095709246388501
19017,0.88,0.8181088913326864,0.06189110866731362,0.20398777129916842
9605,0.002,0.03650683872820798,-0.03450683872820798,0.18755471991692396
11711,0.16,0.24882878853579338,-0.08882878853579337,0.2151583717889464
15129,0.0846,0.08184658156474506,0.002753418435254937,0.1997530080427645
5779,0.072,0.10771742334586429,-0.035717423345864294,0.21768627686621161
643,0.15,0.20214873159274296,-0.05214873159274297,0.21936926522315958
19938,0.8,0.6494609517454997,0.15053904825450037,0.21572953012146082
11546,0.33,0.3411155117501326,-0.01111551175013259,0.1955098145973054
15378,0.58,0.49259564988786764,0.08740435011213232,0.20969928386661627
8404,0.67,0.565410094993279,0.10458990500672105,0.20860109516816489
15965,0.9,0.7631121325372342,0.13688786746276582,0.21372259763522491
18163,0.13,0.1281377259851439,0.0018622740148561134,0.19513944537507785
4570,0.09,0.08888755793014019,0.0011124420698598037,0.1805269556744945
8333,0.005,0.10743033056023521,-0.1024303305602352,0.21314639295740875
13190,0.13,0.14259674023932825,-0.012596740239328247,0.21026306568975955
495,0.18,0.21874906972156055,-0.03874906972156056,0.21902189091387242
19859,0.99,0.8946028562242534,0.0953971437757466,0.19324421172397538
5237,0.116,0.1578078341970483,-0.041807834197048296,0.2160083566518979
11981,0.053,0.08758082974560666,-0.03458082974560666,0.20911176792811847
1824,0.23,0.23780416783671457,-0.0078041678367145595,0.1972218487645914
4087,0.85,0.8542071385559213,-0.004207138555921364,0.18378002106530528
15933,0.71,0.6054973473796459,0.10450265262035408,0.21483868812406184
11742,0.16,0.185240759376031,-0.025240759376030986,0.21701504801313445
2960,0.027,0.06033794509881607,-0.033337945098816074,0.20844312682709154
18658,0.14,0.2287810746891598,-0.0887810746891598,0.20988133357393576
17784,0.99,0.566367245917693,0.42363275408230694,0.19070139865273555
19579,0.00154,0.13527564088990726,-0.13373564088990725,0.2158948525423992
931,0.01,0.0769006172147535,-0.0669006172147535,0.217202446870041
9421,0.0028,0.08758535827665348,-0.08478535827665348,0.21760471338936438
3567,0.029,0.1689272820988896,-0.1399272820988896,0.2132036491569061
4392,0.67,0.5961187179329349,0.07388128206706512,0.17675392703041912
8360,0.348,0.18158410854094353,0.16641589145905644,0.19782071487138372
3358,0.001,0.11063419390285689,-0.10963419390285689,0.21293716675244753
5115,0.59,0.725084828762637,-0.13508482876263705,0.18287291948852022
10354,0.09,0.14249538807925977,-0.05249538807925977,0.2160973438975381
17513,0.75,0.6838989511277392,0.06610104887226076,0.19512336888531048
16198,0.336,0.3832133667075867,-0.04721336670758669,0.20880921096817884
4632,0.16,0.1245946093064079,0.03540539069359211,0.19633854423904937
19595,0.00044,0.05899487847989476,-0.05855487847989476,0.21194045121058597
7651,0.04,0.2742274711972568,-0.23422747119725681,0.205344758089007
7417,0.78,0.7020167579898688,0.07798324201013118,0.20853363175115072
17514,0.79,0.6838989511277392,0.1061010488722608,0.19512336888531048
6177,0.59,0.597578264555842,-0.007578264555841985,0.1800688959338891
2387,0.42,0.4248355591319793,-0.004835559131979306,0.1984246866955285
2414,0.03,0.09558086094040841,-0.06558086094040841,0.194458708635911
12242,0.0137,0.10197025626013015,-0.08827025626013014,0.2110150032940389
4578,0.0066,0.08888755793014019,-0.0822875579301402,0.1805269556744945
9237,0.14,0.16599025792496266,-0.02599025792496265,0.18952479351260634
12357,0.29,0.2969056104584968,-0.0069056104584968026,0.1936798676816546
11547,0.34,0.3411155117501326,-0.0011155117501325806,0.1955098145973054
5905,0.65,0.5226013089972779,0.12739869100272216,0.21405963830507196
11559,0.94,0.7897854905200403,0.15021450947995962,0.21750811389367167
12927,0.18,0.16792495828927698,0.012075041710723017,0.2125816476577799
14139,0.42,0.3843845290692398,0.035615470930760174,0.18105206317776526
19411,0.33,0.34235426574783506,-0.012354265747835047,0.21908134984696961
6661,0.72,0.6535224509031485,0.06647754909685144,0.21246885888592085
10187,0.036,0.20895502469564803,-0.17295502469564802,0.19934106775814128
1254,0.018,0.25234381668940997,-0.23434381668940998,0.19380098019956482
113,0.35,0.37589216366762,-0.02589216366762004,0.20897208385309007
13972,0.55,0.4507982869417094,0.09920171305829062,0.21155047651384298
13302,0.11,0.23255722375846594,-0.12255722375846594,0.19289627272432922
1592,0.607,0.5006436061518637,0.10635639384813633,0.20824536262924712
19143,0.06,0.17926166217133907,-0.11926166217133907,0.21307553457127865
3757,0.53,0.5117015740358956,0.01829842596410447,0.21366900191390586
3511,0.066,0.05937404147661657,0.006625958523383435,0.19673193089097626
18891,0.33,0.2858479964554416,0.044152003544558394,0.19742159931020484
18355,0.0018,0.16895187126021383,-0.16715187126021383,0.2105399783486382
12193,0.063,0.05078188393312494,0.012218116066875062,0.18951507623599712
12722,0.01,0.11442662123761863,-0.10442662123761863,0.21787209088341
18844,0.86,0.7076376521225616,0.1523623478774384,0.21669967731967907
9658,0.076,0.05714710873473605,0.018852891265263946,0.18399078714673642
19948,0.638,0.593626117822061,0.04437388217793903,0.20967491849335515
3544,0.96,0.7131166508956146,0.24688334910438536,0.20018443952509102
15956,0.63,0.5796156967541068,0.05038430324589316,0.2178956731730093
17431,0.75,0.6878092755097557,0.06219072449024432,0.2084073675267453
5073,0.1,0.11795728728751165,-0.017957287287511642,0.21082734631593586
644,0.15,0.19851901651826964,-0.04851901651826965,0.2193063790086942
13739,0.5,0.4695353296672595,0.030464670332740473,0.1977828278941598
1593,0.113,0.21791731159322741,-0.10491731159322741,0.2108895300454579
