Tag,std_of_estimated_y
1,0.26611511481507855
2,0.27409816685341215
3,0.31831010587379105
4,0.2786788168540615
5,0.2786788168540615
6,0.2212932977139204
7,0.2212932977139204
8,0.2212932977139204
9,0.2212932977139204
10,0.2212932977139204
11,0.25285511749005096
12,0.25285511749005096
13,0.25285511749005096
14,0.25285511749005096
15,0.25285511749005096
16,0.2617893359771772
17,0.2617893359771772
18,0.2617893359771772
19,0.2617893359771772
20,0.27063873058087
21,0.27063873058087
22,0.27063873058087
23,0.27063873058087
24,0.27063873058087
25,0.2603596871700359
26,0.2603596871700359
27,0.2603596871700359
28,0.21095361395644432
29,0.2081128243039369
30,0.2517308127708767
31,0.2475526732059114
32,0.22602792352051812
33,0.27667329200912383
34,0.3034284800517644
35,0.28743121999299015
36,0.19622976744834078
37,0.3034284800517644
38,0.27667329200912383
39,0.28743121999299015
40,0.28916953106638255
41,0.19622976744834078
42,0.3034284800517644
43,0.28743121999299015
44,0.28916953106638255
45,0.3034284800517644
46,0.28743121999299015
47,0.19622976744834078
48,0.3034284800517644
49,0.27667329200912383
50,0.28743121999299015
51,0.28916953106638255
52,0.19622976744834078
53,0.3034284800517644
54,0.27667329200912383
55,0.28743121999299015
56,0.28916953106638255
57,0.19622976744834078
58,0.3034284800517644
59,0.27667329200912383
60,0.28743121999299015
61,0.28916953106638255
62,0.19622976744834078
63,0.3034284800517644
64,0.27667329200912383
65,0.28743121999299015
66,0.28916953106638255
67,0.19622976744834078
68,0.3034284800517644
69,0.27667329200912383
70,0.28743121999299015
71,0.28916953106638255
84,0.19368588543083198
85,0.19368588543083198
86,0.19368588543083198
87,0.19368588543083198
88,0.19368588543083198
89,0.19368588543083198
90,0.19368588543083198
91,0.19368588543083198
92,0.27304989330492113
93,0.27304989330492113
94,0.27304989330492113
95,0.27304989330492113
96,0.27304989330492113
97,0.27304989330492113
100,0.2599499967632427
101,0.26313379293030775
102,0.26751330344111346
103,0.27244697102246573
105,0.27542743884624254
106,0.2894289276309368
109,0.26658089943941726
110,0.26334948513866985
118,0.1984377807757337
120,0.1984377807757337
123,0.1984377807757337
164,0.2893528624163788
165,0.299011940629431
166,0.2893528624163788
167,0.299011940629431
168,0.2893528624163788
169,0.299011940629431
170,0.3252878215652796
171,0.3252716676517326
172,0.3253181502156987
173,0.3250958917963005
174,0.3140287877844015
175,0.3250576459088249
176,0.3250590758860571
177,0.32512249137047355
178,0.30263724537282705
179,0.25141804331956646
180,0.3232647733383488
181,0.32077757408314167
182,0.32503268104043775
183,0.2081128243039369
184,0.30939587380790506
186,0.30872415199738423
187,0.29764317263654955
188,0.32514971176902313
189,0.2935617600584788
190,0.2360076145579562
191,0.261598979289278
192,0.28882767301195
193,0.2974549020560048
194,0.29027612734945535
195,0.21969771100258617
196,0.21969771100258617
197,0.24118754976888518
198,0.24118754976888518
199,0.23385125553565117
200,0.23385125553565117
201,0.2511870310336896
202,0.3174775736806117
203,0.3174775736806117
204,0.24322542285849896
205,0.2360076145579562
206,0.2360076145579562
207,0.26799354188485647
208,0.19622976744834078
209,0.19622976744834078
210,0.30659799177846836
211,0.3253096905752849
212,0.30019895291004584
213,0.261598979289278
214,0.2653786064290278
215,0.26407422525600355
216,0.26436539038894846
217,0.2643532348287058
218,0.2644522944804658
219,0.2638071018603814
220,0.2653786064290278
221,0.26407422525600355
222,0.26436539038894846
223,0.2643532348287058
224,0.2644522944804658
225,0.2638071018603814
226,0.2653786064290278
227,0.26407422525600355
228,0.26436539038894846
229,0.2643532348287058
230,0.2644522944804658
231,0.2638071018603814
232,0.2653786064290278
233,0.26407422525600355
234,0.26436539038894846
235,0.2643532348287058
236,0.2644522944804658
237,0.2638071018603814
238,0.2653786064290278
239,0.26407422525600355
240,0.26436539038894846
241,0.2643532348287058
242,0.2644522944804658
243,0.2638071018603814
244,0.2653786064290278
245,0.26407422525600355
246,0.26436539038894846
247,0.2643532348287058
248,0.2644522944804658
249,0.2638071018603814
250,0.2653786064290278
251,0.26407422525600355
252,0.26436539038894846
253,0.2643532348287058
254,0.2644522944804658
255,0.2638071018603814
256,0.26436539038894846
257,0.2643532348287058
258,0.2644522944804658
259,0.2638071018603814
260,0.2653786064290278
261,0.26407422525600355
262,0.26436539038894846
263,0.2643532348287058
264,0.2644522944804658
265,0.2638071018603814
266,0.2644522944804658
267,0.2653786064290278
268,0.26407422525600355
269,0.26436539038894846
270,0.2643532348287058
271,0.2644522944804658
272,0.2638071018603814
273,0.26436539038894846
274,0.2643532348287058
275,0.2644522944804658
276,0.2638071018603814
277,0.18711738298568256
278,0.18711738298568256
279,0.18711738298568256
280,0.18711738298568256
281,0.18711738298568256
282,0.18711738298568256
283,0.18711738298568256
284,0.18711738298568256
285,0.18711738298568256
286,0.18711738298568256
287,0.18711738298568256
288,0.18711738298568256
289,0.18711738298568256
290,0.18711738298568256
291,0.18711738298568256
292,0.18711738298568256
293,0.18711738298568256
294,0.18711738298568256
295,0.25896113456561837
296,0.25896113456561837
297,0.25896113456561837
298,0.25896113456561837
299,0.25896113456561837
300,0.25896113456561837
301,0.25896113456561837
302,0.25896113456561837
303,0.25896113456561837
304,0.2838112180142351
305,0.2838112180142351
306,0.2838112180142351
307,0.2838112180142351
308,0.2838112180142351
315,0.2640352573861111
316,0.2640352573861111
317,0.2640352573861111
318,0.2640352573861111
319,0.2670889786533193
320,0.2670889786533193
321,0.2670889786533193
322,0.2670889786533193
323,0.26184425135379436
324,0.26184425135379436
325,0.26184425135379436
326,0.2640352573861111
327,0.2670889786533193
328,0.26184425135379436
329,0.291185926646061
330,0.307746409162409
331,0.307746409162409
332,0.307746409162409
333,0.307746409162409
334,0.307746409162409
335,0.307746409162409
336,0.307746409162409
337,0.307746409162409
338,0.307746409162409
339,0.307746409162409
340,0.307746409162409
341,0.307746409162409
342,0.307746409162409
343,0.307746409162409
344,0.307746409162409
345,0.307746409162409
346,0.307746409162409
347,0.307746409162409
359,0.19465859228909205
360,0.19465859228909205
366,0.2527455940791145
368,0.2527455940791145
373,0.21165545625669016
374,0.21165545625669016
375,0.21165545625669016
379,0.2123226582539237
380,0.2123226582539237
381,0.2123226582539237
382,0.2123226582539237
455,0.1935185192424673
456,0.20866841951546236
457,0.26134265103914484
458,0.27071683449215583
459,0.25374659119784093
460,0.2430396399630647
508,0.28513404952256144
511,0.26072707032341297
516,0.26072707032341297
521,0.26072707032341297
526,0.26072707032341297
543,0.2478125022144973
544,0.2478125022144973
545,0.2478125022144973
547,0.24912983656446455
548,0.24912983656446455
561,0.190929367924696
562,0.2139831380021997
563,0.2394467004913186
564,0.2688716406555541
565,0.20398743336672065
566,0.20098574004189995
567,0.23963920648665582
568,0.24912983656446455
569,0.26947550586949753
570,0.2025616438747699
571,0.25806135032242306
572,0.27157348616022814
573,0.2833827394385395
574,0.2581327031513392
575,0.26962480457516663
576,0.28397026123956054
577,0.24412956817746437
578,0.24516267568844102
579,0.25426062501302604
580,0.2581327031513392
581,0.2581327031513392
582,0.2581327031513392
583,0.2581327031513392
584,0.2581327031513392
585,0.2599416853898605
586,0.2599416853898605
587,0.2599416853898605
654,0.26168449597472015
655,0.26168449597472015
656,0.26168449597472015
657,0.26168449597472015
658,0.26168449597472015
659,0.26168449597472015
660,0.26168449597472015
661,0.26168449597472015
662,0.2689353103459432
663,0.2689353103459432
665,0.2689353103459432
666,0.2689353103459432
667,0.2689353103459432
668,0.2689353103459432
669,0.2689353103459432
670,0.2699801984877353
672,0.2699801984877353
673,0.2699801984877353
674,0.2699801984877353
675,0.2699801984877353
676,0.2699801984877353
677,0.2699801984877353
678,0.27565070704148376
679,0.27565070704148376
681,0.27565070704148376
682,0.27565070704148376
683,0.27565070704148376
684,0.27565070704148376
685,0.27565070704148376
686,0.26094810639627264
687,0.26094810639627264
688,0.26094810639627264
689,0.26094810639627264
690,0.26094810639627264
691,0.26094810639627264
692,0.26094810639627264
693,0.26094810639627264
694,0.26094810639627264
695,0.26094810639627264
696,0.32301086809061097
697,0.32301086809061097
698,0.32301086809061097
699,0.32301086809061097
700,0.32301086809061097
701,0.32301086809061097
702,0.32301086809061097
703,0.32301086809061097
704,0.32301086809061097
705,0.32301086809061097
706,0.3132174535982053
707,0.3132174535982053
708,0.3132174535982053
709,0.3132174535982053
710,0.3132174535982053
711,0.3132174535982053
712,0.3132174535982053
713,0.3132174535982053
714,0.3132174535982053
715,0.3132174535982053
716,0.3252178807318126
717,0.3252178807318126
718,0.3252178807318126
719,0.3252178807318126
720,0.3252178807318126
721,0.3252178807318126
722,0.3252178807318126
723,0.3252178807318126
724,0.3252178807318126
725,0.3252178807318126
726,0.3252178807318126
727,0.3252178807318126
728,0.3252178807318126
729,0.3252178807318126
744,0.2617893359771772
745,0.2617893359771772
746,0.2617893359771772
747,0.2617893359771772
748,0.2617893359771772
749,0.27063873058087
750,0.27063873058087
751,0.27063873058087
752,0.27063873058087
753,0.27063873058087
760,0.24695746488997825
777,0.19811570717827884
908,0.2212932977139204
909,0.23893291298044292
986,0.28444047301585224
987,0.28444047301585224
989,0.28444047301585224
990,0.28444047301585224
991,0.28444047301585224
1027,0.27617991832801614
1028,0.27617991832801614
1057,0.28471758329284336
1072,0.27963243158092704
1073,0.27963243158092704
1074,0.27963243158092704
1075,0.27963243158092704
1076,0.27963243158092704
1077,0.27963243158092704
1078,0.27963243158092704
1079,0.27963243158092704
1090,0.19595828762977488
1175,0.29174952458820613
1193,0.2807026374590396
1196,0.28331695322529393
1197,0.2831165671356796
1200,0.2905830905394843
1203,0.29397327393489275
1232,0.25265017507375365
1233,0.25265017507375365
1234,0.25768610375602224
1235,0.25768610375602224
1236,0.25813394520516747
1237,0.25813394520516747
1238,0.27884007349392603
1239,0.27884007349392603
1240,0.2949580274555094
1241,0.2949580274555094
1242,0.2796017791919864
1243,0.2796017791919864
1244,0.26463356924145165
1245,0.26463356924145165
1246,0.26613852123339604
1247,0.26613852123339604
1248,0.2797943432399043
1249,0.2797943432399043
1250,0.29152068983343776
1251,0.29152068983343776
1252,0.2886060631598081
1253,0.2886060631598081
1260,0.20690113939305363
1262,0.2607313637650592
1263,0.2607313637650592
1264,0.2607313637650592
1295,0.2787031598791669
1296,0.29622204203089547
1297,0.21540192277449335
1298,0.2860102809539153
1300,0.3109768229490937
1301,0.3109768229490937
1302,0.3109768229490937
1361,0.3232790845287845
1362,0.3239440088066712
1363,0.3253416655516072
1364,0.32375086337162684
1365,0.3244618575267778
1366,0.3240952198619135
1367,0.32458911582597505
1368,0.3237614151303051
1369,0.3232790845287845
1370,0.3239440088066712
1371,0.3253416655516072
1372,0.32375086337162684
1373,0.3244618575267778
1374,0.3240952198619135
1375,0.32458911582597505
1376,0.3237614151303051
1377,0.3232790845287845
1378,0.3239440088066712
1379,0.3253416655516072
1380,0.32375086337162684
1381,0.3244618575267778
1382,0.3240952198619135
1383,0.32458911582597505
1384,0.3237614151303051
1385,0.3232790845287845
1386,0.3239440088066712
1387,0.3253416655516072
1388,0.32375086337162684
1389,0.3244618575267778
1390,0.3240952198619135
1391,0.32458911582597505
1392,0.3237614151303051
1393,0.3232790845287845
1394,0.3239440088066712
1395,0.3253416655516072
1396,0.32375086337162684
1397,0.3244618575267778
1398,0.3240952198619135
1399,0.32458911582597505
1400,0.3237614151303051
1401,0.3232790845287845
1402,0.3239440088066712
1403,0.3253416655516072
1404,0.32375086337162684
1405,0.3244618575267778
1406,0.3240952198619135
1407,0.32458911582597505
1408,0.3237614151303051
1417,0.3232790845287845
1418,0.3239440088066712
1419,0.3253416655516072
1420,0.32375086337162684
1421,0.3244618575267778
1422,0.3240952198619135
1423,0.32458911582597505
1424,0.3237614151303051
1425,0.29368404396547676
1426,0.29368404396547676
1427,0.29368404396547676
1428,0.29368404396547676
1429,0.29368404396547676
1430,0.29368404396547676
1431,0.27714086546602246
1432,0.27714086546602246
1433,0.27714086546602246
1434,0.27714086546602246
1488,0.24995835249613596
1497,0.2811348243431963
1528,0.26211297687343693
1532,0.2846794831213725
1537,0.2846840181033385
1538,0.2846840181033385
1582,0.2076006755799012
1605,0.2054579497334355
1606,0.2054579497334355
1607,0.2054579497334355
1608,0.2054579497334355
1614,0.28261748417884386
1615,0.28261748417884386
1616,0.28261748417884386
1617,0.28261748417884386
1629,0.24655089966821397
1630,0.24077145265181482
1631,0.24700761766573726
1632,0.20612316685744173
1633,0.20791053785331196
1634,0.2442263539164129
1635,0.25519198518235003
1636,0.25303017506945363
1637,0.2342232104070849
1638,0.21069534758074993
1639,0.20722973346700402
1640,0.24655089966821397
1641,0.24077145265181482
1642,0.24700761766573726
1643,0.20791053785331196
1644,0.2442263539164129
1645,0.25519198518235003
1646,0.25303017506945363
1647,0.2342232104070849
1648,0.21069534758074993
1649,0.20722973346700402
1650,0.24655089966821397
1651,0.24077145265181482
1652,0.24700761766573726
1653,0.20612316685744173
1654,0.20791053785331196
1655,0.2442263539164129
1656,0.25519198518235003
1657,0.25303017506945363
1658,0.2342232104070849
1659,0.21069534758074993
1660,0.20722973346700402
1661,0.24655089966821397
1662,0.24077145265181482
1663,0.24700761766573726
1664,0.20612316685744173
1665,0.20791053785331196
1666,0.2442263539164129
1667,0.25519198518235003
1668,0.25303017506945363
1669,0.2342232104070849
1670,0.21069534758074993
1671,0.20722973346700402
1687,0.2951771162592757
1688,0.2951771162592757
1689,0.2951771162592757
1690,0.2951771162592757
1691,0.2951771162592757
1692,0.2951771162592757
1693,0.293641531291572
1694,0.293641531291572
1695,0.293641531291572
1696,0.293641531291572
1697,0.293641531291572
1698,0.293641531291572
1699,0.2945050624670637
1700,0.2945050624670637
1701,0.2945050624670637
1702,0.2945050624670637
1703,0.2945050624670637
1704,0.2945050624670637
1705,0.29884777389627276
1706,0.29884777389627276
1707,0.29884777389627276
1708,0.29884777389627276
1709,0.29884777389627276
1710,0.29884777389627276
1711,0.29520802915522476
1712,0.29520802915522476
1713,0.29520802915522476
1714,0.29520802915522476
1715,0.29520802915522476
1716,0.29520802915522476
1717,0.2703907818897862
1718,0.2703907818897862
1719,0.2703907818897862
1720,0.2703907818897862
1721,0.2703907818897862
1722,0.2703907818897862
1723,0.26943374665552905
1724,0.26943374665552905
1725,0.26943374665552905
1726,0.26943374665552905
1727,0.26943374665552905
1728,0.26943374665552905
1729,0.2683280993774544
1730,0.2683280993774544
1731,0.2683280993774544
1732,0.2683280993774544
1733,0.2683280993774544
1734,0.2683280993774544
1735,0.2651778740229531
1736,0.2651778740229531
1737,0.2651778740229531
1738,0.2651778740229531
1739,0.2651778740229531
1740,0.2651778740229531
1741,0.2528790756499006
1742,0.2528790756499006
1743,0.2528790756499006
1744,0.2528790756499006
1745,0.2528790756499006
1747,0.21220118492210582
1748,0.21220118492210582
1749,0.21220118492210582
1750,0.21220118492210582
1751,0.21220118492210582
1753,0.2525668825339378
1754,0.2525668825339378
1755,0.2525668825339378
1756,0.2525668825339378
1757,0.2525668825339378
1759,0.21230144235215573
1760,0.21230144235215573
1761,0.21230144235215573
1762,0.21230144235215573
1763,0.21230144235215573
1765,0.26017364269077253
1766,0.26017364269077253
1767,0.26017364269077253
1768,0.26017364269077253
1769,0.26017364269077253
1771,0.26148924011379565
1772,0.26148924011379565
1773,0.26148924011379565
1774,0.26148924011379565
1775,0.26148924011379565
1777,0.26048410884960643
1778,0.26048410884960643
1779,0.26048410884960643
1780,0.26048410884960643
1781,0.26048410884960643
1783,0.25637947629271385
1784,0.25637947629271385
1785,0.25637947629271385
1786,0.25637947629271385
1787,0.25637947629271385
1789,0.210445432548188
1790,0.210445432548188
1791,0.210445432548188
1792,0.210445432548188
1793,0.210445432548188
1795,0.20987262174604812
1796,0.20987262174604812
1797,0.20987262174604812
1798,0.20987262174604812
1799,0.20987262174604812
1804,0.2639160584086982
1805,0.213359886181067
1806,0.25653134727032684
1807,0.2639160584086982
1808,0.213359886181067
1809,0.25653134727032684
1835,0.31449227361198145
1836,0.29764317263654955
1837,0.3016841016290482
1838,0.3122808754436751
1839,0.30981583790339295
1840,0.31345760702215486
1841,0.324286903321626
1842,0.32136764812471785
1843,0.30950018376141564
1844,0.2905436489558839
1845,0.3123634727484611
1846,0.31449227361198145
1847,0.31449227361198145
1848,0.31449227361198145
1849,0.31449227361198145
1850,0.31449227361198145
1851,0.31449227361198145
1852,0.29764317263654955
1853,0.29764317263654955
1854,0.29764317263654955
1855,0.29764317263654955
1856,0.29764317263654955
1857,0.29764317263654955
1858,0.3016841016290482
1859,0.3016841016290482
1860,0.3016841016290482
1861,0.3016841016290482
1862,0.3016841016290482
1863,0.3016841016290482
1864,0.3122808754436751
1865,0.3122808754436751
1866,0.3122808754436751
1867,0.3122808754436751
1868,0.3122808754436751
1869,0.3122808754436751
1870,0.30981583790339295
1871,0.30981583790339295
1872,0.30981583790339295
1873,0.30981583790339295
1874,0.30981583790339295
1875,0.30981583790339295
1876,0.31345760702215486
1877,0.31345760702215486
1878,0.31345760702215486
1879,0.31345760702215486
1880,0.31345760702215486
1881,0.31345760702215486
1882,0.324286903321626
1883,0.324286903321626
1884,0.324286903321626
1885,0.324286903321626
1886,0.324286903321626
1887,0.324286903321626
1888,0.32136764812471785
1889,0.32136764812471785
1890,0.32136764812471785
1891,0.32136764812471785
1892,0.30950018376141564
1893,0.30950018376141564
1894,0.30950018376141564
1895,0.30950018376141564
1896,0.30950018376141564
1897,0.30950018376141564
1898,0.2905436489558839
1965,0.20810805985920458
1966,0.27691633893272
1967,0.32000437583343444
1968,0.3196429104868144
1969,0.2784324048328177
1970,0.27939058269389017
1971,0.2478957561790801
1972,0.2700430245698763
1979,0.24533939086672937
1980,0.20444089762147796
1981,0.20463966012468765
1982,0.3026180446249354
1983,0.3135453394832133
1984,0.20928640041691013
1986,0.27847596551860854
1988,0.2837629784011531
1990,0.2839234558670842
1992,0.30824047260183607
1995,0.20444089762147796
2114,0.27175829997970113
2115,0.27175829997970113
2117,0.27175829997970113
2118,0.27175829997970113
2119,0.27175829997970113
2120,0.27175829997970113
2121,0.27175829997970113
2122,0.27175829997970113
2123,0.2724073486799108
2124,0.2724073486799108
2126,0.2724073486799108
2127,0.2724073486799108
2128,0.2724073486799108
2129,0.2724073486799108
2130,0.2724073486799108
2131,0.2724073486799108
2132,0.2897540117866765
2133,0.2941137567656168
2134,0.2648391669722004
2135,0.2774767633698621
2136,0.2249586992280996
2137,0.2806120456064092
2139,0.304909189171409
2149,0.20284523799608134
2227,0.2607296362635359
2234,0.25797373667835005
2237,0.2610773886022583
2244,0.25790473051233287
2260,0.2620710709946077
2261,0.24243574832540998
2262,0.25003006874996847
2263,0.27052287574964756
2264,0.243332861220336
2265,0.2584896869226833
2266,0.26265441330298966
2267,0.21079854852673413
2268,0.21151575456171842
2269,0.262381273306054
2270,0.21229807296285308
2271,0.26772291506712986
2272,0.21016210807207783
2273,0.2605826153936434
2274,0.2751605419613333
2275,0.2795638545424683
2276,0.21443178302379856
2277,0.24957951752357127
2278,0.24966118330088885
2279,0.24253631424896532
2280,0.25154365271031237
2281,0.2620710709946077
2282,0.24243574832540998
2283,0.25003006874996847
2284,0.27052287574964756
2285,0.243332861220336
2286,0.2584896869226833
2287,0.26265441330298966
2288,0.21079854852673413
2289,0.21151575456171842
2290,0.262381273306054
2291,0.21229807296285308
2292,0.26772291506712986
2293,0.21016210807207783
2294,0.2605826153936434
2295,0.2751605419613333
2296,0.2795638545424683
2297,0.21443178302379856
2298,0.24957951752357127
2299,0.24966118330088885
2300,0.24253631424896532
2301,0.25154365271031237
2302,0.2620710709946077
2303,0.24243574832540998
2304,0.25003006874996847
2305,0.27052287574964756
2306,0.243332861220336
2307,0.2584896869226833
2308,0.26265441330298966
2309,0.21079854852673413
2310,0.21151575456171842
2311,0.262381273306054
2312,0.21229807296285308
2313,0.26772291506712986
2314,0.21016210807207783
2315,0.2605826153936434
2316,0.2751605419613333
2317,0.2795638545424683
2318,0.21443178302379856
2319,0.24957951752357127
2320,0.24966118330088885
2321,0.24253631424896532
2322,0.25154365271031237
2323,0.2620710709946077
2324,0.24243574832540998
2325,0.25003006874996847
2326,0.27052287574964756
2327,0.243332861220336
2328,0.2584896869226833
2329,0.26265441330298966
2330,0.21079854852673413
2331,0.21151575456171842
2332,0.262381273306054
2333,0.21229807296285308
2334,0.26772291506712986
2335,0.21016210807207783
2336,0.2605826153936434
2337,0.2751605419613333
2338,0.2795638545424683
2339,0.21443178302379856
2340,0.24957951752357127
2341,0.24966118330088885
2342,0.24253631424896532
2343,0.25154365271031237
2344,0.2620710709946077
2345,0.24243574832540998
2346,0.25003006874996847
2347,0.27052287574964756
2348,0.243332861220336
2349,0.2584896869226833
2350,0.26265441330298966
2351,0.21079854852673413
2352,0.21151575456171842
2353,0.262381273306054
2354,0.21229807296285308
2355,0.26772291506712986
2356,0.21016210807207783
2357,0.2605826153936434
2358,0.2751605419613333
2359,0.2795638545424683
2360,0.21443178302379856
2361,0.24957951752357127
2362,0.24966118330088885
2363,0.24253631424896532
2364,0.25154365271031237
2365,0.2620710709946077
2366,0.24243574832540998
2367,0.25003006874996847
2368,0.27052287574964756
2369,0.243332861220336
2370,0.2584896869226833
2371,0.26265441330298966
2372,0.21079854852673413
2373,0.21151575456171842
2374,0.262381273306054
2375,0.21229807296285308
2376,0.26772291506712986
2377,0.21016210807207783
2378,0.2605826153936434
2379,0.2751605419613333
2380,0.2795638545424683
2381,0.21443178302379856
2382,0.24957951752357127
2383,0.24966118330088885
2384,0.24253631424896532
2385,0.25154365271031237
2503,0.2673603473855033
2504,0.21197473955199467
2505,0.25970435268077613
2506,0.21186463121963237
2507,0.2788437772429386
2508,0.28569175024314547
2509,0.286909562157815
2555,0.32301782312141525
2556,0.32301782312141525
2571,0.21910826490476681
2732,0.30236158946298497
2787,0.26207089343018064
2788,0.26207089343018064
2789,0.26207089343018064
2790,0.26207089343018064
2791,0.26207089343018064
2792,0.26207089343018064
2793,0.26207089343018064
2794,0.26207089343018064
2795,0.26207089343018064
2796,0.26207089343018064
2797,0.26207089343018064
2798,0.26207089343018064
2799,0.30659799177846836
2800,0.30659799177846836
2801,0.30659799177846836
2802,0.30659799177846836
2803,0.30659799177846836
2804,0.30659799177846836
2805,0.30659799177846836
2806,0.30659799177846836
2807,0.30659799177846836
2808,0.30659799177846836
2809,0.3020650264605139
2810,0.3020650264605139
2811,0.3020650264605139
2812,0.3020650264605139
2813,0.3020650264605139
2814,0.3020650264605139
2815,0.3020650264605139
2816,0.3020650264605139
2817,0.3020650264605139
2818,0.3020650264605139
2819,0.3020650264605139
2820,0.3020650264605139
2821,0.3020650264605139
2822,0.3020650264605139
2823,0.3020650264605139
2824,0.3020650264605139
2825,0.3020650264605139
2826,0.3020650264605139
2827,0.3020650264605139
2828,0.3020650264605139
2829,0.3020650264605139
2830,0.3020650264605139
2831,0.3053364374196218
2832,0.3053364374196218
2833,0.3053364374196218
2834,0.3053364374196218
2835,0.3053364374196218
2836,0.3053364374196218
2837,0.3053364374196218
2838,0.3053364374196218
2839,0.3053364374196218
2964,0.21428903711540695
2970,0.21766501714019496
2976,0.2378530047692918
2979,0.21313101212629657
2982,0.19520235565978084
2984,0.2614792905252666
2985,0.2614792905252666
2992,0.2574413617597799
2993,0.2574413617597799
2994,0.2574413617597799
2995,0.2574413617597799
2996,0.2574413617597799
3042,0.2496632267127705
3182,0.29762347968510944
3186,0.26395930788998795
3187,0.2835500924238238
3210,0.295365800791312
3215,0.2621066848591915
3216,0.2999036839743715
3226,0.29867021188778536
3252,0.25539062451518657
3253,0.255021384915001
3254,0.26850112333341275
3274,0.29457142552477944
3275,0.3035072982515098
3283,0.2867365000818191
3285,0.28687562176717335
3290,0.28329662931203803
3302,0.2685737670330864
3304,0.3023819161314789
3334,0.28560051543805465
3335,0.29258854954779817
3368,0.2812398600674729
3405,0.27597704060363476
3407,0.27597704060363476
3413,0.2340468228478642
3415,0.2340468228478642
3466,0.29052098502960905
3467,0.29052098502960905
3468,0.29052098502960905
3469,0.29052098502960905
3470,0.29052098502960905
3471,0.29052098502960905
3490,0.28626974174736863
3491,0.28626974174736863
3492,0.28626974174736863
3493,0.28626974174736863
3494,0.28626974174736863
3495,0.28626974174736863
3496,0.28626974174736863
3497,0.28626974174736863
3498,0.28626974174736863
3499,0.28626974174736863
3500,0.28626974174736863
3632,0.29027612734945535
3637,0.29027612734945535
3662,0.2839642272124668
3663,0.28761699897633686
3664,0.29024846607159166
3665,0.29337143077938926
3666,0.28484949687081157
3667,0.29206493884069396
3668,0.2981306686176922
3669,0.2740452729902206
3670,0.2778425962461723
3671,0.2952316599006074
3672,0.28154268375708846
3673,0.27607499837122645
3674,0.28545484748723576
3675,0.30518022839059705
3676,0.29735665137702316
3677,0.3025167648145525
3678,0.279940332763365
3679,0.27794994344463414
3680,0.2817466519805718
3681,0.32248090046786687
3682,0.2901974224049366
3683,0.30671821701216745
3684,0.29527199467340026
3685,0.30053453186407697
3686,0.31781304913571284
3687,0.2936871089680545
3688,0.29747227264072207
3689,0.31785615209667184
3690,0.31510593739650505
3691,0.2769712926703683
3692,0.31337416043779504
3723,0.21205016157180037
3724,0.2747029173583545
3725,0.21517909102518817
3726,0.20410991879602597
3727,0.21205016157180037
3728,0.2747029173583545
3729,0.21517909102518817
3730,0.20410991879602597
3731,0.21205016157180037
3732,0.2747029173583545
3733,0.21517909102518817
3734,0.20410991879602597
3791,0.18545506572590928
3792,0.24693423001548978
3793,0.2103441131944907
3794,0.2596820169907875
3795,0.2680024740939237
3796,0.18545506572590928
3797,0.24693423001548978
3798,0.2103441131944907
3799,0.2596820169907875
3800,0.2680024740939237
3801,0.18545506572590928
3802,0.24693423001548978
3803,0.2103441131944907
3804,0.2596820169907875
3805,0.2680024740939237
3859,0.21639733406152198
3860,0.31120552642980254
3861,0.2920405766583871
3862,0.310520089480462
3867,0.21639733406152198
3868,0.31120552642980254
3869,0.2920405766583871
3870,0.310520089480462
3876,0.20615578842548968
3877,0.2072436560181883
3878,0.21292000696584282
3879,0.20996817525037434
3880,0.21185366130646674
3922,0.2740954568157141
3923,0.2740954568157141
3924,0.2740954568157141
3925,0.2740954568157141
3926,0.2740954568157141
3927,0.2740954568157141
3928,0.2740954568157141
3929,0.2740954568157141
3930,0.2766989831145372
3931,0.2766989831145372
3932,0.2766989831145372
3933,0.2766989831145372
3934,0.2766989831145372
3935,0.2766989831145372
3936,0.2766989831145372
3937,0.2766989831145372
3977,0.26891090388897493
3978,0.26891090388897493
3979,0.26891090388897493
3980,0.26891090388897493
3981,0.26891090388897493
3982,0.26891090388897493
3983,0.26891090388897493
3985,0.21089068234402655
3986,0.21089068234402655
3987,0.21089068234402655
3988,0.21089068234402655
3989,0.21089068234402655
3990,0.21089068234402655
3991,0.21089068234402655
3993,0.29279722482899745
3994,0.29279722482899745
3995,0.29279722482899745
3996,0.29279722482899745
3997,0.29279722482899745
3998,0.29279722482899745
3999,0.29279722482899745
4001,0.28415699071561656
4002,0.28415699071561656
4003,0.28415699071561656
4004,0.28415699071561656
4005,0.28415699071561656
4006,0.28415699071561656
4007,0.28415699071561656
4031,0.2583058614479615
4032,0.2842364509004949
4037,0.2583058614479615
4038,0.2842364509004949
4138,0.2799212672805197
4139,0.2764535614959592
4140,0.27905252898551897
4141,0.27990079172557375
4142,0.2851974429253767
4143,0.2966236706082486
4144,0.296368104908352
4145,0.2965838247261558
4146,0.2883076836215629
4183,0.26450190028012094
4184,0.26450190028012094
4185,0.26450190028012094
4186,0.26450190028012094
4187,0.26450190028012094
4188,0.26450190028012094
4189,0.26450190028012094
4190,0.26450190028012094
4191,0.26450190028012094
4192,0.26450190028012094
4193,0.2625378117427515
4194,0.2625378117427515
4195,0.2625378117427515
4196,0.2625378117427515
4197,0.2625378117427515
4198,0.2625378117427515
4199,0.2625378117427515
4200,0.2625378117427515
4201,0.2625378117427515
4202,0.2625378117427515
4203,0.2778942591923161
4204,0.2778942591923161
4205,0.2778942591923161
4206,0.2778942591923161
4207,0.2778942591923161
4208,0.2778942591923161
4209,0.2778942591923161
4210,0.2778942591923161
4211,0.2778942591923161
4212,0.2778942591923161
4213,0.2622666462794642
4214,0.2622666462794642
4215,0.2622666462794642
4216,0.2622666462794642
4217,0.2622666462794642
4218,0.2622666462794642
4219,0.2622666462794642
4220,0.2622666462794642
4221,0.2622666462794642
4222,0.2622666462794642
4223,0.2620089293455592
4224,0.2620089293455592
4225,0.2620089293455592
4226,0.2620089293455592
4227,0.2620089293455592
4228,0.2620089293455592
4229,0.2620089293455592
4230,0.2620089293455592
4231,0.2620089293455592
4232,0.2620089293455592
4233,0.26450190028012094
4234,0.2625378117427515
4235,0.2778942591923161
4236,0.2622666462794642
4237,0.2620089293455592
4238,0.26450190028012094
4239,0.2625378117427515
4240,0.2778942591923161
4241,0.2622666462794642
4242,0.2620089293455592
4355,0.32086787022702856
4356,0.32086787022702856
4358,0.32086787022702856
4359,0.32086787022702856
4368,0.31385132708478486
4374,0.2626527760358637
4375,0.2626527760358637
4376,0.2626527760358637
4377,0.2626527760358637
4378,0.2626527760358637
4379,0.2626527760358637
4380,0.2626527760358637
4381,0.2626527760358637
4382,0.2626527760358637
4383,0.2626527760358637
4384,0.2626527760358637
4385,0.2626527760358637
4431,0.30246203878497824
4432,0.2933442352706294
4433,0.28907222414030614
4434,0.2884944028653079
4435,0.2930716640661338
4436,0.29789106986101144
4444,0.19575054881545367
4445,0.19575054881545367
4447,0.19575054881545367
4448,0.19575054881545367
4598,0.2481038030216486
4599,0.25159965901965425
4600,0.2513661605288687
4601,0.24841042741307548
4602,0.24857053129482312
4603,0.24739881170364988
4604,0.24964538838358555
4605,0.25550720935515425
4606,0.25611033198844063
4607,0.2514905266601652
4625,0.2121899716693686
4639,0.2115805465148723
4647,0.2115805465148723
4648,0.21469075261572804
4649,0.27859847858102155
4650,0.27859847858102155
4651,0.27859847858102155
4652,0.27859847858102155
4653,0.27855468140619155
4654,0.27855468140619155
4655,0.27855468140619155
4656,0.27855468140619155
4657,0.27854182829785346
4658,0.27854182829785346
4659,0.27854182829785346
4660,0.27854182829785346
4661,0.2655887560983942
4684,0.3010359943124341
4685,0.29686113278867066
4694,0.2781984810001278
4695,0.2781984810001278
4696,0.2781984810001278
4697,0.2781984810001278
4698,0.2781984810001278
4699,0.2781984810001278
4700,0.2781984810001278
4701,0.27527440407642007
4702,0.27527440407642007
4703,0.27527440407642007
4704,0.27527440407642007
4705,0.27527440407642007
4706,0.27527440407642007
4707,0.27527440407642007
4708,0.2614003244838887
4709,0.31639383069904164
4716,0.31639383069904164
4717,0.31639383069904164
4718,0.31639383069904164
4719,0.31639383069904164
4720,0.31639383069904164
4721,0.31639383069904164
4722,0.31639383069904164
4723,0.31639383069904164
4724,0.31639383069904164
4727,0.20525961430695114
4730,0.25001332116272157
4777,0.18065182906241462
4813,0.2149414426560325
4814,0.2149414426560325
4815,0.2149414426560325
4816,0.2149414426560325
4817,0.2149414426560325
4820,0.2675084292315118
4821,0.2675084292315118
4822,0.2675084292315118
4823,0.2675084292315118
4824,0.2675084292315118
4827,0.2963290075951297
4828,0.2963290075951297
4829,0.2963290075951297
4830,0.2963290075951297
4831,0.2963290075951297
4834,0.26891760156038624
4835,0.26891760156038624
4836,0.26891760156038624
4837,0.26891760156038624
4838,0.26891760156038624
4841,0.2700687383897332
4842,0.2700687383897332
4843,0.2700687383897332
4844,0.2700687383897332
4845,0.2700687383897332
4848,0.2860445986748709
4849,0.2860445986748709
4850,0.2860445986748709
4851,0.2860445986748709
4852,0.2860445986748709
4879,0.25395585235580237
4880,0.25395585235580237
4882,0.25395585235580237
4883,0.25395585235580237
4884,0.25395585235580237
4887,0.25395585235580237
4888,0.25395585235580237
4890,0.31923433065870604
4958,0.24781520869183268
4959,0.24019818472456805
4960,0.24019818472456805
4961,0.24019818472456805
4962,0.24019818472456805
4963,0.24019818472456805
4964,0.24019818472456805
4965,0.24019818472456805
4966,0.24019818472456805
4967,0.24019818472456805
4968,0.24019818472456805
4969,0.24019818472456805
4970,0.24019818472456805
4971,0.24019818472456805
4972,0.24019818472456805
4973,0.2894342658386962
4975,0.2894342658386962
4976,0.2894342658386962
4977,0.2894342658386962
4980,0.2894342658386962
4982,0.2894342658386962
4996,0.26682285870800937
4997,0.2615175984039255
4998,0.26155836566026913
4999,0.24937426115230096
5000,0.24262236468342976
5001,0.26682285870800937
5002,0.2615175984039255
5003,0.26155836566026913
5004,0.24937426115230096
5005,0.24262236468342976
5040,0.30397172030753067
5043,0.30397172030753067
5046,0.30397172030753067
5074,0.2518484833605465
5143,0.18062518507668787
5211,0.27041318873638376
5280,0.2656918104313642
5281,0.2656918104313642
5282,0.2656918104313642
5283,0.2656918104313642
5284,0.2656918104313642
5285,0.2656918104313642
5286,0.2656918104313642
5287,0.2656918104313642
5288,0.2656918104313642
5289,0.2656918104313642
5290,0.2656918104313642
5291,0.2656918104313642
5292,0.2656918104313642
5293,0.2656918104313642
5294,0.2656918104313642
5358,0.26519536622699735
5359,0.26519536622699735
5360,0.26519536622699735
5361,0.26519536622699735
5362,0.26519536622699735
5363,0.26519536622699735
5364,0.26519536622699735
5365,0.26519536622699735
5366,0.26519536622699735
5367,0.26519536622699735
5368,0.22409836978776076
5369,0.22409836978776076
5370,0.22409836978776076
5371,0.22409836978776076
5372,0.22409836978776076
5373,0.22409836978776076
5449,0.2838909055417351
5450,0.2838909055417351
5451,0.2838909055417351
5452,0.2838909055417351
5453,0.2838909055417351
5454,0.2838909055417351
5455,0.2838909055417351
5456,0.2838909055417351
5457,0.2838909055417351
5458,0.2838909055417351
5459,0.2838909055417351
5460,0.2838909055417351
5461,0.2838909055417351
5462,0.2838909055417351
5463,0.29145649239718247
5464,0.29145649239718247
5465,0.29145649239718247
5466,0.29145649239718247
5467,0.29145649239718247
5468,0.29145649239718247
5469,0.29145649239718247
5470,0.29145649239718247
5471,0.29145649239718247
5472,0.29145649239718247
5473,0.29145649239718247
5474,0.29145649239718247
5475,0.29145649239718247
5476,0.29145649239718247
5515,0.18372060563647252
5577,0.3065830302516549
5578,0.3065830302516549
5579,0.3065830302516549
5599,0.2926219832981341
5600,0.29192347642462807
5601,0.3100967138648316
5602,0.29983652552486095
5603,0.2965623587631076
5604,0.3148717217591067
5605,0.29852491887014065
5606,0.2949932867766188
5607,0.3161850305882756
5608,0.31230009006651316
5609,0.2926219832981341
5610,0.29192347642462807
5611,0.3100967138648316
5612,0.29983652552486095
5613,0.2965623587631076
5614,0.3148717217591067
5615,0.29852491887014065
5616,0.2949932867766188
5617,0.3161850305882756
5618,0.31230009006651316
5619,0.2926219832981341
5620,0.29192347642462807
5621,0.3100967138648316
5622,0.29983652552486095
5623,0.2965623587631076
5624,0.3148717217591067
5625,0.29852491887014065
5626,0.2949932867766188
5627,0.3161850305882756
5628,0.31230009006651316
5629,0.2926219832981341
5630,0.29192347642462807
5631,0.3100967138648316
5632,0.29983652552486095
5633,0.2965623587631076
5634,0.3148717217591067
5635,0.29852491887014065
5636,0.2949932867766188
5637,0.3161850305882756
5638,0.31230009006651316
5662,0.2992850952528306
5663,0.21915924733768882
5664,0.3253424190297059
5665,0.3253424190297059
5672,0.306468215333076
5673,0.3054009420707799
5678,0.2996583052990828
5682,0.31023576179032847
5684,0.30875385640775205
5685,0.3094241226653158
5686,0.3140031148453635
5687,0.3164227230624382
5689,0.3111326759003862
5691,0.31494425976964296
5693,0.31219024352629254
5694,0.3063301001294552
5697,0.2985485335201965
5699,0.30665130778553823
5700,0.31625195309191695
5701,0.2966017319549443
5702,0.30185179259700023
5743,0.257171007433605
5745,0.257171007433605
5746,0.257171007433605
5747,0.257171007433605
5748,0.257171007433605
5749,0.257171007433605
5750,0.257171007433605
5751,0.257171007433605
5752,0.257171007433605
5753,0.257171007433605
5754,0.257171007433605
5756,0.257171007433605
5757,0.257171007433605
5758,0.257171007433605
5759,0.257171007433605
5760,0.257171007433605
5761,0.257171007433605
5762,0.257171007433605
5763,0.257171007433605
5764,0.3008913770728797
5765,0.3008913770728797
5766,0.3008913770728797
5767,0.3008913770728797
5768,0.3008913770728797
5769,0.3008913770728797
5770,0.3008913770728797
5783,0.20711303797645972
5785,0.20711303797645972
5787,0.20711303797645972
5788,0.20711303797645972
5790,0.2444562802403394
5792,0.2444562802403394
5794,0.2444562802403394
5795,0.2444562802403394
5797,0.23932905407274888
5799,0.23932905407274888
5801,0.23932905407274888
5803,0.2509068654142592
5805,0.2509068654142592
5807,0.2509068654142592
5857,0.24618952979678707
5858,0.24618952979678707
5859,0.24618952979678707
5860,0.24618952979678707
5861,0.24618952979678707
5862,0.24618952979678707
5863,0.24618952979678707
5864,0.24618952979678707
5875,0.2534582714720457
5876,0.2534582714720457
5877,0.2534582714720457
5878,0.2534582714720457
5879,0.2534582714720457
5880,0.2534582714720457
5881,0.2534582714720457
5882,0.2534582714720457
5883,0.2534582714720457
5884,0.2534582714720457
5892,0.2542715571621661
5893,0.2542715571621661
5894,0.2542715571621661
5895,0.2542715571621661
5896,0.2542715571621661
5897,0.2542715571621661
5911,0.2974077044070608
5933,0.2643471578225273
5934,0.2643471578225273
5935,0.2643471578225273
5936,0.2643471578225273
5937,0.2643471578225273
5938,0.2643471578225273
5939,0.2643471578225273
5940,0.2643471578225273
5941,0.2643471578225273
5942,0.2643471578225273
5943,0.2643471578225273
5944,0.2643471578225273
5945,0.2643471578225273
5946,0.29317021177774516
5947,0.29317021177774516
5948,0.29317021177774516
5949,0.29317021177774516
5950,0.29317021177774516
5951,0.29317021177774516
5952,0.29317021177774516
5953,0.29317021177774516
5954,0.29317021177774516
5955,0.29317021177774516
5956,0.29317021177774516
5957,0.2902908372562638
5958,0.2902908372562638
5959,0.2902908372562638
5960,0.2902908372562638
5961,0.2902908372562638
5962,0.2902908372562638
5963,0.2902908372562638
5964,0.2902908372562638
5965,0.2902908372562638
5966,0.2902908372562638
5967,0.2902908372562638
5968,0.29670557233799427
5969,0.29670557233799427
5970,0.29670557233799427
5971,0.29670557233799427
5972,0.29670557233799427
5973,0.29670557233799427
5974,0.29670557233799427
5975,0.29670557233799427
5976,0.29670557233799427
5977,0.29670557233799427
5978,0.29670557233799427
6040,0.31975367116410236
6041,0.31975367116410236
6042,0.31975367116410236
6043,0.31975367116410236
6044,0.31975367116410236
6045,0.31975367116410236
6046,0.32534206794043025
6047,0.32534206794043025
6048,0.32534206794043025
6049,0.32534206794043025
6050,0.32534206794043025
6051,0.32534206794043025
6052,0.32534206794043025
6053,0.32534206794043025
6054,0.32534206794043025
6055,0.32534206794043025
6056,0.32534206794043025
6057,0.32534206794043025
6058,0.32534206794043025
6059,0.32534206794043025
6060,0.32534206794043025
6061,0.32534206794043025
6062,0.32534206794043025
6063,0.32534206794043025
6064,0.32534206794043025
6065,0.32534206794043025
6066,0.32534206794043025
6067,0.32534206794043025
6121,0.31573505407785996
6123,0.3159326586436439
6125,0.3161392990415964
6127,0.3145823908919756
6206,0.25599955301621746
6207,0.26580334370012326
6208,0.2679480465843675
6209,0.2854194694229402
6210,0.25599955301621746
6211,0.26580334370012326
6212,0.2679480465843675
6213,0.2854194694229402
6214,0.2608273745599128
6215,0.26228315689374054
6216,0.2608273745599128
6217,0.26228315689374054
6218,0.21506535982037897
6219,0.268036766570193
6220,0.26253801067185306
6221,0.2689330386967208
6222,0.21506535982037897
6223,0.268036766570193
6224,0.26253801067185306
6225,0.2689330386967208
6226,0.21506535982037897
6227,0.268036766570193
6228,0.26253801067185306
6229,0.2689330386967208
6230,0.21506535982037897
6231,0.268036766570193
6232,0.26253801067185306
6233,0.2689330386967208
6248,0.25580575817078877
6249,0.25743977829994563
6259,0.27046627188437156
6260,0.2768944187840159
6261,0.27046627188437156
6262,0.2768944187840159
6263,0.27046627188437156
6264,0.2768944187840159
6265,0.27046627188437156
6266,0.2768944187840159
6267,0.27046627188437156
6268,0.2768944187840159
6270,0.26042227239105575
6271,0.2680277892513424
6272,0.269494520977764
6273,0.2679377968150182
6278,0.2529928357572826
6279,0.26616828300147355
6280,0.2529928357572826
6281,0.26616828300147355
6282,0.26045987862371983
6283,0.2616697455766583
6284,0.26045987862371983
6285,0.2616697455766583
6286,0.26948048189429363
6287,0.27988316435594174
6288,0.2907272701295643
6289,0.2899774106119793
6290,0.29013318032365565
6291,0.2900333737634893
6292,0.29045746219449115
6293,0.2895548157571019
6294,0.2907272701295643
6295,0.2899774106119793
6296,0.29013318032365565
6297,0.2900333737634893
6298,0.29045746219449115
6299,0.2895548157571019
6306,0.21247049188514783
6307,0.26694734254336366
6308,0.21193394685255174
6309,0.26591957789616055
6310,0.26100531815802674
6311,0.27351888498398286
6312,0.21247049188514783
6313,0.26694734254336366
6314,0.21193394685255174
6315,0.26591957789616055
6316,0.26100531815802674
6317,0.27351888498398286
6318,0.21247049188514783
6319,0.26694734254336366
6320,0.21193394685255174
6321,0.26591957789616055
6351,0.27804500186538955
6352,0.2753479861311938
6353,0.27804500186538955
6354,0.2753479861311938
6355,0.27804500186538955
6356,0.27804500186538955
6357,0.27804500186538955
6358,0.27804500186538955
6359,0.27804500186538955
6360,0.27804500186538955
6361,0.27804500186538955
6362,0.27804500186538955
6363,0.27804500186538955
6364,0.27804500186538955
6365,0.27804500186538955
6366,0.27804500186538955
6367,0.27804500186538955
6368,0.2753479861311938
6369,0.2753479861311938
6370,0.2753479861311938
6371,0.2753479861311938
6372,0.2753479861311938
6373,0.2753479861311938
6374,0.2753479861311938
6375,0.2753479861311938
6376,0.2753479861311938
6377,0.2753479861311938
6378,0.2753479861311938
6379,0.2753479861311938
6380,0.2644956335219741
6381,0.2644956335219741
6382,0.2644956335219741
6383,0.2644956335219741
6384,0.2644956335219741
6385,0.2644956335219741
6401,0.26636638485546477
6402,0.26636638485546477
6403,0.26636638485546477
6404,0.26636638485546477
6405,0.26636638485546477
6406,0.26636638485546477
6407,0.26760799171853056
6408,0.26760799171853056
6409,0.26760799171853056
6410,0.26760799171853056
6411,0.26760799171853056
6412,0.26760799171853056
6416,0.2660444155272227
6417,0.2660444155272227
6418,0.2660444155272227
6419,0.2660444155272227
6421,0.2085986205080463
6422,0.2085986205080463
6423,0.2085986205080463
6424,0.2085986205080463
6426,0.29941655207662893
6427,0.29941655207662893
6428,0.29941655207662893
6429,0.29941655207662893
6430,0.2660444155272227
6431,0.2085986205080463
6432,0.29941655207662893
6440,0.19597160854003345
6445,0.21178582427454662
6446,0.25575221727580427
6447,0.24321243038025794
6448,0.21409172979163424
6459,0.26389844884007274
6460,0.26389844884007274
6461,0.26389844884007274
6462,0.27674240453710824
6463,0.27674240453710824
6464,0.27674240453710824
6465,0.27084655879615466
6466,0.27084655879615466
6467,0.27084655879615466
6468,0.28719745263812463
6469,0.28719745263812463
6470,0.28719745263812463
6476,0.21711739193777477
6477,0.2937271483608954
6478,0.2727486039778737
6479,0.21652883831844374
6480,0.274821695156764
6481,0.23511941866816208
6482,0.274821695156764
6483,0.23511941866816208
6487,0.21064031870392433
6500,0.29760241470586324
6501,0.2873245484146288
6502,0.29760241470586324
6503,0.2873245484146288
6504,0.21468360711632903
6505,0.2800542047676831
6506,0.30907115957803094
6507,0.2929432293996559
6508,0.20928640041691013
6509,0.20928640041691013
6510,0.21468360711632903
6511,0.2800542047676831
6512,0.30907115957803094
6513,0.2929432293996559
6526,0.30824047260183607
6536,0.25426776404835433
6537,0.2549051981423463
6538,0.25419515625456396
6539,0.25480298655902156
6540,0.29538553420725866
6541,0.2165519560236471
6542,0.28946322217738435
6543,0.29069019641323535
6548,0.2577164918721916
6549,0.27342362896342937
6550,0.2577164918721916
6551,0.27342362896342937
6552,0.2685623887058424
6553,0.2604746579674535
6554,0.2663480102094436
6555,0.2685623887058424
6556,0.2604746579674535
6557,0.2663480102094436
6558,0.2685623887058424
6559,0.2604746579674535
6560,0.2663480102094436
6561,0.2685623887058424
6562,0.2604746579674535
6563,0.2663480102094436
6564,0.24642065719429815
6565,0.26918608729179977
6566,0.2668778952217488
6567,0.24642065719429815
6568,0.26918608729179977
6569,0.2668778952217488
6571,0.2184883467421987
6590,0.2917517839565968
6591,0.2917517839565968
6614,0.25580222321771007
6621,0.27299226456506115
6622,0.27299226456506115
6623,0.27299226456506115
6624,0.27299226456506115
6625,0.27272761042565596
6627,0.27272761042565596
6628,0.27272761042565596
6629,0.27272761042565596
6630,0.2772520935122207
6632,0.2772520935122207
6633,0.2772520935122207
6634,0.2772520935122207
6635,0.26223508873599055
6636,0.26636295410446664
6637,0.2749915815485795
6638,0.2830485386797245
6639,0.2703436447954085
6640,0.26223508873599055
6641,0.26636295410446664
6642,0.2749915815485795
6643,0.2830485386797245
6644,0.2703436447954085
6645,0.26223508873599055
6646,0.26636295410446664
6647,0.2749915815485795
6648,0.2830485386797245
6649,0.2703436447954085
6650,0.26223508873599055
6651,0.26636295410446664
6652,0.2749915815485795
6653,0.2830485386797245
6654,0.2703436447954085
6655,0.26223508873599055
6656,0.26636295410446664
6657,0.2749915815485795
6658,0.2830485386797245
6659,0.2703436447954085
6662,0.2560397446803692
6663,0.2560397446803692
6664,0.2560397446803692
6665,0.2560397446803692
6666,0.2560397446803692
6667,0.2641673714959797
6668,0.2641673714959797
6669,0.2641673714959797
6670,0.2641673714959797
6671,0.2641673714959797
6672,0.2699258206469856
6673,0.2699258206469856
6674,0.2699258206469856
6675,0.2699258206469856
6676,0.2699258206469856
6677,0.2749940461004306
6678,0.2749940461004306
6679,0.2749940461004306
6680,0.2749940461004306
6681,0.2749940461004306
6682,0.2560397446803692
6683,0.2641673714959797
6684,0.2699258206469856
6685,0.2749940461004306
6686,0.2560397446803692
6687,0.2641673714959797
6688,0.2699258206469856
6689,0.2749940461004306
6704,0.27492545714199784
6705,0.28970974566353574
6706,0.27598912076485843
6707,0.27492545714199784
6708,0.28970974566353574
6709,0.27598912076485843
6713,0.26054380116682285
6714,0.26054380116682285
6716,0.26054380116682285
6717,0.2601318700315609
6718,0.2601318700315609
6720,0.2601318700315609
6729,0.2546215952748157
6731,0.2546215952748157
6732,0.2657678202663197
6733,0.2657678202663197
6738,0.257027914711675
6739,0.25893053808116046
6740,0.21377596021995476
6741,0.257027914711675
6742,0.25893053808116046
6743,0.21377596021995476
6747,0.25395119744727723
6748,0.25227410883442464
6749,0.25395119744727723
6750,0.25227410883442464
6751,0.2521241994643279
6752,0.2521241994643279
6753,0.2521241994643279
6754,0.2521241994643279
6755,0.2521241994643279
6756,0.2521241994643279
6757,0.2521241994643279
6758,0.25565223644405116
6759,0.25565223644405116
6760,0.25565223644405116
6761,0.25565223644405116
6762,0.25565223644405116
6763,0.25565223644405116
6764,0.25565223644405116
6765,0.27186986150063247
6766,0.27186986150063247
6767,0.27186986150063247
6768,0.27186986150063247
6769,0.27186986150063247
6770,0.27186986150063247
6771,0.27186986150063247
6779,0.2819829858636751
6780,0.2757228233729621
6781,0.2823254031932652
6782,0.23101152593871555
6783,0.2823166830410589
6784,0.22663182839302595
6785,0.21387327085233357
6786,0.25070277953493225
6788,0.25070277953493225
6789,0.25070277953493225
6790,0.25377003765515715
6792,0.25377003765515715
6793,0.25377003765515715
6794,0.25070277953493225
6795,0.25377003765515715
6798,0.23429620691133313
6800,0.23429620691133313
6801,0.23429620691133313
6802,0.23429620691133313
6803,0.23429620691133313
6804,0.2123338053137279
6806,0.2123338053137279
6807,0.2123338053137279
6808,0.2123338053137279
6809,0.2123338053137279
6851,0.2109491001899993
6856,0.2109491001899993
6877,0.2404705758149455
6878,0.2404705758149455
6880,0.2404705758149455
6881,0.2404705758149455
6882,0.2404705758149455
6886,0.24210522601157483
6887,0.24210522601157483
6888,0.24210522601157483
6890,0.24210522601157483
6891,0.24210522601157483
6893,0.24210522601157483
6896,0.2550819697280736
6897,0.2550819697280736
6898,0.2550819697280736
6900,0.2550819697280736
6901,0.2550819697280736
6903,0.2550819697280736
6904,0.2550819697280736
6938,0.21440913372636844
6939,0.21440913372636844
6940,0.21440913372636844
6941,0.21440913372636844
6942,0.26714622371884506
6943,0.26714622371884506
6944,0.26714622371884506
6945,0.26714622371884506
6946,0.214491019524521
6947,0.214491019524521
6948,0.214491019524521
6949,0.214491019524521
6950,0.2900422317095237
6951,0.2900422317095237
6952,0.2900422317095237
6953,0.2900422317095237
6958,0.24428434391717216
6959,0.24084333028770982
6960,0.25945953194051
6961,0.259420437909648
6962,0.263986342632849
6963,0.25945953194051
6964,0.259420437909648
6965,0.263986342632849
6990,0.26961014918194637
7008,0.21339005873796518
7009,0.21339005873796518
7011,0.29696695634390696
7012,0.29696695634390696
7013,0.21339005873796518
7014,0.29696695634390696
7028,0.2576831876801249
7029,0.2576831876801249
7030,0.2576831876801249
7031,0.2576831876801249
7032,0.2576831876801249
7033,0.2576831876801249
7034,0.2576831876801249
7035,0.2576831876801249
7036,0.2576831876801249
7037,0.2576831876801249
7038,0.20914288522146934
7039,0.20914288522146934
7040,0.20914288522146934
7041,0.20914288522146934
7042,0.20914288522146934
7043,0.20914288522146934
7045,0.20914288522146934
7046,0.20914288522146934
7047,0.20914288522146934
7048,0.20914288522146934
7050,0.2697789787890212
7051,0.2697789787890212
7052,0.2697789787890212
7053,0.2697789787890212
7054,0.2697789787890212
7055,0.2697789787890212
7056,0.2697789787890212
7058,0.2697789787890212
7059,0.2697789787890212
7060,0.2697789787890212
7061,0.23495944474529235
7062,0.23495944474529235
7063,0.23495944474529235
7064,0.23495944474529235
7065,0.23495944474529235
7066,0.23495944474529235
7067,0.23495944474529235
7069,0.23495944474529235
7070,0.23495944474529235
7071,0.23495944474529235
7072,0.21213731167378852
7073,0.21213731167378852
7074,0.21213731167378852
7075,0.21213731167378852
7076,0.21213731167378852
7077,0.21213731167378852
7078,0.21213731167378852
7079,0.21213731167378852
7081,0.21213731167378852
7082,0.21213731167378852
7103,0.2105436913093895
7104,0.2691809518093004
7105,0.2537640775829728
7106,0.27962698926280244
7107,0.2105436913093895
7108,0.2691809518093004
7109,0.2537640775829728
7110,0.27962698926280244
7124,0.21453344795768534
7133,0.2547798086906589
7134,0.27623431880564997
7136,0.2742549194495052
7141,0.26996935946856593
7144,0.27110237056106123
7280,0.2999998748014677
7289,0.3031965591348002
7290,0.3031965591348002
7291,0.3031965591348002
7292,0.3031965591348002
7293,0.3031965591348002
7294,0.3031965591348002
7295,0.3031965591348002
7296,0.3031965591348002
7297,0.3031965591348002
7298,0.3031965591348002
7321,0.2140592283902167
7322,0.2140592283902167
7345,0.2736974585482071
7346,0.2736974585482071
7347,0.2736974585482071
7348,0.2736974585482071
7349,0.2736974585482071
7350,0.2736974585482071
7351,0.2736974585482071
7352,0.2736974585482071
7353,0.2736974585482071
7354,0.2736974585482071
7355,0.2736974585482071
7356,0.2736974585482071
7357,0.2736974585482071
7358,0.2736974585482071
7359,0.2750013015075331
7360,0.2750013015075331
7361,0.2750013015075331
7362,0.2750013015075331
7363,0.2750013015075331
7364,0.2750013015075331
7365,0.2750013015075331
7366,0.2750013015075331
7367,0.2750013015075331
7368,0.2750013015075331
7369,0.2750013015075331
7370,0.2750013015075331
7371,0.2750013015075331
7372,0.2750013015075331
7373,0.2732779739926487
7374,0.2732779739926487
7375,0.2732779739926487
7376,0.2732779739926487
7377,0.2732779739926487
7378,0.2732779739926487
7379,0.2732779739926487
7380,0.2732779739926487
7381,0.2732779739926487
7382,0.2732779739926487
7383,0.2732779739926487
7384,0.2732779739926487
7385,0.2732779739926487
7386,0.2732779739926487
7387,0.27619799904250114
7388,0.27619799904250114
7389,0.27619799904250114
7390,0.27619799904250114
7391,0.27619799904250114
7392,0.27619799904250114
7393,0.27619799904250114
7394,0.27619799904250114
7395,0.27619799904250114
7396,0.27619799904250114
7397,0.27619799904250114
7398,0.27619799904250114
7399,0.27619799904250114
7400,0.27619799904250114
7467,0.28560720839665193
7468,0.28560720839665193
7530,0.3117088490907363
7531,0.3117088490907363
7535,0.3083358627766449
7537,0.300952452070323
7538,0.300952452070323
7542,0.30338859530081275
7543,0.30338859530081275
7544,0.30338859530081275
7546,0.29071926597522885
7548,0.29957286086547497
7551,0.30645280500125516
7552,0.30645280500125516
7553,0.30645280500125516
7555,0.29477142728690753
7557,0.30087126796887526
7559,0.30413202086886
7560,0.30413202086886
7561,0.30413202086886
7563,0.29074714458307277
7566,0.3021412315666822
7567,0.3021412315666822
7569,0.3044817553993566
7570,0.3065035580588711
7571,0.3049436141921206
7572,0.3064457117662119
7573,0.30501791910277176
7574,0.30679748379719196
7575,0.30691678917944626
7576,0.30668825304664293
7577,0.3044817553993566
7578,0.3065035580588711
7579,0.3049436141921206
7580,0.3064457117662119
7581,0.30501791910277176
7582,0.30679748379719196
7583,0.30691678917944626
7584,0.30668825304664293
7629,0.19913507325707683
7631,0.2664530257906396
7632,0.2554606602886748
7636,0.26628524420327343
7652,0.205344758089007
7653,0.2114951249884446
7654,0.2114951249884446
7679,0.30341678338165934
7685,0.30635244964772274
7764,0.2018455325730997
7765,0.2413188030891886
7766,0.24741487703247683
7767,0.23377406776653747
7768,0.19851633055954435
7769,0.23533794108769435
7770,0.21344875451220577
7771,0.20618998829506727
7772,0.20720730706673468
7773,0.20103859401039675
7774,0.23756267737229395
7775,0.24484652919378908
7776,0.25056898560305
7777,0.23573331530836758
7778,0.24648975357897163
7779,0.24185224405073824
7780,0.2018455325730997
7781,0.2413188030891886
7782,0.24741487703247683
7783,0.23377406776653747
7784,0.19851633055954435
7785,0.23533794108769435
7786,0.21344875451220577
7787,0.20618998829506727
7788,0.20720730706673468
7789,0.20103859401039675
7790,0.23756267737229395
7791,0.24484652919378908
7792,0.25056898560305
7793,0.23573331530836758
7794,0.24648975357897163
7795,0.24185224405073824
7813,0.2413188030891886
7814,0.24741487703247683
7815,0.23377406776653747
7816,0.19851633055954435
7817,0.23533794108769435
7818,0.21344875451220577
7819,0.20618998829506727
7820,0.20720730706673468
7821,0.20103859401039675
7822,0.23756267737229395
7823,0.24484652919378908
7824,0.25056898560305
7825,0.23573331530836758
7826,0.24648975357897163
7827,0.24185224405073824
7828,0.2018455325730997
7829,0.2413188030891886
7830,0.24741487703247683
7831,0.23377406776653747
7832,0.19851633055954435
7833,0.23533794108769435
7834,0.21344875451220577
7835,0.20618998829506727
7836,0.20720730706673468
7837,0.20103859401039675
7838,0.23756267737229395
7839,0.24484652919378908
7840,0.25056898560305
7841,0.23573331530836758
7842,0.24648975357897163
7843,0.24185224405073824
7856,0.27735772380167906
7861,0.2737358273758471
7863,0.2737358273758471
7864,0.2737358273758471
7865,0.2737358273758471
7889,0.1969296684487253
7894,0.1969296684487253
7895,0.1969296684487253
7896,0.1969296684487253
7897,0.1969296684487253
7898,0.19560843825469437
7903,0.19560843825469437
7904,0.19560843825469437
7905,0.19560843825469437
7906,0.19560843825469437
7907,0.1969296684487253
7908,0.19560843825469437
7928,0.2119575751776479
7937,0.23282597842606495
7938,0.20745172481973445
7939,0.26899172156887813
7940,0.23564722658933054
7941,0.2119575751776479
7942,0.26081518274708876
7943,0.2981254175645891
8143,0.26119578533722293
8153,0.2745283247927073
8154,0.2702619942002383
8155,0.2745283247927073
8156,0.2702619942002383
8157,0.2745283247927073
8158,0.2702619942002383
8159,0.2745283247927073
8160,0.2702619942002383
8165,0.2084378993995935
8166,0.21061814596873396
8167,0.2937882050361906
8168,0.3058312886345862
8169,0.2084378993995935
8170,0.21061814596873396
8171,0.2937882050361906
8172,0.3058312886345862
8173,0.20553532762596685
8174,0.20553532762596685
8175,0.20553532762596685
8177,0.20553532762596685
8178,0.20553532762596685
8179,0.2523430364472156
8180,0.2523430364472156
8181,0.2523430364472156
8183,0.2523430364472156
8184,0.2523430364472156
8185,0.26622292443298523
8186,0.26622292443298523
8187,0.26622292443298523
8189,0.26622292443298523
8190,0.26622292443298523
8242,0.27514104950349444
8243,0.27514104950349444
8244,0.27514104950349444
8245,0.27514104950349444
8246,0.27514104950349444
8247,0.27514104950349444
8248,0.27514104950349444
8249,0.27514104950349444
8250,0.27514104950349444
8251,0.27514104950349444
8283,0.21798116757477737
8284,0.21798116757477737
8290,0.20802912406787694
8291,0.20802912406787694
8292,0.20802912406787694
8294,0.20802912406787694
8295,0.26549697363835345
8296,0.26549697363835345
8297,0.26549697363835345
8299,0.26549697363835345
8300,0.23803193002473425
8301,0.23803193002473425
8302,0.23803193002473425
8304,0.23803193002473425
8305,0.2662851964681109
8306,0.2662851964681109
8307,0.2662851964681109
8309,0.2662851964681109
8310,0.2670627512997734
8311,0.2670627512997734
8312,0.2670627512997734
8314,0.2670627512997734
8315,0.26511320717260767
8316,0.26511320717260767
8317,0.26511320717260767
8319,0.26511320717260767
8320,0.21060998931399583
8321,0.21060998931399583
8322,0.21060998931399583
8324,0.21060998931399583
8325,0.27155192643577486
8326,0.27155192643577486
8327,0.27155192643577486
8329,0.27155192643577486
8330,0.21314639295740875
8331,0.21314639295740875
8332,0.21314639295740875
8334,0.21314639295740875
8335,0.28050014380985266
8336,0.28050014380985266
8337,0.28050014380985266
8339,0.28050014380985266
8417,0.2161357600135791
8418,0.2906057604682887
8419,0.26948652060902184
8420,0.3068886291446636
8421,0.2161357600135791
8422,0.2906057604682887
8423,0.26948652060902184
8424,0.3068886291446636
8426,0.19589156928905038
8427,0.19589156928905038
8428,0.19589156928905038
8430,0.19589156928905038
8431,0.19589156928905038
8432,0.19589156928905038
8435,0.27037563632115574
8436,0.27037563632115574
8437,0.27037563632115574
8439,0.27037563632115574
8440,0.27037563632115574
8441,0.27037563632115574
8444,0.3003774179626561
8445,0.3003774179626561
8446,0.3003774179626561
8448,0.3003774179626561
8449,0.3003774179626561
8450,0.3003774179626561
8453,0.27037612664948213
8454,0.27037612664948213
8455,0.27037612664948213
8457,0.27037612664948213
8458,0.27037612664948213
8459,0.27037612664948213
8463,0.2562652487136784
8464,0.2562652487136784
8468,0.26222320510729025
8469,0.26222320510729025
8473,0.26918615335921625
8474,0.26918615335921625
8557,0.270900389891377
8558,0.270900389891377
8559,0.270900389891377
8560,0.270900389891377
8561,0.270900389891377
8562,0.270900389891377
8580,0.285534642337738
8581,0.2996433087481642
8582,0.2996433087481642
8585,0.25872793786079396
8586,0.25872793786079396
8587,0.25872793786079396
8591,0.21734945324435695
8592,0.21734945324435695
8596,0.25775053243307317
8597,0.25775053243307317
8598,0.2020424432268684
8599,0.24932502293712655
8600,0.2905469335808822
8601,0.2502769857295234
8603,0.26674194822072106
8605,0.2574288662772438
8607,0.25231376618885226
8618,0.2748789307573829
8619,0.26902655996209207
8620,0.300864824149765
8621,0.3021979209941226
8622,0.29917489497203326
8623,0.21548828388862176
8630,0.2748789307573829
8631,0.2748789307573829
8632,0.2748789307573829
8633,0.2748789307573829
8634,0.2748789307573829
8635,0.2748789307573829
8636,0.2748789307573829
8637,0.2748789307573829
8638,0.2748789307573829
8639,0.2748789307573829
8640,0.26902655996209207
8641,0.26902655996209207
8642,0.26902655996209207
8643,0.26902655996209207
8644,0.26902655996209207
8645,0.26902655996209207
8646,0.26902655996209207
8647,0.26902655996209207
8648,0.26902655996209207
8649,0.26902655996209207
8650,0.300864824149765
8651,0.300864824149765
8652,0.300864824149765
8653,0.300864824149765
8654,0.300864824149765
8655,0.300864824149765
8656,0.300864824149765
8657,0.300864824149765
8658,0.300864824149765
8659,0.300864824149765
8660,0.3021979209941226
8661,0.3021979209941226
8662,0.3021979209941226
8663,0.3021979209941226
8664,0.3021979209941226
8665,0.3021979209941226
8666,0.3021979209941226
8667,0.3021979209941226
8668,0.3021979209941226
8669,0.3021979209941226
8670,0.29917489497203326
8671,0.29917489497203326
8672,0.29917489497203326
8673,0.29917489497203326
8674,0.29917489497203326
8675,0.29917489497203326
8676,0.29917489497203326
8677,0.29917489497203326
8678,0.29917489497203326
8679,0.29917489497203326
8680,0.21548828388862176
8681,0.21548828388862176
8682,0.21548828388862176
8683,0.21548828388862176
8684,0.21548828388862176
8685,0.21548828388862176
8686,0.21548828388862176
8687,0.21548828388862176
8688,0.21548828388862176
8689,0.21548828388862176
8690,0.2809864092253891
8691,0.2809864092253891
8692,0.2809864092253891
8716,0.26581528765279816
8717,0.26581528765279816
8718,0.26581528765279816
8719,0.26581528765279816
8720,0.26581528765279816
8721,0.26581528765279816
8722,0.26581528765279816
8723,0.26581528765279816
8724,0.26581528765279816
8725,0.26581528765279816
8726,0.26581528765279816
8727,0.26581528765279816
8728,0.26581528765279816
8729,0.26581528765279816
8730,0.26581528765279816
8731,0.26581528765279816
8732,0.26581528765279816
8733,0.26581528765279816
8734,0.26581528765279816
8735,0.26375678289233606
8736,0.26375678289233606
8737,0.26375678289233606
8738,0.26375678289233606
8739,0.26375678289233606
8740,0.26375678289233606
8741,0.26375678289233606
8742,0.26375678289233606
8743,0.26375678289233606
8744,0.26375678289233606
8745,0.26375678289233606
8746,0.26375678289233606
8747,0.26375678289233606
8748,0.26375678289233606
8749,0.26375678289233606
8750,0.26375678289233606
8751,0.26375678289233606
8752,0.26375678289233606
8829,0.26183019774487293
8830,0.26183019774487293
8831,0.26183019774487293
8832,0.26183019774487293
8833,0.26183019774487293
8834,0.26183019774487293
8835,0.26183019774487293
8836,0.26183019774487293
8837,0.26183019774487293
8838,0.2886900484547008
8839,0.2886900484547008
8840,0.2886900484547008
8841,0.2886900484547008
8842,0.2886900484547008
8843,0.2886900484547008
8844,0.2886900484547008
8845,0.2886900484547008
8846,0.257932715628805
8847,0.257932715628805
8848,0.257932715628805
8849,0.257932715628805
8850,0.257932715628805
8851,0.257932715628805
8852,0.257932715628805
8853,0.257932715628805
8854,0.257932715628805
8855,0.27938191538721774
8856,0.27938191538721774
8857,0.27938191538721774
8858,0.27938191538721774
8859,0.27938191538721774
8860,0.27938191538721774
8861,0.27938191538721774
8862,0.27938191538721774
8863,0.27938191538721774
8864,0.25672111101696754
8865,0.25672111101696754
8866,0.25672111101696754
8867,0.25672111101696754
8868,0.25672111101696754
8869,0.25672111101696754
8870,0.2631259365039013
8871,0.2631259365039013
8872,0.2631259365039013
8873,0.2631259365039013
8874,0.2631259365039013
8875,0.2631259365039013
8876,0.2631259365039013
8877,0.2631259365039013
8878,0.2631259365039013
8879,0.2811875406113249
8880,0.2811875406113249
8881,0.2811875406113249
8882,0.2811875406113249
8883,0.2811875406113249
8884,0.2616617462785934
8885,0.2616617462785934
8886,0.2616617462785934
8887,0.2616617462785934
8888,0.2616617462785934
8889,0.2616617462785934
8890,0.2616617462785934
8891,0.2616617462785934
8892,0.2616617462785934
8893,0.26089990497696414
8894,0.26089990497696414
8895,0.26089990497696414
8896,0.26089990497696414
8897,0.26089990497696414
8898,0.26089990497696414
8899,0.26089990497696414
8900,0.26089990497696414
8901,0.26089990497696414
8902,0.26089990497696414
8903,0.2605620753541606
8904,0.2605620753541606
8905,0.2605620753541606
8906,0.2605620753541606
8907,0.2605620753541606
8915,0.31304109829631743
8916,0.31304109829631743
8917,0.31304109829631743
8918,0.31304109829631743
8919,0.31304109829631743
8920,0.31304109829631743
8921,0.31304109829631743
8922,0.31304109829631743
8923,0.31304109829631743
8924,0.31304109829631743
8925,0.20711303797645972
8926,0.20711303797645972
8927,0.20711303797645972
8928,0.20711303797645972
8929,0.20711303797645972
8930,0.20711303797645972
8931,0.20711303797645972
8932,0.20711303797645972
8933,0.20711303797645972
8934,0.20711303797645972
8935,0.2590179242949538
8936,0.2590179242949538
8937,0.2590179242949538
8938,0.2590179242949538
8939,0.2590179242949538
8940,0.2590179242949538
8941,0.2590179242949538
8942,0.2590179242949538
8943,0.2590179242949538
8944,0.2590179242949538
8945,0.23029103355246108
8946,0.23029103355246108
8947,0.23029103355246108
8948,0.23029103355246108
8949,0.23029103355246108
8950,0.23029103355246108
8951,0.23029103355246108
8952,0.23029103355246108
8953,0.23029103355246108
8954,0.23029103355246108
8955,0.2546737028945806
8956,0.2546737028945806
8957,0.2546737028945806
8958,0.2546737028945806
8959,0.2546737028945806
8960,0.2546737028945806
8961,0.2546737028945806
8962,0.2546737028945806
8963,0.2546737028945806
8964,0.2546737028945806
8984,0.20584713673018915
8985,0.20584713673018915
8986,0.20584713673018915
8987,0.20584713673018915
8988,0.20584713673018915
8989,0.20631714338758564
8990,0.20631714338758564
8991,0.20631714338758564
8992,0.20631714338758564
8993,0.20631714338758564
9016,0.2549241101588187
9017,0.23860208507556738
9018,0.27266970600544116
9019,0.2302250225863913
9020,0.2531199550017531
9021,0.24089027638327723
9022,0.20755345807373968
9023,0.2428614895053976
9024,0.23331093955458518
9025,0.2549241101588187
9026,0.23860208507556738
9027,0.27266970600544116
9028,0.2302250225863913
9029,0.2531199550017531
9030,0.24089027638327723
9031,0.20755345807373968
9032,0.2428614895053976
9033,0.23331093955458518
9034,0.2549241101588187
9035,0.23860208507556738
9036,0.27266970600544116
9037,0.2302250225863913
9038,0.2531199550017531
9039,0.24089027638327723
9040,0.20755345807373968
9041,0.2428614895053976
9042,0.23331093955458518
9043,0.2549241101588187
9044,0.23860208507556738
9045,0.27266970600544116
9046,0.2302250225863913
9047,0.2531199550017531
9048,0.24089027638327723
9049,0.20755345807373968
9050,0.2428614895053976
9051,0.23331093955458518
9052,0.2673603473855033
9054,0.2673603473855033
9055,0.2673603473855033
9056,0.21197473955199467
9058,0.21197473955199467
9059,0.21197473955199467
9060,0.25970435268077613
9062,0.25970435268077613
9063,0.25970435268077613
9065,0.21186463121963237
9066,0.21186463121963237
9067,0.2788437772429386
9069,0.2788437772429386
9070,0.2788437772429386
9071,0.28569175024314547
9073,0.28569175024314547
9074,0.28569175024314547
9076,0.286909562157815
9077,0.286909562157815
9099,0.2894656130682557
9100,0.2926219832981341
9124,0.19327528574585115
9180,0.21409364776477707
9211,0.28698507135233803
9212,0.28698507135233803
9213,0.28698507135233803
9225,0.20875572674005421
9228,0.21991180169636992
9229,0.21991180169636992
9230,0.21991180169636992
9231,0.21991180169636992
9242,0.21633869644845025
9248,0.20998695449582885
9250,0.24743134606364464
9251,0.2506656592091501
9252,0.2530113184870044
9253,0.25730813487849685
9254,0.2744565408460704
9255,0.25425550130561575
9256,0.25993325795735117
9257,0.2630982105360989
9258,0.26558942486106574
9259,0.2920577361858629
9260,0.24743134606364464
9261,0.2506656592091501
9262,0.2530113184870044
9263,0.25730813487849685
9264,0.2744565408460704
9265,0.25425550130561575
9266,0.25993325795735117
9267,0.2630982105360989
9268,0.26558942486106574
9269,0.2920577361858629
9270,0.28828939218436705
9271,0.28828939218436705
9272,0.28828939218436705
9273,0.28828939218436705
9274,0.28828939218436705
9275,0.28828939218436705
9276,0.28828939218436705
9277,0.28828939218436705
9278,0.28828939218436705
9279,0.28828939218436705
9280,0.28828939218436705
9281,0.28828939218436705
9282,0.2902120432522401
9283,0.2902120432522401
9284,0.2902120432522401
9285,0.2902120432522401
9286,0.2902120432522401
9287,0.2902120432522401
9288,0.2902120432522401
9289,0.2902120432522401
9290,0.2902120432522401
9291,0.2902120432522401
9292,0.2902120432522401
9293,0.2902120432522401
9301,0.19574454716518072
9302,0.2537307126593099
9303,0.2738687296142763
9304,0.2510867504587976
9305,0.24768874489945542
9306,0.2596324100189387
9307,0.27412484847334373
9308,0.2529383009122083
9309,0.2518549958440961
9319,0.26827134330218466
9323,0.2635626551603075
9324,0.2635626551603075
9325,0.2635626551603075
9326,0.2635626551603075
9327,0.2635626551603075
9328,0.2704129519064503
9329,0.2704129519064503
9330,0.2704129519064503
9331,0.2704129519064503
9332,0.2704129519064503
9333,0.2699909054816806
9334,0.2699909054816806
9335,0.2699909054816806
9336,0.2699909054816806
9337,0.25384420784373335
9338,0.25384420784373335
9339,0.25384420784373335
9340,0.25384420784373335
9341,0.25384420784373335
9342,0.27951032557242667
9343,0.27951032557242667
9344,0.27951032557242667
9345,0.27951032557242667
9346,0.27951032557242667
9347,0.27839641893241396
9348,0.27839641893241396
9349,0.27839641893241396
9350,0.27839641893241396
9351,0.27839641893241396
9357,0.2753989465004548
9360,0.28019089513860806
9366,0.2657390284105549
9369,0.27430926804044997
9370,0.21734000265964387
9373,0.21734000265964387
9375,0.21734000265964387
9376,0.21734000265964387
9377,0.21734000265964387
9378,0.21734000265964387
9379,0.2655815144805905
9380,0.2655815144805905
9382,0.2655815144805905
9383,0.2655815144805905
9384,0.2655815144805905
9385,0.2655815144805905
9386,0.2655815144805905
9387,0.2655815144805905
9388,0.29147403717122466
9389,0.29147403717122466
9391,0.29147403717122466
9392,0.29147403717122466
9393,0.29147403717122466
9394,0.29147403717122466
9395,0.29147403717122466
9396,0.29147403717122466
9397,0.2826518411154816
9398,0.2826518411154816
9399,0.2826518411154816
9400,0.2826518411154816
9401,0.2826518411154816
9402,0.2826518411154816
9403,0.2826518411154816
9404,0.2826518411154816
9405,0.2826518411154816
9410,0.26464876042583285
9412,0.2710418274308342
9427,0.27415747268479906
9464,0.2866601660733154
9465,0.29439891666930285
9466,0.28432103836366074
9467,0.2936129453631304
9468,0.3005798491462013
9469,0.2866601660733154
9470,0.29439891666930285
9471,0.28432103836366074
9472,0.2936129453631304
9473,0.3005798491462013
9474,0.2866601660733154
9475,0.29439891666930285
9476,0.28432103836366074
9477,0.2936129453631304
9478,0.3005798491462013
9479,0.2866601660733154
9480,0.29439891666930285
9481,0.28432103836366074
9482,0.2936129453631304
9483,0.3005798491462013
9484,0.2866601660733154
9485,0.29439891666930285
9486,0.28432103836366074
9487,0.2936129453631304
9488,0.3005798491462013
9489,0.2866601660733154
9490,0.29439891666930285
9491,0.28432103836366074
9492,0.2936129453631304
9493,0.3005798491462013
9494,0.2866601660733154
9495,0.29439891666930285
9496,0.28432103836366074
9497,0.2936129453631304
9498,0.3005798491462013
9499,0.31953943540577595
9500,0.31953943540577595
9501,0.31953943540577595
9502,0.31953943540577595
9503,0.31953943540577595
9504,0.31953943540577595
9505,0.31953943540577595
9506,0.31953943540577595
9507,0.31953943540577595
9508,0.31953943540577595
9509,0.31953943540577595
9510,0.31953943540577595
9511,0.31953943540577595
9512,0.31953943540577595
9530,0.24187308149223546
9531,0.24187308149223546
9532,0.24187308149223546
9533,0.24187308149223546
9534,0.24187308149223546
9535,0.24187308149223546
9536,0.24187308149223546
9537,0.24187308149223546
9561,0.3021697363590712
9562,0.3021697363590712
9563,0.3021697363590712
9564,0.3021697363590712
9565,0.3021697363590712
9566,0.3021697363590712
9691,0.25692535887055623
9697,0.275144046039601
9698,0.275144046039601
9699,0.275144046039601
9700,0.275144046039601
9701,0.275144046039601
9702,0.275144046039601
9703,0.275144046039601
9704,0.275144046039601
9705,0.275144046039601
9724,0.2716347296490929
9728,0.2629899354146309
9731,0.2716347296490929
9736,0.3047982002234982
9737,0.3047982002234982
9738,0.3047982002234982
9739,0.3047982002234982
9740,0.3209841218611776
9741,0.3209841218611776
9742,0.3209841218611776
9743,0.3209841218611776
9775,0.19517501321806496
9785,0.19517501321806496
9789,0.2796938807670222
9790,0.2796938807670222
9791,0.2796938807670222
9792,0.2796938807670222
9793,0.2796938807670222
9794,0.2796938807670222
9795,0.2858505559948584
9796,0.2837927672993536
9797,0.2847600933988767
9854,0.2557451111207202
9855,0.2557451111207202
9856,0.2557451111207202
9857,0.2557451111207202
9858,0.2557451111207202
9859,0.2557451111207202
9860,0.2557451111207202
9861,0.2557451111207202
9862,0.2557451111207202
9863,0.2781905557865005
9864,0.2781905557865005
9865,0.2781905557865005
9866,0.2781905557865005
9867,0.2781905557865005
9868,0.2781905557865005
9869,0.2781905557865005
9870,0.2781905557865005
9871,0.2781905557865005
9872,0.2781905557865005
9873,0.2781905557865005
9874,0.2781905557865005
9875,0.2781905557865005
9876,0.2781905557865005
9877,0.2781905557865005
9878,0.30255868137702296
9879,0.30255868137702296
9880,0.30255868137702296
9881,0.30255868137702296
9882,0.30255868137702296
9883,0.30255868137702296
9884,0.30255868137702296
9885,0.30255868137702296
9886,0.30255868137702296
9887,0.30255868137702296
9888,0.30255868137702296
9889,0.30255868137702296
9896,0.29674750194152855
9905,0.21933592006077413
9912,0.21962858787179135
9919,0.3026746919215284
9920,0.32369995499223975
9921,0.3236516895334207
9923,0.2604244902417272
9925,0.24863247246681003
9927,0.25095676527263916
9974,0.24265017681757192
9975,0.24265017681757192
9977,0.25634081586858826
9978,0.25634081586858826
9981,0.248562812533972
9982,0.248562812533972
9985,0.256534043697707
9986,0.256534043697707
9996,0.31175969909619666
9997,0.31233800604579603
9998,0.316702255950641
10008,0.24549928086560727
10009,0.24549928086560727
10011,0.2485204123400317
10023,0.20964393444126317
10024,0.20964393444126317
10028,0.27731477710324615
10029,0.27731477710324615
10030,0.27731477710324615
10031,0.27731477710324615
10032,0.27731477710324615
10033,0.27731477710324615
10034,0.27731477710324615
10035,0.27731477710324615
10036,0.27731477710324615
10067,0.31082696656084413
10068,0.31082696656084413
10069,0.31082696656084413
10070,0.31082696656084413
10071,0.31082696656084413
10072,0.31082696656084413
10073,0.31082696656084413
10074,0.31244223538443777
10075,0.31244223538443777
10076,0.31244223538443777
10077,0.31244223538443777
10078,0.31244223538443777
10079,0.31244223538443777
10080,0.31244223538443777
10081,0.31196685839647464
10082,0.31196685839647464
10083,0.31196685839647464
10084,0.31196685839647464
10085,0.31196685839647464
10086,0.31196685839647464
10087,0.31196685839647464
10088,0.3088564411245863
10089,0.3088564411245863
10090,0.3088564411245863
10091,0.3088564411245863
10092,0.3088564411245863
10093,0.3105846652285868
10094,0.3105846652285868
10095,0.3105846652285868
10096,0.3105846652285868
10097,0.3105846652285868
10098,0.31028927141879753
10099,0.31028927141879753
10100,0.31028927141879753
10101,0.31028927141879753
10102,0.31028927141879753
10103,0.2445637659250063
10104,0.29598120056849686
10129,0.26969730060777447
10130,0.26969730060777447
10138,0.2692035319576756
10139,0.2692035319576756
10162,0.28580208319060235
10163,0.2973417614858511
10164,0.30628333871736857
10277,0.25757155829854717
10278,0.25757155829854717
10279,0.25757155829854717
10280,0.25757155829854717
10281,0.25757155829854717
10282,0.25757155829854717
10283,0.25757155829854717
10284,0.25757155829854717
10285,0.2741188862610665
10286,0.2741188862610665
10287,0.2741188862610665
10288,0.2741188862610665
10289,0.2741188862610665
10290,0.2741188862610665
10291,0.2741188862610665
10292,0.2741188862610665
10293,0.25920664533280496
10294,0.25920664533280496
10295,0.25920664533280496
10296,0.25920664533280496
10297,0.25920664533280496
10298,0.25920664533280496
10299,0.25920664533280496
10300,0.25920664533280496
10329,0.21603034188429865
10330,0.21603034188429865
10331,0.21603034188429865
10332,0.21603034188429865
10333,0.21603034188429865
10334,0.21603034188429865
10379,0.3003876918708967
10380,0.3202342371634348
10381,0.2935772952256399
10382,0.2986859853659318
10383,0.311692679811998
10384,0.3148772741783631
10385,0.2852252894929017
10386,0.2852252894929017
10387,0.2852252894929017
10388,0.2852252894929017
10389,0.2852252894929017
10390,0.2852252894929017
10391,0.2852252894929017
10392,0.2852252894929017
10393,0.2852252894929017
10394,0.28281700928423203
10395,0.28281700928423203
10396,0.28281700928423203
10397,0.28281700928423203
10398,0.28281700928423203
10399,0.28281700928423203
10400,0.28281700928423203
10401,0.28281700928423203
10402,0.28281700928423203
10403,0.2889675975664888
10404,0.2889675975664888
10405,0.2889675975664888
10406,0.2889675975664888
10407,0.2889675975664888
10408,0.2889675975664888
10409,0.2889675975664888
10410,0.29482743865270966
10411,0.29482743865270966
10412,0.29482743865270966
10413,0.29482743865270966
10414,0.29482743865270966
10415,0.29482743865270966
10416,0.29482743865270966
10417,0.29482743865270966
10418,0.29482743865270966
10419,0.2882101291411065
10420,0.2882101291411065
10421,0.2882101291411065
10422,0.2882101291411065
10423,0.2882101291411065
10424,0.2882101291411065
10425,0.2882101291411065
10426,0.2882101291411065
10427,0.2882101291411065
10428,0.29269856085193086
10429,0.29269856085193086
10430,0.29269856085193086
10431,0.29269856085193086
10432,0.29269856085193086
10433,0.29269856085193086
10434,0.29269856085193086
10435,0.29269856085193086
10436,0.29269856085193086
10452,0.287225570119474
10453,0.287225570119474
10454,0.287225570119474
10455,0.287225570119474
10456,0.287225570119474
10457,0.287225570119474
10458,0.287225570119474
10459,0.287225570119474
10460,0.287225570119474
10468,0.21690417379996235
10479,0.3130477419090457
10480,0.3130477419090457
10481,0.3130477419090457
10482,0.3130477419090457
10483,0.3130477419090457
10484,0.3130477419090457
10485,0.3130477419090457
10486,0.3130477419090457
10487,0.3130477419090457
10488,0.3130477419090457
10489,0.3131927523396057
10490,0.3131927523396057
10491,0.3131927523396057
10492,0.3131927523396057
10493,0.3131927523396057
10494,0.3131927523396057
10495,0.3131927523396057
10496,0.3131927523396057
10497,0.3131927523396057
10498,0.3131927523396057
10512,0.2478469240346399
10513,0.2542721116564369
10514,0.2524584873169093
10574,0.2969113302850913
10575,0.2969113302850913
10576,0.2969113302850913
10577,0.2969113302850913
10578,0.2969113302850913
10589,0.3156042310399275
10590,0.3156042310399275
10591,0.3156042310399275
10592,0.3156042310399275
10593,0.3156042310399275
10604,0.3126077051756973
10605,0.3126077051756973
10606,0.3126077051756973
10607,0.3126077051756973
10608,0.3126077051756973
10609,0.318538120981589
10610,0.318538120981589
10611,0.318538120981589
10612,0.318538120981589
10613,0.318538120981589
10624,0.32117227020805317
10625,0.32117227020805317
10626,0.32117227020805317
10627,0.32117227020805317
10628,0.32117227020805317
10629,0.3241907252748298
10630,0.3241907252748298
10631,0.3241907252748298
10632,0.3241907252748298
10633,0.3241907252748298
10682,0.2741810145814553
10683,0.2743802218268397
10684,0.2805238667864513
10685,0.27611740844752447
10686,0.2739621974197468
10687,0.27415552384876846
10688,0.28032535659210883
10689,0.27680499876967635
10690,0.2807546229971364
10691,0.2807546229971364
10692,0.2807546229971364
10693,0.2807546229971364
10694,0.2807546229971364
10695,0.2807546229971364
10696,0.2807546229971364
10697,0.2807546229971364
10698,0.2807546229971364
10699,0.2807546229971364
10700,0.2807546229971364
10701,0.2807546229971364
10702,0.2807546229971364
10703,0.2807546229971364
10704,0.2807546229971364
10705,0.2807546229971364
10706,0.2807546229971364
10707,0.2807546229971364
10708,0.2807546229971364
10709,0.2807546229971364
10710,0.2807546229971364
10711,0.2807546229971364
10712,0.2807546229971364
10713,0.2807546229971364
10714,0.2807546229971364
10715,0.2807546229971364
10716,0.2807546229971364
10717,0.2807546229971364
10718,0.28092800338307944
10719,0.28092800338307944
10720,0.28092800338307944
10721,0.28092800338307944
10722,0.28092800338307944
10723,0.28092800338307944
10724,0.28092800338307944
10725,0.28092800338307944
10726,0.28092800338307944
10727,0.28092800338307944
10728,0.28092800338307944
10729,0.28092800338307944
10730,0.28092800338307944
10731,0.28092800338307944
10732,0.28092800338307944
10733,0.28092800338307944
10734,0.28092800338307944
10735,0.28092800338307944
10736,0.28092800338307944
10737,0.28092800338307944
10738,0.28092800338307944
10739,0.28092800338307944
10740,0.28092800338307944
10741,0.28092800338307944
10742,0.28092800338307944
10743,0.28092800338307944
10744,0.28092800338307944
10745,0.28092800338307944
10746,0.28425207962771387
10747,0.28425207962771387
10748,0.28425207962771387
10749,0.28425207962771387
10750,0.28425207962771387
10751,0.28425207962771387
10752,0.28425207962771387
10753,0.28425207962771387
10754,0.28425207962771387
10755,0.28425207962771387
10756,0.28425207962771387
10757,0.28425207962771387
10758,0.28425207962771387
10759,0.28425207962771387
10760,0.28425207962771387
10761,0.28425207962771387
10762,0.28425207962771387
10763,0.28425207962771387
10764,0.28425207962771387
10765,0.28425207962771387
10766,0.28425207962771387
10767,0.28425207962771387
10768,0.28425207962771387
10769,0.28425207962771387
10770,0.28425207962771387
10771,0.28425207962771387
10772,0.28425207962771387
10773,0.28425207962771387
10828,0.25865042223244383
10829,0.25865042223244383
10830,0.25865042223244383
10831,0.25865042223244383
10832,0.25865042223244383
10833,0.25865042223244383
10834,0.25865042223244383
10835,0.25865042223244383
10836,0.2489093082387503
10837,0.2489093082387503
10838,0.2489093082387503
10839,0.2489093082387503
10840,0.2489093082387503
10841,0.2489093082387503
10842,0.2489093082387503
10843,0.2489093082387503
10878,0.25600755082550525
10879,0.25600755082550525
10882,0.28704152213470263
10883,0.28704152213470263
10884,0.28704152213470263
10885,0.28704152213470263
10886,0.28704152213470263
10887,0.28704152213470263
10888,0.28704152213470263
10889,0.28704152213470263
10890,0.28704152213470263
10891,0.28704152213470263
10892,0.28704152213470263
10893,0.28704152213470263
10894,0.28704152213470263
10895,0.28704152213470263
10896,0.28704152213470263
10897,0.28704152213470263
10898,0.28704152213470263
10899,0.28004800868903534
10900,0.28004800868903534
10901,0.28004800868903534
10902,0.28004800868903534
10903,0.28004800868903534
10904,0.28004800868903534
10905,0.28004800868903534
10906,0.28004800868903534
10907,0.28004800868903534
10908,0.28004800868903534
10909,0.28004800868903534
10910,0.28004800868903534
10911,0.28004800868903534
10912,0.28004800868903534
10913,0.28004800868903534
10914,0.28004800868903534
10915,0.28004800868903534
10916,0.28089673280828426
10917,0.28089673280828426
10918,0.28089673280828426
10919,0.28089673280828426
10920,0.28089673280828426
10921,0.28089673280828426
10922,0.28089673280828426
10923,0.28089673280828426
10924,0.28089673280828426
10925,0.28089673280828426
10926,0.28089673280828426
10927,0.28089673280828426
10928,0.28089673280828426
10929,0.28089673280828426
10930,0.28089673280828426
10931,0.28089673280828426
10932,0.28089673280828426
10933,0.28145112695494257
10934,0.28145112695494257
10935,0.28145112695494257
10936,0.28145112695494257
10937,0.28145112695494257
10938,0.28145112695494257
10939,0.28145112695494257
10940,0.28145112695494257
10941,0.28145112695494257
10942,0.28145112695494257
10943,0.28145112695494257
10944,0.28145112695494257
10945,0.28145112695494257
10946,0.28145112695494257
10947,0.28145112695494257
10948,0.28145112695494257
10949,0.28145112695494257
10950,0.2888205909862998
10951,0.2888205909862998
10952,0.2888205909862998
10953,0.2888205909862998
10954,0.2888205909862998
10955,0.2888205909862998
10956,0.2888205909862998
10957,0.2888205909862998
10958,0.2888205909862998
10959,0.2888205909862998
10960,0.2888205909862998
10961,0.2888205909862998
10962,0.2888205909862998
10963,0.2888205909862998
10964,0.2888205909862998
10965,0.2888205909862998
10966,0.2888205909862998
10967,0.29543030231393436
10968,0.29543030231393436
10969,0.29543030231393436
10970,0.29543030231393436
10971,0.29543030231393436
10972,0.29543030231393436
10973,0.29543030231393436
10974,0.29543030231393436
10975,0.29543030231393436
10976,0.29543030231393436
10977,0.29543030231393436
10978,0.29543030231393436
10979,0.29543030231393436
10980,0.29543030231393436
10981,0.29543030231393436
10982,0.29543030231393436
10983,0.29543030231393436
10985,0.23983310950202194
10987,0.23983310950202194
10988,0.23983310950202194
10991,0.24502220653282505
10993,0.24502220653282505
10994,0.24502220653282505
11013,0.27739131895203784
11029,0.2961342597227075
11031,0.2961342597227075
11068,0.32125849981896326
11069,0.3213789621387432
11070,0.3222840753221656
11071,0.32226221887360823
11072,0.3211098098833959
11073,0.32133284013972196
11074,0.32216223276065825
11075,0.32225161646683526
11076,0.3213507017190203
11077,0.32166518024074514
11078,0.3223452015226743
11079,0.32250153966772027
11120,0.2114190026477142
11133,0.19638507911451114
11165,0.2781984810001278
11166,0.2781984810001278
11167,0.2781984810001278
11168,0.2781984810001278
11169,0.2781984810001278
11170,0.2781984810001278
11171,0.2781984810001278
11177,0.2274483863715265
11178,0.2274483863715265
11180,0.2274483863715265
11181,0.2274483863715265
11182,0.2274483863715265
11183,0.2274483863715265
11186,0.22659526294103038
11187,0.22659526294103038
11189,0.22659526294103038
11190,0.22659526294103038
11191,0.22659526294103038
11192,0.22659526294103038
11195,0.22292403535041386
11196,0.22292403535041386
11198,0.22292403535041386
11199,0.22292403535041386
11200,0.22292403535041386
11201,0.22292403535041386
11204,0.20795882451050032
11205,0.20795882451050032
11207,0.20795882451050032
11208,0.20795882451050032
11209,0.20795882451050032
11210,0.20795882451050032
11212,0.2618996102102138
11213,0.2618996102102138
11214,0.2618996102102138
11215,0.2618996102102138
11216,0.2618996102102138
11217,0.2618996102102138
11218,0.2594299256713603
11224,0.21186207756161055
11230,0.21261203198738646
11236,0.25598256154708127
11237,0.25598256154708127
11238,0.25598256154708127
11239,0.25598256154708127
11240,0.25598256154708127
11241,0.25598256154708127
11242,0.25598256154708127
11243,0.25598256154708127
11244,0.25598256154708127
11245,0.25598256154708127
11246,0.25598256154708127
11247,0.25598256154708127
11248,0.27342067028698586
11249,0.27342067028698586
11250,0.27342067028698586
11251,0.27342067028698586
11252,0.27342067028698586
11253,0.27342067028698586
11254,0.27342067028698586
11255,0.27342067028698586
11256,0.27342067028698586
11257,0.27342067028698586
11258,0.27342067028698586
11259,0.27342067028698586
11260,0.2555357870049676
11261,0.2555357870049676
11262,0.2555357870049676
11263,0.2555357870049676
11264,0.2555357870049676
11265,0.2555357870049676
11266,0.2555357870049676
11267,0.2555357870049676
11268,0.2555357870049676
11269,0.2555357870049676
11270,0.2555357870049676
11271,0.2555357870049676
11272,0.2581714048067242
11273,0.2581714048067242
11274,0.2581714048067242
11275,0.2581714048067242
11276,0.2581714048067242
11277,0.2581714048067242
11278,0.2581714048067242
11279,0.2581714048067242
11280,0.2581714048067242
11281,0.2581714048067242
11282,0.2581714048067242
11283,0.2581714048067242
11284,0.25692532792789535
11285,0.25692532792789535
11286,0.25692532792789535
11287,0.25692532792789535
11288,0.25692532792789535
11289,0.25692532792789535
11290,0.25692532792789535
11291,0.25692532792789535
11292,0.25692532792789535
11293,0.25692532792789535
11294,0.2625476635959988
11295,0.2625476635959988
11296,0.2625476635959988
11297,0.2625476635959988
11298,0.2625476635959988
11299,0.2625476635959988
11300,0.2625476635959988
11301,0.2625476635959988
11302,0.2625476635959988
11303,0.2625476635959988
11304,0.2625476635959988
11305,0.2625476635959988
11306,0.2639651224127742
11307,0.2639651224127742
11308,0.2639651224127742
11309,0.2639651224127742
11310,0.2639651224127742
11311,0.2639651224127742
11312,0.2639651224127742
11313,0.2639651224127742
11314,0.2639651224127742
11315,0.2639651224127742
11316,0.2639651224127742
11317,0.2639651224127742
11318,0.2765324963603692
11319,0.2765324963603692
11320,0.2765324963603692
11321,0.2765324963603692
11322,0.2765324963603692
11323,0.2765324963603692
11324,0.2765324963603692
11325,0.2765324963603692
11326,0.2765324963603692
11327,0.2765324963603692
11328,0.2765324963603692
11329,0.2765324963603692
11330,0.2839307116062155
11331,0.2839307116062155
11332,0.2839307116062155
11333,0.2839307116062155
11334,0.2839307116062155
11335,0.2839307116062155
11336,0.2839307116062155
11337,0.2839307116062155
11338,0.2839307116062155
11339,0.2839307116062155
11340,0.2839307116062155
11341,0.3224207081383211
11342,0.3224207081383211
11343,0.3224207081383211
11344,0.3224207081383211
11345,0.3224207081383211
11346,0.3224207081383211
11347,0.3224207081383211
11348,0.3224207081383211
11349,0.3224207081383211
11350,0.2779470845500117
11351,0.2779470845500117
11352,0.2779470845500117
11353,0.2779470845500117
11354,0.2779470845500117
11355,0.2643012269688395
11356,0.2643012269688395
11357,0.2643012269688395
11358,0.2643012269688395
11359,0.2643012269688395
11399,0.2710775666996799
11400,0.2710775666996799
11401,0.2710775666996799
11402,0.2710775666996799
11403,0.2710775666996799
11404,0.2710775666996799
11405,0.2710775666996799
11420,0.2767516819349471
11421,0.2767516819349471
11422,0.2767516819349471
11423,0.2767516819349471
11424,0.2767516819349471
11425,0.2767516819349471
11426,0.2767516819349471
11427,0.2767516819349471
11444,0.22916132714415885
11448,0.21055534583897076
11451,0.2084900079920809
11456,0.2847159840983641
11457,0.2824515596480033
11458,0.28587340455859966
11459,0.2904548759065773
11460,0.2915760880248412
11461,0.28316928854725637
11462,0.28246014913326034
11463,0.2898334979011793
11464,0.27760535151606697
11465,0.2760775075057105
11466,0.275303508901885
11467,0.27234836981807126
11468,0.274585727988239
11469,0.27944030571127343
11470,0.2810199830126815
11471,0.27868272122460214
11472,0.2788102767331143
11473,0.2779946669302355
11474,0.2808137277506113
11475,0.28617827099327175
11476,0.2841742777991044
11477,0.2778853857983575
11478,0.2775135360730203
11479,0.2823969925481624
11480,0.2792775493346034
11481,0.2771597955858136
11482,0.2831311684427151
11483,0.2824489224200497
11484,0.2813229061822981
11485,0.28620359140548945
11486,0.2766886773999136
11487,0.2756505640235866
11488,0.28071514751693516
11489,0.281002971630786
11490,0.2811141950088749
11491,0.28485246287833876
11492,0.2609179337133326
11493,0.2609179337133326
11494,0.2609179337133326
11495,0.2609179337133326
11496,0.2609179337133326
11497,0.2609179337133326
11498,0.2609179337133326
11499,0.2609179337133326
11500,0.2609179337133326
11501,0.2609179337133326
11502,0.2609179337133326
11503,0.2560421850916512
11504,0.2560421850916512
11505,0.2560421850916512
11506,0.2560421850916512
11507,0.2560421850916512
11508,0.2560421850916512
11509,0.2560421850916512
11510,0.2560421850916512
11511,0.2596503525105659
11512,0.2596503525105659
11513,0.2596503525105659
11514,0.2596503525105659
11515,0.2596503525105659
11516,0.2596503525105659
11517,0.2596503525105659
11518,0.2596503525105659
11519,0.28698666743470375
11520,0.28698666743470375
11521,0.28698666743470375
11522,0.28698666743470375
11523,0.28698666743470375
11524,0.28698666743470375
11525,0.28698666743470375
11526,0.28698666743470375
11545,0.1955098145973054
11548,0.1955098145973054
11568,0.2690028721335502
11570,0.27043638756132826
11574,0.25851198305181367
11577,0.2685047414900066
11580,0.27354861617818105
11581,0.2715014537013468
11582,0.28318569219172735
11583,0.252260507041225
11584,0.24294652259556276
11585,0.24294652259556276
11586,0.24294652259556276
11587,0.24294652259556276
11588,0.24294652259556276
11589,0.24294652259556276
11590,0.24294652259556276
11591,0.24294652259556276
11592,0.24294652259556276
11593,0.24294652259556276
11595,0.21090038421084606
11596,0.21090038421084606
11598,0.21090038421084606
11599,0.21090038421084606
11600,0.21090038421084606
11601,0.21090038421084606
11603,0.21090038421084606
11661,0.26222967239319656
11662,0.26222967239319656
11663,0.26222967239319656
11664,0.26222967239319656
11665,0.26222967239319656
11666,0.26222967239319656
11667,0.26222967239319656
11668,0.26222967239319656
11669,0.26222967239319656
11670,0.26222967239319656
11671,0.26222967239319656
11672,0.26222967239319656
11673,0.26222967239319656
11674,0.26222967239319656
11675,0.26222967239319656
11676,0.26222967239319656
11677,0.26222967239319656
11678,0.26222967239319656
11705,0.2744298743589829
11706,0.2705807046133574
11713,0.25199067206052794
11714,0.25199067206052794
11715,0.25199067206052794
11716,0.25199067206052794
11717,0.25199067206052794
11718,0.25199067206052794
11719,0.25199067206052794
11720,0.25199067206052794
11721,0.32375981909466156
11722,0.32375981909466156
11723,0.32375981909466156
11724,0.32372072095359566
11725,0.32372072095359566
11726,0.32372072095359566
11727,0.32438659810710746
11728,0.32438659810710746
11729,0.32438659810710746
11730,0.32437280501831695
11731,0.32437280501831695
11732,0.32437280501831695
11733,0.32448906796225535
11734,0.32448906796225535
11735,0.32448906796225535
11736,0.3244808537342554
11737,0.3244808537342554
11738,0.3244808537342554
11739,0.3012213016443967
11740,0.3012213016443967
11759,0.1827050568104295
11821,0.18873220539753024
11834,0.262529966978081
11835,0.266794523449061
11871,0.2539494691487935
11872,0.2539494691487935
11873,0.2539494691487935
11876,0.2597934783352109
11877,0.2597934783352109
11878,0.2597934783352109
11881,0.2556741402669804
11882,0.2556741402669804
11883,0.2556741402669804
11901,0.2528098826053188
11902,0.3196892487800814
11903,0.3198461221514997
11904,0.32003928777765817
11905,0.3200901784607267
11906,0.32135740527540224
11907,0.20810162311882302
11933,0.20832548289307862
11935,0.20832548289307862
11936,0.20832548289307862
11937,0.20832548289307862
11939,0.20832548289307862
11949,0.18571220679899456
11951,0.18571220679899456
11952,0.18571220679899456
11953,0.18571220679899456
11955,0.18571220679899456
11989,0.19244652707740056
11998,0.19244652707740056
11999,0.19244652707740056
12000,0.19244652707740056
12001,0.19244652707740056
12002,0.19244652707740056
12003,0.28085647469340724
12004,0.27970824107993064
12021,0.2714815606931509
12022,0.2714815606931509
12025,0.26481820417888235
12026,0.26481820417888235
12027,0.26481820417888235
12028,0.26481820417888235
12029,0.26481820417888235
12030,0.26481820417888235
12031,0.26481820417888235
12032,0.26481820417888235
12033,0.26481820417888235
12034,0.26481820417888235
12035,0.26481820417888235
12036,0.26481820417888235
12037,0.26481820417888235
12038,0.26481820417888235
12039,0.26481820417888235
12040,0.26481820417888235
12041,0.26481820417888235
12042,0.26481820417888235
12043,0.26481820417888235
12044,0.26481820417888235
12045,0.26718629971209606
12046,0.26718629971209606
12047,0.26718629971209606
12048,0.26718629971209606
12049,0.26718629971209606
12050,0.26718629971209606
12051,0.26718629971209606
12052,0.26718629971209606
12053,0.26718629971209606
12054,0.26718629971209606
12055,0.26718629971209606
12056,0.26718629971209606
12057,0.26718629971209606
12058,0.26718629971209606
12059,0.26718629971209606
12060,0.26718629971209606
12061,0.26718629971209606
12062,0.26718629971209606
12063,0.26718629971209606
12064,0.26718629971209606
12065,0.2879621051543039
12066,0.2879621051543039
12067,0.2879621051543039
12068,0.2879621051543039
12069,0.2879621051543039
12070,0.2879621051543039
12071,0.2879621051543039
12072,0.2879621051543039
12073,0.2879621051543039
12074,0.2879621051543039
12075,0.2879621051543039
12076,0.2879621051543039
12077,0.2879621051543039
12078,0.2879621051543039
12079,0.2879621051543039
12080,0.2879621051543039
12081,0.2879621051543039
12082,0.2879621051543039
12083,0.2879621051543039
12084,0.2879621051543039
12116,0.2344249659632973
12117,0.2344249659632973
12118,0.2344249659632973
12119,0.2344249659632973
12124,0.28523493409779016
12125,0.28523493409779016
12126,0.28523493409779016
12131,0.18667363689248137
12132,0.18667363689248137
12133,0.18667363689248137
12138,0.32403227104717996
12139,0.32403227104717996
12140,0.32403227104717996
12141,0.32403227104717996
12142,0.32403227104717996
12143,0.32403227104717996
12144,0.32403227104717996
12145,0.32403227104717996
12146,0.32403227104717996
12147,0.32403227104717996
12148,0.32403227104717996
12149,0.32403227104717996
12150,0.32403227104717996
12151,0.32403227104717996
12152,0.32403227104717996
12153,0.32403227104717996
12154,0.32403227104717996
12162,0.2717214773094679
12170,0.2080458929959692
12171,0.2080458929959692
12186,0.19558885989233174
12187,0.19558885989233174
12202,0.19217891108043897
12203,0.19217891108043897
12245,0.2843043199602788
12246,0.2843043199602788
12247,0.2843043199602788
12248,0.2843043199602788
12249,0.2845475289000746
12250,0.2562155521526468
12251,0.2562155521526468
12252,0.2562155521526468
12253,0.2562155521526468
12254,0.2562155521526468
12255,0.2562155521526468
12256,0.2562155521526468
12257,0.2562155521526468
12258,0.2562155521526468
12259,0.2562155521526468
12260,0.2562155521526468
12261,0.2562155521526468
12262,0.2562155521526468
12263,0.2562155521526468
12264,0.2562155521526468
12265,0.2562155521526468
12370,0.25656784832332763
12371,0.2755557648419545
12372,0.20984130657233893
12373,0.2139986578050342
12374,0.28014393290456535
12375,0.29962998467315183
12376,0.21857810114518125
12377,0.3248024917541077
12378,0.3245062914112209
12379,0.3247686927788244
12380,0.3252866557181295
12381,0.32533081165724465
12382,0.32533923152034877
12383,0.32533997918178387
12384,0.32533973063478944
12385,0.3253398507193912
12386,0.3252964637626897
12387,0.32529213702815507
12388,0.3253313643949109
12389,0.32534221424551973
12390,0.32532292414049285
12391,0.3253183930751909
12392,0.3253279371110872
12393,0.32532162056128533
12397,0.30341678338165934
12399,0.30635244964772274
12402,0.29967657416154997
12406,0.26178411508206084
12410,0.27290724554714807
12411,0.26841394185475365
12461,0.2826483365422873
12462,0.2826483365422873
12463,0.2826483365422873
12465,0.2826483365422873
12467,0.2826483365422873
12470,0.2806438008487216
12471,0.2806438008487216
12474,0.2806438008487216
12480,0.20770449675841154
12481,0.20770449675841154
12482,0.20770449675841154
12494,0.2624405640315109
12495,0.2718107805418732
12496,0.2123577865004913
12497,0.28319571564170226
12498,0.2999250304099587
12499,0.29222177210054906
12500,0.28825314311548134
12501,0.28463697407481114
12502,0.2825147754147798
12503,0.2825147754147798
12504,0.2825147754147798
12505,0.2825147754147798
12506,0.2825147754147798
12507,0.2825147754147798
12508,0.2825147754147798
12509,0.2825147754147798
12510,0.2825147754147798
12522,0.2820879690391
12523,0.28533720275225144
12524,0.2797011982514625
12525,0.2648488691665125
12526,0.2728099524017803
12527,0.26063417644060016
12565,0.2832988128606923
12566,0.2679454191491054
12567,0.27068806881592605
12568,0.27460131188361536
12569,0.26462755346143646
12570,0.2706416772067924
12571,0.2902940277931406
12572,0.27939536478679816
12573,0.28167154090222735
12574,0.2764217707557649
12575,0.2705246248508184
12576,0.2821697859899701
12577,0.30554607832927955
12578,0.303526480876592
12579,0.3034677396810994
12580,0.3050652713555638
12581,0.2953899007773119
12588,0.2101764177075428
12595,0.19817040512773282
12602,0.21793972060362457
12609,0.31314786444443093
12727,0.21787209088341
12728,0.21787209088341
12746,0.3232208535765202
12747,0.3231527306110219
12748,0.20973233739565933
12749,0.25807830111704705
12750,0.25777873332141477
12751,0.32323089017760026
12752,0.3232208535765202
12753,0.3231527306110219
12754,0.20973233739565933
12755,0.25807830111704705
12756,0.25777873332141477
12757,0.32323089017760026
12758,0.3232208535765202
12759,0.3231527306110219
12769,0.2843998428130901
12771,0.2843998428130901
12772,0.2871899238471941
12773,0.2871899238471941
12774,0.2871899238471941
12802,0.3063047074943827
12805,0.3063047074943827
12817,0.217174092208734
12818,0.21458845340751292
12819,0.2668247244208501
12820,0.28173930626879246
12821,0.2659415317358859
12822,0.21543387273249556
12823,0.252470360126199
12824,0.2458824692278043
12830,0.29230124692202947
12832,0.2984580387105624
12839,0.21356963223486872
12840,0.27650929353374
12841,0.283551438446338
12842,0.2771125176001159
12844,0.28244363922069676
12848,0.27650929353374
12850,0.2771125176001159
12855,0.29071023127223905
12856,0.29071023127223905
12857,0.29071023127223905
12858,0.29071023127223905
12879,0.2329478269473632
12881,0.2329478269473632
12889,0.23939847682040416
12891,0.23939847682040416
12918,0.21368457052182319
12922,0.21274589407701164
12926,0.2590289161124541
12930,0.2125816476577799
12934,0.23618333916757672
12938,0.2136562805793875
12942,0.21282598474099543
12946,0.259119746798081
12950,0.2865340844369889
12952,0.2871952036821136
12954,0.2871952036821136
12967,0.29779655881002937
12968,0.29707819388416595
12969,0.2858988204581202
12970,0.28268319315180196
12971,0.27283249619502237
12972,0.2937891460743313
12979,0.273857005857366
12980,0.28401798297198505
12981,0.27883152904719116
12982,0.3012347359631469
12983,0.3012347359631469
12984,0.3012347359631469
12985,0.3012347359631469
12986,0.3012347359631469
12987,0.3012347359631469
12988,0.3012347359631469
12989,0.3012347359631469
12990,0.3012347359631469
12991,0.3012347359631469
12992,0.3012347359631469
12993,0.3012347359631469
12995,0.23932905407274888
12997,0.23932905407274888
12998,0.23932905407274888
12999,0.23932905407274888
13001,0.23994791133663723
13003,0.23994791133663723
13004,0.23994791133663723
13005,0.23994791133663723
13007,0.2509068654142592
13009,0.2509068654142592
13010,0.2509068654142592
13011,0.2509068654142592
13015,0.2464768048950258
13016,0.24183092920988006
13022,0.24818479223841272
13023,0.24673307425409582
13024,0.2533319547304483
13025,0.2523410998357051
13026,0.24932132081790095
13027,0.2789111381125042
13033,0.24696421432401755
13038,0.24433167829398225
13042,0.24183092920988006
13048,0.24818479223841272
13049,0.24673307425409582
13050,0.2533319547304483
13051,0.2523410998357051
13052,0.24932132081790095
13054,0.22380478460723194
13084,0.2446002097187812
13085,0.2595691142018826
13086,0.2927818626756731
13087,0.311062139851489
13088,0.311102424941778
13089,0.32171628676317354
13090,0.3253299682862416
13091,0.3253299700942471
13092,0.32534241763887606
13093,0.3253424062316681
13094,0.3253424135905149
13095,0.27801064293275124
13096,0.2781492161333712
13097,0.26527997307928125
13098,0.28321121444523517
13099,0.28321121444523517
13100,0.28321121444523517
13101,0.28321121444523517
13102,0.28321121444523517
13103,0.28321121444523517
13104,0.28321121444523517
13105,0.28321121444523517
13106,0.28321121444523517
13107,0.28321121444523517
13108,0.28321121444523517
13109,0.28321121444523517
13110,0.28321121444523517
13111,0.28321121444523517
13112,0.28321121444523517
13123,0.21327735378672516
13126,0.21327735378672516
13127,0.21327735378672516
13128,0.21327735378672516
13129,0.21327735378672516
13130,0.2814792469046054
13131,0.2814792469046054
13132,0.2814792469046054
13133,0.25782098280681653
13134,0.282948688572696
13135,0.26395049974605234
13136,0.289600621177636
13147,0.31994175329876196
13148,0.3234022289199306
13149,0.32375117229293243
13150,0.3233822733604452
13151,0.3230667498655879
13152,0.32444127649098287
13153,0.3238817009629975
13154,0.32429509686376023
13155,0.3248117442148931
13156,0.3248766753782695
13157,0.32481367921223603
13158,0.3247898601415663
13159,0.3250445402932082
13160,0.3249270703549219
13175,0.30383126450116194
13176,0.30677945428235964
13180,0.307548532176207
13181,0.307548532176207
13182,0.307548532176207
13183,0.307548532176207
13184,0.307548532176207
13185,0.307548532176207
13186,0.307548532176207
13187,0.307548532176207
13188,0.307548532176207
13189,0.307548532176207
13202,0.20021678657739572
13216,0.31251758344332836
13219,0.31251758344332836
13251,0.27146627627156933
13252,0.2843476333760102
13253,0.29396297092199775
13254,0.2934150090918958
13255,0.2944660352417674
13256,0.2919476701070847
13281,0.32328198066309455
13282,0.32328198066309455
13283,0.32328198066309455
13284,0.32328198066309455
13285,0.32328198066309455
13286,0.32328198066309455
13287,0.32328198066309455
13288,0.32328198066309455
13289,0.32328198066309455
13295,0.25794462315087247
13296,0.25794462315087247
13297,0.25794462315087247
13298,0.25794462315087247
13323,0.24356793519219375
13326,0.19368588543083198
13327,0.19368588543083198
13328,0.19368588543083198
13329,0.19368588543083198
13330,0.19368588543083198
13331,0.19368588543083198
13332,0.19368588543083198
13333,0.19368588543083198
13334,0.19368588543083198
13335,0.19368588543083198
13336,0.23276184516460294
13337,0.23276184516460294
13338,0.23276184516460294
13339,0.23276184516460294
13340,0.23276184516460294
13341,0.23276184516460294
13342,0.23276184516460294
13343,0.23276184516460294
13344,0.23276184516460294
13345,0.23276184516460294
13346,0.26747947000030575
13347,0.26747947000030575
13348,0.26747947000030575
13349,0.26747947000030575
13350,0.26747947000030575
13351,0.26747947000030575
13352,0.26747947000030575
13353,0.26747947000030575
13354,0.26747947000030575
13355,0.26747947000030575
13356,0.23343468433592493
13357,0.23343468433592493
13358,0.23343468433592493
13359,0.23343468433592493
13360,0.23343468433592493
13361,0.23343468433592493
13362,0.23343468433592493
13363,0.23343468433592493
13364,0.23343468433592493
13365,0.23343468433592493
13366,0.2674969392890737
13367,0.2674969392890737
13368,0.2674969392890737
13369,0.2674969392890737
13370,0.2674969392890737
13371,0.2674969392890737
13372,0.2674969392890737
13373,0.2674969392890737
13374,0.2674969392890737
13375,0.2674969392890737
13502,0.290237150948069
13507,0.2791050564529077
13508,0.2791050564529077
13509,0.2791050564529077
13510,0.2791050564529077
13511,0.2791050564529077
13512,0.2791050564529077
13513,0.2791050564529077
13514,0.2791050564529077
13515,0.2791050564529077
13516,0.2791050564529077
13517,0.2791050564529077
13518,0.2791050564529077
13519,0.2791050564529077
13520,0.27689976789589216
13521,0.27689976789589216
13522,0.27689976789589216
13523,0.27689976789589216
13524,0.27689976789589216
13525,0.27689976789589216
13526,0.27689976789589216
13527,0.27689976789589216
13528,0.27689976789589216
13529,0.27689976789589216
13530,0.27689976789589216
13531,0.27689976789589216
13532,0.27689976789589216
13533,0.2723390878950115
13534,0.2723390878950115
13535,0.2723390878950115
13536,0.2723390878950115
13537,0.2723390878950115
13538,0.2723390878950115
13539,0.2723390878950115
13540,0.2723390878950115
13541,0.2723390878950115
13542,0.2723390878950115
13543,0.2723390878950115
13544,0.2723390878950115
13545,0.2723390878950115
13643,0.19357991082599443
13644,0.2626111129950961
13645,0.2051440442385472
13646,0.2599689283821107
13647,0.29925829395044073
13648,0.3247779794142978
13649,0.3247779794142978
13650,0.3247779794142978
13651,0.3247779794142978
13652,0.3247779794142978
13653,0.3247779794142978
13654,0.3247779794142978
13655,0.3247779794142978
13656,0.3247779794142978
13657,0.3247779794142978
13658,0.3247779794142978
13659,0.3247779794142978
13660,0.3247779794142978
13661,0.3247779794142978
13662,0.3247779794142978
13663,0.27587220618597563
13664,0.27587220618597563
13665,0.2979566017994347
13666,0.2979566017994347
13667,0.2858924221826786
13668,0.2858924221826786
13669,0.2792168361738164
13670,0.2792168361738164
13671,0.3234156103974695
13672,0.3234156103974695
13673,0.32340366964273387
13674,0.32340366964273387
13675,0.32013278960784036
13676,0.32013278960784036
13677,0.3238101337846184
13678,0.3238101337846184
13679,0.3234198133537697
13680,0.3234198133537697
13687,0.2886129308256037
13688,0.2886129308256037
13689,0.2886129308256037
13690,0.2886129308256037
13692,0.3005792949023907
13693,0.28879270769284743
13694,0.2849843534747563
13695,0.2849843534747563
13696,0.2849843534747563
13697,0.2849843534747563
13699,0.27932723979913354
13700,0.27932723979913354
13701,0.27932723979913354
13702,0.27932723979913354
13704,0.21749000194020848
13705,0.21749000194020848
13706,0.21749000194020848
13707,0.21749000194020848
13709,0.2748142724964878
13710,0.2748142724964878
13711,0.2748142724964878
13712,0.2748142724964878
13714,0.2886129308256037
13715,0.3005792949023907
13716,0.28879270769284743
13717,0.2849843534747563
13718,0.27932723979913354
13719,0.21749000194020848
13720,0.2748142724964878
13744,0.275766288343298
13745,0.29485777308401256
13746,0.275766288343298
13747,0.29485777308401256
13748,0.31965347128696137
13749,0.3159330981387412
13750,0.3187662531854831
13751,0.32126888920570806
13752,0.32500296784002336
13753,0.32158346131259874
13759,0.27966733652280296
13760,0.27966733652280296
13761,0.27966733652280296
13762,0.27966733652280296
13763,0.27966733652280296
13764,0.27966733652280296
13765,0.27966733652280296
13766,0.27966733652280296
13767,0.27966733652280296
13768,0.27966733652280296
13769,0.27966733652280296
13770,0.27966733652280296
13771,0.2792915449800452
13772,0.2792915449800452
13773,0.2792915449800452
13774,0.2792915449800452
13775,0.2792915449800452
13776,0.2792915449800452
13777,0.2792915449800452
13778,0.2792915449800452
13779,0.2792915449800452
13780,0.2792915449800452
13781,0.2792915449800452
13782,0.2792915449800452
13783,0.2828122371812645
13784,0.2828122371812645
13801,0.2690266550832371
13802,0.28525598101565103
13803,0.3044672565864967
13804,0.31889085289652697
13863,0.3247007354413237
13864,0.3191184779759655
13865,0.31313764223887003
13866,0.3173947820793148
13867,0.26884702507587893
13868,0.27348128147503536
13869,0.2720673633749234
13870,0.27252615948744047
13871,0.27961562688510144
13872,0.27848056872715155
13873,0.2786072062278555
13874,0.2792785721527032
13875,0.2784892946927261
13876,0.2964559465752619
13877,0.29525696316168154
13878,0.30729386027309735
13879,0.2973661005014956
13880,0.2728550243920719
13881,0.27278883451344504
13882,0.26884702507587893
13883,0.27348128147503536
13884,0.2720673633749234
13885,0.27252615948744047
13886,0.27961562688510144
13887,0.27848056872715155
13888,0.2786072062278555
13889,0.2728550243920719
13890,0.27278883451344504
13940,0.2815595660290539
13996,0.21880411079709713
13997,0.2987142586374834
13998,0.28918345876786244
13999,0.27405553102643193
14000,0.29103012227418773
14001,0.281951597397761
14046,0.31477583371164425
14047,0.31477583371164425
14048,0.31477583371164425
14049,0.31477583371164425
14050,0.3095872534888594
14051,0.3095872534888594
14052,0.3095872534888594
14053,0.3095872534888594
14060,0.24857371922266147
14061,0.24857371922266147
14119,0.2759168092640528
14120,0.2884943420761982
14121,0.2783520466961542
14170,0.2736537481070211
14178,0.2947795939253587
14179,0.2947795939253587
14180,0.2947795939253587
14181,0.2947795939253587
14182,0.2947795939253587
14183,0.294787917011978
14184,0.294787917011978
14185,0.294787917011978
14186,0.294787917011978
14187,0.294787917011978
14192,0.302203517225054
14193,0.302203517225054
14194,0.302203517225054
14195,0.302203517225054
14196,0.302203517225054
14197,0.302203517225054
14198,0.302203517225054
14199,0.302203517225054
14200,0.302203517225054
14207,0.2587264912409378
14208,0.2587014496844747
14209,0.2664568540778115
14210,0.26914273323494425
14220,0.23975985224319235
14221,0.23975985224319235
14222,0.23975985224319235
14223,0.23975985224319235
14224,0.23975985224319235
14233,0.28332841816663645
14234,0.28332841816663645
14253,0.27388876377610216
14254,0.19563180696642965
14255,0.18368626345035924
14256,0.19477743621695048
14257,0.2332040148706525
14258,0.21033037437797042
14301,0.27388876377610216
14302,0.19563180696642965
14303,0.18368626345035924
14304,0.19477743621695048
14305,0.2332040148706525
14306,0.21033037437797042
14310,0.28189613660648194
14311,0.31573738300493764
14312,0.3238007622932233
14351,0.3253387390611505
14352,0.3253405484562603
14353,0.3253405484562603
14354,0.3253405484562603
14355,0.3253405484562603
14356,0.3253405484562603
14357,0.3253405484562603
14358,0.3253405484562603
14359,0.3253405484562603
14360,0.3253405484562603
14361,0.3253405484562603
14362,0.3253405484562603
14363,0.3253405484562603
14364,0.2211936067023619
14374,0.28854884419291776
14375,0.2890217380731018
14376,0.2890490094368649
14377,0.2887208604594261
14405,0.29231730848394033
14406,0.29365472600111947
14408,0.2578029554399959
14409,0.2578029554399959
14410,0.2578029554399959
14411,0.2578029554399959
14412,0.2578029554399959
14413,0.2578029554399959
14414,0.2578029554399959
14415,0.2578029554399959
14416,0.2578029554399959
14417,0.2578029554399959
14418,0.2578029554399959
14419,0.2578029554399959
14420,0.2578029554399959
14421,0.2578029554399959
14422,0.2578029554399959
14423,0.2945316500818945
14434,0.24567218633377313
14436,0.25928973429352536
14441,0.25161405067566606
14442,0.25161405067566606
14443,0.25161405067566606
14444,0.25161405067566606
14445,0.25161405067566606
14446,0.25161405067566606
14447,0.25161405067566606
14448,0.2619669062332574
14449,0.2619669062332574
14450,0.2619669062332574
14451,0.2619669062332574
14452,0.2619669062332574
14453,0.2619669062332574
14454,0.2619669062332574
14455,0.24406864758078775
14456,0.25649069817114195
14500,0.2744508687799934
14501,0.2744508687799934
14502,0.2744508687799934
14503,0.2744508687799934
14504,0.2756803726452049
14509,0.31142716358452444
14512,0.3127178014185436
14513,0.24914999997436432
14514,0.24914999997436432
14515,0.24914999997436432
14516,0.24914999997436432
14517,0.24914999997436432
14525,0.24616330509544085
14526,0.2383647547042172
14527,0.20822813607382087
14548,0.2605754858845295
14549,0.2605754858845295
14550,0.2605754858845295
14551,0.2605754858845295
14552,0.2605754858845295
14553,0.2605754858845295
14554,0.2605754858845295
14555,0.2605754858845295
14556,0.2605754858845295
14557,0.2605754858845295
14558,0.2504216001652192
14559,0.2504216001652192
14560,0.2504216001652192
14561,0.2504216001652192
14562,0.2504216001652192
14563,0.2504216001652192
14564,0.2504216001652192
14565,0.2504216001652192
14566,0.2504216001652192
14567,0.2504216001652192
14568,0.26331889764133637
14569,0.26331889764133637
14570,0.26331889764133637
14571,0.26331889764133637
14572,0.26331889764133637
14573,0.26331889764133637
14574,0.26331889764133637
14575,0.26331889764133637
14576,0.26331889764133637
14577,0.26331889764133637
14578,0.26224955483483214
14579,0.26224955483483214
14580,0.26224955483483214
14581,0.26224955483483214
14582,0.26224955483483214
14583,0.26224955483483214
14584,0.26224955483483214
14585,0.26224955483483214
14586,0.26224955483483214
14587,0.26224955483483214
14588,0.2796118672303476
14589,0.2796118672303476
14590,0.2796118672303476
14591,0.2796118672303476
14592,0.2796118672303476
14593,0.2796118672303476
14594,0.2796118672303476
14595,0.2796118672303476
14596,0.2796118672303476
14597,0.2796118672303476
14598,0.2736788626987975
14599,0.2736788626987975
14600,0.2736788626987975
14601,0.2736788626987975
14602,0.2736788626987975
14603,0.2736788626987975
14604,0.2736788626987975
14605,0.2736788626987975
14606,0.2736788626987975
14607,0.2736788626987975
14608,0.26402931438170785
14609,0.26402931438170785
14610,0.26402931438170785
14611,0.26402931438170785
14612,0.26402931438170785
14613,0.26402931438170785
14614,0.26402931438170785
14615,0.26402931438170785
14616,0.26402931438170785
14617,0.26402931438170785
14634,0.27194352939313504
14635,0.2885232646334324
14636,0.2881670235427095
14637,0.2654302162002342
14638,0.2680132425935967
14639,0.26741151700131266
14640,0.27868969865563814
14641,0.2653417192652369
14642,0.26576280289912724
14643,0.2676074473615302
14644,0.27816175977058755
14645,0.2664176492751999
14646,0.2782272440863735
14647,0.2982491867144156
14648,0.2881670235427095
14649,0.2881670235427095
14650,0.2881670235427095
14651,0.2881670235427095
14652,0.2881670235427095
14689,0.258917829539865
14690,0.258917829539865
14691,0.258917829539865
14692,0.258917829539865
14693,0.258917829539865
14694,0.258917829539865
14695,0.258917829539865
14696,0.258917829539865
14697,0.258917829539865
14698,0.258917829539865
14699,0.258917829539865
14700,0.258917829539865
14701,0.258917829539865
14712,0.27753551993813835
14713,0.27753551993813835
14714,0.27753551993813835
14715,0.27753551993813835
14716,0.27753551993813835
14717,0.27753551993813835
14718,0.27753551993813835
14719,0.27753551993813835
14720,0.27753551993813835
14721,0.27753551993813835
14722,0.27753551993813835
14723,0.27753551993813835
14724,0.27753551993813835
14725,0.27753551993813835
14726,0.27753551993813835
14727,0.27753551993813835
14728,0.27753551993813835
14729,0.27753551993813835
14730,0.27753551993813835
14731,0.27753551993813835
14732,0.26117279420386885
14733,0.26240396690441764
14734,0.2567589946042982
14735,0.2607626061116522
14736,0.26117279420386885
14737,0.26240396690441764
14738,0.2567589946042982
14739,0.2607626061116522
14740,0.2643823693949225
14741,0.2649539198689189
14742,0.26489945761310996
14743,0.265706425284463
14744,0.2647404452542138
14745,0.26535542036079424
14746,0.25913881449635134
14747,0.2594391892383258
14748,0.25914283657994974
14754,0.3095067424614327
14755,0.3088135637782354
14756,0.21826382812117967
14757,0.2699945351913326
14758,0.21546271779305998
14759,0.3095067424614327
14760,0.3088135637782354
14761,0.21826382812117967
14762,0.2699945351913326
14763,0.21546271779305998
14766,0.2752911159200278
14789,0.24390533897218925
14790,0.2578593920407355
14791,0.26416542748401184
14792,0.2806627263814243
14793,0.24390533897218925
14794,0.2578593920407355
14795,0.26416542748401184
14796,0.2806627263814243
14810,0.31151795290137113
14811,0.3158432838890675
14812,0.28342496596404815
14813,0.28723820279311646
14814,0.31371146137448386
14815,0.2809563479437412
14816,0.31151795290137113
14817,0.3158432838890675
14818,0.28342496596404815
14819,0.28723820279311646
14820,0.31371146137448386
14821,0.2809563479437412
14841,0.27839890294932795
14842,0.2818425323109692
14843,0.2564022404787363
14844,0.24104197810285188
14845,0.26956894293579275
14846,0.2718779590838854
14847,0.27714072290170894
14848,0.276564955843028
14849,0.2849892526551218
14850,0.29404450453202524
14851,0.29719801589196077
14852,0.2778753773582892
14853,0.28862671426342357
14854,0.26956894293579275
14855,0.2718779590838854
14856,0.27714072290170894
14857,0.276564955843028
14858,0.2849892526551218
14859,0.29404450453202524
14860,0.29719801589196077
14861,0.2778753773582892
14862,0.28862671426342357
14892,0.2863143504213633
14893,0.28351178301060287
14894,0.28090933764413023
14895,0.2863143504213633
14896,0.28351178301060287
14897,0.28090933764413023
14898,0.24408641663887182
14899,0.24408641663887182
14900,0.24408641663887182
14901,0.24408641663887182
14902,0.24408641663887182
14903,0.24408641663887182
14904,0.2363402922542962
14905,0.2363402922542962
14906,0.2363402922542962
14907,0.2363402922542962
14908,0.2363402922542962
14909,0.2363402922542962
14910,0.26681090934281293
14911,0.26090779556631877
14912,0.26191048593024163
14913,0.2643471578225273
14914,0.26681090934281293
14915,0.26090779556631877
14916,0.26191048593024163
14917,0.2643471578225273
14918,0.26681090934281293
14919,0.26090779556631877
14920,0.26191048593024163
14921,0.2643471578225273
14922,0.26681090934281293
14923,0.26090779556631877
14924,0.26191048593024163
14925,0.2643471578225273
14926,0.26681090934281293
14927,0.26090779556631877
14928,0.26191048593024163
14929,0.2643471578225273
14950,0.30004303799042614
14951,0.3037183239372463
14952,0.30004303799042614
14953,0.3037183239372463
14956,0.25539102172347805
14957,0.28140608519331917
14958,0.30678451373946164
14959,0.3205782944567355
14960,0.3238738882029404
14961,0.25539102172347805
14962,0.28140608519331917
14963,0.30678451373946164
14964,0.3205782944567355
14965,0.3238738882029404
14967,0.21300449193080576
14969,0.2635412992161699
14971,0.26902174371801924
14973,0.2701180029108607
15024,0.2674684643283407
15029,0.2674684643283407
15030,0.26768449309396053
15031,0.26768449309396053
15032,0.26768449309396053
15033,0.26768449309396053
15034,0.26768449309396053
15035,0.26768449309396053
15036,0.26768449309396053
15037,0.26768449309396053
15049,0.27252406532705714
15050,0.2776929950730733
15069,0.30024966803746517
15070,0.30231577312752866
15071,0.30024966803746517
15072,0.30231577312752866
15084,0.26895854265326036
15087,0.26895854265326036
15089,0.26758583343080805
15090,0.29732021682473214
15092,0.2717991050765892
15099,0.21435089843106742
15100,0.25792781245756347
15102,0.19576654388072526
15154,0.2477530523613063
15155,0.2477530523613063
15156,0.2477530523613063
15157,0.2477530523613063
15158,0.2477530523613063
15159,0.2477530523613063
15160,0.2477530523613063
15161,0.2477530523613063
15162,0.2477530523613063
15163,0.2477530523613063
15164,0.2569088282692
15165,0.2569088282692
15166,0.2569088282692
15167,0.2569088282692
15168,0.2569088282692
15169,0.2569088282692
15170,0.2569088282692
15171,0.2569088282692
15172,0.2569088282692
15173,0.2569088282692
15174,0.2623283896662229
15175,0.2623283896662229
15176,0.2623283896662229
15177,0.2623283896662229
15178,0.2623283896662229
15179,0.2623283896662229
15180,0.2623283896662229
15181,0.2623283896662229
15182,0.2623283896662229
15183,0.2623283896662229
15184,0.2702960816397863
15185,0.2755502876143246
15186,0.2865727175622244
15187,0.2865727175622244
15188,0.2865727175622244
15189,0.2865727175622244
15190,0.28826887933935197
15191,0.28826887933935197
15192,0.28826887933935197
15193,0.28826887933935197
15194,0.2854391117072804
15195,0.2854391117072804
15196,0.2854391117072804
15197,0.2854391117072804
15198,0.286110647559505
15199,0.286110647559505
15200,0.286110647559505
15201,0.286110647559505
15202,0.28870258946157895
15203,0.28870258946157895
15204,0.28870258946157895
15205,0.28870258946157895
15206,0.28975914399558067
15207,0.28975914399558067
15208,0.28975914399558067
15209,0.28975914399558067
15216,0.19699720053069558
15217,0.19699720053069558
15218,0.19699720053069558
15223,0.24819469805600478
15224,0.24819469805600478
15225,0.24819469805600478
15230,0.21909176383089032
15231,0.21909176383089032
15232,0.21909176383089032
15237,0.2631061737047909
15238,0.2631061737047909
15239,0.2631061737047909
15245,0.27521666501440445
15246,0.28644367696671574
15247,0.27790955378839677
15248,0.2890134612049349
15253,0.31153754291632907
15254,0.31153754291632907
15255,0.31153754291632907
15256,0.31153754291632907
15257,0.31153754291632907
15258,0.31153754291632907
15259,0.31153754291632907
15260,0.31153754291632907
15261,0.28243557048196805
15262,0.2861146599819522
15263,0.2939760884003031
15264,0.2939760884003031
15265,0.2939760884003031
15266,0.2939760884003031
15267,0.2939760884003031
15268,0.29419252767256704
15269,0.29419252767256704
15270,0.29419252767256704
15271,0.29419252767256704
15272,0.29419252767256704
15292,0.27620868469755755
15293,0.28305156244965946
15294,0.28603220346636504
15345,0.2768796695537148
15346,0.2749571297625447
15347,0.27369605045462814
15348,0.30129712346693177
15349,0.2959776176567538
15350,0.30124179140353224
15351,0.3082942867778444
15352,0.2999787667304159
15353,0.325244616412745
15354,0.3134712433193491
15355,0.2930007593944594
15356,0.28043767493963195
15357,0.2889499388348875
15358,0.2935379188720991
15359,0.30179383974850726
15360,0.3017848778256029
15361,0.30522907532603216
15362,0.3058325024258853
15363,0.3013057446713833
15364,0.29869606605447274
15365,0.29671473486712463
15366,0.3012200870773795
15367,0.2963723326554084
15368,0.3252397403009298
15369,0.30453089801640826
15370,0.29958379331896173
15371,0.2944128633493433
15372,0.29828308336241677
15381,0.20969928386661627
15382,0.2288640421675148
15383,0.21085261550222034
15412,0.2583929727941179
15413,0.2704792531707455
15414,0.2610313231041109
15415,0.21266143168954763
15416,0.2903560035012001
15417,0.2667236376814223
15418,0.31501027678186555
15419,0.31501027678186555
15424,0.29378553139761954
15430,0.2737197056789384
15431,0.2737197056789384
15432,0.2737197056789384
15433,0.27655760434798593
15434,0.27655760434798593
15435,0.27655760434798593
15436,0.2711535306989958
15437,0.2711535306989958
15438,0.2711535306989958
15439,0.27198350128468995
15440,0.27198350128468995
15441,0.27198350128468995
15443,0.21332105028606455
15478,0.2710211592571777
15479,0.27083323414671306
15480,0.2793841520919793
15481,0.27949791346917535
15490,0.32449089263070147
15491,0.32449089263070147
15492,0.32499527485855256
15493,0.32499527485855256
15497,0.3250835087637378
15511,0.3147783343224045
15512,0.3147783343224045
15514,0.27851295050955793
15515,0.27851295050955793
15517,0.26829126052167107
15518,0.26829126052167107
15520,0.24187947768371743
15521,0.24187947768371743
15523,0.18538105117246212
15524,0.18538105117246212
15526,0.3114589965332407
15527,0.3114589965332407
15529,0.21388858033259112
15530,0.21388858033259112
15532,0.24013694464095253
15533,0.24013694464095253
15553,0.23695502870605292
15554,0.2436433639300399
15555,0.2080661334452689
15556,0.21314465524910622
15557,0.21350438218843165
15558,0.2412034131560739
15559,0.2412602919900831
15560,0.2597315289905656
15561,0.2597315289905656
15562,0.25305506374122283
15563,0.25563076716520405
15564,0.25521752797066805
15565,0.25435177593675956
15566,0.2551671095838111
15567,0.25715381316222474
15568,0.2563200704380656
15569,0.25577774796004416
15570,0.26636638485546477
15571,0.26636638485546477
15572,0.26636638485546477
15573,0.26636638485546477
15574,0.26636638485546477
15576,0.26760799171853056
15577,0.26760799171853056
15578,0.26760799171853056
15579,0.26760799171853056
15580,0.26760799171853056
15584,0.21178364361970473
15585,0.21178364361970473
15586,0.21178364361970473
15589,0.28217358899667894
15594,0.2097076299841106
15600,0.3180236514582382
15601,0.3180236514582382
15629,0.2594634022420438
15630,0.2136692539833015
15631,0.26164975720748196
15632,0.21936062183497654
15633,0.3249994742022786
15639,0.2594634022420438
15640,0.2136692539833015
15641,0.26164975720748196
15642,0.21936062183497654
15643,0.3249994742022786
15644,0.2594634022420438
15645,0.2136692539833015
15646,0.26164975720748196
15647,0.21936062183497654
15648,0.3249994742022786
15649,0.2594634022420438
15650,0.2136692539833015
15651,0.26164975720748196
15652,0.21936062183497654
15653,0.3249994742022786
15654,0.2594634022420438
15655,0.2136692539833015
15656,0.26164975720748196
15657,0.21936062183497654
15658,0.3249994742022786
15659,0.2594634022420438
15660,0.2136692539833015
15661,0.26164975720748196
15662,0.21936062183497654
15663,0.3249994742022786
15664,0.2594634022420438
15665,0.2136692539833015
15666,0.26164975720748196
15668,0.2594634022420438
15669,0.2136692539833015
15670,0.26164975720748196
15671,0.31357786782088676
15672,0.21936062183497654
15673,0.3249994742022786
15674,0.27148025178915197
15675,0.26665215605194775
15676,0.2793166516898921
15677,0.22910516428292482
15680,0.22910516428292482
15681,0.22910516428292482
15682,0.22910516428292482
15683,0.22910516428292482
15684,0.20946264226901323
15685,0.20946264226901323
15686,0.20946264226901323
15687,0.20946264226901323
15688,0.27047976196463985
15689,0.27047976196463985
15690,0.27047976196463985
15691,0.27047976196463985
15725,0.25599955301621746
15726,0.25599955301621746
15727,0.25599955301621746
15732,0.2151929646694852
15733,0.2973101815720788
15734,0.2768956869765085
15735,0.2630175169003754
15736,0.28383452205010534
15737,0.28383452205010534
15738,0.28383452205010534
15739,0.28383452205010534
15740,0.21642495354507077
15741,0.21642495354507077
15742,0.21642495354507077
15743,0.21642495354507077
15744,0.29903660802132653
15745,0.29903660802132653
15746,0.29903660802132653
15747,0.29903660802132653
15751,0.2673623824693059
15752,0.26061074721872196
15753,0.2768956869765085
15754,0.26830353015956515
15755,0.26425211525682246
15756,0.26425211525682246
15757,0.26425211525682246
15758,0.2872106380637008
15759,0.2872106380637008
15760,0.2872106380637008
15762,0.22239409767547655
15771,0.22239409767547655
15772,0.28186990956992913
15773,0.3048098169289904
15774,0.28488355273624916
15775,0.28186990956992913
15776,0.28186990956992913
15777,0.28186990956992913
15778,0.28186990956992913
15779,0.27665758908496485
15780,0.28186990956992913
15781,0.3048098169289904
15782,0.26425211525682246
15783,0.28488355273624916
15785,0.32506439559390626
15787,0.3251251726985928
15789,0.32509730001536224
15790,0.3251251726985928
15791,0.3251251726985928
15792,0.3251251726985928
15793,0.27307045577638717
15794,0.27307045577638717
15795,0.27307045577638717
15796,0.27243097321500065
15797,0.27243097321500065
15798,0.27243097321500065
15799,0.27210617786674685
15800,0.27210617786674685
15801,0.27210617786674685
15810,0.28637842557559945
15811,0.3030786639569267
15812,0.31471071352813623
15813,0.3027866061502283
15814,0.30915168719420677
15815,0.3027866061502283
15816,0.30915168719420677
15821,0.26328441199185826
15822,0.26328441199185826
15823,0.26328441199185826
15824,0.3069812816476719
15825,0.3069812816476719
15826,0.3069812816476719
15827,0.27686249912411776
15828,0.27686249912411776
15829,0.27686249912411776
15830,0.3147298319602252
15831,0.3147298319602252
15832,0.3147298319602252
15833,0.26425211525682246
15834,0.27665758908496485
15835,0.2928101838015643
15836,0.2773104429768953
15837,0.27665758908496485
15838,0.2928101838015643
15839,0.2773104429768953
15846,0.2045169207692058
15847,0.26100718363540776
15848,0.215955055223535
15849,0.2526880018048882
15850,0.26100718363540776
15851,0.24933609311654728
15852,0.20442847407059123
15853,0.2045169207692058
15854,0.215955055223535
15855,0.215955055223535
15856,0.215955055223535
15857,0.215955055223535
15858,0.215955055223535
15859,0.215955055223535
15860,0.215955055223535
15861,0.2526880018048882
15862,0.2526880018048882
15863,0.2526880018048882
15864,0.2526880018048882
15865,0.2526880018048882
15866,0.2526880018048882
15867,0.2526880018048882
15868,0.26100718363540776
15869,0.26100718363540776
15870,0.26100718363540776
15871,0.26100718363540776
15872,0.26100718363540776
15873,0.26100718363540776
15874,0.24933609311654728
15875,0.24933609311654728
15876,0.24933609311654728
15877,0.24933609311654728
15878,0.24933609311654728
15879,0.24933609311654728
15880,0.24933609311654728
15881,0.20442847407059123
15882,0.20442847407059123
15883,0.20442847407059123
15884,0.20442847407059123
15885,0.20442847407059123
15886,0.20442847407059123
15887,0.20442847407059123
15888,0.2045169207692058
15889,0.2045169207692058
15890,0.2045169207692058
15891,0.2045169207692058
15892,0.2045169207692058
15893,0.2045169207692058
15894,0.26320787278847857
15895,0.2613303376930915
15896,0.26698194561199956
15897,0.26320787278847857
15898,0.2613303376930915
15899,0.26698194561199956
15900,0.26320787278847857
15901,0.2613303376930915
15902,0.26698194561199956
15903,0.2675873330801223
15904,0.2803440749779206
15905,0.26309950340782756
15906,0.276999385313804
15907,0.2749185922591936
15908,0.2706367787396058
15909,0.2749185922591936
15910,0.2749185922591936
15911,0.2706367787396058
15912,0.2706367787396058
15913,0.2901865733242363
15914,0.2872234464818935
15915,0.2872260747430479
15916,0.2864376254801143
15917,0.23631722963574447
15919,0.20169215987443503
15921,0.20239257872254265
15923,0.23631722963574447
15924,0.20169215987443503
15925,0.20239257872254265
15937,0.28980096205095196
15938,0.28980096205095196
15939,0.2898336370042605
15940,0.2898336370042605
15941,0.28196659674611413
15942,0.28196659674611413
15943,0.28196659674611413
15944,0.28196659674611413
15945,0.30886986624385443
15946,0.29781062365822925
15947,0.30565320221593123
15948,0.2178956731730093
15949,0.30886986624385443
15950,0.29781062365822925
15951,0.30565320221593123
15952,0.2178956731730093
15957,0.27393155015655474
15958,0.2726465654237125
15959,0.2719423531737346
15960,0.21372259763522491
15961,0.2541126991072552
15967,0.26847876677293414
15968,0.26487369306189
15969,0.2601385051571239
15973,0.24966682226123008
15974,0.20973110659795055
15975,0.2107727664536027
15976,0.25688062042310034
15977,0.25685939441362354
15978,0.25679603144754315
15979,0.23586055346777426
15980,0.28331409197826973
15981,0.23586055346777426
15982,0.28331409197826973
15983,0.23586055346777426
15984,0.23586055346777426
15985,0.23586055346777426
15986,0.23586055346777426
15987,0.28331409197826973
15988,0.28331409197826973
15989,0.28331409197826973
15990,0.28331409197826973
15991,0.27521666501440445
15992,0.27434844549631415
15993,0.2754849443423649
15994,0.2811885172705072
15995,0.281364481080687
15996,0.2811885172705072
15997,0.281364481080687
15998,0.2903621835062613
16000,0.2903621835062613
16001,0.2711509554068986
16002,0.2711509554068986
16003,0.2711509554068986
16004,0.2705783994567168
16005,0.2658435811517613
16006,0.2746742423914256
16007,0.26760169192743916
16011,0.2732446162496566
16012,0.2749799344030908
16013,0.29368996144959675
16014,0.2959810826913049
16015,0.2732446162496566
16016,0.2749799344030908
16017,0.29368996144959675
16018,0.2959810826913049
16019,0.2732446162496566
16020,0.2749799344030908
16021,0.29368996144959675
16022,0.2959810826913049
16023,0.27467449908223796
16024,0.2794294044646935
16025,0.27846086986570273
16026,0.27467449908223796
16027,0.2794294044646935
16028,0.27846086986570273
16029,0.28048675459770706
16030,0.28892246573238334
16031,0.27877083142844994
16032,0.28892246573238334
16033,0.27877083142844994
16034,0.28892246573238334
16035,0.27877083142844994
16040,0.2960940680765044
16041,0.2955698626739903
16044,0.2740745704746573
16045,0.27853284045758775
16046,0.2865974412393529
16047,0.2908625251947982
16048,0.29085970899256286
16051,0.26438901498512585
16052,0.26135261380829683
16053,0.2597235906099574
16057,0.3027830951987703
16058,0.29985886472940154
16059,0.28887632926773193
16060,0.2856364142398109
16061,0.28887632926773193
16062,0.2856364142398109
16063,0.28887632926773193
16064,0.2856364142398109
16065,0.26364007934203604
16066,0.26309950340782756
16067,0.2630156072911547
16068,0.26859064291543894
16073,0.26141423391953567
16074,0.2630217209697168
16075,0.2664239247925009
16076,0.26524007143094613
16077,0.25599955301621746
16078,0.26580334370012326
16079,0.2679480465843675
16080,0.2854194694229402
16081,0.2773186388128872
16082,0.28687027275998445
16083,0.28650786765314873
16084,0.2149456465955727
16085,0.29532278888403146
16086,0.2773186388128872
16087,0.28687027275998445
16088,0.28650786765314873
16089,0.2149456465955727
16090,0.29532278888403146
16091,0.2773186388128872
16092,0.28687027275998445
16093,0.28650786765314873
16094,0.2149456465955727
16095,0.29532278888403146
16096,0.2773186388128872
16097,0.28687027275998445
16098,0.28650786765314873
16099,0.2149456465955727
16100,0.29532278888403146
16101,0.2773186388128872
16102,0.28687027275998445
16103,0.28650786765314873
16104,0.2149456465955727
16105,0.29532278888403146
16106,0.2623586286197921
16107,0.2623586286197921
16108,0.2623586286197921
16109,0.2623586286197921
16110,0.2623586286197921
16111,0.2617579627728956
16112,0.2617579627728956
16113,0.2617579627728956
16114,0.2617579627728956
16115,0.2617579627728956
16116,0.21034481044244194
16117,0.28030661368444276
16118,0.2637152027747824
16119,0.28735929264752247
16123,0.27330620862171207
16124,0.2747561162643976
16127,0.27330620862171207
16128,0.2747561162643976
16134,0.2632700351351393
16135,0.2632700351351393
16136,0.2632700351351393
16137,0.21210028331512015
16142,0.25648438509476346
16143,0.25648438509476346
16144,0.25648438509476346
16145,0.2548699949557813
16146,0.2548699949557813
16147,0.2548699949557813
16148,0.21210028331512015
16149,0.2577164918721916
16150,0.2577164918721916
16151,0.2577164918721916
16152,0.27342362896342937
16153,0.27342362896342937
16154,0.27342362896342937
16155,0.2128738294650783
16169,0.2770528610665531
16170,0.2770528610665531
16171,0.2770528610665531
16172,0.2770528610665531
16173,0.27684959103124496
16174,0.27684959103124496
16175,0.27684959103124496
16176,0.27684959103124496
16177,0.29453419135360204
16178,0.29453419135360204
16179,0.29453419135360204
16180,0.29453419135360204
16181,0.2727850460722909
16182,0.2727850460722909
16183,0.25710198077782703
16184,0.25710198077782703
16185,0.2104543155851913
16186,0.2104543155851913
16196,0.22024803113299982
16197,0.22024803113299982
16199,0.20880921096817884
16200,0.20880921096817884
16201,0.23886726230819405
16202,0.23886726230819405
16203,0.23886726230819405
16204,0.23507278634118994
16205,0.23507278634118994
16206,0.23507278634118994
16207,0.2701456257210834
16208,0.22024803113299982
16209,0.20880921096817884
16210,0.2701456257210834
16211,0.2885563741271114
16212,0.2885563741271114
16213,0.2885563741271114
16214,0.2885563741271114
16215,0.2885563741271114
16216,0.2885563741271114
16217,0.2885563741271114
16218,0.2885563741271114
16219,0.2885563741271114
16220,0.2885563741271114
16221,0.2885563741271114
16222,0.2885563741271114
16223,0.2885563741271114
16224,0.2885563741271114
16225,0.2885563741271114
16226,0.2885563741271114
16227,0.2885563741271114
16228,0.2885563741271114
16229,0.2885563741271114
16230,0.2885563741271114
16231,0.2885563741271114
16232,0.2885563741271114
16233,0.2885563741271114
16234,0.2885563741271114
16235,0.2885563741271114
16236,0.2885563741271114
16237,0.2885563741271114
16238,0.2885563741271114
16239,0.2885563741271114
16240,0.2885563741271114
16241,0.2885563741271114
16242,0.2885563741271114
16243,0.2885563741271114
16244,0.2885563741271114
16245,0.2885563741271114
16246,0.2885563741271114
16247,0.2885563741271114
16248,0.2885563741271114
16249,0.2885563741271114
16250,0.2885563741271114
16251,0.2885563741271114
16252,0.2885563741271114
16253,0.2885563741271114
16254,0.2885563741271114
16255,0.2885563741271114
16256,0.2885563741271114
16257,0.2885563741271114
16258,0.2885563741271114
16259,0.2885563741271114
16260,0.2885563741271114
16261,0.2885563741271114
16262,0.2885563741271114
16263,0.2885563741271114
16264,0.2885563741271114
16265,0.2885563741271114
16266,0.2885563741271114
16267,0.2885563741271114
16268,0.2885563741271114
16269,0.2885563741271114
16270,0.2885563741271114
16271,0.2885563741271114
16272,0.2885563741271114
16273,0.2885563741271114
16274,0.2885563741271114
16275,0.2885563741271114
16276,0.2885563741271114
16277,0.2885563741271114
16278,0.2885563741271114
16279,0.2885563741271114
16280,0.2885563741271114
16281,0.2885563741271114
16282,0.2885563741271114
16283,0.2885563741271114
16284,0.2885563741271114
16285,0.2885563741271114
16286,0.2885563741271114
16287,0.2885563741271114
16288,0.2885563741271114
16289,0.2885563741271114
16290,0.2885563741271114
16291,0.2885563741271114
16292,0.2885563741271114
16293,0.2885563741271114
16294,0.2885563741271114
16295,0.2885563741271114
16296,0.2885563741271114
16297,0.2885563741271114
16298,0.2885563741271114
16299,0.2885563741271114
16300,0.2885563741271114
16301,0.2885563741271114
16302,0.2885563741271114
16303,0.2885563741271114
16304,0.2885563741271114
16305,0.2885563741271114
16306,0.2885563741271114
16307,0.2885563741271114
16308,0.2885563741271114
16309,0.2885563741271114
16310,0.2885563741271114
16311,0.2885563741271114
16312,0.2885563741271114
16313,0.2885563741271114
16314,0.2885563741271114
16315,0.2885563741271114
16316,0.2885563741271114
16317,0.2885563741271114
16318,0.2885563741271114
16319,0.2885563741271114
16320,0.2885563741271114
16321,0.2885563741271114
16322,0.2885563741271114
16323,0.2885563741271114
16324,0.2885563741271114
16325,0.2885563741271114
16326,0.2885563741271114
16327,0.2885563741271114
16328,0.2885563741271114
16329,0.2885563741271114
16330,0.2885563741271114
16331,0.2885563741271114
16332,0.2885563741271114
16333,0.2885563741271114
16334,0.2885563741271114
16335,0.2885563741271114
16336,0.2885563741271114
16337,0.2885563741271114
16338,0.2885563741271114
16339,0.2885563741271114
16340,0.2885563741271114
16341,0.2885563741271114
16342,0.2885563741271114
16343,0.2885563741271114
16344,0.2885563741271114
16345,0.2885563741271114
16346,0.2885563741271114
16347,0.2885563741271114
16348,0.2885563741271114
16349,0.2885563741271114
16350,0.2885563741271114
16351,0.2885563741271114
16352,0.2885563741271114
16353,0.2885563741271114
16354,0.2885563741271114
16355,0.2885563741271114
16356,0.2885563741271114
16357,0.2885563741271114
16358,0.2885563741271114
16359,0.2885563741271114
16360,0.2885563741271114
16361,0.2885563741271114
16362,0.2885563741271114
16363,0.2885563741271114
16364,0.2885563741271114
16365,0.2885563741271114
16366,0.2885563741271114
16367,0.2885563741271114
16368,0.2885563741271114
16369,0.2885563741271114
16370,0.2885563741271114
16371,0.2885563741271114
16372,0.2885563741271114
16373,0.2885563741271114
16374,0.2885563741271114
16375,0.2885563741271114
16376,0.2885563741271114
16377,0.2885563741271114
16378,0.2885563741271114
16379,0.2885563741271114
16380,0.2885563741271114
16381,0.2885563741271114
16382,0.2885563741271114
16383,0.2885563741271114
16384,0.2885563741271114
16385,0.2885563741271114
16386,0.2885563741271114
16387,0.2885563741271114
16388,0.2885563741271114
16389,0.2885563741271114
16390,0.2885563741271114
16391,0.2885563741271114
16392,0.2885563741271114
16393,0.2885563741271114
16394,0.2885563741271114
16395,0.2885563741271114
16396,0.2885563741271114
16397,0.2885563741271114
16398,0.2885563741271114
16399,0.2885563741271114
16400,0.2885563741271114
16401,0.2885563741271114
16402,0.2885563741271114
16403,0.2885563741271114
16404,0.2885563741271114
16405,0.2885563741271114
16406,0.2885563741271114
16407,0.2885563741271114
16408,0.2885563741271114
16409,0.2885563741271114
16410,0.2885563741271114
16411,0.2885563741271114
16412,0.2885563741271114
16413,0.2885563741271114
16414,0.2885563741271114
16415,0.2885563741271114
16416,0.2885563741271114
16417,0.2885563741271114
16418,0.2885563741271114
16419,0.2885563741271114
16420,0.2885563741271114
16421,0.2885563741271114
16422,0.2885563741271114
16423,0.2885563741271114
16424,0.2885563741271114
16425,0.2885563741271114
16426,0.2885563741271114
16427,0.2885563741271114
16428,0.2885563741271114
16429,0.2885563741271114
16430,0.2885563741271114
16431,0.2885563741271114
16432,0.2885563741271114
16433,0.2885563741271114
16434,0.2885563741271114
16435,0.2885563741271114
16436,0.2885563741271114
16437,0.2885563741271114
16438,0.2885563741271114
16439,0.2885563741271114
16440,0.2885563741271114
16441,0.2885563741271114
16442,0.2885563741271114
16443,0.2885563741271114
16444,0.2885563741271114
16445,0.2885563741271114
16446,0.2885563741271114
16447,0.2885563741271114
16448,0.2885563741271114
16449,0.2885563741271114
16450,0.2885563741271114
16451,0.2885563741271114
16452,0.2885563741271114
16453,0.2885563741271114
16454,0.2885563741271114
16455,0.2885563741271114
16456,0.2885563741271114
16457,0.2885563741271114
16458,0.2885563741271114
16459,0.2885563741271114
16460,0.2885563741271114
16461,0.2885563741271114
16462,0.2885563741271114
16463,0.2885563741271114
16464,0.2885563741271114
16465,0.2885563741271114
16466,0.2885563741271114
16467,0.2885563741271114
16468,0.2885563741271114
16469,0.2885563741271114
16470,0.2885563741271114
16471,0.2885563741271114
16472,0.2885563741271114
16473,0.2885563741271114
16474,0.2885563741271114
16475,0.2885563741271114
16476,0.2885563741271114
16477,0.2885563741271114
16478,0.2885563741271114
16479,0.2885563741271114
16480,0.2885563741271114
16481,0.2885563741271114
16482,0.2885563741271114
16483,0.2885563741271114
16484,0.2885563741271114
16485,0.2885563741271114
16486,0.2885563741271114
16487,0.2885563741271114
16488,0.2885563741271114
16489,0.2885563741271114
16490,0.2885563741271114
16491,0.2885563741271114
16492,0.2885563741271114
16493,0.2885563741271114
16494,0.2885563741271114
16495,0.2885563741271114
16496,0.2885563741271114
16497,0.2885563741271114
16498,0.2885563741271114
16499,0.2885563741271114
16500,0.2885563741271114
16501,0.2885563741271114
16502,0.2885563741271114
16503,0.2885563741271114
16504,0.2885563741271114
16505,0.2885563741271114
16506,0.2885563741271114
16507,0.2885563741271114
16508,0.2885563741271114
16509,0.2885563741271114
16510,0.2885563741271114
16511,0.2885563741271114
16512,0.2885563741271114
16513,0.2885563741271114
16514,0.2885563741271114
16515,0.2885563741271114
16516,0.2885563741271114
16517,0.2885563741271114
16518,0.2885563741271114
16519,0.2885563741271114
16520,0.2885563741271114
16521,0.2885563741271114
16522,0.2885563741271114
16523,0.2885563741271114
16524,0.2885563741271114
16525,0.2885563741271114
16526,0.2885563741271114
16527,0.2885563741271114
16528,0.2885563741271114
16529,0.2885563741271114
16530,0.2885563741271114
16531,0.2885563741271114
16532,0.2885563741271114
16533,0.2885563741271114
16534,0.2885563741271114
16535,0.2885563741271114
16536,0.2885563741271114
16537,0.2885563741271114
16538,0.2885563741271114
16539,0.2885563741271114
16540,0.2885563741271114
16541,0.2885563741271114
16542,0.2885563741271114
16543,0.2885563741271114
16544,0.2885563741271114
16545,0.2885563741271114
16547,0.29564276167446335
16568,0.2906949157455584
16569,0.29616819251078924
16570,0.30596403625707363
16571,0.30582560026373384
16572,0.30215327182556406
16573,0.30778941649954555
16574,0.31042910174418614
16601,0.2571194023296795
16615,0.2559770704917715
16616,0.26624896477181237
16617,0.2712275935808738
16618,0.2721946790803737
16620,0.2631557217243721
16621,0.3094046933855986
16622,0.31907958612036125
16623,0.31706187268707087
16625,0.32233910610763244
16644,0.31060141405855035
16645,0.2720793816740621
16646,0.280740134359893
16647,0.2951916428242767
16648,0.3062976905188105
16652,0.2978070472615496
16661,0.2657702400769263
16662,0.2657702400769263
16663,0.2657702400769263
16664,0.2657702400769263
16665,0.2657702400769263
16666,0.2657702400769263
16667,0.2657702400769263
16668,0.2657702400769263
16669,0.2657702400769263
16670,0.27404340768667834
16671,0.27404340768667834
16672,0.27404340768667834
16673,0.27404340768667834
16674,0.27404340768667834
16675,0.27404340768667834
16676,0.27404340768667834
16677,0.27404340768667834
16678,0.27404340768667834
16700,0.27797831527282657
16701,0.27797831527282657
16702,0.27797831527282657
16703,0.27797831527282657
16704,0.27797831527282657
16705,0.27797831527282657
16706,0.27797831527282657
16707,0.27797831527282657
16708,0.2906667550986216
16709,0.2906667550986216
16710,0.2906667550986216
16711,0.2906667550986216
16712,0.2906667550986216
16713,0.2906667550986216
16714,0.2906667550986216
16715,0.2906667550986216
16716,0.2906667550986216
16717,0.2906667550986216
16718,0.2906667550986216
16719,0.2906667550986216
16720,0.2906667550986216
16721,0.2906667550986216
16722,0.2906667550986216
16723,0.28727543396577004
16724,0.28727543396577004
16725,0.28727543396577004
16726,0.28727543396577004
16727,0.28727543396577004
16728,0.28727543396577004
16729,0.28727543396577004
16730,0.28727543396577004
16731,0.28727543396577004
16732,0.28727543396577004
16733,0.28727543396577004
16734,0.28727543396577004
16735,0.28727543396577004
16736,0.28727543396577004
16737,0.28727543396577004
16738,0.2953140769461333
16739,0.2953140769461333
16740,0.2953140769461333
16741,0.2953140769461333
16742,0.2953140769461333
16743,0.2953140769461333
16744,0.2953140769461333
16745,0.2953140769461333
16746,0.2953140769461333
16747,0.2953140769461333
16748,0.2953140769461333
16749,0.2953140769461333
16750,0.2953140769461333
16751,0.2953140769461333
16752,0.2953140769461333
16753,0.2892039098045757
16754,0.2892039098045757
16755,0.2892039098045757
16756,0.2892039098045757
16757,0.2892039098045757
16758,0.2892039098045757
16759,0.2892039098045757
16760,0.2892039098045757
16761,0.2892039098045757
16762,0.2892039098045757
16763,0.2892039098045757
16764,0.2892039098045757
16765,0.2892039098045757
16766,0.2892039098045757
16767,0.2892039098045757
16768,0.28968271316009747
16769,0.28968271316009747
16770,0.28968271316009747
16771,0.28968271316009747
16772,0.28968271316009747
16773,0.28968271316009747
16774,0.28968271316009747
16775,0.28968271316009747
16776,0.28968271316009747
16777,0.28968271316009747
16778,0.29619231393101725
16779,0.29619231393101725
16780,0.29619231393101725
16781,0.29619231393101725
16782,0.3073720599165973
16783,0.3073720599165973
16784,0.3073720599165973
16785,0.3073720599165973
16786,0.303314701381311
16787,0.303314701381311
16788,0.303314701381311
16789,0.303314701381311
16801,0.28368470320639316
16802,0.2838833932069514
16803,0.28375623885908946
16811,0.26990528805261393
16812,0.2817785035543325
16813,0.26990528805261393
16814,0.2817785035543325
16853,0.2781231464575199
16854,0.2781231464575199
16855,0.2781231464575199
16856,0.2781231464575199
16857,0.2781231464575199
16858,0.2781231464575199
16859,0.2781231464575199
16860,0.2781231464575199
16861,0.2781231464575199
16862,0.2781231464575199
16863,0.2781231464575199
16864,0.2781231464575199
16865,0.3250507138862852
16866,0.3198692822008811
16867,0.30864023656724654
16868,0.29874650381433854
16869,0.29352655489442264
16870,0.2911478282252823
16871,0.2908846096539
16872,0.2913565526108801
16873,0.3253424190297043
16874,0.3253424190297059
16875,0.3253424190297055
16876,0.22577622779493975
16878,0.22577622779493975
16879,0.22577622779493975
16893,0.20164826400783384
16906,0.20986849067073252
16908,0.20986849067073252
16972,0.3253424190297059
16973,0.3253424190297059
16974,0.29706178158120045
16975,0.2859430485678109
16976,0.2932407847243436
16977,0.2921016561337734
16978,0.30586349736319507
16979,0.2930925759107724
16980,0.292973901017243
16981,0.293830348627303
16982,0.29173721930299806
16983,0.2909646369808826
16984,0.2859430485678109
16985,0.2932407847243436
16986,0.2921016561337734
16987,0.30586349736319507
16988,0.2930925759107724
16989,0.292973901017243
16990,0.293830348627303
16991,0.29173721930299806
16992,0.2909646369808826
16993,0.3226838080977085
16994,0.2807466164653347
16995,0.32449840852756706
16996,0.2842015169095832
16997,0.3214615521651793
16998,0.3052563535937515
16999,0.32283314747425196
17000,0.3233796264579646
17001,0.31630258284142976
17002,0.301880073657233
17003,0.28948538143262903
17004,0.31649928286554313
17005,0.29308136493789705
17006,0.298677582203505
17007,0.3248925161519508
17008,0.2996628723104762
17009,0.32043340831513795
17010,0.3215626852235113
17011,0.3053141426423862
17012,0.30107842366479187
17013,0.317393046696787
17014,0.30439688882842453
17015,0.31265393445074313
17016,0.3141339872468843
17017,0.2949496887423629
17018,0.3177177762624871
17019,0.29818622601993133
17022,0.2824450560122863
17023,0.2850027042573338
17030,0.28919189402538403
17031,0.2860077926281083
17032,0.2861812440260302
17033,0.28640131600701285
17034,0.28635461952943
17035,0.2890582134557741
17044,0.2726547530875445
17045,0.2795244112322221
17046,0.2731169479546812
17047,0.2840817153638535
17048,0.28768922415134074
17049,0.2736244624276006
17050,0.2805691647615656
17051,0.27823169005694665
17052,0.2736244624276006
17053,0.2736244624276006
17054,0.2736244624276006
17055,0.2736244624276006
17056,0.2736244624276006
17057,0.2805691647615656
17058,0.2805691647615656
17059,0.2805691647615656
17060,0.2805691647615656
17061,0.2805691647615656
17070,0.26738845906840125
17085,0.2736988204669651
17091,0.2667455362307105
17092,0.29603032705369753
17093,0.2667455362307105
17096,0.25752596371854547
17098,0.25754501373518834
17099,0.26364882351244223
17100,0.25752596371854547
17101,0.2560721575136514
17106,0.26649891651270324
17107,0.26649891651270324
17108,0.26649891651270324
17131,0.262270871047339
17132,0.26237894509589493
17141,0.2910039205534262
17142,0.29371481975194885
17143,0.2997620007647657
17144,0.2865767139185434
17145,0.2932668746572317
17157,0.29793339920374556
17158,0.2014733524891465
17159,0.28836915100603555
17160,0.20144095835905085
17161,0.2211848483832613
17162,0.3030636359818592
17163,0.29856268725309
17164,0.2626355633227684
17165,0.2593899712807584
17166,0.29065266413418017
17167,0.29117858536771885
17168,0.25875429863088595
17169,0.25875429863088595
17170,0.25875429863088595
17171,0.25875429863088595
17172,0.25875429863088595
17173,0.25875429863088595
17174,0.25875429863088595
17175,0.25875429863088595
17176,0.25875429863088595
17177,0.25875429863088595
17178,0.25875429863088595
17179,0.25875429863088595
17180,0.25367140896433743
17181,0.25367140896433743
17182,0.25367140896433743
17183,0.25367140896433743
17184,0.25367140896433743
17185,0.25367140896433743
17186,0.25367140896433743
17187,0.25367140896433743
17188,0.25367140896433743
17189,0.25367140896433743
17190,0.25367140896433743
17191,0.25367140896433743
17192,0.22126264181021776
17193,0.22126264181021776
17194,0.22126264181021776
17195,0.22126264181021776
17196,0.22126264181021776
17197,0.22126264181021776
17198,0.22126264181021776
17199,0.22126264181021776
17200,0.22126264181021776
17201,0.22126264181021776
17202,0.22126264181021776
17203,0.22126264181021776
17204,0.21110525920336098
17205,0.21110525920336098
17206,0.21110525920336098
17207,0.21110525920336098
17208,0.21110525920336098
17209,0.21110525920336098
17210,0.21110525920336098
17211,0.21110525920336098
17212,0.21110525920336098
17213,0.21110525920336098
17214,0.21110525920336098
17215,0.21110525920336098
17216,0.26248357540606554
17217,0.26248357540606554
17218,0.26248357540606554
17219,0.26248357540606554
17220,0.26248357540606554
17221,0.26248357540606554
17222,0.26248357540606554
17223,0.26248357540606554
17224,0.26248357540606554
17225,0.26248357540606554
17226,0.26248357540606554
17227,0.26248357540606554
17228,0.2601662052841003
17229,0.2601662052841003
17230,0.2601662052841003
17231,0.2601662052841003
17232,0.2601662052841003
17233,0.2601662052841003
17234,0.2601662052841003
17235,0.2601662052841003
17236,0.2601662052841003
17237,0.2601662052841003
17238,0.2601662052841003
17239,0.2601662052841003
17240,0.2740800535970836
17241,0.2740800535970836
17242,0.2740800535970836
17243,0.2740800535970836
17244,0.2740800535970836
17245,0.2740800535970836
17246,0.2740800535970836
17247,0.2740800535970836
17248,0.2740800535970836
17249,0.2740800535970836
17250,0.2740800535970836
17251,0.2740800535970836
17259,0.2823560174447614
17274,0.2817821524384063
17275,0.24891577480384897
17276,0.21372651336760085
17277,0.2885398763780687
17278,0.2155520702113993
17279,0.2168436773832383
17280,0.21321491953273602
17288,0.2893984914266467
17289,0.29792523512410196
17290,0.3001935743450988
17291,0.2893984914266467
17292,0.29792523512410196
17293,0.3001935743450988
17294,0.2893984914266467
17295,0.29792523512410196
17296,0.3001935743450988
17297,0.323370625671279
17298,0.29054078179097487
17299,0.32401899083078456
17300,0.3223582873467398
17301,0.323370625671279
17302,0.29054078179097487
17303,0.32401899083078456
17304,0.3223582873467398
17305,0.3174138728671263
17306,0.3165150797238367
17307,0.3165150797238367
17318,0.29489830800076605
17319,0.29932857954465625
17320,0.31001717691729247
17331,0.2519554856704411
17332,0.2185802139250607
17333,0.29378220616301176
17334,0.2144696975748226
17335,0.29392106564495063
17336,0.22826370688155573
17365,0.25002804166939385
17366,0.25097126805747655
17367,0.2630044909220359
17368,0.21083005020639645
17369,0.273686611956726
17370,0.2703639330122592
17371,0.2576098664642052
17372,0.2394045536222792
17373,0.207532994179802
17374,0.23102280841226014
17375,0.24207025850433492
17376,0.2495265721791373
17377,0.25098200871391996
17378,0.27033768089410243
17379,0.2625493950398092
17380,0.26395163675660516
17381,0.27597110279911047
17382,0.2882432915093201
17383,0.2908687471978884
17384,0.2953127833474149
17385,0.292640106917913
17406,0.21755439174216468
17407,0.3253424190297059
17411,0.2163995048235671
17412,0.2163995048235671
17413,0.3174840486602034
17414,0.31691727557331456
17415,0.3203677939510176
17416,0.3182130224795214
17417,0.3155403232417456
17418,0.32042236348081093
17419,0.3122004576819059
17424,0.3150674231551231
17425,0.2938144422245608
17426,0.2938144422245608
17427,0.31493735627508906
17464,0.26640096865607504
17465,0.26640096865607504
17466,0.2602913098676765
17467,0.2602913098676765
17474,0.27807973611232895
17544,0.19582638059826324
17545,0.19582638059826324
17546,0.19582638059826324
17605,0.25743733932170176
17606,0.29301701553045445
17607,0.24411436334538913
17608,0.28282229973802536
17609,0.3090749589639938
17644,0.24099434487568497
17645,0.24099434487568497
17646,0.24099434487568497
17647,0.24099434487568497
17648,0.24099434487568497
17674,0.2729285022567108
17675,0.27588768646678336
17695,0.3113942087028746
17696,0.3113942087028746
17698,0.26387307305819946
17699,0.26387307305819946
17700,0.26387307305819946
17702,0.2749498079001867
17703,0.2749498079001867
17704,0.2749498079001867
17706,0.21412168826472308
17707,0.21412168826472308
17709,0.2903547670046268
17710,0.2903547670046268
17711,0.2903547670046268
17870,0.3076078021617479
17871,0.31440394105849473
17898,0.21409076678583955
17899,0.28635690725633306
17900,0.28496492018740505
17901,0.29310122969061575
17902,0.21409076678583955
17903,0.28635690725633306
17904,0.28496492018740505
17905,0.29310122969061575
17906,0.21409076678583955
17907,0.28635690725633306
17908,0.28496492018740505
17909,0.29310122969061575
17910,0.21409076678583955
17911,0.28635690725633306
17912,0.28496492018740505
17913,0.29310122969061575
17914,0.21409076678583955
17915,0.28635690725633306
17916,0.28496492018740505
17917,0.29310122969061575
17918,0.28027464379527567
17919,0.28107873240458603
17920,0.2745536076616644
17921,0.276256759083096
17922,0.28952095205427636
17923,0.28854962704011533
17998,0.23499156849166294
17999,0.22616916817843358
18000,0.24849472721581542
18001,0.23366526278773994
18002,0.23598064680269906
18003,0.20708151572763486
18004,0.21599678548484896
18005,0.23528885808553118
18006,0.24659702554386556
18007,0.20832083556167968
18008,0.23499156849166294
18009,0.22616916817843358
18010,0.24849472721581542
18011,0.23366526278773994
18012,0.23598064680269906
18013,0.20708151572763486
18014,0.21599678548484896
18015,0.23528885808553118
18016,0.24659702554386556
18017,0.20832083556167968
18018,0.23499156849166294
18019,0.22616916817843358
18020,0.24849472721581542
18021,0.23366526278773994
18022,0.23598064680269906
18023,0.20708151572763486
18024,0.21599678548484896
18025,0.23528885808553118
18026,0.24659702554386556
18027,0.20832083556167968
18028,0.23499156849166294
18029,0.22616916817843358
18030,0.24849472721581542
18031,0.23366526278773994
18032,0.23598064680269906
18033,0.20708151572763486
18034,0.21599678548484896
18035,0.23528885808553118
18036,0.24659702554386556
18037,0.20832083556167968
18050,0.19625613212226073
18051,0.19625613212226073
18052,0.2152070538090799
18083,0.25245265116275006
18084,0.25245265116275006
18086,0.25245265116275006
18087,0.25245265116275006
18088,0.25245265116275006
18094,0.19625613212226073
18095,0.19625613212226073
18097,0.19625613212226073
18193,0.24869602030938542
18194,0.24869602030938542
18195,0.24869602030938542
18196,0.24869602030938542
18197,0.24869602030938542
18198,0.24869602030938542
18199,0.2551594960788064
18200,0.2551594960788064
18202,0.2551594960788064
18203,0.2551594960788064
18204,0.2551594960788064
18205,0.2615784425616824
18206,0.2615784425616824
18208,0.2615784425616824
18209,0.2615784425616824
18210,0.2615784425616824
18211,0.26511982394622324
18212,0.26511982394622324
18214,0.26511982394622324
18215,0.26511982394622324
18216,0.26511982394622324
18217,0.26528217772581136
18218,0.26528217772581136
18220,0.26528217772581136
18221,0.26528217772581136
18222,0.26528217772581136
18223,0.2620630639896933
18224,0.2620630639896933
18226,0.2620630639896933
18227,0.2620630639896933
18228,0.2620630639896933
18229,0.27768891297448606
18230,0.27768891297448606
18232,0.27768891297448606
18233,0.27768891297448606
18234,0.27768891297448606
18235,0.2822980791885969
18236,0.2822980791885969
18238,0.2822980791885969
18239,0.2822980791885969
18240,0.2822980791885969
18241,0.285044185622789
18242,0.285044185622789
18244,0.285044185622789
18245,0.285044185622789
18246,0.285044185622789
18247,0.29187448183407955
18248,0.29187448183407955
18250,0.29187448183407955
18251,0.29187448183407955
18252,0.29187448183407955
18253,0.28731841782768874
18254,0.28731841782768874
18256,0.28731841782768874
18257,0.28731841782768874
18258,0.28731841782768874
18259,0.2889439774756781
18260,0.2889439774756781
18262,0.2889439774756781
18263,0.2889439774756781
18264,0.2889439774756781
18265,0.24869602030938542
18266,0.2551594960788064
18267,0.2615784425616824
18268,0.26511982394622324
18269,0.26528217772581136
18270,0.2620630639896933
18271,0.27768891297448606
18272,0.2822980791885969
18273,0.285044185622789
18274,0.29187448183407955
18275,0.28731841782768874
18276,0.2889439774756781
18300,0.261314227280088
18301,0.3001685092120048
18302,0.30084215359383504
18303,0.2977216589112821
18304,0.3096770337137294
18305,0.3096097340056962
18306,0.3117410776339142
18307,0.31167753432677303
18308,0.3149989341354105
18309,0.31502393639812115
18310,0.3174730233011825
18311,0.3176076901217781
18312,0.3194771955364952
18313,0.3192488767672626
18314,0.3247248706942976
18315,0.32466594404021226
18316,0.32231531735017993
18317,0.3096770337137294
18318,0.3096097340056962
18319,0.3117410776339142
18320,0.31167753432677303
18321,0.3149989341354105
18322,0.31502393639812115
18323,0.3174730233011825
18324,0.3176076901217781
18325,0.3194771955364952
18326,0.3192488767672626
18327,0.3247248706942976
18328,0.32466594404021226
18329,0.32231531735017993
18363,0.26113174088030755
18364,0.26113174088030755
18365,0.26113174088030755
18366,0.2665427049690499
18367,0.2665427049690499
18368,0.2665427049690499
18369,0.26113174088030755
18370,0.2665427049690499
18372,0.2566268147128607
18382,0.2566268147128607
18392,0.2566268147128607
18402,0.2566268147128607
18411,0.2566268147128607
18414,0.25370628075468377
18415,0.20992956425770767
18416,0.26215410110493714
18417,0.20596506100805326
18418,0.20513056317168085
18419,0.19354088537292724
18420,0.26944216778937496
18421,0.2688059965882312
18422,0.19514480250581176
18425,0.27571320889870804
18432,0.29540234557626144
18433,0.21655703784022332
18434,0.270236867582687
18435,0.2783981427809071
18436,0.2943837006987683
18437,0.29327888700781274
18438,0.29275990328910184
18439,0.30962025359920214
18440,0.29540234557626144
18441,0.21655703784022332
18442,0.27571320889870804
18443,0.270236867582687
18444,0.2783981427809071
18445,0.2943837006987683
18446,0.30962025359920214
18447,0.29540234557626144
18448,0.21655703784022332
18449,0.27571320889870804
18450,0.29327888700781274
18451,0.29275990328910184
18452,0.29540234557626144
18453,0.21655703784022332
18454,0.27571320889870804
18455,0.270236867582687
18456,0.2783981427809071
18457,0.2943837006987683
18458,0.29327888700781274
18459,0.29275990328910184
18460,0.30962025359920214
18461,0.29540234557626144
18462,0.21655703784022332
18463,0.27571320889870804
18464,0.270236867582687
18465,0.2783981427809071
18466,0.2943837006987683
18467,0.29327888700781274
18468,0.29275990328910184
18469,0.30962025359920214
18470,0.29540234557626144
18471,0.21655703784022332
18472,0.29540234557626144
18473,0.21655703784022332
18474,0.27571320889870804
18490,0.2655975209343741
18491,0.2138878633277994
18492,0.2408667727632921
18493,0.2722059169973099
18518,0.294688967914525
18528,0.29309638467838706
18548,0.19514980093780426
18549,0.22834330465156033
18550,0.19945214464445402
18551,0.24559847120552172
18552,0.19148074807031434
18553,0.21514294903636186
18554,0.2609786517251024
18555,0.25949908853096054
18564,0.19514980093780426
18565,0.22834330465156033
18566,0.19945214464445402
18567,0.24559847120552172
18568,0.19148074807031434
18569,0.21514294903636186
18570,0.2609786517251024
18571,0.25949908853096054
18611,0.26199290307804635
18612,0.29494453426761597
18614,0.3090420439983991
18615,0.3189005005388251
18616,0.21864566581728773
18619,0.2926060540677043
18621,0.29566868072962377
18622,0.274317882556855
18624,0.28144675060297
18628,0.2761166322738656
18630,0.2807267833219514
18649,0.21035502970974132
18650,0.21353700906860795
18651,0.24542945997886864
18652,0.24542945997886864
18654,0.24542945997886864
18655,0.24542945997886864
18660,0.21189072315205465
18661,0.21189072315205465
18668,0.26083902220116184
18697,0.307050008704612
18699,0.3251145277421052
18700,0.3251145277421052
18701,0.3251145277421052
18702,0.3253049346972027
18703,0.3253049346972027
18704,0.3253049346972027
18705,0.32517742046024617
18706,0.32517742046024617
18707,0.32517742046024617
18708,0.307050008704612
18709,0.307050008704612
18710,0.307050008704612
18711,0.3039566476170949
18712,0.3128531875548191
18713,0.30580298305297116
18714,0.3124038367577851
18715,0.3154908287240588
18716,0.30580298305297116
18717,0.30580298305297116
18718,0.30580298305297116
18719,0.30580298305297116
18721,0.30580298305297116
18723,0.3039566476170949
18724,0.3039566476170949
18725,0.3124038367577851
18726,0.3124038367577851
18727,0.3154908287240588
18728,0.3154908287240588
18747,0.2534242225029265
18748,0.2534242225029265
18749,0.2534242225029265
18750,0.2534242225029265
18751,0.2534242225029265
18752,0.2534242225029265
18777,0.2757622041456452
18778,0.2757622041456452
18779,0.2757622041456452
18780,0.2757622041456452
18782,0.2757622041456452
18783,0.2719693767625784
18784,0.2719693767625784
18785,0.2719693767625784
18786,0.2719693767625784
18788,0.2719693767625784
18789,0.280422809066718
18790,0.280422809066718
18791,0.280422809066718
18792,0.280422809066718
18794,0.280422809066718
18795,0.20986799242477805
18796,0.20986799242477805
18797,0.20986799242477805
18798,0.20986799242477805
18800,0.20986799242477805
18801,0.29915433149291826
18802,0.29915433149291826
18803,0.29915433149291826
18804,0.29915433149291826
18806,0.29915433149291826
18807,0.2757622041456452
18808,0.2719693767625784
18809,0.280422809066718
18810,0.20986799242477805
18811,0.29915433149291826
18986,0.29144695319158204
18987,0.294869660452346
18988,0.3032397529250454
18989,0.28765852989516677
19053,0.20737916949635576
19055,0.2756045472839549
19057,0.23697850975965545
19059,0.20804058281458324
19069,0.2559778341900049
19072,0.27693076800066996
19073,0.27693076800066996
19079,0.26011015958892153
19084,0.3200790889193477
19085,0.3199760333320092
19086,0.32431611659110215
19087,0.3199798262524166
19088,0.3200067538585867
19108,0.26864328102355634
19109,0.27617156682410704
19110,0.2803146905660873
19112,0.2131627231359547
19114,0.24226873206534513
19116,0.24295409423428566
19120,0.24226873206534513
19122,0.24295409423428566
19125,0.27382706632342796
19126,0.26505444097221087
19129,0.212477081931828
19130,0.21307553457127865
19132,0.27479716039838015
19138,0.27382706632342796
19144,0.28024612566517537
19145,0.27479716039838015
19146,0.2827992324640688
19147,0.2834959958047702
19148,0.2845603716016399
19149,0.2855551499003517
19158,0.3035292408144167
19159,0.29171424544970104
19160,0.30577899932528974
19161,0.2969350228367283
19162,0.2863269073793333
19163,0.28565704721207114
19164,0.2869948243262822
19165,0.2899949686146811
19166,0.29365061058579406
19167,0.30749652077754036
19168,0.2993133274122464
19169,0.3149842697835798
19172,0.2691277289590576
19173,0.2685845639653624
19174,0.2713786540645857
19177,0.2978845449875573
19179,0.3100598066870054
19181,0.275894349667638
19183,0.2772902956802815
19184,0.2989711627248117
19185,0.28638272361365896
19186,0.2746925980181698
19187,0.2717186136039799
19188,0.2716750807382142
19189,0.29208492684789855
19190,0.29185989356376457
19191,0.2904091864327911
19192,0.27581180889987
19193,0.2927324740823963
19194,0.27110068607482224
19195,0.2709261883642767
19196,0.2754827749488954
19197,0.27811036121088684
19198,0.2978162291619881
19199,0.3098117552728975
19219,0.23510382200481264
19220,0.22656505378804295
19221,0.252739304472876
19222,0.2114272002157145
19223,0.20706566636290136
19224,0.2089866500085172
19225,0.2527082512830111
19226,0.24482192591399854
19243,0.32321707161672447
19287,0.31800680297770123
19288,0.31800681811785525
19289,0.3179529295079213
19296,0.3003661541454184
19297,0.3003727878378902
19298,0.30038022219530214
19299,0.25815360842210916
19300,0.21839165076402767
19301,0.21996323812154783
19302,0.31729410969446853
19303,0.31722337042215165
19304,0.3171709568936345
19305,0.2979671820351416
19306,0.2983036772115621
19307,0.2992216476421378
19308,0.24058635619275423
19309,0.21751353655040082
19310,0.21846345768426925
19311,0.3163230721160728
19312,0.31643860685162745
19313,0.3163179915718989
19314,0.3003661541454184
19315,0.3003727878378902
19316,0.30038022219530214
19317,0.25815360842210916
19318,0.21839165076402767
19319,0.21996323812154783
19320,0.31729410969446853
19321,0.31722337042215165
19322,0.3171709568936345
19325,0.2988058477461262
19328,0.21838817730690332
19388,0.2976170347469712
19389,0.294345191166521
19390,0.2968133442916442
19391,0.2976335504976016
19392,0.2984755319136523
19393,0.3041529765902015
19394,0.3230372642558563
19395,0.3232120058101801
19396,0.29830895037291005
19397,0.3225233354785121
19412,0.2677241990752349
19413,0.28817606990929057
19414,0.2586149269531786
19415,0.2792079230828647
19416,0.25296922144001
19417,0.2605518129417487
19418,0.27703710450663566
19419,0.2676288852641196
19420,0.26868487680943764
19421,0.2974093448647419
19422,0.3007858222060266
19423,0.29463757328725715
19424,0.2957515479674618
19425,0.2806625428287467
19426,0.27599061219967974
19427,0.27383773236216
19428,0.2839031708731288
19438,0.2662024970179507
19444,0.32185486961109666
19466,0.2933243364350915
19467,0.29541482414276243
19468,0.2923113071877484
19469,0.3035583846228388
19470,0.3194235281590052
19471,0.21654028505683795
19472,0.21682680974145413
19473,0.3039545242908535
19474,0.2760979058389928
19475,0.27759983253425646
19476,0.27260303307265726
19477,0.2736364188230688
19478,0.27325086530290843
19479,0.27768557892329143
19480,0.27931692366407557
19481,0.2821247300300071
19482,0.27344146485285503
19483,0.27769366068841556
19484,0.2730120554112829
19485,0.27371807951781135
19486,0.27750433886805725
19487,0.2789262431686754
19492,0.27384765050534127
19494,0.27769366068841556
19510,0.3219869218717023
19517,0.28168451825564145
19518,0.28997367120009626
19519,0.26980837718442685
19520,0.2786247680382521
19521,0.28387618676937365
19522,0.2672306434808991
19523,0.28168451825564145
19524,0.28997367120009626
19525,0.26980837718442685
19526,0.2786247680382521
19527,0.28387618676937365
19528,0.2672306434808991
19529,0.28168451825564145
19530,0.28997367120009626
19531,0.26980837718442685
19532,0.2786247680382521
19533,0.28387618676937365
19534,0.2672306434808991
19535,0.29012673294148617
19536,0.2985845288124134
19537,0.2921362511818767
19538,0.2948930800510446
19539,0.2967147056361028
19540,0.2961185717203145
19541,0.302757492203425
19542,0.28932133719552217
19543,0.2861563966898296
19544,0.2932693287488117
19545,0.2828512067247829
19546,0.2923160779602979
19547,0.278154604914349
19549,0.2813700560153886
19550,0.2813700560153886
19551,0.2813700560153886
19552,0.2813700560153886
19553,0.2813700560153886
19555,0.28137047388717273
19556,0.28137047388717273
19557,0.28137047388717273
19558,0.28137047388717273
19559,0.28137047388717273
19560,0.2925464298253607
19561,0.2924649674998304
19562,0.3212165722244689
19563,0.32121701383822115
19570,0.3250040903552035
19577,0.3250040903552035
19596,0.23964701884366377
19603,0.292690608700877
19604,0.292690608700877
19606,0.292690608700877
19607,0.292690608700877
19608,0.268263013779125
19609,0.268263013779125
19611,0.268263013779125
19612,0.268263013779125
19613,0.2428305648094634
19614,0.2428305648094634
19616,0.2428305648094634
19617,0.2428305648094634
19618,0.273802170011081
19619,0.273802170011081
19621,0.273802170011081
19622,0.273802170011081
19623,0.29261989032899366
19624,0.29261989032899366
19626,0.29261989032899366
19627,0.29261989032899366
19633,0.2900923668876315
19634,0.3058899555458143
19638,0.2934422683836313
19639,0.3030738467537996
19640,0.31408933136440736
19641,0.28095766961840307
19656,0.24226873206534513
19657,0.24295409423428566
19676,0.1926747949887273
19680,0.2064718423847202
19684,0.2069551486431754
19696,0.32527070798372476
19697,0.32530984533950974
19698,0.3252677182766961
19699,0.2193691442376872
19700,0.32433778884694003
19701,0.219365410263117
19702,0.3252677182766961
19703,0.3252677182766961
19704,0.3252677182766961
19710,0.2863757201701972
19721,0.2511861914216566
19729,0.2360076145579562
19730,0.2084900079920809
19738,0.2360076145579562
19739,0.2084900079920809
19801,0.2407941874007565
19802,0.26044300068846093
19803,0.25655390865801586
19804,0.2582274929273451
19805,0.27151984227322895
19806,0.25793369652095777
19807,0.2598428693116311
19808,0.26225525869808264
19809,0.26989773877775647
19810,0.26936812403630095
19811,0.2694759407607028
19812,0.25083940531918825
19813,0.24910519722319802
19814,0.25188957987423144
19815,0.26291011629908956
19816,0.2556124956414177
19905,0.2662199850950836
19909,0.2846609566242487
19912,0.31357001439596827
19920,0.3033899190231815
19921,0.3033899190231815
19922,0.3033899190231815
19923,0.3033899190231815
19924,0.3033899190231815
19925,0.3033899190231815
19979,0.2614786219945295
19980,0.2819879122937398
19981,0.2819879122937398
19982,0.2819879122937398
19983,0.2819879122937398
19984,0.2819879122937398
19985,0.2819879122937398
19986,0.2819879122937398
19987,0.2819879122937398
19988,0.2819879122937398
19989,0.2819879122937398
19990,0.2819879122937398
19991,0.2819879122937398
19992,0.2713387318329027
19993,0.2713387318329027
19994,0.2713387318329027
19995,0.2713387318329027
19996,0.2713387318329027
19997,0.2713387318329027
19998,0.2713387318329027
19999,0.2713387318329027
20000,0.2713387318329027
20001,0.2713387318329027
20002,0.2713387318329027
20003,0.2713387318329027
20004,0.2713749437911122
20005,0.2713749437911122
20006,0.2713749437911122
20007,0.2713749437911122
20008,0.2713749437911122
20009,0.2713749437911122
20010,0.2713749437911122
20011,0.2713749437911122
20012,0.2713749437911122
20013,0.2713749437911122
20014,0.2713749437911122
20015,0.2713749437911122
20020,0.2704361147759478
20028,0.32138992087037915
20034,0.31297621910146767
20035,0.3185753693477702
20040,0.32043401947895167
20041,0.3236036384966086
20043,0.31543496004118654
20044,0.21810422245885827
20045,0.2178489869846421
20046,0.29562189373312703
20047,0.3070561549358698
20048,0.3185753693477702
20049,0.21423374923199562
20050,0.30240104518765704
20051,0.3044697561525402
20052,0.3191222064250648
20053,0.3073156759698021
20054,0.3163823997662075
20064,0.29119037081851773
20071,0.29210318649376005
20072,0.2716253038910016
20073,0.29204268035413455
20074,0.3094189258670288
20097,0.23424913953154292
20122,0.29807992991025073
20123,0.3179727762294093
20124,0.29807992991025073
20125,0.3179727762294093
20148,0.26033979424095344
20149,0.2674867646465012
20164,0.25481106108939233
20169,0.26558661171737885
20184,0.2918284976340048
20185,0.2918284976340048
20186,0.2918284976340048
20187,0.30939000337070927
20188,0.30939000337070927
20189,0.30939000337070927
20194,0.299135584018611
20195,0.3110712567500801
20196,0.3121127479831479
20197,0.27872834083053033
20198,0.28820290740741183
20199,0.3063541753190109
20200,0.3102112419993351
20201,0.2884451901092671
20202,0.27852764660779694
20203,0.2605682501136561
20204,0.281360994684909
20205,0.29382584140822365
20206,0.29382584140822365
20207,0.29382584140822365
20208,0.29382584140822365
20217,0.26953247896284316
20218,0.27280394720347073
20219,0.27176614030043544
20220,0.27166774314590686
20221,0.2747354572069744
20222,0.27238851057274305
20223,0.2796133450289871
20224,0.27882697130179623
20225,0.27849891934966525
20226,0.28074570527142906
20227,0.2696622215133363
20228,0.2729658109637258
20229,0.272024365693308
20230,0.2719139228665594
20231,0.27507548670547755
20232,0.2723208981504829
20233,0.27929643348068095
20234,0.2785696103081635
20235,0.2784057545007807
20236,0.2807330502078369
