Tag,std_of_estimated_y
1,53.19433722881212
2,57.391129530200736
3,88.24575282546404
4,59.30241399543776
5,59.30241399543776
6,39.408869196829464
7,39.408869196829464
8,39.408869196829464
9,39.408869196829464
10,39.408869196829464
11,49.481285157558105
12,49.481285157558105
13,49.481285157558105
14,49.481285157558105
15,49.481285157558105
16,53.166538780130054
17,53.166538780130054
18,53.166538780130054
19,53.166538780130054
20,56.305906614621485
21,56.305906614621485
22,56.305906614621485
23,56.305906614621485
24,56.305906614621485
25,52.18106080932641
26,52.18106080932641
27,52.18106080932641
28,33.24930489504189
29,32.888899915061764
30,48.17602751118977
31,47.76685732546872
32,41.66789203632236
33,59.52101835155489
34,71.33190564485146
35,63.05568583405806
36,58.59245869888457
37,71.33190564485146
38,59.52101835155489
39,63.05568583405806
40,64.19459229599165
41,58.59245869888457
42,71.33190564485146
43,63.05568583405806
44,64.19459229599165
45,71.33190564485146
46,63.05568583405806
47,58.59245869888457
48,71.33190564485146
49,59.52101835155489
50,63.05568583405806
51,64.19459229599165
52,58.59245869888457
53,71.33190564485146
54,59.52101835155489
55,63.05568583405806
56,64.19459229599165
57,58.59245869888457
58,71.33190564485146
59,59.52101835155489
60,63.05568583405806
61,64.19459229599165
62,58.59245869888457
63,71.33190564485146
64,59.52101835155489
65,63.05568583405806
66,64.19459229599165
67,58.59245869888457
68,71.33190564485146
69,59.52101835155489
70,63.05568583405806
71,64.19459229599165
84,48.97251087463937
85,48.97251087463937
86,48.97251087463937
87,48.97251087463937
88,48.97251087463937
89,48.97251087463937
90,48.97251087463937
91,48.97251087463937
92,57.05001893371933
93,57.05001893371933
94,57.05001893371933
95,57.05001893371933
96,57.05001893371933
97,57.05001893371933
100,52.575407269463284
101,53.1531655447486
102,55.32075358168514
103,57.01755125972308
105,59.05099828759644
106,66.62511544353667
109,55.160223308231274
110,54.468759652100644
118,34.72627125937587
120,34.72627125937587
123,34.72627125937587
164,64.25722117147684
165,65.62336167198785
166,64.25722117147684
167,65.62336167198785
168,64.25722117147684
169,65.62336167198785
170,131.33913731483253
171,129.47822855430553
172,138.20646839996778
173,121.52656177672921
174,85.30152899789121
175,117.37381445174222
176,117.5971907481093
177,118.71573492296645
178,74.89451813434246
179,48.85026974563462
180,108.9377763981289
181,94.61314625007752
182,122.53198065310926
183,32.888899915061764
184,76.14462605196012
186,75.41795976717768
187,70.13279094126905
188,125.06719352743356
189,64.5530337912089
190,43.02812279746205
191,52.20222321359821
192,62.97501161049946
193,66.25098645017995
194,63.54947453736216
195,38.183776510010425
196,38.183776510010425
197,45.002585450020035
198,45.002585450020035
199,44.391923150816325
200,44.391923150816325
201,49.52601908018889
202,84.17658832245152
203,84.17658832245152
204,51.631273015472466
205,43.02812279746205
206,43.02812279746205
207,57.9812171953233
208,58.59245869888457
209,58.59245869888457
210,76.5012393213196
211,127.88664231862093
212,70.56405323337007
213,52.20222321359821
214,53.51682217042901
215,53.03893559771077
216,53.20134775229291
217,53.16507532965037
218,53.202143343122984
219,52.97942339751127
220,53.51682217042901
221,53.03893559771077
222,53.20134775229291
223,53.16507532965037
224,53.202143343122984
225,52.97942339751127
226,53.51682217042901
227,53.03893559771077
228,53.20134775229291
229,53.16507532965037
230,53.202143343122984
231,52.97942339751127
232,53.51682217042901
233,53.03893559771077
234,53.20134775229291
235,53.16507532965037
236,53.202143343122984
237,52.97942339751127
238,53.51682217042901
239,53.03893559771077
240,53.20134775229291
241,53.16507532965037
242,53.202143343122984
243,52.97942339751127
244,53.51682217042901
245,53.03893559771077
246,53.20134775229291
247,53.16507532965037
248,53.202143343122984
249,52.97942339751127
250,53.51682217042901
251,53.03893559771077
252,53.20134775229291
253,53.16507532965037
254,53.202143343122984
255,52.97942339751127
256,53.20134775229291
257,53.16507532965037
258,53.202143343122984
259,52.97942339751127
260,53.51682217042901
261,53.03893559771077
262,53.20134775229291
263,53.16507532965037
264,53.202143343122984
265,52.97942339751127
266,53.202143343122984
267,53.51682217042901
268,53.03893559771077
269,53.20134775229291
270,53.16507532965037
271,53.202143343122984
272,52.97942339751127
273,53.20134775229291
274,53.16507532965037
275,53.202143343122984
276,52.97942339751127
277,28.41052461554448
278,28.41052461554448
279,28.41052461554448
280,28.41052461554448
281,28.41052461554448
282,28.41052461554448
283,28.41052461554448
284,28.41052461554448
285,28.41052461554448
286,28.41052461554448
287,28.41052461554448
288,28.41052461554448
289,28.41052461554448
290,28.41052461554448
291,28.41052461554448
292,28.41052461554448
293,28.41052461554448
294,28.41052461554448
295,52.078715619662546
296,52.078715619662546
297,52.078715619662546
298,52.078715619662546
299,52.078715619662546
300,52.078715619662546
301,52.078715619662546
302,52.078715619662546
303,52.078715619662546
304,64.19236471878995
305,64.19236471878995
306,64.19236471878995
307,64.19236471878995
308,64.19236471878995
315,53.67092724872529
316,53.67092724872529
317,53.67092724872529
318,53.67092724872529
319,55.58256670225178
320,55.58256670225178
321,55.58256670225178
322,55.58256670225178
323,53.110993616186065
324,53.110993616186065
325,53.110993616186065
326,53.67092724872529
327,55.58256670225178
328,53.110993616186065
329,65.38439983825423
330,77.51537809756447
331,77.51537809756447
332,77.51537809756447
333,77.51537809756447
334,77.51537809756447
335,77.51537809756447
336,77.51537809756447
337,77.51537809756447
338,77.51537809756447
339,77.51537809756447
340,77.51537809756447
341,77.51537809756447
342,77.51537809756447
343,77.51537809756447
344,77.51537809756447
345,77.51537809756447
346,77.51537809756447
347,77.51537809756447
359,62.66724064790439
360,62.66724064790439
366,49.54821526716969
368,49.54821526716969
373,33.56004238652553
374,33.56004238652553
375,33.56004238652553
379,57.0121614365303
380,57.0121614365303
381,57.0121614365303
382,57.0121614365303
455,32.637266817672824
456,32.999697847279826
457,51.570859656996504
458,55.58365943615849
459,49.31873521135832
460,49.27891143444377
508,63.17447509060323
511,51.040883511104305
516,51.040883511104305
521,51.040883511104305
526,51.040883511104305
543,45.93531419206788
544,45.93531419206788
545,45.93531419206788
547,46.42878108065567
548,46.42878108065567
561,32.147520226059086
562,37.1236371028614
563,43.99554011323651
564,54.99742718990921
565,44.11073844845677
566,31.92080062641549
567,44.0635294566904
568,46.42878108065567
569,55.20575159398945
570,33.86282094998473
571,51.440062351460305
572,56.68475998041289
573,62.64260047482428
574,51.51627271584758
575,55.93193875317783
576,62.89357762910019
577,46.410628508507095
578,47.3832206742795
579,50.782496469724556
580,51.51627271584758
581,51.51627271584758
582,51.51627271584758
583,51.51627271584758
584,51.51627271584758
585,53.44538354785391
586,53.44538354785391
587,53.44538354785391
654,51.41713142739565
655,51.41713142739565
656,51.41713142739565
657,51.41713142739565
658,51.41713142739565
659,51.41713142739565
660,51.41713142739565
661,51.41713142739565
662,56.05595408695649
663,56.05595408695649
665,56.05595408695649
666,56.05595408695649
667,56.05595408695649
668,56.05595408695649
669,56.05595408695649
670,56.41562645577986
672,56.41562645577986
673,56.41562645577986
674,56.41562645577986
675,56.41562645577986
676,56.41562645577986
677,56.41562645577986
678,58.03610950124712
679,58.03610950124712
681,58.03610950124712
682,58.03610950124712
683,58.03610950124712
684,58.03610950124712
685,58.03610950124712
686,53.0938994335596
687,53.0938994335596
688,53.0938994335596
689,53.0938994335596
690,53.0938994335596
691,53.0938994335596
692,53.0938994335596
693,53.0938994335596
694,53.0938994335596
695,53.0938994335596
696,99.1598673335425
697,99.1598673335425
698,99.1598673335425
699,99.1598673335425
700,99.1598673335425
701,99.1598673335425
702,99.1598673335425
703,99.1598673335425
704,99.1598673335425
705,99.1598673335425
706,80.5841185179488
707,80.5841185179488
708,80.5841185179488
709,80.5841185179488
710,80.5841185179488
711,80.5841185179488
712,80.5841185179488
713,80.5841185179488
714,80.5841185179488
715,80.5841185179488
716,138.54905120749746
717,138.54905120749746
718,138.54905120749746
719,138.54905120749746
720,138.54905120749746
721,138.54905120749746
722,138.54905120749746
723,138.54905120749746
724,138.54905120749746
725,138.54905120749746
726,138.54905120749746
727,138.54905120749746
728,138.54905120749746
729,138.54905120749746
744,53.166538780130054
745,53.166538780130054
746,53.166538780130054
747,53.166538780130054
748,53.166538780130054
749,56.305906614621485
750,56.305906614621485
751,56.305906614621485
752,56.305906614621485
753,56.305906614621485
760,46.62785099544022
777,30.29038431904382
908,39.408869196829464
909,44.60956834641603
986,62.66368930040563
987,62.66368930040563
989,62.66368930040563
990,62.66368930040563
991,62.66368930040563
1027,59.238823214023206
1028,59.238823214023206
1057,61.405500795669255
1072,60.16062905676831
1073,60.16062905676831
1074,60.16062905676831
1075,60.16062905676831
1076,60.16062905676831
1077,60.16062905676831
1078,60.16062905676831
1079,60.16062905676831
1090,29.96178178872503
1175,67.75866221219421
1193,58.32664725834921
1196,59.4369053372346
1197,59.353522698504094
1200,62.498489307132495
1203,65.32523252063851
1232,51.08621579481123
1233,51.08621579481123
1234,52.262481049004734
1235,52.262481049004734
1236,52.292423159222906
1237,52.292423159222906
1238,58.306330235035134
1239,58.306330235035134
1240,65.71461019783487
1241,65.71461019783487
1242,58.591276249297636
1243,58.591276249297636
1244,54.60780547262885
1245,54.60780547262885
1246,55.22743683849986
1247,55.22743683849986
1248,60.45428628543595
1249,60.45428628543595
1250,64.21570285471657
1251,64.21570285471657
1252,63.273365187328736
1253,63.273365187328736
1260,33.40402931078323
1262,54.375084205957315
1263,54.375084205957315
1264,54.375084205957315
1295,59.41304163761537
1296,73.17185649457547
1297,33.92488195802033
1298,62.20769369738101
1300,76.11908819027795
1301,76.11908819027795
1302,76.11908819027795
1361,101.08549658536663
1362,103.08611295924347
1363,148.92626366048307
1364,101.9497804779704
1365,107.52684486758228
1366,104.20480213577358
1367,108.11256004528197
1368,101.96833479508483
1369,101.08549658536663
1370,103.08611295924347
1371,148.92626366048307
1372,101.9497804779704
1373,107.52684486758228
1374,104.20480213577358
1375,108.11256004528197
1376,101.96833479508483
1377,101.08549658536663
1378,103.08611295924347
1379,148.92626366048307
1380,101.9497804779704
1381,107.52684486758228
1382,104.20480213577358
1383,108.11256004528197
1384,101.96833479508483
1385,101.08549658536663
1386,103.08611295924347
1387,148.92626366048307
1388,101.9497804779704
1389,107.52684486758228
1390,104.20480213577358
1391,108.11256004528197
1392,101.96833479508483
1393,101.08549658536663
1394,103.08611295924347
1395,148.92626366048307
1396,101.9497804779704
1397,107.52684486758228
1398,104.20480213577358
1399,108.11256004528197
1400,101.96833479508483
1401,101.08549658536663
1402,103.08611295924347
1403,148.92626366048307
1404,101.9497804779704
1405,107.52684486758228
1406,104.20480213577358
1407,108.11256004528197
1408,101.96833479508483
1417,101.08549658536663
1418,103.08611295924347
1419,148.92626366048307
1420,101.9497804779704
1421,107.52684486758228
1422,104.20480213577358
1423,108.11256004528197
1424,101.96833479508483
1425,65.41588938680908
1426,65.41588938680908
1427,65.41588938680908
1428,65.41588938680908
1429,65.41588938680908
1430,65.41588938680908
1431,57.89420279141153
1432,57.89420279141153
1433,57.89420279141153
1434,57.89420279141153
1488,48.378524315972854
1497,59.168217012794805
1528,52.04302179904287
1532,63.681176508136886
1537,63.963593779119826
1538,63.963593779119826
1582,32.8323013222274
1605,33.64698921025844
1606,33.64698921025844
1607,33.64698921025844
1608,33.64698921025844
1614,62.95620497018981
1615,62.95620497018981
1616,62.95620497018981
1617,62.95620497018981
1629,47.97320364800167
1630,47.237055975007394
1631,53.59871986397535
1632,45.67317769031374
1633,32.93247794412162
1634,47.02838560327303
1635,49.8801985335941
1636,49.18048309199472
1637,47.92224855652027
1638,53.74318563720634
1639,48.18034658977557
1640,47.97320364800167
1641,47.237055975007394
1642,53.59871986397535
1643,32.93247794412162
1644,47.02838560327303
1645,49.8801985335941
1646,49.18048309199472
1647,47.92224855652027
1648,53.74318563720634
1649,48.18034658977557
1650,47.97320364800167
1651,47.237055975007394
1652,53.59871986397535
1653,45.67317769031374
1654,32.93247794412162
1655,47.02838560327303
1656,49.8801985335941
1657,49.18048309199472
1658,47.92224855652027
1659,53.74318563720634
1660,48.18034658977557
1661,47.97320364800167
1662,47.237055975007394
1663,53.59871986397535
1664,45.67317769031374
1665,32.93247794412162
1666,47.02838560327303
1667,49.8801985335941
1668,49.18048309199472
1669,47.92224855652027
1670,53.74318563720634
1671,48.18034658977557
1687,69.60797336614645
1688,69.60797336614645
1689,69.60797336614645
1690,69.60797336614645
1691,69.60797336614645
1692,69.60797336614645
1693,68.75232721445515
1694,68.75232721445515
1695,68.75232721445515
1696,68.75232721445515
1697,68.75232721445515
1698,68.75232721445515
1699,69.21208303999202
1700,69.21208303999202
1701,69.21208303999202
1702,69.21208303999202
1703,69.21208303999202
1704,69.21208303999202
1705,71.9459294407434
1706,71.9459294407434
1707,71.9459294407434
1708,71.9459294407434
1709,71.9459294407434
1710,71.9459294407434
1711,69.31082093967095
1712,69.31082093967095
1713,69.31082093967095
1714,69.31082093967095
1715,69.31082093967095
1716,69.31082093967095
1717,57.963285452534315
1718,57.963285452534315
1719,57.963285452534315
1720,57.963285452534315
1721,57.963285452534315
1722,57.963285452534315
1723,58.547787317931416
1724,58.547787317931416
1725,58.547787317931416
1726,58.547787317931416
1727,58.547787317931416
1728,58.547787317931416
1729,62.552343873800126
1730,62.552343873800126
1731,62.552343873800126
1732,62.552343873800126
1733,62.552343873800126
1734,62.552343873800126
1735,60.06542230058141
1736,60.06542230058141
1737,60.06542230058141
1738,60.06542230058141
1739,60.06542230058141
1740,60.06542230058141
1741,60.62800837133884
1742,60.62800837133884
1743,60.62800837133884
1744,60.62800837133884
1745,60.62800837133884
1747,60.56874483451722
1748,60.56874483451722
1749,60.56874483451722
1750,60.56874483451722
1751,60.56874483451722
1753,60.31309937623778
1754,60.31309937623778
1755,60.31309937623778
1756,60.31309937623778
1757,60.31309937623778
1759,63.16240694897298
1760,63.16240694897298
1761,63.16240694897298
1762,63.16240694897298
1763,63.16240694897298
1765,61.26276606980169
1766,61.26276606980169
1767,61.26276606980169
1768,61.26276606980169
1769,61.26276606980169
1771,56.217277332714545
1772,56.217277332714545
1773,56.217277332714545
1774,56.217277332714545
1775,56.217277332714545
1777,55.39504375782638
1778,55.39504375782638
1779,55.39504375782638
1780,55.39504375782638
1781,55.39504375782638
1783,55.927306177802194
1784,55.927306177802194
1785,55.927306177802194
1786,55.927306177802194
1787,55.927306177802194
1789,60.56808127198142
1790,60.56808127198142
1791,60.56808127198142
1792,60.56808127198142
1793,60.56808127198142
1795,58.34310245372108
1796,58.34310245372108
1797,58.34310245372108
1798,58.34310245372108
1799,58.34310245372108
1804,51.209571918711426
1805,33.63981927393413
1806,48.71654588715125
1807,51.209571918711426
1808,33.63981927393413
1809,48.71654588715125
1835,86.51001059593698
1836,70.13279094126905
1837,72.13502334028797
1838,80.64410508221931
1839,78.56411671824851
1840,82.51476273540946
1841,123.73003984824871
1842,96.64386248597755
1843,78.31116121413314
1844,66.97862679842423
1845,82.23817019811666
1846,86.51001059593698
1847,86.51001059593698
1848,86.51001059593698
1849,86.51001059593698
1850,86.51001059593698
1851,86.51001059593698
1852,70.13279094126905
1853,70.13279094126905
1854,70.13279094126905
1855,70.13279094126905
1856,70.13279094126905
1857,70.13279094126905
1858,72.13502334028797
1859,72.13502334028797
1860,72.13502334028797
1861,72.13502334028797
1862,72.13502334028797
1863,72.13502334028797
1864,80.64410508221931
1865,80.64410508221931
1866,80.64410508221931
1867,80.64410508221931
1868,80.64410508221931
1869,80.64410508221931
1870,78.56411671824851
1871,78.56411671824851
1872,78.56411671824851
1873,78.56411671824851
1874,78.56411671824851
1875,78.56411671824851
1876,82.51476273540946
1877,82.51476273540946
1878,82.51476273540946
1879,82.51476273540946
1880,82.51476273540946
1881,82.51476273540946
1882,123.73003984824871
1883,123.73003984824871
1884,123.73003984824871
1885,123.73003984824871
1886,123.73003984824871
1887,123.73003984824871
1888,96.64386248597755
1889,96.64386248597755
1890,96.64386248597755
1891,96.64386248597755
1892,78.31116121413314
1893,78.31116121413314
1894,78.31116121413314
1895,78.31116121413314
1896,78.31116121413314
1897,78.31116121413314
1898,66.97862679842423
1965,50.58847049007153
1966,58.706417611706684
1967,86.12756246034685
1968,87.28207951565975
1969,57.62410311797985
1970,60.11051557128906
1971,49.28557225530992
1972,55.906805041334216
1979,47.839647246884354
1980,33.703670821986776
1981,42.28434767474585
1982,71.35813841871176
1983,80.46663344602048
1984,50.513878002522034
1986,60.05003097067564
1988,64.92396837995742
1990,61.97121361075687
1992,77.50973003256841
1995,33.703670821986776
2114,55.67714383896673
2115,55.67714383896673
2117,55.67714383896673
2118,55.67714383896673
2119,55.67714383896673
2120,55.67714383896673
2121,55.67714383896673
2122,55.67714383896673
2123,55.91155660928288
2124,55.91155660928288
2126,55.91155660928288
2127,55.91155660928288
2128,55.91155660928288
2129,55.91155660928288
2130,55.91155660928288
2131,55.91155660928288
2132,63.862206210022165
2133,66.25032341082468
2134,54.05067336807203
2135,59.03188220116477
2136,39.30500425019651
2137,59.062004271616196
2139,72.79275763406345
2149,32.37080191106499
2227,52.12122892520492
2234,51.140273090206925
2237,52.35988476261095
2244,50.99318176037342
2260,52.73993667992918
2261,48.81296423662484
2262,48.93433437942694
2263,55.808338268867615
2264,45.59506710845846
2265,51.86498746790096
2266,53.3654733026388
2267,33.505431827613016
2268,53.8720873154188
2269,51.528741280061446
2270,54.72280804270843
2271,55.106800802156464
2272,33.35415666103134
2273,52.50408183923597
2274,58.89767757602083
2275,59.99904207221078
2276,62.952358676821895
2277,50.36831886111274
2278,50.56117056031298
2279,48.67061682518802
2280,49.81501505979681
2281,52.73993667992918
2282,48.81296423662484
2283,48.93433437942694
2284,55.808338268867615
2285,45.59506710845846
2286,51.86498746790096
2287,53.3654733026388
2288,33.505431827613016
2289,53.8720873154188
2290,51.528741280061446
2291,54.72280804270843
2292,55.106800802156464
2293,33.35415666103134
2294,52.50408183923597
2295,58.89767757602083
2296,59.99904207221078
2297,62.952358676821895
2298,50.36831886111274
2299,50.56117056031298
2300,48.67061682518802
2301,49.81501505979681
2302,52.73993667992918
2303,48.81296423662484
2304,48.93433437942694
2305,55.808338268867615
2306,45.59506710845846
2307,51.86498746790096
2308,53.3654733026388
2309,33.505431827613016
2310,53.8720873154188
2311,51.528741280061446
2312,54.72280804270843
2313,55.106800802156464
2314,33.35415666103134
2315,52.50408183923597
2316,58.89767757602083
2317,59.99904207221078
2318,62.952358676821895
2319,50.36831886111274
2320,50.56117056031298
2321,48.67061682518802
2322,49.81501505979681
2323,52.73993667992918
2324,48.81296423662484
2325,48.93433437942694
2326,55.808338268867615
2327,45.59506710845846
2328,51.86498746790096
2329,53.3654733026388
2330,33.505431827613016
2331,53.8720873154188
2332,51.528741280061446
2333,54.72280804270843
2334,55.106800802156464
2335,33.35415666103134
2336,52.50408183923597
2337,58.89767757602083
2338,59.99904207221078
2339,62.952358676821895
2340,50.36831886111274
2341,50.56117056031298
2342,48.67061682518802
2343,49.81501505979681
2344,52.73993667992918
2345,48.81296423662484
2346,48.93433437942694
2347,55.808338268867615
2348,45.59506710845846
2349,51.86498746790096
2350,53.3654733026388
2351,33.505431827613016
2352,53.8720873154188
2353,51.528741280061446
2354,54.72280804270843
2355,55.106800802156464
2356,33.35415666103134
2357,52.50408183923597
2358,58.89767757602083
2359,59.99904207221078
2360,62.952358676821895
2361,50.36831886111274
2362,50.56117056031298
2363,48.67061682518802
2364,49.81501505979681
2365,52.73993667992918
2366,48.81296423662484
2367,48.93433437942694
2368,55.808338268867615
2369,45.59506710845846
2370,51.86498746790096
2371,53.3654733026388
2372,33.505431827613016
2373,53.8720873154188
2374,51.528741280061446
2375,54.72280804270843
2376,55.106800802156464
2377,33.35415666103134
2378,52.50408183923597
2379,58.89767757602083
2380,59.99904207221078
2381,62.952358676821895
2382,50.36831886111274
2383,50.56117056031298
2384,48.67061682518802
2385,49.81501505979681
2503,57.2293855060739
2504,59.76769009768169
2505,53.325225982962614
2506,59.57625419493382
2507,59.062362029011666
2508,61.872153251015305
2509,62.94893382888542
2555,99.57181605585357
2556,99.57181605585357
2571,34.695659768067785
2732,72.8219075464123
2787,52.88498709355295
2788,52.88498709355295
2789,52.88498709355295
2790,52.88498709355295
2791,52.88498709355295
2792,52.88498709355295
2793,52.88498709355295
2794,52.88498709355295
2795,52.88498709355295
2796,52.88498709355295
2797,52.88498709355295
2798,52.88498709355295
2799,76.5012393213196
2800,76.5012393213196
2801,76.5012393213196
2802,76.5012393213196
2803,76.5012393213196
2804,76.5012393213196
2805,76.5012393213196
2806,76.5012393213196
2807,76.5012393213196
2808,76.5012393213196
2809,72.80306460681359
2810,72.80306460681359
2811,72.80306460681359
2812,72.80306460681359
2813,72.80306460681359
2814,72.80306460681359
2815,72.80306460681359
2816,72.80306460681359
2817,72.80306460681359
2818,72.80306460681359
2819,72.80306460681359
2820,72.80306460681359
2821,72.80306460681359
2822,72.80306460681359
2823,72.80306460681359
2824,72.80306460681359
2825,72.80306460681359
2826,72.80306460681359
2827,72.80306460681359
2828,72.80306460681359
2829,72.80306460681359
2830,72.80306460681359
2831,75.6577078634348
2832,75.6577078634348
2833,75.6577078634348
2834,75.6577078634348
2835,75.6577078634348
2836,75.6577078634348
2837,75.6577078634348
2838,75.6577078634348
2839,75.6577078634348
2964,35.98111397545331
2970,37.23795976929252
2976,43.899743585190805
2979,38.11551418568695
2982,33.28918462772294
2984,52.54649623234984
2985,52.54649623234984
2992,51.7203450133058
2993,51.7203450133058
2994,51.7203450133058
2995,51.7203450133058
2996,51.7203450133058
3042,50.557395697674224
3182,67.60441231080792
3186,51.98782868688932
3187,60.123461331972074
3210,67.60057696395516
3215,54.86914286413453
3216,67.26985236933335
3226,66.62855025880441
3252,50.43842066705924
3253,50.450515306175845
3254,55.59106946935726
3274,67.46863699669383
3275,72.1083775400299
3283,63.844780615641135
3285,63.89802172808764
3290,65.31775216026818
3302,61.88676796517245
3304,70.9336047268551
3334,61.62520021311783
3335,65.6455610680945
3368,60.591327976010945
3405,58.58426322864776
3407,58.58426322864776
3413,55.395750728220776
3415,55.395750728220776
3466,64.85813400611212
3467,64.85813400611212
3468,64.85813400611212
3469,64.85813400611212
3470,64.85813400611212
3471,64.85813400611212
3490,63.7055648768114
3491,63.7055648768114
3492,63.7055648768114
3493,63.7055648768114
3494,63.7055648768114
3495,63.7055648768114
3496,63.7055648768114
3497,63.7055648768114
3498,63.7055648768114
3499,63.7055648768114
3500,63.7055648768114
3632,63.54947453736216
3637,63.54947453736216
3662,64.19371377642673
3663,65.44531443395466
3664,66.39313084088523
3665,67.37893256772963
3666,64.19264587425803
3667,68.59068230429409
3668,71.04303577805716
3669,57.774905930115416
3670,58.63385653768308
3671,69.20694414199146
3672,59.354708755972
3673,58.25045680032239
3674,66.07103834737191
3675,72.10114287981483
3676,68.3247584329708
3677,73.45388318357675
3678,63.63905103085927
3679,63.31107018325088
3680,63.80131431876877
3681,101.82492054729462
3682,63.789532737774095
3683,74.55621833277705
3684,66.65149283762597
3685,69.96348575294448
3686,88.4930597976964
3687,65.5461195324057
3688,67.28958565926835
3689,84.03880592734686
3690,82.2276352499337
3691,58.047198321591374
3692,82.79401535320498
3723,33.382893264504744
3724,60.280258863664315
3725,34.000590116991106
3726,58.99051159489523
3727,33.382893264504744
3728,60.280258863664315
3729,34.000590116991106
3730,58.99051159489523
3731,33.382893264504744
3732,60.280258863664315
3733,34.000590116991106
3734,58.99051159489523
3791,42.08195640615364
3792,48.55297376339047
3793,53.5745186607189
3794,56.41836823871253
3795,58.1916180014501
3796,42.08195640615364
3797,48.55297376339047
3798,53.5745186607189
3799,56.41836823871253
3800,58.1916180014501
3801,42.08195640615364
3802,48.55297376339047
3803,53.5745186607189
3804,56.41836823871253
3805,58.1916180014501
3859,34.101461721519875
3860,75.51903008699352
3861,65.4071862288077
3862,76.55952956233108
3867,34.101461721519875
3868,75.51903008699352
3869,65.4071862288077
3870,76.55952956233108
3876,51.254518904481046
3877,52.66291538366692
3878,33.73864764687815
3879,33.66821779618178
3880,58.6276074973211
3922,56.70658035704259
3923,56.70658035704259
3924,56.70658035704259
3925,56.70658035704259
3926,56.70658035704259
3927,56.70658035704259
3928,56.70658035704259
3929,56.70658035704259
3930,57.77200178005003
3931,57.77200178005003
3932,57.77200178005003
3933,57.77200178005003
3934,57.77200178005003
3935,57.77200178005003
3936,57.77200178005003
3937,57.77200178005003
3977,54.72321696855103
3978,54.72321696855103
3979,54.72321696855103
3980,54.72321696855103
3981,54.72321696855103
3982,54.72321696855103
3983,54.72321696855103
3985,55.16044620614823
3986,55.16044620614823
3987,55.16044620614823
3988,55.16044620614823
3989,55.16044620614823
3990,55.16044620614823
3991,55.16044620614823
3993,65.19470198288143
3994,65.19470198288143
3995,65.19470198288143
3996,65.19470198288143
3997,65.19470198288143
3998,65.19470198288143
3999,65.19470198288143
4001,62.46666489116946
4002,62.46666489116946
4003,62.46666489116946
4004,62.46666489116946
4005,62.46666489116946
4006,62.46666489116946
4007,62.46666489116946
4031,50.740224201103
4032,65.47961999294974
4037,50.740224201103
4038,65.47961999294974
4138,60.087226857797155
4139,58.58372349022757
4140,59.44791928764857
4141,60.24428498777133
4142,62.297119339250514
4143,68.08774655957622
4144,66.58426923891511
4145,66.53501745297422
4146,63.927441556590075
4183,53.377408397901284
4184,53.377408397901284
4185,53.377408397901284
4186,53.377408397901284
4187,53.377408397901284
4188,53.377408397901284
4189,53.377408397901284
4190,53.377408397901284
4191,53.377408397901284
4192,53.377408397901284
4193,52.6142500485208
4194,52.6142500485208
4195,52.6142500485208
4196,52.6142500485208
4197,52.6142500485208
4198,52.6142500485208
4199,52.6142500485208
4200,52.6142500485208
4201,52.6142500485208
4202,52.6142500485208
4203,58.66201841200506
4204,58.66201841200506
4205,58.66201841200506
4206,58.66201841200506
4207,58.66201841200506
4208,58.66201841200506
4209,58.66201841200506
4210,58.66201841200506
4211,58.66201841200506
4212,58.66201841200506
4213,52.38393847395793
4214,52.38393847395793
4215,52.38393847395793
4216,52.38393847395793
4217,52.38393847395793
4218,52.38393847395793
4219,52.38393847395793
4220,52.38393847395793
4221,52.38393847395793
4222,52.38393847395793
4223,52.525815554773835
4224,52.525815554773835
4225,52.525815554773835
4226,52.525815554773835
4227,52.525815554773835
4228,52.525815554773835
4229,52.525815554773835
4230,52.525815554773835
4231,52.525815554773835
4232,52.525815554773835
4233,53.377408397901284
4234,52.6142500485208
4235,58.66201841200506
4236,52.38393847395793
4237,52.525815554773835
4238,53.377408397901284
4239,52.6142500485208
4240,58.66201841200506
4241,52.38393847395793
4242,52.525815554773835
4355,94.44509727675455
4356,94.44509727675455
4358,94.44509727675455
4359,94.44509727675455
4368,82.6638525669854
4374,63.378704673623496
4375,63.378704673623496
4376,63.378704673623496
4377,63.378704673623496
4378,63.378704673623496
4379,63.378704673623496
4380,63.378704673623496
4381,63.378704673623496
4382,63.378704673623496
4383,63.378704673623496
4384,63.378704673623496
4385,63.378704673623496
4431,71.8979589872121
4432,66.11158311488916
4433,63.628139192749245
4434,64.29499655234751
4435,66.00329647817702
4436,68.97160455330298
4444,33.465872496974704
4445,33.465872496974704
4447,33.465872496974704
4448,33.465872496974704
4598,48.51614055997816
4599,49.054363224091354
4600,48.95662788577888
4601,48.5616762354039
4602,48.660030061040885
4603,48.061833881362574
4604,49.23084400142833
4605,50.943731755278876
4606,50.991487955799066
4607,49.676848186154395
4625,55.92944689073121
4639,56.76615084529632
4647,56.76615084529632
4648,62.90825605846124
4649,59.472899917735695
4650,59.472899917735695
4651,59.472899917735695
4652,59.472899917735695
4653,59.450224366618734
4654,59.450224366618734
4655,59.450224366618734
4656,59.450224366618734
4657,59.287303168241074
4658,59.287303168241074
4659,59.287303168241074
4660,59.287303168241074
4661,53.516131224185
4684,67.44253931414478
4685,65.30841542585324
4694,59.39426223074384
4695,59.39426223074384
4696,59.39426223074384
4697,59.39426223074384
4698,59.39426223074384
4699,59.39426223074384
4700,59.39426223074384
4701,56.8425355997335
4702,56.8425355997335
4703,56.8425355997335
4704,56.8425355997335
4705,56.8425355997335
4706,56.8425355997335
4707,56.8425355997335
4708,52.03749814423356
4709,85.16722667999437
4716,85.16722667999437
4717,85.16722667999437
4718,85.16722667999437
4719,85.16722667999437
4720,85.16722667999437
4721,85.16722667999437
4722,85.16722667999437
4723,85.16722667999437
4724,85.16722667999437
4727,44.49026465904563
4730,49.49726017161426
4777,29.968192106673087
4813,33.861710277419256
4814,33.861710277419256
4815,33.861710277419256
4816,33.861710277419256
4817,33.861710277419256
4820,52.34082432985347
4821,52.34082432985347
4822,52.34082432985347
4823,52.34082432985347
4824,52.34082432985347
4827,65.74245349465657
4828,65.74245349465657
4829,65.74245349465657
4830,65.74245349465657
4831,65.74245349465657
4834,54.444631299898724
4835,54.444631299898724
4836,54.444631299898724
4837,54.444631299898724
4838,54.444631299898724
4841,53.42416575540008
4842,53.42416575540008
4843,53.42416575540008
4844,53.42416575540008
4845,53.42416575540008
4848,60.21103313445091
4849,60.21103313445091
4850,60.21103313445091
4851,60.21103313445091
4852,60.21103313445091
4879,51.1454641368143
4880,51.1454641368143
4882,51.1454641368143
4883,51.1454641368143
4884,51.1454641368143
4887,51.1454641368143
4888,51.1454641368143
4890,85.1276746093816
4958,47.31731439366637
4959,45.6968461019396
4960,45.6968461019396
4961,45.6968461019396
4962,45.6968461019396
4963,45.6968461019396
4964,45.6968461019396
4965,45.6968461019396
4966,45.6968461019396
4967,45.6968461019396
4968,45.6968461019396
4969,45.6968461019396
4970,45.6968461019396
4971,45.6968461019396
4972,45.6968461019396
4973,64.82982004401987
4975,64.82982004401987
4976,64.82982004401987
4977,64.82982004401987
4980,64.82982004401987
4982,64.82982004401987
4996,54.037881181122636
4997,52.13719099940053
4998,52.077297178032666
4999,48.04921655712896
5000,47.34000871279426
5001,54.037881181122636
5002,52.13719099940053
5003,52.077297178032666
5004,48.04921655712896
5005,47.34000871279426
5040,74.22416757873157
5043,74.22416757873157
5046,74.22416757873157
5074,50.82635631305422
5143,29.98053200603364
5211,58.581136902913265
5280,54.812114414233314
5281,54.812114414233314
5282,54.812114414233314
5283,54.812114414233314
5284,54.812114414233314
5285,54.812114414233314
5286,54.812114414233314
5287,54.812114414233314
5288,54.812114414233314
5289,54.812114414233314
5290,54.812114414233314
5291,54.812114414233314
5292,54.812114414233314
5293,54.812114414233314
5294,54.812114414233314
5358,53.4149466624857
5359,53.4149466624857
5360,53.4149466624857
5361,53.4149466624857
5362,53.4149466624857
5363,53.4149466624857
5364,53.4149466624857
5365,53.4149466624857
5366,53.4149466624857
5367,53.4149466624857
5368,39.32033778228093
5369,39.32033778228093
5370,39.32033778228093
5371,39.32033778228093
5372,39.32033778228093
5373,39.32033778228093
5449,60.82073997332643
5450,60.82073997332643
5451,60.82073997332643
5452,60.82073997332643
5453,60.82073997332643
5454,60.82073997332643
5455,60.82073997332643
5456,60.82073997332643
5457,60.82073997332643
5458,60.82073997332643
5459,60.82073997332643
5460,60.82073997332643
5461,60.82073997332643
5462,60.82073997332643
5463,65.8001790603372
5464,65.8001790603372
5465,65.8001790603372
5466,65.8001790603372
5467,65.8001790603372
5468,65.8001790603372
5469,65.8001790603372
5470,65.8001790603372
5471,65.8001790603372
5472,65.8001790603372
5473,65.8001790603372
5474,65.8001790603372
5475,65.8001790603372
5476,65.8001790603372
5515,34.20512338987155
5577,74.76140571276332
5578,74.76140571276332
5579,74.76140571276332
5599,64.68210641227546
5600,64.74706137625219
5601,85.39053415646927
5602,69.63692568132566
5603,66.82334723986492
5604,90.23277322902328
5605,68.13946583744594
5606,66.30999843616904
5607,92.67212060856016
5608,87.2211760307289
5609,64.68210641227546
5610,64.74706137625219
5611,85.39053415646927
5612,69.63692568132566
5613,66.82334723986492
5614,90.23277322902328
5615,68.13946583744594
5616,66.30999843616904
5617,92.67212060856016
5618,87.2211760307289
5619,64.68210641227546
5620,64.74706137625219
5621,85.39053415646927
5622,69.63692568132566
5623,66.82334723986492
5624,90.23277322902328
5625,68.13946583744594
5626,66.30999843616904
5627,92.67212060856016
5628,87.2211760307289
5629,64.68210641227546
5630,64.74706137625219
5631,85.39053415646927
5632,69.63692568132566
5633,66.82334723986492
5634,90.23277322902328
5635,68.13946583744594
5636,66.30999843616904
5637,92.67212060856016
5638,87.2211760307289
5662,68.13352470684504
5663,34.696122144336115
5664,221.4697813831637
5665,221.4860301096702
5672,74.21732202210393
5673,73.1614791350399
5678,72.72716073624886
5682,78.61175522018114
5684,76.02000295473513
5685,76.48763142490913
5686,81.253032020127
5687,84.62753654897121
5689,79.50722342641077
5691,82.26883983378423
5693,81.08827463859036
5694,76.68279144304312
5697,72.13681445150961
5699,75.9999849367033
5700,84.62408058923654
5701,72.62152359729858
5702,75.772416819326
5743,51.84843634081433
5745,51.84843634081433
5746,51.84843634081433
5747,51.84843634081433
5748,51.84843634081433
5749,51.84843634081433
5750,51.84843634081433
5751,51.84843634081433
5752,51.84843634081433
5753,51.84843634081433
5754,51.84843634081433
5756,51.84843634081433
5757,51.84843634081433
5758,51.84843634081433
5759,51.84843634081433
5760,51.84843634081433
5761,51.84843634081433
5762,51.84843634081433
5763,51.84843634081433
5764,70.24327244283991
5765,70.24327244283991
5766,70.24327244283991
5767,70.24327244283991
5768,70.24327244283991
5769,70.24327244283991
5770,70.24327244283991
5783,48.60919147228081
5785,48.60919147228081
5787,48.60919147228081
5788,48.60919147228081
5790,48.63207538243577
5792,48.63207538243577
5794,48.63207538243577
5795,48.63207538243577
5797,45.82046519751634
5799,45.82046519751634
5801,45.82046519751634
5803,50.37295415538772
5805,50.37295415538772
5807,50.37295415538772
5857,46.6106922814818
5858,46.6106922814818
5859,46.6106922814818
5860,46.6106922814818
5861,46.6106922814818
5862,46.6106922814818
5863,46.6106922814818
5864,46.6106922814818
5875,49.62028341676049
5876,49.62028341676049
5877,49.62028341676049
5878,49.62028341676049
5879,49.62028341676049
5880,49.62028341676049
5881,49.62028341676049
5882,49.62028341676049
5883,49.62028341676049
5884,49.62028341676049
5892,54.64779741586811
5893,54.64779741586811
5894,54.64779741586811
5895,54.64779741586811
5896,54.64779741586811
5897,54.64779741586811
5911,69.56720159004398
5933,53.394006207417874
5934,53.394006207417874
5935,53.394006207417874
5936,53.394006207417874
5937,53.394006207417874
5938,53.394006207417874
5939,53.394006207417874
5940,53.394006207417874
5941,53.394006207417874
5942,53.394006207417874
5943,53.394006207417874
5944,53.394006207417874
5945,53.394006207417874
5946,65.4542269705123
5947,65.4542269705123
5948,65.4542269705123
5949,65.4542269705123
5950,65.4542269705123
5951,65.4542269705123
5952,65.4542269705123
5953,65.4542269705123
5954,65.4542269705123
5955,65.4542269705123
5956,65.4542269705123
5957,63.90416206241509
5958,63.90416206241509
5959,63.90416206241509
5960,63.90416206241509
5961,63.90416206241509
5962,63.90416206241509
5963,63.90416206241509
5964,63.90416206241509
5965,63.90416206241509
5966,63.90416206241509
5967,63.90416206241509
5968,67.65939846867758
5969,67.65939846867758
5970,67.65939846867758
5971,67.65939846867758
5972,67.65939846867758
5973,67.65939846867758
5974,67.65939846867758
5975,67.65939846867758
5976,67.65939846867758
5977,67.65939846867758
5978,67.65939846867758
6040,89.86712659916302
6041,89.86712659916302
6042,89.86712659916302
6043,89.86712659916302
6044,89.86712659916302
6045,89.86712659916302
6046,159.22268648269275
6047,159.22268648269275
6048,159.22268648269275
6049,159.22268648269275
6050,159.22268648269275
6051,159.22268648269275
6052,159.22268648269275
6053,159.22268648269275
6054,159.22268648269275
6055,159.22268648269275
6056,159.22268648269275
6057,159.22268648269275
6058,159.22268648269275
6059,159.22268648269275
6060,159.22268648269275
6061,159.22268648269275
6062,159.22268648269275
6063,159.22268648269275
6064,159.22268648269275
6065,159.22268648269275
6066,159.22268648269275
6067,159.22268648269275
6121,82.6396687372503
6123,82.95217641655135
6125,83.23909580839648
6127,80.86915834036974
6206,61.17713317321981
6207,61.39456288544896
6208,62.165840675200556
6209,65.28664841336811
6210,61.17713317321981
6211,61.39456288544896
6212,62.165840675200556
6213,65.28664841336811
6214,52.33092294553124
6215,52.90653281589956
6216,52.33092294553124
6217,52.90653281589956
6218,33.93428955558033
6219,56.792589827503996
6220,54.305807044590196
6221,56.97813961079273
6222,33.93428955558033
6223,56.792589827503996
6224,54.305807044590196
6225,56.97813961079273
6226,33.93428955558033
6227,56.792589827503996
6228,54.305807044590196
6229,56.97813961079273
6230,33.93428955558033
6231,56.792589827503996
6232,54.305807044590196
6233,56.97813961079273
6248,50.12024928271815
6249,50.63320690416028
6259,54.85040402122003
6260,57.56146987209371
6261,54.85040402122003
6262,57.56146987209371
6263,54.85040402122003
6264,57.56146987209371
6265,54.85040402122003
6266,57.56146987209371
6267,54.85040402122003
6268,57.56146987209371
6270,52.25926157213006
6271,54.29594274884097
6272,54.85701945128517
6273,54.216975001470196
6278,49.947639432510734
6279,54.09491611685637
6280,49.947639432510734
6281,54.09491611685637
6282,51.751579793723145
6283,52.217161384985026
6284,51.751579793723145
6285,52.217161384985026
6286,55.37448896265886
6287,59.126247733720014
6288,63.13093449713444
6289,62.82020891140432
6290,62.89069694382908
6291,62.91868885858912
6292,63.10228158508414
6293,62.80483048697718
6294,63.13093449713444
6295,62.82020891140432
6296,62.89069694382908
6297,62.91868885858912
6298,63.10228158508414
6299,62.80483048697718
6306,56.65864102682787
6307,57.905585317846715
6308,55.190316562149526
6309,56.01503808274086
6310,51.08678450875981
6311,55.644308734818686
6312,56.65864102682787
6313,57.905585317846715
6314,55.190316562149526
6315,56.01503808274086
6316,51.08678450875981
6317,55.644308734818686
6318,56.65864102682787
6319,57.905585317846715
6320,55.190316562149526
6321,56.01503808274086
6351,57.73929392031556
6352,57.12904782652161
6353,57.73929392031556
6354,57.12904782652161
6355,57.73929392031556
6356,57.73929392031556
6357,57.73929392031556
6358,57.73929392031556
6359,57.73929392031556
6360,57.73929392031556
6361,57.73929392031556
6362,57.73929392031556
6363,57.73929392031556
6364,57.73929392031556
6365,57.73929392031556
6366,57.73929392031556
6367,57.73929392031556
6368,57.12904782652161
6369,57.12904782652161
6370,57.12904782652161
6371,57.12904782652161
6372,57.12904782652161
6373,57.12904782652161
6374,57.12904782652161
6375,57.12904782652161
6376,57.12904782652161
6377,57.12904782652161
6378,57.12904782652161
6379,57.12904782652161
6380,54.471239072409546
6381,54.471239072409546
6382,54.471239072409546
6383,54.471239072409546
6384,54.471239072409546
6385,54.471239072409546
6401,54.1261137749059
6402,54.1261137749059
6403,54.1261137749059
6404,54.1261137749059
6405,54.1261137749059
6406,54.1261137749059
6407,54.65399940842708
6408,54.65399940842708
6409,54.65399940842708
6410,54.65399940842708
6411,54.65399940842708
6412,54.65399940842708
6416,53.24577776052396
6417,53.24577776052396
6418,53.24577776052396
6419,53.24577776052396
6421,50.714993923310175
6422,50.714993923310175
6423,50.714993923310175
6424,50.714993923310175
6426,70.96183749142742
6427,70.96183749142742
6428,70.96183749142742
6429,70.96183749142742
6430,53.24577776052396
6431,50.714993923310175
6432,70.96183749142742
6440,33.44719639075657
6445,33.44985385031613
6446,50.4253623360939
6447,44.72771511022073
6448,33.72483847982513
6459,52.89675550507085
6460,52.89675550507085
6461,52.89675550507085
6462,58.162335165786374
6463,58.162335165786374
6464,58.162335165786374
6465,55.70829474636313
6466,55.70829474636313
6467,55.70829474636313
6468,61.94536416662545
6469,61.94536416662545
6470,61.94536416662545
6476,76.66891250748056
6477,75.58150541241467
6478,72.37210746230322
6479,76.46660098449534
6480,58.4468380443505
6481,41.43125385597949
6482,58.4468380443505
6483,41.43125385597949
6487,33.670522657835505
6500,67.16356841956438
6501,62.676231303977424
6502,67.16356841956438
6503,62.676231303977424
6504,62.05008923643049
6505,63.2375086714898
6506,77.97189054836205
6507,67.20612365737342
6508,50.513878002522034
6509,50.513878002522034
6510,62.05008923643049
6511,63.2375086714898
6512,77.97189054836205
6513,67.20612365737342
6526,77.50973003256841
6536,49.15064571594149
6537,49.42295267892207
6538,49.14967563535454
6539,49.42008676812042
6540,67.45223227602929
6541,34.296166595348744
6542,63.332778978446775
6543,65.68961986295123
6548,52.66414397038328
6549,59.82910678273426
6550,52.66414397038328
6551,59.82910678273426
6552,54.73622760993153
6553,51.44075201451528
6554,53.08601388643726
6555,54.73622760993153
6556,51.44075201451528
6557,53.08601388643726
6558,54.73622760993153
6559,51.44075201451528
6560,53.08601388643726
6561,54.73622760993153
6562,51.44075201451528
6563,53.08601388643726
6564,47.32973439668846
6565,55.30028831168732
6566,54.58382189316785
6567,47.32973439668846
6568,55.30028831168732
6569,54.58382189316785
6571,34.47005840525202
6590,65.84119151675206
6591,65.84119151675206
6614,50.94131225849414
6621,57.55315828058097
6622,57.55315828058097
6623,57.55315828058097
6624,57.55315828058097
6625,57.33305289450216
6627,57.33305289450216
6628,57.33305289450216
6629,57.33305289450216
6630,58.45600956536627
6632,58.45600956536627
6633,58.45600956536627
6634,58.45600956536627
6635,53.57056841999807
6636,55.063599647136435
6637,57.818424677624336
6638,60.51646965990944
6639,57.42503020528063
6640,53.57056841999807
6641,55.063599647136435
6642,57.818424677624336
6643,60.51646965990944
6644,57.42503020528063
6645,53.57056841999807
6646,55.063599647136435
6647,57.818424677624336
6648,60.51646965990944
6649,57.42503020528063
6650,53.57056841999807
6651,55.063599647136435
6652,57.818424677624336
6653,60.51646965990944
6654,57.42503020528063
6655,53.57056841999807
6656,55.063599647136435
6657,57.818424677624336
6658,60.51646965990944
6659,57.42503020528063
6662,51.13491961026396
6663,51.13491961026396
6664,51.13491961026396
6665,51.13491961026396
6666,51.13491961026396
6667,55.05051952894562
6668,55.05051952894562
6669,55.05051952894562
6670,55.05051952894562
6671,55.05051952894562
6672,55.81870490879373
6673,55.81870490879373
6674,55.81870490879373
6675,55.81870490879373
6676,55.81870490879373
6677,57.19545573381575
6678,57.19545573381575
6679,57.19545573381575
6680,57.19545573381575
6681,57.19545573381575
6682,51.13491961026396
6683,55.05051952894562
6684,55.81870490879373
6685,57.19545573381575
6686,51.13491961026396
6687,55.05051952894562
6688,55.81870490879373
6689,57.19545573381575
6704,56.999519219149214
6705,64.09482934879847
6706,57.578260165054
6707,56.999519219149214
6708,64.09482934879847
6709,57.578260165054
6713,52.37363888778522
6714,52.37363888778522
6716,52.37363888778522
6717,52.18106986129774
6718,52.18106986129774
6720,52.18106986129774
6729,50.850062994882016
6731,50.850062994882016
6732,54.369710247456005
6733,54.369710247456005
6738,50.13117303915545
6739,52.88518572095847
6740,33.82111697414001
6741,50.13117303915545
6742,52.88518572095847
6743,33.82111697414001
6747,49.5022502493632
6748,49.02743342850498
6749,49.5022502493632
6750,49.02743342850498
6751,50.01592487363557
6752,50.01592487363557
6753,50.01592487363557
6754,50.01592487363557
6755,50.01592487363557
6756,50.01592487363557
6757,50.01592487363557
6758,50.5529008892556
6759,50.5529008892556
6760,50.5529008892556
6761,50.5529008892556
6762,50.5529008892556
6763,50.5529008892556
6764,50.5529008892556
6765,57.15236157634096
6766,57.15236157634096
6767,57.15236157634096
6768,57.15236157634096
6769,57.15236157634096
6770,57.15236157634096
6771,57.15236157634096
6779,59.78722264420388
6780,60.56042050507062
6781,60.83841052840583
6782,60.06538686666689
6783,60.88875002354287
6784,60.165521084117415
6785,60.48154242773732
6786,49.58428034261831
6788,49.58428034261831
6789,49.58428034261831
6790,49.9923933419212
6792,49.9923933419212
6793,49.9923933419212
6794,49.58428034261831
6795,49.9923933419212
6798,41.02372364461384
6800,41.02372364461384
6801,41.02372364461384
6802,41.02372364461384
6803,41.02372364461384
6804,33.40322900642433
6806,33.40322900642433
6807,33.40322900642433
6808,33.40322900642433
6809,33.40322900642433
6851,54.544490421688636
6856,54.544490421688636
6877,45.808202260987
6878,45.808202260987
6880,45.808202260987
6881,45.808202260987
6882,45.808202260987
6886,46.45317856039749
6887,46.45317856039749
6888,46.45317856039749
6890,46.45317856039749
6891,46.45317856039749
6893,46.45317856039749
6896,50.125963159284645
6897,50.125963159284645
6898,50.125963159284645
6900,50.125963159284645
6901,50.125963159284645
6903,50.125963159284645
6904,50.125963159284645
6938,61.21257188900883
6939,61.21257188900883
6940,61.21257188900883
6941,61.21257188900883
6942,52.73325157540135
6943,52.73325157540135
6944,52.73325157540135
6945,52.73325157540135
6946,63.620456287216676
6947,63.620456287216676
6948,63.620456287216676
6949,63.620456287216676
6950,63.61708115350118
6951,63.61708115350118
6952,63.61708115350118
6953,63.61708115350118
6958,46.99005165221631
6959,45.92138018438536
6960,52.672500362381804
6961,51.535882305052795
6962,53.521047686567215
6963,52.672500362381804
6964,51.535882305052795
6965,53.521047686567215
6990,57.00007160175937
7008,33.6489206601067
7009,33.6489206601067
7011,66.87958225841611
7012,66.87958225841611
7013,33.6489206601067
7014,66.87958225841611
7028,51.23489882140118
7029,51.23489882140118
7030,51.23489882140118
7031,51.23489882140118
7032,51.23489882140118
7033,51.23489882140118
7034,51.23489882140118
7035,51.23489882140118
7036,51.23489882140118
7037,51.23489882140118
7038,33.305758865231766
7039,33.305758865231766
7040,33.305758865231766
7041,33.305758865231766
7042,33.305758865231766
7043,33.305758865231766
7045,33.305758865231766
7046,33.305758865231766
7047,33.305758865231766
7048,33.305758865231766
7050,55.30657849231444
7051,55.30657849231444
7052,55.30657849231444
7053,55.30657849231444
7054,55.30657849231444
7055,55.30657849231444
7056,55.30657849231444
7058,55.30657849231444
7059,55.30657849231444
7060,55.30657849231444
7061,54.46249103318077
7062,54.46249103318077
7063,54.46249103318077
7064,54.46249103318077
7065,54.46249103318077
7066,54.46249103318077
7067,54.46249103318077
7069,54.46249103318077
7070,54.46249103318077
7071,54.46249103318077
7072,54.728067395641006
7073,54.728067395641006
7074,54.728067395641006
7075,54.728067395641006
7076,54.728067395641006
7077,54.728067395641006
7078,54.728067395641006
7079,54.728067395641006
7081,54.728067395641006
7082,54.728067395641006
7103,52.947945131663246
7104,56.712033825622335
7105,48.71963263801425
7106,59.69239042714012
7107,52.947945131663246
7108,56.712033825622335
7109,48.71963263801425
7110,59.69239042714012
7124,62.18699840900945
7133,50.56988640763601
7134,57.982185656475394
7136,57.93416045300755
7141,57.0860378097798
7144,55.36868249826577
7280,70.21758434398917
7289,71.4816862131199
7290,71.4816862131199
7291,71.4816862131199
7292,71.4816862131199
7293,71.4816862131199
7294,71.4816862131199
7295,71.4816862131199
7296,71.4816862131199
7297,71.4816862131199
7298,71.4816862131199
7321,60.319354654360545
7322,60.319354654360545
7345,57.02120545660094
7346,57.02120545660094
7347,57.02120545660094
7348,57.02120545660094
7349,57.02120545660094
7350,57.02120545660094
7351,57.02120545660094
7352,57.02120545660094
7353,57.02120545660094
7354,57.02120545660094
7355,57.02120545660094
7356,57.02120545660094
7357,57.02120545660094
7358,57.02120545660094
7359,57.56645155526603
7360,57.56645155526603
7361,57.56645155526603
7362,57.56645155526603
7363,57.56645155526603
7364,57.56645155526603
7365,57.56645155526603
7366,57.56645155526603
7367,57.56645155526603
7368,57.56645155526603
7369,57.56645155526603
7370,57.56645155526603
7371,57.56645155526603
7372,57.56645155526603
7373,56.81156798417692
7374,56.81156798417692
7375,56.81156798417692
7376,56.81156798417692
7377,56.81156798417692
7378,56.81156798417692
7379,56.81156798417692
7380,56.81156798417692
7381,56.81156798417692
7382,56.81156798417692
7383,56.81156798417692
7384,56.81156798417692
7385,56.81156798417692
7386,56.81156798417692
7387,57.90368595465308
7388,57.90368595465308
7389,57.90368595465308
7390,57.90368595465308
7391,57.90368595465308
7392,57.90368595465308
7393,57.90368595465308
7394,57.90368595465308
7395,57.90368595465308
7396,57.90368595465308
7397,57.90368595465308
7398,57.90368595465308
7399,57.90368595465308
7400,57.90368595465308
7467,63.31541377494034
7468,63.31541377494034
7530,77.34185210748653
7531,77.34185210748653
7535,74.87717169936137
7537,68.26902483497635
7538,68.26902483497635
7542,70.86348251180782
7543,70.86348251180782
7544,70.86348251180782
7546,62.840101246823075
7548,68.9447930809978
7551,73.60845666826047
7552,73.60845666826047
7553,73.60845666826047
7555,65.46599908712541
7557,70.26789111222305
7559,80.58133971671484
7560,80.58133971671484
7561,80.58133971671484
7563,76.94315674306328
7566,69.48265933533568
7567,69.48265933533568
7569,71.82984375012744
7570,73.4952131636454
7571,72.5412521441318
7572,73.85441393250669
7573,72.30567468232353
7574,73.83751117177809
7575,73.9163601920216
7576,73.74291420933122
7577,71.82984375012744
7578,73.4952131636454
7579,72.5412521441318
7580,73.85441393250669
7581,72.30567468232353
7582,73.83751117177809
7583,73.9163601920216
7584,73.74291420933122
7629,52.16920507472065
7631,55.92642470989256
7632,49.370039468142245
7636,53.19082436195388
7652,51.79970276999803
7653,56.917232834933216
7654,56.917232834933216
7679,73.06960666803309
7685,75.42469405160692
7764,31.97093316190318
7765,47.68095956544306
7766,45.83759633072255
7767,47.342352104194404
7768,31.475771827451826
7769,46.89358369832644
7770,33.70053660736416
7771,46.81439756556064
7772,47.4584718718472
7773,31.940871347403423
7774,46.625908434034244
7775,48.33579813918531
7776,51.14588448520385
7777,44.540123614352666
7778,48.89408372981417
7779,46.358602993605274
7780,31.97093316190318
7781,47.68095956544306
7782,45.83759633072255
7783,47.342352104194404
7784,31.475771827451826
7785,46.89358369832644
7786,33.70053660736416
7787,46.81439756556064
7788,47.4584718718472
7789,31.940871347403423
7790,46.625908434034244
7791,48.33579813918531
7792,51.14588448520385
7793,44.540123614352666
7794,48.89408372981417
7795,46.358602993605274
7813,47.68095956544306
7814,45.83759633072255
7815,47.342352104194404
7816,31.475771827451826
7817,46.89358369832644
7818,33.70053660736416
7819,46.81439756556064
7820,47.4584718718472
7821,31.940871347403423
7822,46.625908434034244
7823,48.33579813918531
7824,51.14588448520385
7825,44.540123614352666
7826,48.89408372981417
7827,46.358602993605274
7828,31.97093316190318
7829,47.68095956544306
7830,45.83759633072255
7831,47.342352104194404
7832,31.475771827451826
7833,46.89358369832644
7834,33.70053660736416
7835,46.81439756556064
7836,47.4584718718472
7837,31.940871347403423
7838,46.625908434034244
7839,48.33579813918531
7840,51.14588448520385
7841,44.540123614352666
7842,48.89408372981417
7843,46.358602993605274
7856,57.985083607039925
7861,56.861190900071136
7863,56.861190900071136
7864,56.861190900071136
7865,56.861190900071136
7889,33.891570705801854
7894,33.891570705801854
7895,33.891570705801854
7896,33.891570705801854
7897,33.891570705801854
7898,33.48083166681904
7903,33.48083166681904
7904,33.48083166681904
7905,33.48083166681904
7906,33.48083166681904
7907,33.891570705801854
7908,33.48083166681904
7928,33.43863432232691
7937,42.86456999964144
7938,33.11874847286167
7939,54.956999419661365
7940,45.76933419542463
7941,33.43863432232691
7942,52.34456779663209
7943,66.46405733850087
8143,53.19816133642787
8153,57.630756462768844
8154,56.092047035761404
8155,57.630756462768844
8156,56.092047035761404
8157,57.630756462768844
8158,56.092047035761404
8159,57.630756462768844
8160,56.092047035761404
8165,49.164744322189186
8166,33.36341858872433
8167,68.1406487319746
8168,74.29297513497312
8169,49.164744322189186
8170,33.36341858872433
8171,68.1406487319746
8172,74.29297513497312
8173,32.68567974971155
8174,32.68567974971155
8175,32.68567974971155
8177,32.68567974971155
8178,32.68567974971155
8179,49.98201122736538
8180,49.98201122736538
8181,49.98201122736538
8183,49.98201122736538
8184,49.98201122736538
8185,54.564154370831645
8186,54.564154370831645
8187,54.564154370831645
8189,54.564154370831645
8190,54.564154370831645
8242,57.654974631086155
8243,57.654974631086155
8244,57.654974631086155
8245,57.654974631086155
8246,57.654974631086155
8247,57.654974631086155
8248,57.654974631086155
8249,57.654974631086155
8250,57.654974631086155
8251,57.654974631086155
8283,77.35565600750493
8284,77.35565600750493
8290,48.49142472745806
8291,48.49142472745806
8292,48.49142472745806
8294,48.49142472745806
8295,54.22433795521331
8296,54.22433795521331
8297,54.22433795521331
8299,54.22433795521331
8300,49.28666973792746
8301,49.28666973792746
8302,49.28666973792746
8304,49.28666973792746
8305,54.41423315103077
8306,54.41423315103077
8307,54.41423315103077
8309,54.41423315103077
8310,54.74568850803193
8311,54.74568850803193
8312,54.74568850803193
8314,54.74568850803193
8315,54.118346037408344
8316,54.118346037408344
8317,54.118346037408344
8319,54.118346037408344
8320,33.368215435483755
8321,33.368215435483755
8322,33.368215435483755
8324,33.368215435483755
8325,56.24793598589947
8326,56.24793598589947
8327,56.24793598589947
8329,56.24793598589947
8330,57.506459518404306
8331,57.506459518404306
8332,57.506459518404306
8334,57.506459518404306
8335,59.85318834355985
8336,59.85318834355985
8337,59.85318834355985
8339,59.85318834355985
8417,34.13962098046901
8418,63.721382632598264
8419,54.01153958651565
8420,75.65562540558045
8421,34.13962098046901
8422,63.721382632598264
8423,54.01153958651565
8424,75.65562540558045
8426,33.513320074021586
8427,33.513320074021586
8428,33.513320074021586
8430,33.513320074021586
8431,33.513320074021586
8432,33.513320074021586
8435,56.22741831724038
8436,56.22741831724038
8437,56.22741831724038
8439,56.22741831724038
8440,56.22741831724038
8441,56.22741831724038
8444,71.39740916826108
8445,71.39740916826108
8446,71.39740916826108
8448,71.39740916826108
8449,71.39740916826108
8450,71.39740916826108
8453,56.22754868890265
8454,56.22754868890265
8455,56.22754868890265
8457,56.22754868890265
8458,56.22754868890265
8459,56.22754868890265
8463,50.94393484325582
8464,50.94393484325582
8468,53.051000631021154
8469,53.051000631021154
8473,55.001672709686694
8474,55.001672709686694
8557,57.273141432599
8558,57.273141432599
8559,57.273141432599
8560,57.273141432599
8561,57.273141432599
8562,57.273141432599
8580,61.896006320589166
8581,71.6587333937062
8582,71.6587333937062
8585,71.51254564887527
8586,71.51254564887527
8587,71.51254564887527
8591,70.27616395292465
8592,70.27616395292465
8596,68.22121613004809
8597,68.22121613004809
8598,42.49916687875639
8599,51.36129428188848
8600,68.6053671130825
8601,54.63808408143133
8603,54.43992993258945
8605,50.888709544880044
8607,49.42498637475672
8618,55.82968845370408
8619,53.45746905404346
8620,68.83502408448506
8621,71.42769563576249
8622,68.68498744069943
8623,33.979242949602224
8630,55.82968845370408
8631,55.82968845370408
8632,55.82968845370408
8633,55.82968845370408
8634,55.82968845370408
8635,55.82968845370408
8636,55.82968845370408
8637,55.82968845370408
8638,55.82968845370408
8639,55.82968845370408
8640,53.45746905404346
8641,53.45746905404346
8642,53.45746905404346
8643,53.45746905404346
8644,53.45746905404346
8645,53.45746905404346
8646,53.45746905404346
8647,53.45746905404346
8648,53.45746905404346
8649,53.45746905404346
8650,68.83502408448506
8651,68.83502408448506
8652,68.83502408448506
8653,68.83502408448506
8654,68.83502408448506
8655,68.83502408448506
8656,68.83502408448506
8657,68.83502408448506
8658,68.83502408448506
8659,68.83502408448506
8660,71.42769563576249
8661,71.42769563576249
8662,71.42769563576249
8663,71.42769563576249
8664,71.42769563576249
8665,71.42769563576249
8666,71.42769563576249
8667,71.42769563576249
8668,71.42769563576249
8669,71.42769563576249
8670,68.68498744069943
8671,68.68498744069943
8672,68.68498744069943
8673,68.68498744069943
8674,68.68498744069943
8675,68.68498744069943
8676,68.68498744069943
8677,68.68498744069943
8678,68.68498744069943
8679,68.68498744069943
8680,33.979242949602224
8681,33.979242949602224
8682,33.979242949602224
8683,33.979242949602224
8684,33.979242949602224
8685,33.979242949602224
8686,33.979242949602224
8687,33.979242949602224
8688,33.979242949602224
8689,33.979242949602224
8690,59.94619523141209
8691,59.94619523141209
8692,59.94619523141209
8716,55.7120198124626
8717,55.7120198124626
8718,55.7120198124626
8719,55.7120198124626
8720,55.7120198124626
8721,55.7120198124626
8722,55.7120198124626
8723,55.7120198124626
8724,55.7120198124626
8725,55.7120198124626
8726,55.7120198124626
8727,55.7120198124626
8728,55.7120198124626
8729,55.7120198124626
8730,55.7120198124626
8731,55.7120198124626
8732,55.7120198124626
8733,55.7120198124626
8734,55.7120198124626
8735,54.24110984886575
8736,54.24110984886575
8737,54.24110984886575
8738,54.24110984886575
8739,54.24110984886575
8740,54.24110984886575
8741,54.24110984886575
8742,54.24110984886575
8743,54.24110984886575
8744,54.24110984886575
8745,54.24110984886575
8746,54.24110984886575
8747,54.24110984886575
8748,54.24110984886575
8749,54.24110984886575
8750,54.24110984886575
8751,54.24110984886575
8752,54.24110984886575
8829,51.76246750101279
8830,51.76246750101279
8831,51.76246750101279
8832,51.76246750101279
8833,51.76246750101279
8834,51.76246750101279
8835,51.76246750101279
8836,51.76246750101279
8837,51.76246750101279
8838,64.97016473956889
8839,64.97016473956889
8840,64.97016473956889
8841,64.97016473956889
8842,64.97016473956889
8843,64.97016473956889
8844,64.97016473956889
8845,64.97016473956889
8846,50.92003641055953
8847,50.92003641055953
8848,50.92003641055953
8849,50.92003641055953
8850,50.92003641055953
8851,50.92003641055953
8852,50.92003641055953
8853,50.92003641055953
8854,50.92003641055953
8855,59.96118219215275
8856,59.96118219215275
8857,59.96118219215275
8858,59.96118219215275
8859,59.96118219215275
8860,59.96118219215275
8861,59.96118219215275
8862,59.96118219215275
8863,59.96118219215275
8864,51.2206752031736
8865,51.2206752031736
8866,51.2206752031736
8867,51.2206752031736
8868,51.2206752031736
8869,51.2206752031736
8870,52.99784300738094
8871,52.99784300738094
8872,52.99784300738094
8873,52.99784300738094
8874,52.99784300738094
8875,52.99784300738094
8876,52.99784300738094
8877,52.99784300738094
8878,52.99784300738094
8879,60.92277145525067
8880,60.92277145525067
8881,60.92277145525067
8882,60.92277145525067
8883,60.92277145525067
8884,52.21147795368815
8885,52.21147795368815
8886,52.21147795368815
8887,52.21147795368815
8888,52.21147795368815
8889,52.21147795368815
8890,52.21147795368815
8891,52.21147795368815
8892,52.21147795368815
8893,51.92778551118839
8894,51.92778551118839
8895,51.92778551118839
8896,51.92778551118839
8897,51.92778551118839
8898,51.92778551118839
8899,51.92778551118839
8900,51.92778551118839
8901,51.92778551118839
8902,51.92778551118839
8903,52.130098488897524
8904,52.130098488897524
8905,52.130098488897524
8906,52.130098488897524
8907,52.130098488897524
8915,84.56185255873812
8916,84.56185255873812
8917,84.56185255873812
8918,84.56185255873812
8919,84.56185255873812
8920,84.56185255873812
8921,84.56185255873812
8922,84.56185255873812
8923,84.56185255873812
8924,84.56185255873812
8925,48.60919147228081
8926,48.60919147228081
8927,48.60919147228081
8928,48.60919147228081
8929,48.60919147228081
8930,48.60919147228081
8931,48.60919147228081
8932,48.60919147228081
8933,48.60919147228081
8934,48.60919147228081
8935,51.74082824666535
8936,51.74082824666535
8937,51.74082824666535
8938,51.74082824666535
8939,51.74082824666535
8940,51.74082824666535
8941,51.74082824666535
8942,51.74082824666535
8943,51.74082824666535
8944,51.74082824666535
8945,48.826039067928015
8946,48.826039067928015
8947,48.826039067928015
8948,48.826039067928015
8949,48.826039067928015
8950,48.826039067928015
8951,48.826039067928015
8952,48.826039067928015
8953,48.826039067928015
8954,48.826039067928015
8955,52.439462994249695
8956,52.439462994249695
8957,52.439462994249695
8958,52.439462994249695
8959,52.439462994249695
8960,52.439462994249695
8961,52.439462994249695
8962,52.439462994249695
8963,52.439462994249695
8964,52.439462994249695
8984,32.55075432121786
8985,32.55075432121786
8986,32.55075432121786
8987,32.55075432121786
8988,32.55075432121786
8989,32.498557844573185
8990,32.498557844573185
8991,32.498557844573185
8992,32.498557844573185
8993,32.498557844573185
9016,48.41020112007021
9017,47.28187324966726
9018,55.63170064725166
9019,41.93372495028149
9020,47.742276152904026
9021,48.12649063680738
9022,48.26857104773836
9023,46.80461205673631
9024,46.898081808540915
9025,48.41020112007021
9026,47.28187324966726
9027,55.63170064725166
9028,41.93372495028149
9029,47.742276152904026
9030,48.12649063680738
9031,48.26857104773836
9032,46.80461205673631
9033,46.898081808540915
9034,48.41020112007021
9035,47.28187324966726
9036,55.63170064725166
9037,41.93372495028149
9038,47.742276152904026
9039,48.12649063680738
9040,48.26857104773836
9041,46.80461205673631
9042,46.898081808540915
9043,48.41020112007021
9044,47.28187324966726
9045,55.63170064725166
9046,41.93372495028149
9047,47.742276152904026
9048,48.12649063680738
9049,48.26857104773836
9050,46.80461205673631
9051,46.898081808540915
9052,57.2293855060739
9054,57.2293855060739
9055,57.2293855060739
9056,59.76769009768169
9058,59.76769009768169
9059,59.76769009768169
9060,53.325225982962614
9062,53.325225982962614
9063,53.325225982962614
9065,59.57625419493382
9066,59.57625419493382
9067,59.062362029011666
9069,59.062362029011666
9070,59.062362029011666
9071,61.872153251015305
9073,61.872153251015305
9074,61.872153251015305
9076,62.94893382888542
9077,62.94893382888542
9099,63.64277521451711
9100,64.68210641227546
9124,29.677735886290026
9180,33.799062156868025
9211,64.15638241170554
9212,64.15638241170554
9213,64.15638241170554
9225,33.296799142091004
9228,37.43134985535973
9229,37.43134985535973
9230,37.43134985535973
9231,37.43134985535973
9242,36.12337449601923
9248,52.4651329408947
9250,47.63271093494081
9251,48.40502663675931
9252,49.51452389154072
9253,51.06692639791279
9254,57.23686483333256
9255,49.459769209175725
9256,51.6196088924644
9257,52.87264593239905
9258,54.46235647590901
9259,65.53741506752138
9260,47.63271093494081
9261,48.40502663675931
9262,49.51452389154072
9263,51.06692639791279
9264,57.23686483333256
9265,49.459769209175725
9266,51.6196088924644
9267,52.87264593239905
9268,54.46235647590901
9269,65.53741506752138
9270,62.24753833466133
9271,62.24753833466133
9272,62.24753833466133
9273,62.24753833466133
9274,62.24753833466133
9275,62.24753833466133
9276,62.24753833466133
9277,62.24753833466133
9278,62.24753833466133
9279,62.24753833466133
9280,62.24753833466133
9281,62.24753833466133
9282,62.776576098241954
9283,62.776576098241954
9284,62.776576098241954
9285,62.776576098241954
9286,62.776576098241954
9287,62.776576098241954
9288,62.776576098241954
9289,62.776576098241954
9290,62.776576098241954
9291,62.776576098241954
9292,62.776576098241954
9293,62.776576098241954
9301,58.04355113630461
9302,49.485899915640125
9303,56.72960664752736
9304,48.69980745667129
9305,48.04499224087562
9306,51.308288891584496
9307,56.25590563043813
9308,49.12398465144003
9309,49.74457128393843
9319,54.75861191211141
9323,52.776758261444826
9324,52.776758261444826
9325,52.776758261444826
9326,52.776758261444826
9327,52.776758261444826
9328,55.34647295740896
9329,55.34647295740896
9330,55.34647295740896
9331,55.34647295740896
9332,55.34647295740896
9333,55.24654676173287
9334,55.24654676173287
9335,55.24654676173287
9336,55.24654676173287
9337,49.7374824509727
9338,49.7374824509727
9339,49.7374824509727
9340,49.7374824509727
9341,49.7374824509727
9342,59.326663894276514
9343,59.326663894276514
9344,59.326663894276514
9345,59.326663894276514
9346,59.326663894276514
9347,58.82208440587421
9348,58.82208440587421
9349,58.82208440587421
9350,58.82208440587421
9351,58.82208440587421
9357,58.72665174663574
9360,60.37623691903824
9366,56.990938191095836
9369,59.32357891910226
9370,34.46262135587233
9373,34.46262135587233
9375,34.46262135587233
9376,34.46262135587233
9377,34.46262135587233
9378,34.46262135587233
9379,52.30004631514806
9380,52.30004631514806
9382,52.30004631514806
9383,52.30004631514806
9384,52.30004631514806
9385,52.30004631514806
9386,52.30004631514806
9387,52.30004631514806
9388,65.55249700622095
9389,65.55249700622095
9391,65.55249700622095
9392,65.55249700622095
9393,65.55249700622095
9394,65.55249700622095
9395,65.55249700622095
9396,65.55249700622095
9397,60.22421612928005
9398,60.22421612928005
9399,60.22421612928005
9400,60.22421612928005
9401,60.22421612928005
9402,60.22421612928005
9403,60.22421612928005
9404,60.22421612928005
9405,60.22421612928005
9410,55.25945554323194
9412,55.76944982382889
9427,56.534617304556654
9464,63.83865096193124
9465,67.4418301172657
9466,62.62485567740645
9467,66.78229349793178
9468,69.9748106420516
9469,63.83865096193124
9470,67.4418301172657
9471,62.62485567740645
9472,66.78229349793178
9473,69.9748106420516
9474,63.83865096193124
9475,67.4418301172657
9476,62.62485567740645
9477,66.78229349793178
9478,69.9748106420516
9479,63.83865096193124
9480,67.4418301172657
9481,62.62485567740645
9482,66.78229349793178
9483,69.9748106420516
9484,63.83865096193124
9485,67.4418301172657
9486,62.62485567740645
9487,66.78229349793178
9488,69.9748106420516
9489,63.83865096193124
9490,67.4418301172657
9491,62.62485567740645
9492,66.78229349793178
9493,69.9748106420516
9494,63.83865096193124
9495,67.4418301172657
9496,62.62485567740645
9497,66.78229349793178
9498,69.9748106420516
9499,85.73247457683843
9500,85.73247457683843
9501,85.73247457683843
9502,85.73247457683843
9503,85.73247457683843
9504,85.73247457683843
9505,85.73247457683843
9506,85.73247457683843
9507,85.73247457683843
9508,85.73247457683843
9509,85.73247457683843
9510,85.73247457683843
9511,85.73247457683843
9512,85.73247457683843
9530,45.683635387626246
9531,45.683635387626246
9532,45.683635387626246
9533,45.683635387626246
9534,45.683635387626246
9535,45.683635387626246
9536,45.683635387626246
9537,45.683635387626246
9561,70.9747389269286
9562,70.9747389269286
9563,70.9747389269286
9564,70.9747389269286
9565,70.9747389269286
9566,70.9747389269286
9691,55.21407404009034
9697,57.670230832242595
9698,57.670230832242595
9699,57.670230832242595
9700,57.670230832242595
9701,57.670230832242595
9702,57.670230832242595
9703,57.670230832242595
9704,57.670230832242595
9705,57.670230832242595
9724,55.33872278137554
9728,52.435341897983626
9731,55.33872278137554
9736,71.48049480052855
9737,71.48049480052855
9738,71.48049480052855
9739,71.48049480052855
9740,91.31255122055036
9741,91.31255122055036
9742,91.31255122055036
9743,91.31255122055036
9775,33.16345961547076
9785,33.16345961547076
9789,59.461258583956386
9790,59.461258583956386
9791,59.461258583956386
9792,59.461258583956386
9793,59.461258583956386
9794,59.461258583956386
9795,61.64843179587291
9796,60.663978045633264
9797,61.16082511656278
9854,50.28299702152865
9855,50.28299702152865
9856,50.28299702152865
9857,50.28299702152865
9858,50.28299702152865
9859,50.28299702152865
9860,50.28299702152865
9861,50.28299702152865
9862,50.28299702152865
9863,59.2751912529211
9864,59.2751912529211
9865,59.2751912529211
9866,59.2751912529211
9867,59.2751912529211
9868,59.2751912529211
9869,59.2751912529211
9870,59.2751912529211
9871,59.2751912529211
9872,59.2751912529211
9873,59.2751912529211
9874,59.2751912529211
9875,59.2751912529211
9876,59.2751912529211
9877,59.2751912529211
9878,71.00343711026957
9879,71.00343711026957
9880,71.00343711026957
9881,71.00343711026957
9882,71.00343711026957
9883,71.00343711026957
9884,71.00343711026957
9885,71.00343711026957
9886,71.00343711026957
9887,71.00343711026957
9888,71.00343711026957
9889,71.00343711026957
9896,69.74502613180827
9905,34.869032958262174
9912,34.974693827173425
9919,76.54304819294661
9920,114.7721166335397
9921,114.4957814867213
9923,52.56698534525333
9925,48.194337349181446
9927,48.76180781753494
9974,46.57235917312457
9975,46.57235917312457
9977,51.044879067213024
9978,51.044879067213024
9981,48.01640751943847
9982,48.01640751943847
9985,51.10699269703062
9986,51.10699269703062
9996,79.71458523137231
9997,80.22736734516282
9998,87.00182730906612
10008,47.421704599780796
10009,47.421704599780796
10011,48.54464225815034
10023,51.5825178735706
10024,51.5825178735706
10028,57.91669743643387
10029,57.91669743643387
10030,57.91669743643387
10031,57.91669743643387
10032,57.91669743643387
10033,57.91669743643387
10034,57.91669743643387
10035,57.91669743643387
10036,57.91669743643387
10067,82.05250456875252
10068,82.05250456875252
10069,82.05250456875252
10070,82.05250456875252
10071,82.05250456875252
10072,82.05250456875252
10073,82.05250456875252
10074,83.54653630012274
10075,83.54653630012274
10076,83.54653630012274
10077,83.54653630012274
10078,83.54653630012274
10079,83.54653630012274
10080,83.54653630012274
10081,83.18478751980685
10082,83.18478751980685
10083,83.18478751980685
10084,83.18478751980685
10085,83.18478751980685
10086,83.18478751980685
10087,83.18478751980685
10088,80.73996632371187
10089,80.73996632371187
10090,80.73996632371187
10091,80.73996632371187
10092,80.73996632371187
10093,82.17024828637511
10094,82.17024828637511
10095,82.17024828637511
10096,82.17024828637511
10097,82.17024828637511
10098,82.02484453383421
10099,82.02484453383421
10100,82.02484453383421
10101,82.02484453383421
10102,82.02484453383421
10103,48.72916994384836
10104,67.61008254558523
10129,53.91913948025715
10130,53.91913948025715
10138,54.222036796155855
10139,54.222036796155855
10162,62.93023494710242
10163,67.95098788702884
10164,73.86685514188976
10277,51.048913437523865
10278,51.048913437523865
10279,51.048913437523865
10280,51.048913437523865
10281,51.048913437523865
10282,51.048913437523865
10283,51.048913437523865
10284,51.048913437523865
10285,58.1123599331698
10286,58.1123599331698
10287,58.1123599331698
10288,58.1123599331698
10289,58.1123599331698
10290,58.1123599331698
10291,58.1123599331698
10292,58.1123599331698
10293,51.58200845190145
10294,51.58200845190145
10295,51.58200845190145
10296,51.58200845190145
10297,51.58200845190145
10298,51.58200845190145
10299,51.58200845190145
10300,51.58200845190145
10329,34.21156459005599
10330,34.21156459005599
10331,34.21156459005599
10332,34.21156459005599
10333,34.21156459005599
10334,34.21156459005599
10379,68.39647065870572
10380,91.45267222599483
10381,65.40929067939292
10382,68.60721244037286
10383,76.2132501559207
10384,80.38284440182142
10385,61.29688706634571
10386,61.29688706634571
10387,61.29688706634571
10388,61.29688706634571
10389,61.29688706634571
10390,61.29688706634571
10391,61.29688706634571
10392,61.29688706634571
10393,61.29688706634571
10394,59.957052684427204
10395,59.957052684427204
10396,59.957052684427204
10397,59.957052684427204
10398,59.957052684427204
10399,59.957052684427204
10400,59.957052684427204
10401,59.957052684427204
10402,59.957052684427204
10403,62.73572523440073
10404,62.73572523440073
10405,62.73572523440073
10406,62.73572523440073
10407,62.73572523440073
10408,62.73572523440073
10409,62.73572523440073
10410,67.6987103819687
10411,67.6987103819687
10412,67.6987103819687
10413,67.6987103819687
10414,67.6987103819687
10415,67.6987103819687
10416,67.6987103819687
10417,67.6987103819687
10418,67.6987103819687
10419,62.74109919777424
10420,62.74109919777424
10421,62.74109919777424
10422,62.74109919777424
10423,62.74109919777424
10424,62.74109919777424
10425,62.74109919777424
10426,62.74109919777424
10427,62.74109919777424
10428,65.60416639057048
10429,65.60416639057048
10430,65.60416639057048
10431,65.60416639057048
10432,65.60416639057048
10433,65.60416639057048
10434,65.60416639057048
10435,65.60416639057048
10436,65.60416639057048
10452,63.66013452246302
10453,63.66013452246302
10454,63.66013452246302
10455,63.66013452246302
10456,63.66013452246302
10457,63.66013452246302
10458,63.66013452246302
10459,63.66013452246302
10460,63.66013452246302
10468,70.12168995774115
10479,84.57037157525399
10480,84.57037157525399
10481,84.57037157525399
10482,84.57037157525399
10483,84.57037157525399
10484,84.57037157525399
10485,84.57037157525399
10486,84.57037157525399
10487,84.57037157525399
10488,84.57037157525399
10489,84.6920285112738
10490,84.6920285112738
10491,84.6920285112738
10492,84.6920285112738
10493,84.6920285112738
10494,84.6920285112738
10495,84.6920285112738
10496,84.6920285112738
10497,84.6920285112738
10498,84.6920285112738
10512,48.20371576749345
10513,50.643488650298934
10514,50.02116507416041
10574,66.96980162783476
10575,66.96980162783476
10576,66.96980162783476
10577,66.96980162783476
10578,66.96980162783476
10589,81.17690504953843
10590,81.17690504953843
10591,81.17690504953843
10592,81.17690504953843
10593,81.17690504953843
10604,74.02755206915143
10605,74.02755206915143
10606,74.02755206915143
10607,74.02755206915143
10608,74.02755206915143
10609,83.23228109778061
10610,83.23228109778061
10611,83.23228109778061
10612,83.23228109778061
10613,83.23228109778061
10624,87.7991122557
10625,87.7991122557
10626,87.7991122557
10627,87.7991122557
10628,87.7991122557
10629,98.75137756365808
10630,98.75137756365808
10631,98.75137756365808
10632,98.75137756365808
10633,98.75137756365808
10682,58.95591229527165
10683,58.95764312316144
10684,61.63452923205272
10685,59.5393416639204
10686,58.91031003630964
10687,58.90617347045798
10688,61.59936768161736
10689,59.25570557969946
10690,58.576627059116596
10691,58.576627059116596
10692,58.576627059116596
10693,58.576627059116596
10694,58.576627059116596
10695,58.576627059116596
10696,58.576627059116596
10697,58.576627059116596
10698,58.576627059116596
10699,58.576627059116596
10700,58.576627059116596
10701,58.576627059116596
10702,58.576627059116596
10703,58.576627059116596
10704,58.576627059116596
10705,58.576627059116596
10706,58.576627059116596
10707,58.576627059116596
10708,58.576627059116596
10709,58.576627059116596
10710,58.576627059116596
10711,58.576627059116596
10712,58.576627059116596
10713,58.576627059116596
10714,58.576627059116596
10715,58.576627059116596
10716,58.576627059116596
10717,58.576627059116596
10718,58.622552330478115
10719,58.622552330478115
10720,58.622552330478115
10721,58.622552330478115
10722,58.622552330478115
10723,58.622552330478115
10724,58.622552330478115
10725,58.622552330478115
10726,58.622552330478115
10727,58.622552330478115
10728,58.622552330478115
10729,58.622552330478115
10730,58.622552330478115
10731,58.622552330478115
10732,58.622552330478115
10733,58.622552330478115
10734,58.622552330478115
10735,58.622552330478115
10736,58.622552330478115
10737,58.622552330478115
10738,58.622552330478115
10739,58.622552330478115
10740,58.622552330478115
10741,58.622552330478115
10742,58.622552330478115
10743,58.622552330478115
10744,58.622552330478115
10745,58.622552330478115
10746,60.19674217656676
10747,60.19674217656676
10748,60.19674217656676
10749,60.19674217656676
10750,60.19674217656676
10751,60.19674217656676
10752,60.19674217656676
10753,60.19674217656676
10754,60.19674217656676
10755,60.19674217656676
10756,60.19674217656676
10757,60.19674217656676
10758,60.19674217656676
10759,60.19674217656676
10760,60.19674217656676
10761,60.19674217656676
10762,60.19674217656676
10763,60.19674217656676
10764,60.19674217656676
10765,60.19674217656676
10766,60.19674217656676
10767,60.19674217656676
10768,60.19674217656676
10769,60.19674217656676
10770,60.19674217656676
10771,60.19674217656676
10772,60.19674217656676
10773,60.19674217656676
10828,52.33424987535727
10829,52.33424987535727
10830,52.33424987535727
10831,52.33424987535727
10832,52.33424987535727
10833,52.33424987535727
10834,52.33424987535727
10835,52.33424987535727
10836,49.33877665969757
10837,49.33877665969757
10838,49.33877665969757
10839,49.33877665969757
10840,49.33877665969757
10841,49.33877665969757
10842,49.33877665969757
10843,49.33877665969757
10878,50.619910794050554
10879,50.619910794050554
10882,62.06445441094492
10883,62.06445441094492
10884,62.06445441094492
10885,62.06445441094492
10886,62.06445441094492
10887,62.06445441094492
10888,62.06445441094492
10889,62.06445441094492
10890,62.06445441094492
10891,62.06445441094492
10892,62.06445441094492
10893,62.06445441094492
10894,62.06445441094492
10895,62.06445441094492
10896,62.06445441094492
10897,62.06445441094492
10898,62.06445441094492
10899,58.592181767648256
10900,58.592181767648256
10901,58.592181767648256
10902,58.592181767648256
10903,58.592181767648256
10904,58.592181767648256
10905,58.592181767648256
10906,58.592181767648256
10907,58.592181767648256
10908,58.592181767648256
10909,58.592181767648256
10910,58.592181767648256
10911,58.592181767648256
10912,58.592181767648256
10913,58.592181767648256
10914,58.592181767648256
10915,58.592181767648256
10916,59.2349708355525
10917,59.2349708355525
10918,59.2349708355525
10919,59.2349708355525
10920,59.2349708355525
10921,59.2349708355525
10922,59.2349708355525
10923,59.2349708355525
10924,59.2349708355525
10925,59.2349708355525
10926,59.2349708355525
10927,59.2349708355525
10928,59.2349708355525
10929,59.2349708355525
10930,59.2349708355525
10931,59.2349708355525
10932,59.2349708355525
10933,59.522116824260564
10934,59.522116824260564
10935,59.522116824260564
10936,59.522116824260564
10937,59.522116824260564
10938,59.522116824260564
10939,59.522116824260564
10940,59.522116824260564
10941,59.522116824260564
10942,59.522116824260564
10943,59.522116824260564
10944,59.522116824260564
10945,59.522116824260564
10946,59.522116824260564
10947,59.522116824260564
10948,59.522116824260564
10949,59.522116824260564
10950,62.30497145296871
10951,62.30497145296871
10952,62.30497145296871
10953,62.30497145296871
10954,62.30497145296871
10955,62.30497145296871
10956,62.30497145296871
10957,62.30497145296871
10958,62.30497145296871
10959,62.30497145296871
10960,62.30497145296871
10961,62.30497145296871
10962,62.30497145296871
10963,62.30497145296871
10964,62.30497145296871
10965,62.30497145296871
10966,62.30497145296871
10967,65.0501225407652
10968,65.0501225407652
10969,65.0501225407652
10970,65.0501225407652
10971,65.0501225407652
10972,65.0501225407652
10973,65.0501225407652
10974,65.0501225407652
10975,65.0501225407652
10976,65.0501225407652
10977,65.0501225407652
10978,65.0501225407652
10979,65.0501225407652
10980,65.0501225407652
10981,65.0501225407652
10982,65.0501225407652
10983,65.0501225407652
10985,45.00704671004941
10987,45.00704671004941
10988,45.00704671004941
10991,46.77131088273237
10993,46.77131088273237
10994,46.77131088273237
11013,58.044168406449735
11029,68.27123335374162
11031,68.27123335374162
11068,96.55528960705914
11069,96.65213526175503
11070,98.98483085546417
11071,98.60320937453406
11072,96.17006870877883
11073,96.49507445664426
11074,98.5334726583796
11075,98.52459039804603
11076,96.64969464634399
11077,97.29557886575287
11078,99.0265379257024
11079,99.31174706751437
11120,33.37792884286581
11133,30.05597556438005
11165,59.39426223074384
11166,59.39426223074384
11167,59.39426223074384
11168,59.39426223074384
11169,59.39426223074384
11170,59.39426223074384
11171,59.39426223074384
11177,44.03455717611954
11178,44.03455717611954
11180,44.03455717611954
11181,44.03455717611954
11182,44.03455717611954
11183,44.03455717611954
11186,43.87540280662971
11187,43.87540280662971
11189,43.87540280662971
11190,43.87540280662971
11191,43.87540280662971
11192,43.87540280662971
11195,49.03456806632735
11196,49.03456806632735
11198,49.03456806632735
11199,49.03456806632735
11200,49.03456806632735
11201,49.03456806632735
11204,48.979691544472075
11205,48.979691544472075
11207,48.979691544472075
11208,48.979691544472075
11209,48.979691544472075
11210,48.979691544472075
11212,51.93342049059801
11213,51.93342049059801
11214,51.93342049059801
11215,51.93342049059801
11216,51.93342049059801
11217,51.93342049059801
11218,50.880021698141995
11224,33.60940740848966
11230,57.01997094814277
11236,51.754523227250345
11237,51.754523227250345
11238,51.754523227250345
11239,51.754523227250345
11240,51.754523227250345
11241,51.754523227250345
11242,51.754523227250345
11243,51.754523227250345
11244,51.754523227250345
11245,51.754523227250345
11246,51.754523227250345
11247,51.754523227250345
11248,56.01862978409948
11249,56.01862978409948
11250,56.01862978409948
11251,56.01862978409948
11252,56.01862978409948
11253,56.01862978409948
11254,56.01862978409948
11255,56.01862978409948
11256,56.01862978409948
11257,56.01862978409948
11258,56.01862978409948
11259,56.01862978409948
11260,51.34405704881721
11261,51.34405704881721
11262,51.34405704881721
11263,51.34405704881721
11264,51.34405704881721
11265,51.34405704881721
11266,51.34405704881721
11267,51.34405704881721
11268,51.34405704881721
11269,51.34405704881721
11270,51.34405704881721
11271,51.34405704881721
11272,51.977912939958685
11273,51.977912939958685
11274,51.977912939958685
11275,51.977912939958685
11276,51.977912939958685
11277,51.977912939958685
11278,51.977912939958685
11279,51.977912939958685
11280,51.977912939958685
11281,51.977912939958685
11282,51.977912939958685
11283,51.977912939958685
11284,51.854587459364886
11285,51.854587459364886
11286,51.854587459364886
11287,51.854587459364886
11288,51.854587459364886
11289,51.854587459364886
11290,51.854587459364886
11291,51.854587459364886
11292,51.854587459364886
11293,51.854587459364886
11294,53.0576471815894
11295,53.0576471815894
11296,53.0576471815894
11297,53.0576471815894
11298,53.0576471815894
11299,53.0576471815894
11300,53.0576471815894
11301,53.0576471815894
11302,53.0576471815894
11303,53.0576471815894
11304,53.0576471815894
11305,53.0576471815894
11306,54.506751279658715
11307,54.506751279658715
11308,54.506751279658715
11309,54.506751279658715
11310,54.506751279658715
11311,54.506751279658715
11312,54.506751279658715
11313,54.506751279658715
11314,54.506751279658715
11315,54.506751279658715
11316,54.506751279658715
11317,54.506751279658715
11318,58.84867252647526
11319,58.84867252647526
11320,58.84867252647526
11321,58.84867252647526
11322,58.84867252647526
11323,58.84867252647526
11324,58.84867252647526
11325,58.84867252647526
11326,58.84867252647526
11327,58.84867252647526
11328,58.84867252647526
11329,58.84867252647526
11330,60.66351390404268
11331,60.66351390404268
11332,60.66351390404268
11333,60.66351390404268
11334,60.66351390404268
11335,60.66351390404268
11336,60.66351390404268
11337,60.66351390404268
11338,60.66351390404268
11339,60.66351390404268
11340,60.66351390404268
11341,94.20163894890554
11342,94.20163894890554
11343,94.20163894890554
11344,94.20163894890554
11345,94.20163894890554
11346,94.20163894890554
11347,94.20163894890554
11348,94.20163894890554
11349,94.20163894890554
11350,58.11415563814186
11351,58.11415563814186
11352,58.11415563814186
11353,58.11415563814186
11354,58.11415563814186
11355,52.73769183114084
11356,52.73769183114084
11357,52.73769183114084
11358,52.73769183114084
11359,52.73769183114084
11399,55.51093768471521
11400,55.51093768471521
11401,55.51093768471521
11402,55.51093768471521
11403,55.51093768471521
11404,55.51093768471521
11405,55.51093768471521
11420,57.51747752421831
11421,57.51747752421831
11422,57.51747752421831
11423,57.51747752421831
11424,57.51747752421831
11425,57.51747752421831
11426,57.51747752421831
11427,57.51747752421831
11444,40.740577831586435
11448,53.8203759950849
11451,33.0328360416417
11456,61.77684486910476
11457,60.86117844768063
11458,62.093773228586855
11459,64.66361493818073
11460,64.84762692486203
11461,61.15679678212729
11462,60.89780906342039
11463,64.38093317894965
11464,58.47936549723822
11465,57.60294961999364
11466,57.64483525551675
11467,56.218315185240705
11468,57.417941449328794
11469,59.10514977659575
11470,59.960478247423715
11471,58.797871820367554
11472,59.26906863635102
11473,58.62395030756531
11474,59.86395951981202
11475,62.01525271638166
11476,60.86093458814392
11477,58.40458452450844
11478,58.41702727956514
11479,60.41430078604204
11480,59.046236881849026
11481,58.28597267298033
11482,60.82343928525404
11483,60.29721603795233
11484,59.86518043447539
11485,62.05781673017781
11486,57.78630259886938
11487,57.473386685903144
11488,59.57765002016651
11489,60.01575917725999
11490,60.16690765185165
11491,61.76978536370422
11492,53.63012654224123
11493,53.63012654224123
11494,53.63012654224123
11495,53.63012654224123
11496,53.63012654224123
11497,53.63012654224123
11498,53.63012654224123
11499,53.63012654224123
11500,53.63012654224123
11501,53.63012654224123
11502,53.63012654224123
11503,50.34946093501045
11504,50.34946093501045
11505,50.34946093501045
11506,50.34946093501045
11507,50.34946093501045
11508,50.34946093501045
11509,50.34946093501045
11510,50.34946093501045
11511,51.613823806983106
11512,51.613823806983106
11513,51.613823806983106
11514,51.613823806983106
11515,51.613823806983106
11516,51.613823806983106
11517,51.613823806983106
11518,51.613823806983106
11519,61.49608838178679
11520,61.49608838178679
11521,61.49608838178679
11522,61.49608838178679
11523,61.49608838178679
11524,61.49608838178679
11525,61.49608838178679
11526,61.49608838178679
11545,55.26020392886198
11548,55.26020392886198
11568,56.7217917710216
11570,59.26811597541351
11574,50.32557944480959
11577,54.4875292752365
11580,57.14689516802592
11581,55.695601565814
11582,60.84532294305366
11583,48.9734049318981
11584,53.43629446879432
11585,53.43629446879432
11586,53.43629446879432
11587,53.43629446879432
11588,53.43629446879432
11589,53.43629446879432
11590,53.43629446879432
11591,53.43629446879432
11592,53.43629446879432
11593,53.43629446879432
11595,53.743472855682576
11596,53.743472855682576
11598,53.743472855682576
11599,53.743472855682576
11600,53.743472855682576
11601,53.743472855682576
11603,53.743472855682576
11661,53.118694650429774
11662,53.118694650429774
11663,53.118694650429774
11664,53.118694650429774
11665,53.118694650429774
11666,53.118694650429774
11667,53.118694650429774
11668,53.118694650429774
11669,53.118694650429774
11670,53.118694650429774
11671,53.118694650429774
11672,53.118694650429774
11673,53.118694650429774
11674,53.118694650429774
11675,53.118694650429774
11676,53.118694650429774
11677,53.118694650429774
11678,53.118694650429774
11705,57.28447718989371
11706,56.649864664649584
11713,50.04996187407743
11714,50.04996187407743
11715,50.04996187407743
11716,50.04996187407743
11717,50.04996187407743
11718,50.04996187407743
11719,50.04996187407743
11720,50.04996187407743
11721,103.93875098920408
11722,103.93875098920408
11723,103.93875098920408
11724,103.7122661806333
11725,103.7122661806333
11726,103.7122661806333
11727,107.79611678463924
11728,107.79611678463924
11729,107.79611678463924
11730,107.71856701521095
11731,107.71856701521095
11732,107.71856701521095
11733,108.45291656281134
11734,108.45291656281134
11735,108.45291656281134
11736,108.42814914128991
11737,108.42814914128991
11738,108.42814914128991
11739,68.1942895113566
11740,68.1942895113566
11759,27.63404245633289
11821,28.588456769197464
11834,52.866974241806865
11835,54.598904609507855
11871,50.685539589659506
11872,50.685539589659506
11873,50.685539589659506
11876,52.22765460727815
11877,52.22765460727815
11878,52.22765460727815
11881,50.83822585282308
11882,50.83822585282308
11883,50.83822585282308
11901,49.55743116554991
11902,90.4784444892725
11903,90.89138050722563
11904,91.26964494982728
11905,91.41641106385822
11906,94.6420250643071
11907,32.998397872736184
11933,33.067233073832746
11935,33.067233073832746
11936,33.067233073832746
11937,33.067233073832746
11939,33.067233073832746
11949,43.255177699944944
11951,43.255177699944944
11952,43.255177699944944
11953,43.255177699944944
11955,43.255177699944944
11989,44.76444697622372
11998,44.76444697622372
11999,44.76444697622372
12000,44.76444697622372
12001,44.76444697622372
12002,44.76444697622372
12003,59.893892385085586
12004,59.371174878804226
12021,56.72353698901318
12022,56.72353698901318
12025,59.158030966552246
12026,59.158030966552246
12027,59.158030966552246
12028,59.158030966552246
12029,59.158030966552246
12030,59.158030966552246
12031,59.158030966552246
12032,59.158030966552246
12033,59.158030966552246
12034,59.158030966552246
12035,59.158030966552246
12036,59.158030966552246
12037,59.158030966552246
12038,59.158030966552246
12039,59.158030966552246
12040,59.158030966552246
12041,59.158030966552246
12042,59.158030966552246
12043,59.158030966552246
12044,59.158030966552246
12045,64.28745268678597
12046,64.28745268678597
12047,64.28745268678597
12048,64.28745268678597
12049,64.28745268678597
12050,64.28745268678597
12051,64.28745268678597
12052,64.28745268678597
12053,64.28745268678597
12054,64.28745268678597
12055,64.28745268678597
12056,64.28745268678597
12057,64.28745268678597
12058,64.28745268678597
12059,64.28745268678597
12060,64.28745268678597
12061,64.28745268678597
12062,64.28745268678597
12063,64.28745268678597
12064,64.28745268678597
12065,67.33629452570737
12066,67.33629452570737
12067,67.33629452570737
12068,67.33629452570737
12069,67.33629452570737
12070,67.33629452570737
12071,67.33629452570737
12072,67.33629452570737
12073,67.33629452570737
12074,67.33629452570737
12075,67.33629452570737
12076,67.33629452570737
12077,67.33629452570737
12078,67.33629452570737
12079,67.33629452570737
12080,67.33629452570737
12081,67.33629452570737
12082,67.33629452570737
12083,67.33629452570737
12084,67.33629452570737
12116,45.297329103619106
12117,45.297329103619106
12118,45.297329103619106
12119,45.297329103619106
12124,62.1174959037661
12125,62.1174959037661
12126,62.1174959037661
12131,29.60290944940397
12132,29.60290944940397
12133,29.60290944940397
12138,113.37585107637403
12139,113.37585107637403
12140,113.37585107637403
12141,113.37585107637403
12142,113.37585107637403
12143,113.37585107637403
12144,113.37585107637403
12145,113.37585107637403
12146,113.37585107637403
12147,113.37585107637403
12148,113.37585107637403
12149,113.37585107637403
12150,113.37585107637403
12151,113.37585107637403
12152,113.37585107637403
12153,113.37585107637403
12154,113.37585107637403
12162,56.623764917710396
12170,55.84793565369206
12171,55.84793565369206
12186,46.54323038661495
12187,46.54323038661495
12202,30.169459627030314
12203,30.169459627030314
12245,60.53633326564323
12246,60.53633326564323
12247,60.53633326564323
12248,60.53633326564323
12249,61.79480955537197
12250,51.6491131499193
12251,51.6491131499193
12252,51.6491131499193
12253,51.6491131499193
12254,51.6491131499193
12255,51.6491131499193
12256,51.6491131499193
12257,51.6491131499193
12258,51.6491131499193
12259,51.6491131499193
12260,51.6491131499193
12261,51.6491131499193
12262,51.6491131499193
12263,51.6491131499193
12264,51.6491131499193
12265,51.6491131499193
12370,50.92077795018773
12371,59.29909166121889
12372,53.76981770639108
12373,63.23750688278466
12374,61.54634118242789
12375,68.02694534210555
12376,34.49381193591505
12377,111.81548775571473
12378,107.92813875308805
12379,111.25740709492068
12380,125.50707983538229
12381,132.66453527956358
12382,139.81060367556935
12383,142.09030801963172
12384,141.0508307571303
12385,141.39969162691105
12386,125.55208564289137
12387,125.43372097907381
12388,132.8900006226404
12389,161.11794809126562
12390,129.15242207554272
12391,127.85342868781521
12392,130.1165107812772
12393,128.3615795248172
12397,73.06960666803309
12399,75.42469405160692
12402,69.13514178222032
12406,50.83379855377141
12410,55.90941436010858
12411,54.72258745074139
12461,59.888894060623485
12462,59.888894060623485
12463,59.888894060623485
12465,59.888894060623485
12467,59.888894060623485
12470,59.646815464688814
12471,59.646815464688814
12474,59.646815464688814
12480,49.33203160882566
12481,49.33203160882566
12482,49.33203160882566
12494,55.176233703202
12495,58.68616117608804
12496,56.608036696447364
12497,63.566844952359226
12498,69.43057969508041
12499,65.64008897265762
12500,63.48632829022817
12501,62.82925742943043
12502,59.46797004537518
12503,59.46797004537518
12504,59.46797004537518
12505,59.46797004537518
12506,59.46797004537518
12507,59.46797004537518
12508,59.46797004537518
12509,59.46797004537518
12510,59.46797004537518
12522,60.67233516230423
12523,61.788602558681355
12524,59.56821173419869
12525,53.535785512552835
12526,56.28571373940296
12527,51.765355091733056
12565,61.03295829091461
12566,55.861562926682346
12567,56.30687082849234
12568,58.17437176011174
12569,61.90926981811933
12570,55.01318934856916
12571,64.7839103562039
12572,58.43872491041694
12573,59.52875178107275
12574,58.19455365443368
12575,55.85007607201527
12576,60.41385357124908
12577,78.82143394823777
12578,76.86890868271044
12579,77.20758574290966
12580,78.1610726488767
12581,68.26792310218039
12588,33.35605406417808
12595,30.28810416286128
12602,34.343726407838865
12609,80.14373937227418
12727,77.32807109658276
12728,77.32807109658276
12746,104.4176125540295
12747,104.04726032802786
12748,52.8977408231474
12749,53.61880128094599
12750,54.01734693579956
12751,104.44914026856003
12752,104.4176125540295
12753,104.04726032802786
12754,52.8977408231474
12755,53.61880128094599
12756,54.01734693579956
12757,104.44914026856003
12758,104.4176125540295
12759,104.04726032802786
12769,61.054849726894076
12771,61.054849726894076
12772,62.21018192410783
12773,62.21018192410783
12774,62.21018192410783
12802,75.30700789597502
12805,75.30700789597502
12817,70.67085053161402
12818,33.77327077862158
12819,52.10884679460379
12820,71.05087409912477
12821,51.71393729333527
12822,33.88830818607417
12823,70.76438074416848
12824,44.63316907554643
12830,65.26473366287625
12832,70.13593947555322
12839,33.64351553972463
12840,56.58741433371247
12841,60.48945007228353
12842,57.55673383700651
12844,59.08144486716955
12848,56.58741433371247
12850,57.55673383700651
12855,64.13352677764354
12856,64.13352677764354
12857,64.13352677764354
12858,64.13352677764354
12879,43.581450713474766
12881,43.581450713474766
12889,44.73883426483217
12891,44.73883426483217
12918,33.72113368067036
12922,33.84494426390017
12926,55.47374635010208
12930,56.55806024093258
12934,41.86526056024267
12938,33.85049250847945
12942,56.600471115434324
12946,59.877204673495186
12950,64.38610846761792
12952,64.58035592068461
12954,64.58035592068461
12967,69.77658902622625
12968,69.34474365430817
12969,63.41457996886379
12970,63.54070700493913
12971,57.12180120978939
12972,68.3235443921924
12979,56.579182446591126
12980,61.01562140889811
12981,58.57771091797256
12982,69.9612886785257
12983,69.9612886785257
12984,69.9612886785257
12985,69.9612886785257
12986,69.9612886785257
12987,69.9612886785257
12988,69.9612886785257
12989,69.9612886785257
12990,69.9612886785257
12991,69.9612886785257
12992,69.9612886785257
12993,69.9612886785257
12995,45.82046519751634
12997,45.82046519751634
12998,45.82046519751634
12999,45.82046519751634
13001,49.19198635652088
13003,49.19198635652088
13004,49.19198635652088
13005,49.19198635652088
13007,50.37295415538772
13009,50.37295415538772
13010,50.37295415538772
13011,50.37295415538772
13015,47.47606016717916
13016,45.47238702772229
13022,47.84281501184457
13023,47.53207676388693
13024,49.13966493449664
13025,48.87833950019552
13026,47.72785029595972
13027,58.411990008128406
13033,48.88997512304964
13038,46.53124030042942
13042,45.47238702772229
13048,47.84281501184457
13049,47.53207676388693
13050,49.13966493449664
13051,48.87833950019552
13052,47.72785029595972
13054,41.622892713610916
13084,48.404025908111855
13085,53.689961687708575
13086,66.56895851403988
13087,79.35294717142311
13088,79.41619396975386
13089,97.57859613731078
13090,133.6856536814739
13091,133.68573550553288
13092,179.6435117340828
13093,164.14015261125712
13094,171.06093021427827
13095,58.462220272685826
13096,58.511306932318675
13097,54.17635023384381
13098,59.42274422422504
13099,59.42274422422504
13100,59.42274422422504
13101,59.42274422422504
13102,59.42274422422504
13103,59.42274422422504
13104,59.42274422422504
13105,59.42274422422504
13106,59.42274422422504
13107,59.42274422422504
13108,59.42274422422504
13109,59.42274422422504
13110,59.42274422422504
13111,59.42274422422504
13112,59.42274422422504
13123,33.66041775104046
13126,33.66041775104046
13127,33.66041775104046
13128,33.66041775104046
13129,33.66041775104046
13130,60.953693329621856
13131,60.953693329621856
13132,60.953693329621856
13133,51.39868226606337
13134,61.59144179599935
13135,53.620760770992604
13136,65.5854571846579
13147,91.46799467015306
13148,100.07368407985598
13149,102.24914982303868
13150,99.82672048724596
13151,99.66895502965795
13152,107.95853215309664
13153,102.19278764126292
13154,102.89950910630319
13155,107.61961771935425
13156,109.00346457924499
13157,107.46493589116425
13158,109.10274606300891
13159,113.54486918899343
13160,109.34623690470482
13175,72.98107082054054
13176,75.35550305909614
13180,74.50970767922864
13181,74.50970767922864
13182,74.50970767922864
13183,74.50970767922864
13184,74.50970767922864
13185,74.50970767922864
13186,74.50970767922864
13187,74.50970767922864
13188,74.50970767922864
13189,74.50970767922864
13202,68.96457206754623
13216,86.2186702796518
13219,86.2186702796518
13251,55.99265994472048
13252,61.51174900822187
13253,67.3296101567031
13254,66.31282173497178
13255,67.81899190614455
13256,66.79821888601631
13281,99.9277091318362
13282,99.9277091318362
13283,99.9277091318362
13284,99.9277091318362
13285,99.9277091318362
13286,99.9277091318362
13287,99.9277091318362
13288,99.9277091318362
13289,99.9277091318362
13295,50.907072597249105
13296,50.907072597249105
13297,50.907072597249105
13298,50.907072597249105
13323,43.872410726584974
13326,48.97251087463937
13327,48.97251087463937
13328,48.97251087463937
13329,48.97251087463937
13330,48.97251087463937
13331,48.97251087463937
13332,48.97251087463937
13333,48.97251087463937
13334,48.97251087463937
13335,48.97251087463937
13336,45.284862321502715
13337,45.284862321502715
13338,45.284862321502715
13339,45.284862321502715
13340,45.284862321502715
13341,45.284862321502715
13342,45.284862321502715
13343,45.284862321502715
13344,45.284862321502715
13345,45.284862321502715
13346,55.278768336428485
13347,55.278768336428485
13348,55.278768336428485
13349,55.278768336428485
13350,55.278768336428485
13351,55.278768336428485
13352,55.278768336428485
13353,55.278768336428485
13354,55.278768336428485
13355,55.278768336428485
13356,45.50304084036896
13357,45.50304084036896
13358,45.50304084036896
13359,45.50304084036896
13360,45.50304084036896
13361,45.50304084036896
13362,45.50304084036896
13363,45.50304084036896
13364,45.50304084036896
13365,45.50304084036896
13366,55.29182407043389
13367,55.29182407043389
13368,55.29182407043389
13369,55.29182407043389
13370,55.29182407043389
13371,55.29182407043389
13372,55.29182407043389
13373,55.29182407043389
13374,55.29182407043389
13375,55.29182407043389
13502,62.957485149213596
13507,60.42418302634696
13508,60.42418302634696
13509,60.42418302634696
13510,60.42418302634696
13511,60.42418302634696
13512,60.42418302634696
13513,60.42418302634696
13514,60.42418302634696
13515,60.42418302634696
13516,60.42418302634696
13517,60.42418302634696
13518,60.42418302634696
13519,60.42418302634696
13520,60.54971096174011
13521,60.54971096174011
13522,60.54971096174011
13523,60.54971096174011
13524,60.54971096174011
13525,60.54971096174011
13526,60.54971096174011
13527,60.54971096174011
13528,60.54971096174011
13529,60.54971096174011
13530,60.54971096174011
13531,60.54971096174011
13532,60.54971096174011
13533,60.930526731119585
13534,60.930526731119585
13535,60.930526731119585
13536,60.930526731119585
13537,60.930526731119585
13538,60.930526731119585
13539,60.930526731119585
13540,60.930526731119585
13541,60.930526731119585
13542,60.930526731119585
13543,60.930526731119585
13544,60.930526731119585
13545,60.930526731119585
13643,30.084875994037688
13644,53.79409207428821
13645,44.31079236223089
13646,52.13925542350481
13647,73.55248175166838
13648,107.00348650658985
13649,107.00348650658985
13650,107.00348650658985
13651,107.00348650658985
13652,107.00348650658985
13653,107.00348650658985
13654,107.00348650658985
13655,107.00348650658985
13656,107.00348650658985
13657,107.00348650658985
13658,107.00348650658985
13659,107.00348650658985
13660,107.00348650658985
13661,107.00348650658985
13662,107.00348650658985
13663,57.87305276543834
13664,57.87305276543834
13665,67.18185599495655
13666,67.18185599495655
13667,62.168980844496815
13668,62.168980844496815
13669,59.09637649742581
13670,59.09637649742581
13671,100.14834868051707
13672,100.14834868051707
13673,100.01542042183677
13674,100.01542042183677
13675,91.89511806997704
13676,91.89511806997704
13677,102.16253446012436
13678,102.16253446012436
13679,100.07554316237449
13680,100.07554316237449
13687,64.11497394011235
13688,64.11497394011235
13689,64.11497394011235
13690,64.11497394011235
13692,70.17156116091981
13693,64.73909245341598
13694,62.77448185544878
13695,62.77448185544878
13696,62.77448185544878
13697,62.77448185544878
13699,61.35342257280669
13700,61.35342257280669
13701,61.35342257280669
13702,61.35342257280669
13704,79.00398403585842
13705,79.00398403585842
13706,79.00398403585842
13707,79.00398403585842
13709,59.447998278714294
13710,59.447998278714294
13711,59.447998278714294
13712,59.447998278714294
13714,64.11497394011235
13715,70.17156116091981
13716,64.73909245341598
13717,62.77448185544878
13718,61.35342257280669
13719,79.00398403585842
13720,59.447998278714294
13744,59.97578103884863
13745,65.99802622886862
13746,59.97578103884863
13747,65.99802622886862
13748,102.96700293886674
13749,90.55340726332562
13750,99.75892566255895
13751,113.93454247054474
13752,125.75685233663842
13753,100.81356709735552
13759,60.04018912955948
13760,60.04018912955948
13761,60.04018912955948
13762,60.04018912955948
13763,60.04018912955948
13764,60.04018912955948
13765,60.04018912955948
13766,60.04018912955948
13767,60.04018912955948
13768,60.04018912955948
13769,60.04018912955948
13770,60.04018912955948
13771,59.79650471829732
13772,59.79650471829732
13773,59.79650471829732
13774,59.79650471829732
13775,59.79650471829732
13776,59.79650471829732
13777,59.79650471829732
13778,59.79650471829732
13779,59.79650471829732
13780,59.79650471829732
13781,59.79650471829732
13782,59.79650471829732
13783,61.336462911554925
13784,61.336462911554925
13801,56.390786696778015
13802,61.68325663132193
13803,72.26281876817826
13804,86.86081022173761
13863,129.4953745063268
13864,91.25627435531646
13865,82.12892079926051
13866,85.74974612235033
13867,57.94468073078391
13868,59.54536678906587
13869,59.01807868111031
13870,59.124326142480534
13871,61.541173229487704
13872,61.081145455502266
13873,61.09843248941985
13874,61.52660002957554
13875,61.04576402735771
13876,67.65415547458537
13877,67.07514580102306
13878,74.75527503358526
13879,68.07182416931246
13880,59.081116733760965
13881,59.21266660169331
13882,57.94468073078391
13883,59.54536678906587
13884,59.01807868111031
13885,59.124326142480534
13886,61.541173229487704
13887,61.081145455502266
13888,61.09843248941985
13889,59.081116733760965
13890,59.21266660169331
13940,58.56031202671681
13996,34.5557723346114
13997,69.23980644068851
13998,62.491208589322675
13999,57.78986410596703
14000,64.4471626568079
14001,60.35815456168083
14046,84.4169083574326
14047,84.4169083574326
14048,84.4169083574326
14049,84.4169083574326
14050,81.19685533856975
14051,81.19685533856975
14052,81.19685533856975
14053,81.19685533856975
14060,50.83299693412596
14061,50.83299693412596
14119,58.557585789263534
14120,63.61482523953794
14121,59.54288335032923
14170,57.48543612809897
14178,71.47926344852496
14179,71.47926344852496
14180,71.47926344852496
14181,71.47926344852496
14182,71.47926344852496
14183,71.42723297609813
14184,71.42723297609813
14185,71.42723297609813
14186,71.42723297609813
14187,71.42723297609813
14192,68.85487175692366
14193,68.85487175692366
14194,68.85487175692366
14195,68.85487175692366
14196,68.85487175692366
14197,68.85487175692366
14198,68.85487175692366
14199,68.85487175692366
14200,68.85487175692366
14207,51.5080868924094
14208,52.196760470582255
14209,54.00514868988944
14210,55.210390012102856
14220,47.69604016579925
14221,47.69604016579925
14222,47.69604016579925
14223,47.69604016579925
14224,47.69604016579925
14233,62.75292669172193
14234,62.75292669172193
14253,57.56567737346049
14254,33.39450892117611
14255,33.64422052911788
14256,33.32633413907855
14257,43.03540710418017
14258,53.104238385948115
14301,57.56567737346049
14302,33.39450892117611
14303,33.64422052911788
14304,33.32633413907855
14305,43.03540710418017
14306,53.104238385948115
14310,61.620324403534994
14311,84.43702593871873
14312,105.36093286164167
14351,158.06617441962698
14352,149.1109703826484
14353,149.1109703826484
14354,149.1109703826484
14355,149.1109703826484
14356,149.1109703826484
14357,149.1109703826484
14358,149.1109703826484
14359,149.1109703826484
14360,149.1109703826484
14361,149.1109703826484
14362,149.1109703826484
14363,149.1109703826484
14364,47.31446007901483
14374,62.60053275372996
14375,62.78249177172878
14376,62.78307493395355
14377,62.69459561157602
14405,66.4914080025548
14406,66.90190577573827
14408,53.173227414693706
14409,53.173227414693706
14410,53.173227414693706
14411,53.173227414693706
14412,53.173227414693706
14413,53.173227414693706
14414,53.173227414693706
14415,53.173227414693706
14416,53.173227414693706
14417,53.173227414693706
14418,53.173227414693706
14419,53.173227414693706
14420,53.173227414693706
14421,53.173227414693706
14422,53.173227414693706
14423,65.64419714460134
14434,47.83081492918876
14436,51.21380821176016
14441,49.07267543746905
14442,49.07267543746905
14443,49.07267543746905
14444,49.07267543746905
14445,49.07267543746905
14446,49.07267543746905
14447,49.07267543746905
14448,52.38789213006173
14449,52.38789213006173
14450,52.38789213006173
14451,52.38789213006173
14452,52.38789213006173
14453,52.38789213006173
14454,52.38789213006173
14455,46.694827940281066
14456,50.871477784897166
14500,57.305158851710985
14501,57.305158851710985
14502,57.305158851710985
14503,57.305158851710985
14504,57.7768873367251
14509,75.76684007372151
14512,79.18711099473569
14513,48.41845861662636
14514,48.41845861662636
14515,48.41845861662636
14516,48.41845861662636
14517,48.41845861662636
14525,48.12864861839739
14526,48.20960041819169
14527,49.71684060671014
14548,52.41589173735455
14549,52.41589173735455
14550,52.41589173735455
14551,52.41589173735455
14552,52.41589173735455
14553,52.41589173735455
14554,52.41589173735455
14555,52.41589173735455
14556,52.41589173735455
14557,52.41589173735455
14558,48.346141728329776
14559,48.346141728329776
14560,48.346141728329776
14561,48.346141728329776
14562,48.346141728329776
14563,48.346141728329776
14564,48.346141728329776
14565,48.346141728329776
14566,48.346141728329776
14567,48.346141728329776
14568,52.69523120657124
14569,52.69523120657124
14570,52.69523120657124
14571,52.69523120657124
14572,52.69523120657124
14573,52.69523120657124
14574,52.69523120657124
14575,52.69523120657124
14576,52.69523120657124
14577,52.69523120657124
14578,52.222680544618854
14579,52.222680544618854
14580,52.222680544618854
14581,52.222680544618854
14582,52.222680544618854
14583,52.222680544618854
14584,52.222680544618854
14585,52.222680544618854
14586,52.222680544618854
14587,52.222680544618854
14588,61.54491700103793
14589,61.54491700103793
14590,61.54491700103793
14591,61.54491700103793
14592,61.54491700103793
14593,61.54491700103793
14594,61.54491700103793
14595,61.54491700103793
14596,61.54491700103793
14597,61.54491700103793
14598,56.847913896576095
14599,56.847913896576095
14600,56.847913896576095
14601,56.847913896576095
14602,56.847913896576095
14603,56.847913896576095
14604,56.847913896576095
14605,56.847913896576095
14606,56.847913896576095
14607,56.847913896576095
14608,54.79314037287119
14609,54.79314037287119
14610,54.79314037287119
14611,54.79314037287119
14612,54.79314037287119
14613,54.79314037287119
14614,54.79314037287119
14615,54.79314037287119
14616,54.79314037287119
14617,54.79314037287119
14634,56.16091522757208
14635,62.43293073321247
14636,62.212117315530755
14637,53.631783110420784
14638,54.55731444789514
14639,54.98398735057796
14640,58.98260143878189
14641,53.57797819627563
14642,53.704127936800546
14643,55.11102521047728
14644,58.812974978484036
14645,54.11514744190661
14646,58.32955794398325
14647,67.72649052389902
14648,62.212117315530755
14649,62.212117315530755
14650,62.212117315530755
14651,62.212117315530755
14652,62.212117315530755
14689,52.26614137488806
14690,52.26614137488806
14691,52.26614137488806
14692,52.26614137488806
14693,52.26614137488806
14694,52.26614137488806
14695,52.26614137488806
14696,52.26614137488806
14697,52.26614137488806
14698,52.26614137488806
14699,52.26614137488806
14700,52.26614137488806
14701,52.26614137488806
14712,57.44136199385523
14713,57.44136199385523
14714,57.44136199385523
14715,57.44136199385523
14716,57.44136199385523
14717,57.44136199385523
14718,57.44136199385523
14719,57.44136199385523
14720,57.44136199385523
14721,57.44136199385523
14722,57.44136199385523
14723,57.44136199385523
14724,57.44136199385523
14725,57.44136199385523
14726,57.44136199385523
14727,57.44136199385523
14728,57.44136199385523
14729,57.44136199385523
14730,57.44136199385523
14731,57.44136199385523
14732,51.618000735980715
14733,51.90261218993824
14734,50.02716546041327
14735,51.29571388326521
14736,51.618000735980715
14737,51.90261218993824
14738,50.02716546041327
14739,51.29571388326521
14740,53.58408000233945
14741,53.929575832938575
14742,53.8407639094855
14743,54.19724503496103
14744,53.77911213288183
14745,54.08578440117395
14746,52.01787037694337
14747,52.087408099049256
14748,51.99295714826027
14754,74.55053815888583
14755,73.9654168802751
14756,34.38804831230026
14757,52.706264709613265
14758,33.82971882529563
14759,74.55053815888583
14760,73.9654168802751
14761,34.38804831230026
14762,52.706264709613265
14763,33.82971882529563
14766,57.68915316265639
14789,46.7309702850472
14790,51.35530745991908
14791,56.47339885236854
14792,63.51023218898372
14793,46.7309702850472
14794,51.35530745991908
14795,56.47339885236854
14796,63.51023218898372
14810,78.89594878984236
14811,87.912050115485
14812,62.12646371121001
14813,63.80676304441551
14814,79.07307685620555
14815,61.18675481328823
14816,78.89594878984236
14817,87.912050115485
14818,62.12646371121001
14819,63.80676304441551
14820,79.07307685620555
14821,61.18675481328823
14841,58.274899487155125
14842,59.827656247667655
14843,49.80300611920487
14844,46.04262737709984
14845,56.803468879185246
14846,57.613797138325104
14847,59.64649575653511
14848,59.500428432611564
14849,63.1795487214064
14850,67.65612478764596
14851,69.2642189447511
14852,60.75646291326065
14853,65.8024079846376
14854,56.803468879185246
14855,57.613797138325104
14856,59.64649575653511
14857,59.500428432611564
14858,63.1795487214064
14859,67.65612478764596
14860,69.2642189447511
14861,60.75646291326065
14862,65.8024079846376
14892,63.10714546321401
14893,61.39493604672931
14894,60.31506065804612
14895,63.10714546321401
14896,61.39493604672931
14897,60.31506065804612
14898,46.251346406280895
14899,46.251346406280895
14900,46.251346406280895
14901,46.251346406280895
14902,46.251346406280895
14903,46.251346406280895
14904,43.570542173605745
14905,43.570542173605745
14906,43.570542173605745
14907,43.570542173605745
14908,43.570542173605745
14909,43.570542173605745
14910,53.941279281554365
14911,52.076172861711854
14912,52.40849542491623
14913,53.394006207417874
14914,53.941279281554365
14915,52.076172861711854
14916,52.40849542491623
14917,53.394006207417874
14918,53.941279281554365
14919,52.076172861711854
14920,52.40849542491623
14921,53.394006207417874
14922,53.941279281554365
14923,52.076172861711854
14924,52.40849542491623
14925,53.394006207417874
14926,53.941279281554365
14927,52.076172861711854
14928,52.40849542491623
14929,53.394006207417874
14950,66.93212478857048
14951,68.6214630618424
14952,66.93212478857048
14953,68.6214630618424
14956,51.81664431831655
14957,63.084691719146555
14958,83.44487081636383
14959,108.75022358953844
14960,147.95916807310647
14961,51.81664431831655
14962,63.084691719146555
14963,83.44487081636383
14964,108.75022358953844
14965,147.95916807310647
14967,59.05369975981198
14969,59.29259172690385
14971,60.558861040551406
14973,61.130944856703785
15024,56.0477468869376
15029,56.0477468869376
15030,56.18794147619882
15031,56.18794147619882
15032,56.18794147619882
15033,56.18794147619882
15034,56.18794147619882
15035,56.18794147619882
15036,56.18794147619882
15037,56.18794147619882
15049,56.21884768892148
15050,57.818034239917694
15069,68.2607853602931
15070,69.68866875887544
15071,68.2607853602931
15072,69.68866875887544
15084,54.89233292161044
15087,54.89233292161044
15089,54.28398367883385
15090,66.42296531159178
15092,55.92397005785099
15099,35.35933144752868
15100,53.93679078323934
15102,31.715751832666946
15154,47.982507042861364
15155,47.982507042861364
15156,47.982507042861364
15157,47.982507042861364
15158,47.982507042861364
15159,47.982507042861364
15160,47.982507042861364
15161,47.982507042861364
15162,47.982507042861364
15163,47.982507042861364
15164,50.24961478472074
15165,50.24961478472074
15166,50.24961478472074
15167,50.24961478472074
15168,50.24961478472074
15169,50.24961478472074
15170,50.24961478472074
15171,50.24961478472074
15172,50.24961478472074
15173,50.24961478472074
15174,54.214903516566075
15175,54.214903516566075
15176,54.214903516566075
15177,54.214903516566075
15178,54.214903516566075
15179,54.214903516566075
15180,54.214903516566075
15181,54.214903516566075
15182,54.214903516566075
15183,54.214903516566075
15184,56.419040033531886
15185,58.40351239904876
15186,62.720838401934216
15187,62.720838401934216
15188,62.720838401934216
15189,62.720838401934216
15190,63.472885320051155
15191,63.472885320051155
15192,63.472885320051155
15193,63.472885320051155
15194,62.25107777149623
15195,62.25107777149623
15196,62.25107777149623
15197,62.25107777149623
15198,62.4903393582382
15199,62.4903393582382
15200,62.4903393582382
15201,62.4903393582382
15202,63.51943379558441
15203,63.51943379558441
15204,63.51943379558441
15205,63.51943379558441
15206,64.06037538724225
15207,64.06037538724225
15208,64.06037538724225
15209,64.06037538724225
15216,33.84593125967078
15217,33.84593125967078
15218,33.84593125967078
15223,48.32628354122764
15224,48.32628354122764
15225,48.32628354122764
15230,34.72495494923397
15231,34.72495494923397
15232,34.72495494923397
15237,51.55793329945146
15238,51.55793329945146
15239,51.55793329945146
15245,57.159223184382064
15246,62.34248693308309
15247,58.58396815110591
15248,63.49150633278426
15253,75.87545654809054
15254,75.87545654809054
15255,75.87545654809054
15256,75.87545654809054
15257,75.87545654809054
15258,75.87545654809054
15259,75.87545654809054
15260,75.87545654809054
15261,60.93682565561965
15262,61.720041519696046
15263,65.30672100265534
15264,65.30672100265534
15265,65.30672100265534
15266,65.30672100265534
15267,65.30672100265534
15268,65.43402133665815
15269,65.43402133665815
15270,65.43402133665815
15271,65.43402133665815
15272,65.43402133665815
15292,59.181852122107465
15293,61.30354058431116
15294,63.462414713760914
15345,58.23030808346474
15346,56.82288249601979
15347,56.331394048549505
15348,70.18257218720899
15349,66.7472150587681
15350,70.26641726402954
15351,75.17839394490345
15352,69.4573299364587
15353,119.07658452782124
15354,82.85271424402717
15355,65.8602586083129
15356,60.28803431473793
15357,64.26404281800961
15358,65.4174136531427
15359,70.70956051969803
15360,70.60937218928478
15361,73.25045827450417
15362,73.78994199008936
15363,70.22804336201008
15364,68.69872930172805
15365,67.09288343661413
15366,69.87244847174176
15367,67.1865366699594
15368,118.16166825773966
15369,73.06124031311222
15370,69.27770565355777
15371,66.64755171330289
15372,68.31481929840383
15381,60.554271537930596
15382,61.80376032778641
15383,63.40001507599085
15412,52.163958372281634
15413,56.65040957148772
15414,53.142718200016674
15415,58.479455055526685
15416,64.93728247633656
15417,54.935595032860924
15418,80.87375330080265
15419,80.87375330080265
15424,65.84768423855343
15430,56.98238704487625
15431,56.98238704487625
15432,56.98238704487625
15433,57.81077867566573
15434,57.81077867566573
15435,57.81077867566573
15436,54.989530508005124
15437,54.989530508005124
15438,54.989530508005124
15439,56.753041165175816
15440,56.753041165175816
15441,56.753041165175816
15443,59.68369112457771
15478,57.02496250265717
15479,56.90835292086896
15480,60.694306600789474
15481,60.75536868085176
15490,109.67438090937846
15491,109.67438090937846
15492,117.17750344695231
15493,117.17750344695231
15497,118.95050324592273
15511,79.77840871862563
15512,79.77840871862563
15514,63.630377207095755
15515,63.630377207095755
15517,55.49980140837874
15518,55.49980140837874
15520,46.264741106652345
15521,46.264741106652345
15523,32.36791888714361
15524,32.36791888714361
15526,76.2555547118408
15527,76.2555547118408
15529,58.90675702963643
15530,58.90675702963643
15532,45.35489530809976
15533,45.35489530809976
15553,45.08016145659926
15554,46.737774555285895
15555,33.0362232078149
15556,34.95533672952395
15557,35.01341586556628
15558,46.3118420203812
15559,46.26733379385489
15560,51.993001536079966
15561,51.993001536079966
15562,49.87482479597039
15563,50.49508249342662
15564,50.33302305060774
15565,50.06557274822713
15566,50.17479108084901
15567,50.793137654264655
15568,50.674002557966155
15569,50.47127378930448
15570,54.1261137749059
15571,54.1261137749059
15572,54.1261137749059
15573,54.1261137749059
15574,54.1261137749059
15576,54.65399940842708
15577,54.65399940842708
15578,54.65399940842708
15579,54.65399940842708
15580,54.65399940842708
15584,56.71059053667153
15585,56.71059053667153
15586,56.71059053667153
15589,59.44036464915734
15594,33.1275409641752
15600,86.20066164269528
15601,86.20066164269528
15629,52.06912026029896
15630,33.79289219274439
15631,51.90504851417784
15632,34.88027711251187
15633,110.40194344191642
15639,52.06912026029896
15640,33.79289219274439
15641,51.90504851417784
15642,34.88027711251187
15643,110.40194344191642
15644,52.06912026029896
15645,33.79289219274439
15646,51.90504851417784
15647,34.88027711251187
15648,110.40194344191642
15649,52.06912026029896
15650,33.79289219274439
15651,51.90504851417784
15652,34.88027711251187
15653,110.40194344191642
15654,52.06912026029896
15655,33.79289219274439
15656,51.90504851417784
15657,34.88027711251187
15658,110.40194344191642
15659,52.06912026029896
15660,33.79289219274439
15661,51.90504851417784
15662,34.88027711251187
15663,110.40194344191642
15664,52.06912026029896
15665,33.79289219274439
15666,51.90504851417784
15668,52.06912026029896
15669,33.79289219274439
15670,51.90504851417784
15671,81.0717736619654
15672,34.88027711251187
15673,110.40194344191642
15674,55.62185744392781
15675,53.19178346858326
15676,58.64127164718091
15677,40.83458370866169
15680,40.83458370866169
15681,40.83458370866169
15682,40.83458370866169
15683,40.83458370866169
15684,54.422197515917034
15685,54.422197515917034
15686,54.422197515917034
15687,54.422197515917034
15688,56.92514869009712
15689,56.92514869009712
15690,56.92514869009712
15691,56.92514869009712
15725,61.17713317321981
15726,61.17713317321981
15727,61.17713317321981
15732,33.92015291790785
15733,67.26368789227423
15734,57.05275632357107
15735,52.35166268036557
15736,61.83284761344674
15737,61.83284761344674
15738,61.83284761344674
15739,61.83284761344674
15740,70.20558766466596
15741,70.20558766466596
15742,70.20558766466596
15743,70.20558766466596
15744,73.5838512216993
15745,73.5838512216993
15746,73.5838512216993
15747,73.5838512216993
15751,53.83331250759619
15752,50.736410311522874
15753,57.05275632357107
15754,56.76582334488287
15755,52.777019167720034
15756,52.777019167720034
15757,52.777019167720034
15758,61.80708007445172
15759,61.80708007445172
15760,61.80708007445172
15762,50.251651760004336
15771,50.251651760004336
15772,58.90041218153807
15773,71.17890010326063
15774,60.47357001295719
15775,58.90041218153807
15776,58.90041218153807
15777,58.90041218153807
15778,58.90041218153807
15779,56.87782471644038
15780,58.90041218153807
15781,71.17890010326063
15782,52.777019167720034
15783,60.47357001295719
15785,136.3500762317461
15787,137.73815072702396
15789,136.42074946412933
15790,137.73815072702396
15791,137.73815072702396
15792,137.73815072702396
15793,56.38354671536777
15794,56.38354671536777
15795,56.38354671536777
15796,56.142371404287445
15797,56.142371404287445
15798,56.142371404287445
15799,56.02751432916398
15800,56.02751432916398
15801,56.02751432916398
15810,64.33466788192347
15811,71.45647669724217
15812,81.82603621092574
15813,71.77481786613696
15814,77.28683782387152
15815,71.77481786613696
15816,77.28683782387152
15821,52.560323271157
15822,52.560323271157
15823,52.560323271157
15824,72.73661851163365
15825,72.73661851163365
15826,72.73661851163365
15827,59.55553418100904
15828,59.55553418100904
15829,59.55553418100904
15830,79.61485144002332
15831,79.61485144002332
15832,79.61485144002332
15833,52.777019167720034
15834,56.87782471644038
15835,65.61066847895673
15836,57.42788160493169
15837,56.87782471644038
15838,65.61066847895673
15839,57.42788160493169
15846,63.0374622364134
15847,51.199085118874294
15848,34.19898342944772
15849,47.68803927417896
15850,51.199085118874294
15851,62.52583165741743
15852,62.79703506007114
15853,63.0374622364134
15854,34.19898342944772
15855,34.19898342944772
15856,34.19898342944772
15857,34.19898342944772
15858,34.19898342944772
15859,34.19898342944772
15860,34.19898342944772
15861,47.68803927417896
15862,47.68803927417896
15863,47.68803927417896
15864,47.68803927417896
15865,47.68803927417896
15866,47.68803927417896
15867,47.68803927417896
15868,51.199085118874294
15869,51.199085118874294
15870,51.199085118874294
15871,51.199085118874294
15872,51.199085118874294
15873,51.199085118874294
15874,62.52583165741743
15875,62.52583165741743
15876,62.52583165741743
15877,62.52583165741743
15878,62.52583165741743
15879,62.52583165741743
15880,62.52583165741743
15881,62.79703506007114
15882,62.79703506007114
15883,62.79703506007114
15884,62.79703506007114
15885,62.79703506007114
15886,62.79703506007114
15887,62.79703506007114
15888,63.0374622364134
15889,63.0374622364134
15890,63.0374622364134
15891,63.0374622364134
15892,63.0374622364134
15893,63.0374622364134
15894,52.917855921876374
15895,52.28956192219212
15896,52.90123921515884
15897,52.917855921876374
15898,52.28956192219212
15899,52.90123921515884
15900,52.917855921876374
15901,52.28956192219212
15902,52.90123921515884
15903,54.8835574659916
15904,59.73886161640643
15905,52.43933113027816
15906,57.10819134031456
15907,56.15282564058577
15908,55.52951274895236
15909,56.15282564058577
15910,56.15282564058577
15911,55.52951274895236
15912,55.52951274895236
15913,64.69390755237644
15914,62.32057791691355
15915,63.419418726813646
15916,62.02639518026839
15917,43.27150547497021
15919,31.569049694377068
15921,31.6939047600149
15923,43.27150547497021
15924,31.569049694377068
15925,31.6939047600149
15937,75.31658947679547
15938,75.31658947679547
15939,75.22776114930143
15940,75.22776114930143
15941,61.181294294306674
15942,61.181294294306674
15943,61.181294294306674
15944,61.181294294306674
15945,75.05590680268845
15946,68.68964156284662
15947,74.55633176789154
15948,78.99904812765074
15949,75.05590680268845
15950,68.68964156284662
15951,74.55633176789154
15952,78.99904812765074
15957,57.371971802238626
15958,60.0450980422265
15959,58.667314270122056
15960,59.72611661773231
15961,50.36945447591686
15967,55.81754583056464
15968,54.649006938520856
15969,53.87005427282573
15973,59.49108818032384
15974,51.09049308659106
15975,58.467420785315525
15976,53.7939940996314
15977,53.72905954491506
15978,50.55621081567027
15979,41.547311638815586
15980,59.73460018244459
15981,41.547311638815586
15982,59.73460018244459
15983,41.547311638815586
15984,41.547311638815586
15985,41.547311638815586
15986,41.547311638815586
15987,59.73460018244459
15988,59.73460018244459
15989,59.73460018244459
15990,59.73460018244459
15991,57.159223184382064
15992,56.91052054104355
15993,57.394833402122835
15994,60.75313846139034
15995,60.7353831155985
15996,60.75313846139034
15997,60.7353831155985
15998,64.0444255382032
16000,64.0444255382032
16001,56.50508764453771
16002,56.50508764453771
16003,56.50508764453771
16004,60.94107279622591
16005,52.609628940855046
16006,56.280431395214435
16007,53.75840211345428
16011,56.878352502108314
16012,57.12034542561885
16013,66.29810511879349
16014,66.2559819444383
16015,56.878352502108314
16016,57.12034542561885
16017,66.29810511879349
16018,66.2559819444383
16019,56.878352502108314
16020,57.12034542561885
16021,66.29810511879349
16022,66.2559819444383
16023,57.597688606469596
16024,58.753087657823656
16025,58.44488222160226
16026,57.597688606469596
16027,58.753087657823656
16028,58.44488222160226
16029,58.312258952461434
16030,63.07686320184551
16031,58.4070934679324
16032,63.07686320184551
16033,58.4070934679324
16034,63.07686320184551
16035,58.4070934679324
16040,67.6861787703364
16041,67.04202233092737
16044,56.941865117475565
16045,58.576226789665164
16046,62.20236371465471
16047,65.4542521045285
16048,65.44990516508479
16051,54.370451845134745
16052,53.42170590974826
16053,52.42623764642004
16057,70.80453099042911
16058,67.92063640110482
16059,64.055862498628
16060,62.83008476931307
16061,64.055862498628
16062,62.83008476931307
16063,64.055862498628
16064,62.83008476931307
16065,52.62167574144776
16066,52.43933113027816
16067,52.39572741773033
16068,54.487280229634955
16073,53.19297390878896
16074,53.51200739538746
16075,54.4816999026246
16076,54.10703382511469
16077,61.17713317321981
16078,61.39456288544896
16079,62.165840675200556
16080,65.28664841336811
16081,57.243022658375835
16082,61.33433232629199
16083,61.90282955594036
16084,33.83327770519488
16085,65.51952381779847
16086,57.243022658375835
16087,61.33433232629199
16088,61.90282955594036
16089,33.83327770519488
16090,65.51952381779847
16091,57.243022658375835
16092,61.33433232629199
16093,61.90282955594036
16094,33.83327770519488
16095,65.51952381779847
16096,57.243022658375835
16097,61.33433232629199
16098,61.90282955594036
16099,33.83327770519488
16100,65.51952381779847
16101,57.243022658375835
16102,61.33433232629199
16103,61.90282955594036
16104,33.83327770519488
16105,65.51952381779847
16106,51.978545669504676
16107,51.978545669504676
16108,51.978545669504676
16109,51.978545669504676
16110,51.978545669504676
16111,51.73637076672545
16112,51.73637076672545
16113,51.73637076672545
16114,51.73637076672545
16115,51.73637076672545
16116,54.301169378584326
16117,61.84772964232607
16118,56.31900718180082
16119,64.25619004700212
16123,59.84653322283315
16124,59.781889196986796
16127,59.84653322283315
16128,59.781889196986796
16134,53.29794850902753
16135,53.29794850902753
16136,53.29794850902753
16137,33.48719592285917
16142,51.41077658732299
16143,51.41077658732299
16144,51.41077658732299
16145,51.96238236029922
16146,51.96238236029922
16147,51.96238236029922
16148,33.48719592285917
16149,52.66414397038328
16150,52.66414397038328
16151,52.66414397038328
16152,59.82910678273426
16153,59.82910678273426
16154,59.82910678273426
16155,58.2012783724822
16169,57.787920549790435
16170,57.787920549790435
16171,57.787920549790435
16172,57.787920549790435
16173,58.08483655945528
16174,58.08483655945528
16175,58.08483655945528
16176,58.08483655945528
16177,64.8788533546754
16178,64.8788533546754
16179,64.8788533546754
16180,64.8788533546754
16181,57.630135951871004
16182,57.630135951871004
16183,53.46992872958008
16184,53.46992872958008
16185,33.58851011562741
16186,33.58851011562741
16196,49.856306865979874
16197,49.856306865979874
16199,50.077676314413885
16200,50.077676314413885
16201,49.526760081760244
16202,49.526760081760244
16203,49.526760081760244
16204,49.57768984774994
16205,49.57768984774994
16206,49.57768984774994
16207,55.513037729503694
16208,49.856306865979874
16209,50.077676314413885
16210,55.513037729503694
16211,64.12127983100613
16212,64.12127983100613
16213,64.12127983100613
16214,64.12127983100613
16215,64.12127983100613
16216,64.12127983100613
16217,64.12127983100613
16218,64.12127983100613
16219,64.12127983100613
16220,64.12127983100613
16221,64.12127983100613
16222,64.12127983100613
16223,64.12127983100613
16224,64.12127983100613
16225,64.12127983100613
16226,64.12127983100613
16227,64.12127983100613
16228,64.12127983100613
16229,64.12127983100613
16230,64.12127983100613
16231,64.12127983100613
16232,64.12127983100613
16233,64.12127983100613
16234,64.12127983100613
16235,64.12127983100613
16236,64.12127983100613
16237,64.12127983100613
16238,64.12127983100613
16239,64.12127983100613
16240,64.12127983100613
16241,64.12127983100613
16242,64.12127983100613
16243,64.12127983100613
16244,64.12127983100613
16245,64.12127983100613
16246,64.12127983100613
16247,64.12127983100613
16248,64.12127983100613
16249,64.12127983100613
16250,64.12127983100613
16251,64.12127983100613
16252,64.12127983100613
16253,64.12127983100613
16254,64.12127983100613
16255,64.12127983100613
16256,64.12127983100613
16257,64.12127983100613
16258,64.12127983100613
16259,64.12127983100613
16260,64.12127983100613
16261,64.12127983100613
16262,64.12127983100613
16263,64.12127983100613
16264,64.12127983100613
16265,64.12127983100613
16266,64.12127983100613
16267,64.12127983100613
16268,64.12127983100613
16269,64.12127983100613
16270,64.12127983100613
16271,64.12127983100613
16272,64.12127983100613
16273,64.12127983100613
16274,64.12127983100613
16275,64.12127983100613
16276,64.12127983100613
16277,64.12127983100613
16278,64.12127983100613
16279,64.12127983100613
16280,64.12127983100613
16281,64.12127983100613
16282,64.12127983100613
16283,64.12127983100613
16284,64.12127983100613
16285,64.12127983100613
16286,64.12127983100613
16287,64.12127983100613
16288,64.12127983100613
16289,64.12127983100613
16290,64.12127983100613
16291,64.12127983100613
16292,64.12127983100613
16293,64.12127983100613
16294,64.12127983100613
16295,64.12127983100613
16296,64.12127983100613
16297,64.12127983100613
16298,64.12127983100613
16299,64.12127983100613
16300,64.12127983100613
16301,64.12127983100613
16302,64.12127983100613
16303,64.12127983100613
16304,64.12127983100613
16305,64.12127983100613
16306,64.12127983100613
16307,64.12127983100613
16308,64.12127983100613
16309,64.12127983100613
16310,64.12127983100613
16311,64.12127983100613
16312,64.12127983100613
16313,64.12127983100613
16314,64.12127983100613
16315,64.12127983100613
16316,64.12127983100613
16317,64.12127983100613
16318,64.12127983100613
16319,64.12127983100613
16320,64.12127983100613
16321,64.12127983100613
16322,64.12127983100613
16323,64.12127983100613
16324,64.12127983100613
16325,64.12127983100613
16326,64.12127983100613
16327,64.12127983100613
16328,64.12127983100613
16329,64.12127983100613
16330,64.12127983100613
16331,64.12127983100613
16332,64.12127983100613
16333,64.12127983100613
16334,64.12127983100613
16335,64.12127983100613
16336,64.12127983100613
16337,64.12127983100613
16338,64.12127983100613
16339,64.12127983100613
16340,64.12127983100613
16341,64.12127983100613
16342,64.12127983100613
16343,64.12127983100613
16344,64.12127983100613
16345,64.12127983100613
16346,64.12127983100613
16347,64.12127983100613
16348,64.12127983100613
16349,64.12127983100613
16350,64.12127983100613
16351,64.12127983100613
16352,64.12127983100613
16353,64.12127983100613
16354,64.12127983100613
16355,64.12127983100613
16356,64.12127983100613
16357,64.12127983100613
16358,64.12127983100613
16359,64.12127983100613
16360,64.12127983100613
16361,64.12127983100613
16362,64.12127983100613
16363,64.12127983100613
16364,64.12127983100613
16365,64.12127983100613
16366,64.12127983100613
16367,64.12127983100613
16368,64.12127983100613
16369,64.12127983100613
16370,64.12127983100613
16371,64.12127983100613
16372,64.12127983100613
16373,64.12127983100613
16374,64.12127983100613
16375,64.12127983100613
16376,64.12127983100613
16377,64.12127983100613
16378,64.12127983100613
16379,64.12127983100613
16380,64.12127983100613
16381,64.12127983100613
16382,64.12127983100613
16383,64.12127983100613
16384,64.12127983100613
16385,64.12127983100613
16386,64.12127983100613
16387,64.12127983100613
16388,64.12127983100613
16389,64.12127983100613
16390,64.12127983100613
16391,64.12127983100613
16392,64.12127983100613
16393,64.12127983100613
16394,64.12127983100613
16395,64.12127983100613
16396,64.12127983100613
16397,64.12127983100613
16398,64.12127983100613
16399,64.12127983100613
16400,64.12127983100613
16401,64.12127983100613
16402,64.12127983100613
16403,64.12127983100613
16404,64.12127983100613
16405,64.12127983100613
16406,64.12127983100613
16407,64.12127983100613
16408,64.12127983100613
16409,64.12127983100613
16410,64.12127983100613
16411,64.12127983100613
16412,64.12127983100613
16413,64.12127983100613
16414,64.12127983100613
16415,64.12127983100613
16416,64.12127983100613
16417,64.12127983100613
16418,64.12127983100613
16419,64.12127983100613
16420,64.12127983100613
16421,64.12127983100613
16422,64.12127983100613
16423,64.12127983100613
16424,64.12127983100613
16425,64.12127983100613
16426,64.12127983100613
16427,64.12127983100613
16428,64.12127983100613
16429,64.12127983100613
16430,64.12127983100613
16431,64.12127983100613
16432,64.12127983100613
16433,64.12127983100613
16434,64.12127983100613
16435,64.12127983100613
16436,64.12127983100613
16437,64.12127983100613
16438,64.12127983100613
16439,64.12127983100613
16440,64.12127983100613
16441,64.12127983100613
16442,64.12127983100613
16443,64.12127983100613
16444,64.12127983100613
16445,64.12127983100613
16446,64.12127983100613
16447,64.12127983100613
16448,64.12127983100613
16449,64.12127983100613
16450,64.12127983100613
16451,64.12127983100613
16452,64.12127983100613
16453,64.12127983100613
16454,64.12127983100613
16455,64.12127983100613
16456,64.12127983100613
16457,64.12127983100613
16458,64.12127983100613
16459,64.12127983100613
16460,64.12127983100613
16461,64.12127983100613
16462,64.12127983100613
16463,64.12127983100613
16464,64.12127983100613
16465,64.12127983100613
16466,64.12127983100613
16467,64.12127983100613
16468,64.12127983100613
16469,64.12127983100613
16470,64.12127983100613
16471,64.12127983100613
16472,64.12127983100613
16473,64.12127983100613
16474,64.12127983100613
16475,64.12127983100613
16476,64.12127983100613
16477,64.12127983100613
16478,64.12127983100613
16479,64.12127983100613
16480,64.12127983100613
16481,64.12127983100613
16482,64.12127983100613
16483,64.12127983100613
16484,64.12127983100613
16485,64.12127983100613
16486,64.12127983100613
16487,64.12127983100613
16488,64.12127983100613
16489,64.12127983100613
16490,64.12127983100613
16491,64.12127983100613
16492,64.12127983100613
16493,64.12127983100613
16494,64.12127983100613
16495,64.12127983100613
16496,64.12127983100613
16497,64.12127983100613
16498,64.12127983100613
16499,64.12127983100613
16500,64.12127983100613
16501,64.12127983100613
16502,64.12127983100613
16503,64.12127983100613
16504,64.12127983100613
16505,64.12127983100613
16506,64.12127983100613
16507,64.12127983100613
16508,64.12127983100613
16509,64.12127983100613
16510,64.12127983100613
16511,64.12127983100613
16512,64.12127983100613
16513,64.12127983100613
16514,64.12127983100613
16515,64.12127983100613
16516,64.12127983100613
16517,64.12127983100613
16518,64.12127983100613
16519,64.12127983100613
16520,64.12127983100613
16521,64.12127983100613
16522,64.12127983100613
16523,64.12127983100613
16524,64.12127983100613
16525,64.12127983100613
16526,64.12127983100613
16527,64.12127983100613
16528,64.12127983100613
16529,64.12127983100613
16530,64.12127983100613
16531,64.12127983100613
16532,64.12127983100613
16533,64.12127983100613
16534,64.12127983100613
16535,64.12127983100613
16536,64.12127983100613
16537,64.12127983100613
16538,64.12127983100613
16539,64.12127983100613
16540,64.12127983100613
16541,64.12127983100613
16542,64.12127983100613
16543,64.12127983100613
16544,64.12127983100613
16545,64.12127983100613
16547,69.55070711598866
16568,64.83113965909803
16569,68.52182128135281
16570,72.35746642668643
16571,74.80947115767353
16572,72.48125663254582
16573,76.06678646814818
16574,78.55987968944923
16601,50.265654670938474
16615,50.80149928384672
16616,54.5964998189415
16617,56.55072611727952
16618,56.00336777725685
16620,52.69223691711386
16621,75.08661178239171
16622,86.13125307358484
16623,82.154009275716
16625,94.77327725822931
16644,80.54405329844575
16645,56.986253830731464
16646,60.73369552404654
16647,67.49404366552865
16648,74.77649118452877
16652,67.25445805364932
16661,55.32857827861111
16662,55.32857827861111
16663,55.32857827861111
16664,55.32857827861111
16665,55.32857827861111
16666,55.32857827861111
16667,55.32857827861111
16668,55.32857827861111
16669,55.32857827861111
16670,57.521351050936865
16671,57.521351050936865
16672,57.521351050936865
16673,57.521351050936865
16674,57.521351050936865
16675,57.521351050936865
16676,57.521351050936865
16677,57.521351050936865
16678,57.521351050936865
16700,58.62349204998518
16701,58.62349204998518
16702,58.62349204998518
16703,58.62349204998518
16704,58.62349204998518
16705,58.62349204998518
16706,58.62349204998518
16707,58.62349204998518
16708,64.83420272943434
16709,64.83420272943434
16710,64.83420272943434
16711,64.83420272943434
16712,64.83420272943434
16713,64.83420272943434
16714,64.83420272943434
16715,64.83420272943434
16716,64.83420272943434
16717,64.83420272943434
16718,64.83420272943434
16719,64.83420272943434
16720,64.83420272943434
16721,64.83420272943434
16722,64.83420272943434
16723,63.33602811729155
16724,63.33602811729155
16725,63.33602811729155
16726,63.33602811729155
16727,63.33602811729155
16728,63.33602811729155
16729,63.33602811729155
16730,63.33602811729155
16731,63.33602811729155
16732,63.33602811729155
16733,63.33602811729155
16734,63.33602811729155
16735,63.33602811729155
16736,63.33602811729155
16737,63.33602811729155
16738,66.48487245642046
16739,66.48487245642046
16740,66.48487245642046
16741,66.48487245642046
16742,66.48487245642046
16743,66.48487245642046
16744,66.48487245642046
16745,66.48487245642046
16746,66.48487245642046
16747,66.48487245642046
16748,66.48487245642046
16749,66.48487245642046
16750,66.48487245642046
16751,66.48487245642046
16752,66.48487245642046
16753,64.19764124351933
16754,64.19764124351933
16755,64.19764124351933
16756,64.19764124351933
16757,64.19764124351933
16758,64.19764124351933
16759,64.19764124351933
16760,64.19764124351933
16761,64.19764124351933
16762,64.19764124351933
16763,64.19764124351933
16764,64.19764124351933
16765,64.19764124351933
16766,64.19764124351933
16767,64.19764124351933
16768,64.39827495324816
16769,64.39827495324816
16770,64.39827495324816
16771,64.39827495324816
16772,64.39827495324816
16773,64.39827495324816
16774,64.39827495324816
16775,64.39827495324816
16776,64.39827495324816
16777,64.39827495324816
16778,68.75768737006818
16779,68.75768737006818
16780,68.75768737006818
16781,68.75768737006818
16782,73.30152230078917
16783,73.30152230078917
16784,73.30152230078917
16785,73.30152230078917
16786,73.06936660788755
16787,73.06936660788755
16788,73.06936660788755
16789,73.06936660788755
16801,61.80134194818748
16802,61.85228537326581
16803,61.78352823754611
16811,55.30921737796947
16812,59.99556754993683
16813,55.30921737796947
16814,59.99556754993683
16853,58.73316281811733
16854,58.73316281811733
16855,58.73316281811733
16856,58.73316281811733
16857,58.73316281811733
16858,58.73316281811733
16859,58.73316281811733
16860,58.73316281811733
16861,58.73316281811733
16862,58.73316281811733
16863,58.73316281811733
16864,58.73316281811733
16865,122.73178780171513
16866,93.69729372091943
16867,78.81745242767721
16868,71.27455141715367
16869,68.09900569634473
16870,66.57232457417378
16871,66.30604338252228
16872,66.36755734727478
16873,206.980736857348
16874,222.1191678980672
16875,208.29442293623595
16876,40.99673150047122
16878,40.99673150047122
16879,40.99673150047122
16893,31.88257436616797
16906,37.263704546408576
16908,37.263704546408576
16972,222.33536823235363
16973,222.33536823235363
16974,71.64859234888095
16975,60.78646254123314
16976,63.69766978442843
16977,63.114225614218746
16978,71.0659479570918
16979,65.50874389430588
16980,65.14007517880694
16981,65.87348757927812
16982,65.30281465516501
16983,66.91198844197633
16984,60.78646254123314
16985,63.69766978442843
16986,63.114225614218746
16987,71.0659479570918
16988,65.50874389430588
16989,65.14007517880694
16990,65.87348757927812
16991,65.30281465516501
16992,66.91198844197633
16993,101.88329702999113
16994,61.02502976999141
16995,115.8336778121195
16996,63.10795241628588
16997,97.326952000248
16998,75.82963994500116
16999,102.4086855711881
17000,106.11282672615403
17001,86.65066457970723
17002,72.56541402252094
17003,64.6027664899741
17004,86.90907229082626
17005,66.72348123311515
17006,70.25554248700827
17007,113.27833466864003
17008,70.45355189824164
17009,93.47910142396861
17010,97.75912697377247
17011,74.3259913308816
17012,71.90992095027131
17013,87.52411720500484
17014,74.42133311094672
17015,81.07019349803275
17016,83.03368856862058
17017,67.32013828477331
17018,102.60170703611362
17019,68.55042367455793
17022,63.91356522360265
17023,61.64168329977621
17030,62.755410580996255
17031,61.244858050957475
17032,61.29690070847954
17033,61.36082949754258
17034,61.34086264633753
17035,62.681142482231635
17044,55.380596297741604
17045,59.18515824707047
17046,55.59393436595946
17047,61.017633428090875
17048,63.20138323212877
17049,56.32826628709286
17050,59.8684973862074
17051,58.53753362795329
17052,56.32826628709286
17053,56.32826628709286
17054,56.32826628709286
17055,56.32826628709286
17056,56.32826628709286
17057,59.8684973862074
17058,59.8684973862074
17059,59.8684973862074
17060,59.8684973862074
17061,59.8684973862074
17070,54.99073132292016
17085,57.75156861089341
17091,54.41032840670463
17092,68.01508079126013
17093,54.41032840670463
17096,50.11944728715423
17098,50.12591752076888
17099,53.773838359919345
17100,50.11944728715423
17101,50.54609330549535
17106,54.0450807711392
17107,54.0450807711392
17108,54.0450807711392
17131,51.77491468623465
17132,51.76898955111834
17141,64.11365850220062
17142,65.69003804979171
17143,69.36535150876104
17144,63.39510920730294
17145,66.08858419531833
17157,68.54392413643652
17158,38.02810716773216
17159,63.69254568602013
17160,34.05050496682104
17161,42.070383903076184
17162,72.10826690118454
17163,68.86299902460529
17164,51.59404644448218
17165,50.36952971352347
17166,66.10563961106443
17167,66.18645878618737
17168,50.846374593839585
17169,50.846374593839585
17170,50.846374593839585
17171,50.846374593839585
17172,50.846374593839585
17173,50.846374593839585
17174,50.846374593839585
17175,50.846374593839585
17176,50.846374593839585
17177,50.846374593839585
17178,50.846374593839585
17179,50.846374593839585
17180,48.0355873804425
17181,48.0355873804425
17182,48.0355873804425
17183,48.0355873804425
17184,48.0355873804425
17185,48.0355873804425
17186,48.0355873804425
17187,48.0355873804425
17188,48.0355873804425
17189,48.0355873804425
17190,48.0355873804425
17191,48.0355873804425
17192,36.95992502959159
17193,36.95992502959159
17194,36.95992502959159
17195,36.95992502959159
17196,36.95992502959159
17197,36.95992502959159
17198,36.95992502959159
17199,36.95992502959159
17200,36.95992502959159
17201,36.95992502959159
17202,36.95992502959159
17203,36.95992502959159
17204,33.34931411708084
17205,33.34931411708084
17206,33.34931411708084
17207,33.34931411708084
17208,33.34931411708084
17209,33.34931411708084
17210,33.34931411708084
17211,33.34931411708084
17212,33.34931411708084
17213,33.34931411708084
17214,33.34931411708084
17215,33.34931411708084
17216,51.93431586687584
17217,51.93431586687584
17218,51.93431586687584
17219,51.93431586687584
17220,51.93431586687584
17221,51.93431586687584
17222,51.93431586687584
17223,51.93431586687584
17224,51.93431586687584
17225,51.93431586687584
17226,51.93431586687584
17227,51.93431586687584
17228,51.27187241599981
17229,51.27187241599981
17230,51.27187241599981
17231,51.27187241599981
17232,51.27187241599981
17233,51.27187241599981
17234,51.27187241599981
17235,51.27187241599981
17236,51.27187241599981
17237,51.27187241599981
17238,51.27187241599981
17239,51.27187241599981
17240,57.868758329259684
17241,57.868758329259684
17242,57.868758329259684
17243,57.868758329259684
17244,57.868758329259684
17245,57.868758329259684
17246,57.868758329259684
17247,57.868758329259684
17248,57.868758329259684
17249,57.868758329259684
17250,57.868758329259684
17251,57.868758329259684
17259,60.56328998487745
17274,68.23083765667924
17275,65.31380600481617
17276,64.7189484181605
17277,63.06742100312786
17278,33.8970351374896
17279,34.12241204545744
17280,63.6136334335853
17288,62.56306559529682
17289,67.20350406720074
17290,68.47899842564262
17291,62.56306559529682
17292,67.20350406720074
17293,68.47899842564262
17294,62.56306559529682
17295,67.20350406720074
17296,68.47899842564262
17297,106.90851809643151
17298,63.87068272389574
17299,110.33278749240347
17300,99.27959314300098
17301,106.90851809643151
17302,63.87068272389574
17303,110.33278749240347
17304,99.27959314300098
17305,95.89339914055549
17306,94.34715043042131
17307,94.34715043042131
17318,66.22921438552042
17319,68.41161456508625
17320,76.22097517790593
17331,48.63555605969984
17332,34.52145497981099
17333,64.36305137019703
17334,33.82239441060783
17335,64.38465018684609
17336,38.535147379105766
17365,49.129206764581774
17366,49.27882936080432
17367,53.32527678676643
17368,54.3714588273992
17369,57.31122617187462
17370,56.140386610244505
17371,51.78096972750285
17372,44.88105876439287
17373,32.92671771379713
17374,41.527432803642526
17375,45.57802356410299
17376,48.343137879678004
17377,49.3713286729533
17378,56.193416345746364
17379,53.31711239904055
17380,53.804208140379075
17381,58.772462917065056
17382,62.8897200363013
17383,66.1161099299087
17384,66.70655009000286
17385,64.83872720790114
17406,74.75339434639925
17407,222.33768993012012
17411,78.84779883515023
17412,78.84779883515023
17413,87.17900246725974
17414,86.46948064441953
17415,94.07564606875626
17416,97.09715882294554
17417,83.87626986968267
17418,93.98552783699581
17419,81.39166538471399
17424,83.18257453156407
17425,67.82798819558971
17426,67.82798819558971
17427,83.09295473594999
17464,53.757737642260444
17465,53.757737642260444
17466,51.946771728957074
17467,51.946771728957074
17474,60.05383999446905
17544,56.457613997150844
17545,56.457613997150844
17546,56.457613997150844
17605,50.58233308999312
17606,64.98067667206718
17607,46.25890887945322
17608,60.573910837648405
17609,74.79319663978843
17644,44.61962721055784
17645,44.61962721055784
17646,44.61962721055784
17647,44.61962721055784
17648,44.61962721055784
17674,57.62928246656439
17675,59.22808308676167
17695,77.83359517719299
17696,77.83359517719299
17698,52.65208998029023
17699,52.65208998029023
17700,52.65208998029023
17702,57.28029183112104
17703,57.28029183112104
17704,57.28029183112104
17706,33.82168668081207
17707,33.82168668081207
17709,64.32802493029398
17710,64.32802493029398
17711,64.32802493029398
17870,75.72947977133352
17871,84.43665903275539
17898,33.75543537984138
17899,62.03474302942128
17900,60.48739183196125
17901,64.40882249700132
17902,33.75543537984138
17903,62.03474302942128
17904,60.48739183196125
17905,64.40882249700132
17906,33.75543537984138
17907,62.03474302942128
17908,60.48739183196125
17909,64.40882249700132
17910,33.75543537984138
17911,62.03474302942128
17912,60.48739183196125
17913,64.40882249700132
17914,33.75543537984138
17915,62.03474302942128
17916,60.48739183196125
17917,64.40882249700132
17918,60.305753977210365
17919,61.085582371941484
17920,57.93913653792056
17921,58.798410737826416
17922,64.30858370616389
17923,63.90146669156078
17998,49.29612003950232
17999,49.64727546410048
18000,50.50052417478027
18001,50.43371363428441
18002,49.73410920053044
18003,49.923441626377404
18004,49.8821790224463
18005,51.38830933053186
18006,51.176499719276336
18007,51.57431091274657
18008,49.29612003950232
18009,49.64727546410048
18010,50.50052417478027
18011,50.43371363428441
18012,49.73410920053044
18013,49.923441626377404
18014,49.8821790224463
18015,51.38830933053186
18016,51.176499719276336
18017,51.57431091274657
18018,49.29612003950232
18019,49.64727546410048
18020,50.50052417478027
18021,50.43371363428441
18022,49.73410920053044
18023,49.923441626377404
18024,49.8821790224463
18025,51.38830933053186
18026,51.176499719276336
18027,51.57431091274657
18028,49.29612003950232
18029,49.64727546410048
18030,50.50052417478027
18031,50.43371363428441
18032,49.73410920053044
18033,49.923441626377404
18034,49.8821790224463
18035,51.38830933053186
18036,51.176499719276336
18037,51.57431091274657
18050,30.08815644863112
18051,30.08815644863112
18052,38.554801771108274
18083,48.93623475954411
18084,48.93623475954411
18086,48.93623475954411
18087,48.93623475954411
18088,48.93623475954411
18094,30.08815644863112
18095,30.08815644863112
18097,30.08815644863112
18193,48.597871075666596
18194,48.597871075666596
18195,48.597871075666596
18196,48.597871075666596
18197,48.597871075666596
18198,48.597871075666596
18199,50.139213282601055
18200,50.139213282601055
18202,50.139213282601055
18203,50.139213282601055
18204,50.139213282601055
18205,52.674811596492866
18206,52.674811596492866
18208,52.674811596492866
18209,52.674811596492866
18210,52.674811596492866
18211,54.8110680660427
18212,54.8110680660427
18214,54.8110680660427
18215,54.8110680660427
18216,54.8110680660427
18217,53.6602146066772
18218,53.6602146066772
18220,53.6602146066772
18221,53.6602146066772
18222,53.6602146066772
18223,52.88455395423021
18224,52.88455395423021
18226,52.88455395423021
18227,52.88455395423021
18228,52.88455395423021
18229,58.38364807874047
18230,58.38364807874047
18232,58.38364807874047
18233,58.38364807874047
18234,58.38364807874047
18235,60.172851648515554
18236,60.172851648515554
18238,60.172851648515554
18239,60.172851648515554
18240,60.172851648515554
18241,61.31404689685412
18242,61.31404689685412
18244,61.31404689685412
18245,61.31404689685412
18246,61.31404689685412
18247,65.72380547297224
18248,65.72380547297224
18250,65.72380547297224
18251,65.72380547297224
18252,65.72380547297224
18253,62.26136991508994
18254,62.26136991508994
18256,62.26136991508994
18257,62.26136991508994
18258,62.26136991508994
18259,63.31148562316836
18260,63.31148562316836
18262,63.31148562316836
18263,63.31148562316836
18264,63.31148562316836
18265,48.597871075666596
18266,50.139213282601055
18267,52.674811596492866
18268,54.8110680660427
18269,53.6602146066772
18270,52.88455395423021
18271,58.38364807874047
18272,60.172851648515554
18273,61.31404689685412
18274,65.72380547297224
18275,62.26136991508994
18276,63.31148562316836
18300,51.51235966604132
18301,71.66941718475942
18302,71.13239208973039
18303,66.25159513866717
18304,75.43088612534949
18305,74.95116320992159
18306,77.45832489906189
18307,77.02140102281761
18308,81.40825427670384
18309,81.14020258595515
18310,85.40572959187858
18311,85.36508260985154
18312,89.6178667781609
18313,89.32384064152984
18314,129.7428522954327
18315,129.4400675964061
18316,94.95499588767261
18317,75.43088612534949
18318,74.95116320992159
18319,77.45832489906189
18320,77.02140102281761
18321,81.40825427670384
18322,81.14020258595515
18323,85.40572959187858
18324,85.36508260985154
18325,89.6178667781609
18326,89.32384064152984
18327,129.7428522954327
18328,129.4400675964061
18329,94.95499588767261
18363,52.76756256176562
18364,52.76756256176562
18365,52.76756256176562
18366,54.432440057523756
18367,54.432440057523756
18368,54.432440057523756
18369,52.76756256176562
18370,54.432440057523756
18372,50.21199326151797
18382,50.21199326151797
18392,50.21199326151797
18402,50.21199326151797
18411,50.21199326151797
18414,48.962515731799925
18415,33.19906286609216
18416,52.6198380340467
18417,32.917712683150754
18418,46.203144279877385
18419,29.761660949596802
18420,56.82865115956052
18421,55.477401929389515
18422,55.74523566526947
18425,57.890872221257275
18432,64.1172706043749
18433,34.08318010158676
18434,55.57304138777554
18435,57.64386606442202
18436,65.54198185399903
18437,66.50115746021537
18438,64.54882962694417
18439,77.67520149581607
18440,64.1172706043749
18441,34.08318010158676
18442,57.890872221257275
18443,55.57304138777554
18444,57.64386606442202
18445,65.54198185399903
18446,77.67520149581607
18447,64.1172706043749
18448,34.08318010158676
18449,57.890872221257275
18450,66.50115746021537
18451,64.54882962694417
18452,64.1172706043749
18453,34.08318010158676
18454,57.890872221257275
18455,55.57304138777554
18456,57.64386606442202
18457,65.54198185399903
18458,66.50115746021537
18459,64.54882962694417
18460,77.67520149581607
18461,64.1172706043749
18462,34.08318010158676
18463,57.890872221257275
18464,55.57304138777554
18465,57.64386606442202
18466,65.54198185399903
18467,66.50115746021537
18468,64.54882962694417
18469,77.67520149581607
18470,64.1172706043749
18471,34.08318010158676
18472,64.1172706043749
18473,34.08318010158676
18474,57.890872221257275
18490,52.69803680740557
18491,33.73353434754257
18492,43.21249793989711
18493,55.908593108943435
18518,64.99467082461179
18528,65.32851392881577
18548,34.2805020528606
18549,66.92540319956035
18550,40.31106293250095
18551,66.8882403140956
18552,33.1885149807689
18553,66.98110025362595
18554,52.08304868871083
18555,51.51491501778314
18564,34.2805020528606
18565,66.92540319956035
18566,40.31106293250095
18567,66.8882403140956
18568,33.1885149807689
18569,66.98110025362595
18570,52.08304868871083
18571,51.51491501778314
18611,50.44697802662255
18612,64.98396075859056
18614,75.11774230985264
18615,89.79293172428656
18616,34.55660618057369
18619,66.76295264219357
18621,68.24635296154395
18622,58.46415465983455
18624,60.54368593261665
18628,58.45193993266497
18630,60.79179439520039
18649,52.537657396150465
18650,33.76672829619159
18651,47.75042655957568
18652,47.75042655957568
18654,47.75042655957568
18655,47.75042655957568
18660,33.61034672290147
18661,33.61034672290147
18668,51.093801619486335
18697,72.8322326643305
18699,134.91795217043727
18700,134.91795217043727
18701,134.91795217043727
18702,141.90109003305795
18703,141.90109003305795
18704,141.90109003305795
18705,135.6646446660913
18706,135.6646446660913
18707,135.6646446660913
18708,72.8322326643305
18709,72.8322326643305
18710,72.8322326643305
18711,72.37587131384197
18712,78.52268086356608
18713,72.84330284991252
18714,77.72306985680541
18715,80.97189932865051
18716,72.84330284991252
18717,72.84330284991252
18718,72.84330284991252
18719,72.84330284991252
18721,72.84330284991252
18723,72.37587131384197
18724,72.37587131384197
18725,77.72306985680541
18726,77.72306985680541
18727,80.97189932865051
18728,80.97189932865051
18747,49.29111629895161
18748,49.29111629895161
18749,49.29111629895161
18750,49.29111629895161
18751,49.29111629895161
18752,49.29111629895161
18777,57.67936760137059
18778,57.67936760137059
18779,57.67936760137059
18780,57.67936760137059
18782,57.67936760137059
18783,56.8340854802707
18784,56.8340854802707
18785,56.8340854802707
18786,56.8340854802707
18788,56.8340854802707
18789,59.89292125512368
18790,59.89292125512368
18791,59.89292125512368
18792,59.89292125512368
18794,59.89292125512368
18795,51.307793997209664
18796,51.307793997209664
18797,51.307793997209664
18798,51.307793997209664
18800,51.307793997209664
18801,69.14849949287144
18802,69.14849949287144
18803,69.14849949287144
18804,69.14849949287144
18806,69.14849949287144
18807,57.67936760137059
18808,56.8340854802707
18809,59.89292125512368
18810,51.307793997209664
18811,69.14849949287144
18986,64.90664036081156
18987,66.1736759919438
18988,72.68471365770746
18989,63.1210910074623
19053,46.356939896819384
19055,56.50377159397509
19057,44.76154546067811
19059,33.25809384320898
19069,50.573883141251116
19072,57.55723932368192
19073,57.55723932368192
19079,51.72417562274349
19084,101.56266566176109
19085,101.53321997095198
19086,110.9336334737546
19087,101.55727363717035
19088,101.51052127358983
19108,55.23114590296569
19109,58.49079221492957
19110,59.49421172717546
19112,33.74675284540439
19114,44.67502474280016
19116,45.72156393836079
19120,44.67502474280016
19122,45.72156393836079
19125,58.29257902088853
19126,54.60415885734964
19129,57.08782992109198
19130,60.04674845944484
19132,58.57122257024531
19138,58.29257902088853
19144,60.62546557020428
19145,58.57122257024531
19146,61.17524206304957
19147,61.514819455169864
19148,62.07248849253786
19149,62.47005857380102
19158,72.71402957080093
19159,66.15244483475252
19160,76.53011690034742
19161,69.6235186290055
19162,63.76903139435977
19163,63.19913540016682
19164,64.05907792940783
19165,65.38410529782418
19166,67.55896721403897
19167,76.52458293209857
19168,70.79959180027602
19169,81.25066739788409
19172,55.96455540603237
19173,55.814322071110794
19174,55.86614255151295
19177,70.01527854052556
19179,75.19581153307708
19181,57.898058387888504
19183,58.955995371785846
19184,69.95649631540488
19185,62.52582769401007
19186,57.44715863360118
19187,56.2211508256473
19188,56.12943425903797
19189,64.765011295407
19190,64.60345384465788
19191,63.698533163514355
19192,58.15787305065267
19193,65.39213868041976
19194,56.38947849768652
19195,56.63965526000119
19196,58.11019802723685
19197,59.32622447102732
19198,69.85500080107629
19199,75.11678404712464
19219,49.151572090307546
19220,41.23386683632018
19221,48.831354411672066
19222,33.405486350152835
19223,47.37390966675026
19224,33.143474587403375
19225,48.532658929077215
19226,49.266350280900205
19243,97.92378724680637
19287,85.14564262238201
19288,85.14566922154519
19289,85.0287600276853
19296,74.68015281832125
19297,74.6856792425262
19298,74.69082933658342
19299,94.07665400355158
19300,93.93034719543762
19301,93.93382534203039
19302,89.03135480097099
19303,88.86976073296438
19304,88.78982255379057
19305,69.25723569091947
19306,69.36439887922505
19307,69.84471185553923
19308,42.45972645833011
19309,34.40043347588766
19310,34.741048955790696
19311,92.76729456241053
19312,92.86228699289082
19313,92.76256417347732
19314,74.68015281832125
19315,74.6856792425262
19316,74.69082933658342
19317,94.07665400355158
19318,93.93034719543762
19319,93.93382534203039
19320,89.03135480097099
19321,88.86976073296438
19322,88.78982255379057
19325,68.72754948854953
19328,92.22214196395691
19388,69.35275266870354
19389,67.67441124391415
19390,69.37556951134431
19391,68.85822038091442
19392,69.38295420109885
19393,72.80573187671853
19394,100.89522796017708
19395,101.59887081116143
19396,69.40564678008165
19397,98.91579911908626
19412,58.909533407582195
19413,64.9723191894486
19414,55.223064790371446
19415,59.43413288288841
19416,50.84730238097162
19417,54.7747337575344
19418,60.07619077425133
19419,56.05666025176603
19420,56.91601633768512
19421,71.57605685026223
19422,74.06366981164814
19423,69.99409981408839
19424,67.83524248057381
19425,59.78497447061512
19426,57.900483189815596
19427,56.77478453578736
19428,61.77897562829892
19438,55.1009627700666
19444,97.21063171424149
19466,64.64755825255381
19467,69.0015489974939
19468,66.01172915671755
19469,75.6027965048241
19470,95.23532562164908
19471,34.51284785833976
19472,66.82970114729032
19473,78.15178489925977
19474,58.42017529191132
19475,59.22488445037275
19476,56.925999790031746
19477,58.050160973570804
19478,58.02177666495376
19479,59.30908499679617
19480,59.96390240109509
19481,61.274601228708214
19482,56.9691584614803
19483,59.300699907202386
19484,57.17763107627894
19485,58.25374982006081
19486,59.4106251761787
19487,59.9890259082061
19492,57.19481239104716
19494,59.300699907202386
19510,96.2784594719021
19517,61.122677906781995
19518,66.61114851056817
19519,57.35174760739869
19520,59.44872810536632
19521,63.74887085404832
19522,55.97691498767127
19523,61.122677906781995
19524,66.61114851056817
19525,57.35174760739869
19526,59.44872810536632
19527,63.74887085404832
19528,55.97691498767127
19529,61.122677906781995
19530,66.61114851056817
19531,57.35174760739869
19532,59.44872810536632
19533,63.74887085404832
19534,55.97691498767127
19535,63.23261887577854
19536,68.63090386168936
19537,65.94022997663434
19538,67.24951496768492
19539,68.2767678620932
19540,67.82425047812482
19541,71.85879204683147
19542,64.61425215179808
19543,63.97551684750023
19544,66.73793070810926
19545,61.05364130245168
19546,65.69918270314146
19547,58.53032933673959
19549,59.33269252278378
19550,59.33269252278378
19551,59.33269252278378
19552,59.33269252278378
19553,59.33269252278378
19555,59.33381494242798
19556,59.33381494242798
19557,59.33381494242798
19558,59.33381494242798
19559,59.33381494242798
19560,65.3892853650276
19561,65.35031461134574
19562,90.38384390338271
19563,90.38434647546548
19570,124.6045270538302
19577,124.6045270538302
19596,65.83744311314531
19603,66.63269438514455
19604,66.63269438514455
19606,66.63269438514455
19607,66.63269438514455
19608,66.59910285941592
19609,66.59910285941592
19611,66.59910285941592
19612,66.59910285941592
19613,53.6368385252659
19614,53.6368385252659
19616,53.6368385252659
19617,53.6368385252659
19618,57.76909064242568
19619,57.76909064242568
19621,57.76909064242568
19622,57.76909064242568
19623,64.36716893480576
19624,64.36716893480576
19626,64.36716893480576
19627,64.36716893480576
19633,63.777741465785724
19634,74.66256820978845
19638,66.36228953793552
19639,72.82307893149888
19640,85.99739807656962
19641,59.265279016161585
19656,44.67502474280016
19657,45.72156393836079
19676,32.63348823488789
19680,32.69162822467343
19684,47.24116471766869
19696,136.4770951270222
19697,137.52502471469177
19698,156.2838291518304
19699,34.92337188318842
19700,105.60585401554607
19701,137.05798871235842
19702,156.2838291518304
19703,156.2838291518304
19704,156.2838291518304
19710,62.611154887939044
19721,51.41009570624893
19729,43.02812279746205
19730,33.0328360416417
19738,43.02812279746205
19739,33.0328360416417
19801,47.09727454739666
19802,52.11346063223288
19803,51.660998214639285
19804,51.221808723586875
19805,54.52118152988186
19806,50.620677642966335
19807,51.163570348301896
19808,51.94347814450845
19809,54.82189279882149
19810,54.62471912783153
19811,55.421316065627394
19812,48.41891658349008
19813,48.77422502620715
19814,48.69259231872271
19815,52.293487130394894
19816,51.14724313442232
19905,54.498662886860444
19909,62.52800349813602
19912,82.18463075022241
19920,70.73892047546644
19921,70.73892047546644
19922,70.73892047546644
19923,70.73892047546644
19924,70.73892047546644
19925,70.73892047546644
19979,52.47355645056754
19980,60.476327089767864
19981,60.476327089767864
19982,60.476327089767864
19983,60.476327089767864
19984,60.476327089767864
19985,60.476327089767864
19986,60.476327089767864
19987,60.476327089767864
19988,60.476327089767864
19989,60.476327089767864
19990,60.476327089767864
19991,60.476327089767864
19992,56.55956033912149
19993,56.55956033912149
19994,56.55956033912149
19995,56.55956033912149
19996,56.55956033912149
19997,56.55956033912149
19998,56.55956033912149
19999,56.55956033912149
20000,56.55956033912149
20001,56.55956033912149
20002,56.55956033912149
20003,56.55956033912149
20004,56.469561631975225
20005,56.469561631975225
20006,56.469561631975225
20007,56.469561631975225
20008,56.469561631975225
20009,56.469561631975225
20010,56.469561631975225
20011,56.469561631975225
20012,56.469561631975225
20013,56.469561631975225
20014,56.469561631975225
20015,56.469561631975225
20020,58.79791374285266
20028,95.55686213682448
20034,81.10269146700477
20035,91.69379240841302
20040,91.04721628477397
20041,102.23756854094236
20043,87.41270746111454
20044,81.06347080599642
20045,79.48130051506476
20046,66.36642846571668
20047,90.12697670082912
20048,91.69379240841302
20049,60.66698300307677
20050,71.35093275121602
20051,71.98107283978905
20052,92.97160881598953
20053,73.69377557213048
20054,81.52294981609357
20064,63.7106713305045
20071,65.8963417489592
20072,56.89506772753566
20073,66.48585236649278
20074,76.83372848435359
20097,73.90825305409915
20122,68.55728947315208
20123,85.37500830254017
20124,68.55728947315208
20125,85.37500830254017
20148,51.15697911025433
20149,53.21270301483905
20164,49.89070096351721
20169,53.38425627676035
20184,66.19831544607823
20185,66.19831544607823
20186,66.19831544607823
20187,75.67762173776141
20188,75.67762173776141
20189,75.67762173776141
20194,70.32266079317462
20195,80.53890987440559
20196,78.7255394847929
20197,58.99465278179978
20198,64.01416599525581
20199,74.97196551415864
20200,78.17731439631518
20201,64.35572932122052
20202,59.10142475513861
20203,52.65194497743768
20204,60.8822629199246
20205,65.9463076696499
20206,65.9463076696499
20207,65.9463076696499
20208,65.9463076696499
20217,55.20485939844726
20218,55.46406924328464
20219,54.9587790364248
20220,54.908197864799774
20221,56.21086532147923
20222,56.373414522048066
20223,59.10150486137891
20224,58.70023095553356
20225,58.548609911468944
20226,59.519592732492214
20227,55.26490423597204
20228,55.545069946592044
20229,55.083580755235886
20230,55.02744382409196
20231,56.373024204176126
20232,56.36039185011704
20233,58.97718495364966
20234,58.61073006120461
20235,58.535820006134855
20236,59.54823532245739
