Tag,PTR_emission,EI_plqy
1,0.0015413236078412051,0.00019865639996333563
2,0.0009988137092490357,0.00012560964688300143
3,0.21903388627932907,0.002764183345115816
4,0.00557876966076809,0.0005218773849572575
5,0.00557876966076809,0.0005218773849572575
6,8.902525490039892e-05,0.0006719512607062973
7,8.902525490039892e-05,0.0006719512607062973
8,8.902525490039892e-05,0.0006719512607062973
9,8.902525490039892e-05,0.0006719512607062973
10,8.902525490039892e-05,0.0006719512607062973
11,0.0014486338948119792,0.004966310595790856
12,0.0014486338948119792,0.004966310595790856
13,0.0014486338948119792,0.004966310595790856
14,0.0014486338948119792,0.004966310595790856
15,0.0014486338948119792,0.004966310595790856
16,0.013149805117515068,0.0014206877148546185
17,0.013149805117515068,0.0014206877148546185
18,0.013149805117515068,0.0014206877148546185
19,0.013149805117515068,0.0014206877148546185
20,0.014105927038656874,0.003497806122908634
21,0.014105927038656874,0.003497806122908634
22,0.014105927038656874,0.003497806122908634
23,0.014105927038656874,0.003497806122908634
24,0.014105927038656874,0.003497806122908634
25,0.005927542262774366,0.0035890493508675993
26,0.005927542262774366,0.0035890493508675993
27,0.005927542262774366,0.0035890493508675993
28,0.00011851433300769099,0.0020296814114489914
29,0.0007002243892851867,0.0017638801107805729
30,0.00430801504963807,0.007168995872756909
31,0.00041809362582034826,0.0001840367806748742
32,0.0003228525733305343,0.0016806440903463643
33,0.563601016278698,0.00046984562100825826
34,0.2214353136913807,0.0012862511510505423
35,0.048912593184514686,0.0015785654610883607
36,0.35929077711995494,4.8665483215462255e-05
37,0.2214353136913807,0.0012862511510505423
38,0.563601016278698,0.00046984562100825826
39,0.048912593184514686,0.0015785654610883607
40,0.7511360532053244,0.0023516970302746455
41,0.35929077711995494,4.8665483215462255e-05
42,0.2214353136913807,0.0012862511510505423
43,0.048912593184514686,0.0015785654610883607
44,0.7511360532053244,0.0023516970302746455
45,0.2214353136913807,0.0012862511510505423
46,0.048912593184514686,0.0015785654610883607
47,0.35929077711995494,4.8665483215462255e-05
48,0.2214353136913807,0.0012862511510505423
49,0.563601016278698,0.00046984562100825826
50,0.048912593184514686,0.0015785654610883607
51,0.7511360532053244,0.0023516970302746455
52,0.35929077711995494,4.8665483215462255e-05
53,0.2214353136913807,0.0012862511510505423
54,0.563601016278698,0.00046984562100825826
55,0.048912593184514686,0.0015785654610883607
56,0.7511360532053244,0.0023516970302746455
57,0.35929077711995494,4.8665483215462255e-05
58,0.2214353136913807,0.0012862511510505423
59,0.563601016278698,0.00046984562100825826
60,0.048912593184514686,0.0015785654610883607
61,0.7511360532053244,0.0023516970302746455
62,0.35929077711995494,4.8665483215462255e-05
63,0.2214353136913807,0.0012862511510505423
64,0.563601016278698,0.00046984562100825826
65,0.048912593184514686,0.0015785654610883607
66,0.7511360532053244,0.0023516970302746455
67,0.35929077711995494,4.8665483215462255e-05
68,0.2214353136913807,0.0012862511510505423
69,0.563601016278698,0.00046984562100825826
70,0.048912593184514686,0.0015785654610883607
71,0.7511360532053244,0.0023516970302746455
84,0.0001170188347280332,0.002897773640811157
85,0.0001170188347280332,0.002897773640811157
86,0.0001170188347280332,0.002897773640811157
87,0.0001170188347280332,0.002897773640811157
88,0.0001170188347280332,0.002897773640811157
89,0.0001170188347280332,0.002897773640811157
90,0.0001170188347280332,0.002897773640811157
91,0.0001170188347280332,0.002897773640811157
92,0.0007174425978451193,0.00029283962471974515
93,0.0007174425978451193,0.00029283962471974515
94,0.0007174425978451193,0.00029283962471974515
95,0.0007174425978451193,0.00029283962471974515
96,0.0007174425978451193,0.00029283962471974515
97,0.0007174425978451193,0.00029283962471974515
100,4.084093263578836e-08,0.00014422043445425667
101,2.8493612264091084e-06,0.0003227524921580022
102,6.199843287757467e-06,0.0005739560005188346
103,9.183519081268354e-05,0.0004997408118376746
105,2.5529213806274598e-06,0.0004421435852884482
106,0.0009447359471288497,0.0006333274492608242
109,1.4690449794518834e-05,0.00040470936959507986
110,2.9290194605291475e-06,0.0003307840931790649
118,0.40834512452610605,0.0029519994142796387
120,0.40834512452610605,0.0029519994142796387
123,0.40834512452610605,0.0029519994142796387
164,0.031523400025824655,0.0012763705299971475
165,0.0261577887498452,0.0007079307473907472
166,0.031523400025824655,0.0012763705299971475
167,0.0261577887498452,0.0007079307473907472
168,0.031523400025824655,0.0012763705299971475
169,0.0261577887498452,0.0007079307473907472
170,0.3591896596292947,0.002696980949153308
171,0.37505921525951846,0.0026902694045243484
172,0.26992527457840576,0.0027641253470674296
173,0.2900014449567868,0.0026484933307626447
174,0.03800729264941549,0.0014968630481771838
175,0.4809597351051813,0.0026865149121906157
176,0.3453547555202533,0.0028435331323532296
177,0.7128837931151057,0.002634064058713267
178,0.393081732067021,0.001309315642580194
179,0.009791133578711753,0.00011376038123628415
180,0.49893113381397836,0.002826414365839719
181,0.5002658470992667,0.0026008623847144086
182,0.09566896633561428,0.0024656188097833126
183,0.0007002243892851867,0.0017638801107805729
184,0.4564934593735498,0.001969659019826455
186,0.3511391132099003,0.00308921829819523
187,0.9323161902862838,0.0009211224482653579
188,0.12065350295042798,0.0025356911044257194
189,0.05589224293951267,0.0001490342630269669
190,2.0602066719277445e-09,0.00024052859184362906
191,9.35083577235929e-09,8.129261145044448e-05
192,0.0002360182365529484,0.0006542123562814821
193,0.00034592180238934844,0.0003602981417081077
194,0.0006207100104955732,0.0014104508333966006
195,9.064404782321844e-11,1.2670906211494163e-05
196,9.064404782321844e-11,1.2670906211494163e-05
197,7.521589480252722e-06,0.00012663991181447094
198,7.521589480252722e-06,0.00012663991181447094
199,1.3500301288216221e-05,0.004704651183595136
200,1.3500301288216221e-05,0.004704651183595136
201,2.1630766289248982e-07,7.216743672959253e-05
202,0.09559484949454178,0.000908238208032844
203,0.09559484949454178,0.000908238208032844
204,0.0005812101421159843,0.004620955023116175
205,2.0602066719277445e-09,0.00024052859184362906
206,2.0602066719277445e-09,0.00024052859184362906
207,0.006542163452239458,3.0097168394751248e-05
208,0.35929077711995494,4.8665483215462255e-05
209,0.35929077711995494,4.8665483215462255e-05
210,0.06469680675797596,0.001190683722475801
211,0.15210548629763687,0.002625901200370281
212,0.6848262001823614,0.0021158521903133047
213,9.35083577235929e-09,8.129261145044448e-05
214,3.635815925551178e-06,6.015673554693847e-05
215,2.9502419459648266e-06,6.64766310383831e-05
216,3.943378685922205e-06,8.61490949769563e-05
217,2.406328966531035e-06,7.405231734776755e-05
218,2.2082959083569165e-06,6.828989472502857e-05
219,3.28082565925758e-06,5.879433729063632e-05
220,3.635815925551178e-06,6.015673554693847e-05
221,2.9502419459648266e-06,6.64766310383831e-05
222,3.943378685922205e-06,8.61490949769563e-05
223,2.406328966531035e-06,7.405231734776755e-05
224,2.2082959083569165e-06,6.828989472502857e-05
225,3.28082565925758e-06,5.879433729063632e-05
226,3.635815925551178e-06,6.015673554693847e-05
227,2.9502419459648266e-06,6.64766310383831e-05
228,3.943378685922205e-06,8.61490949769563e-05
229,2.406328966531035e-06,7.405231734776755e-05
230,2.2082959083569165e-06,6.828989472502857e-05
231,3.28082565925758e-06,5.879433729063632e-05
232,3.635815925551178e-06,6.015673554693847e-05
233,2.9502419459648266e-06,6.64766310383831e-05
234,3.943378685922205e-06,8.61490949769563e-05
235,2.406328966531035e-06,7.405231734776755e-05
236,2.2082959083569165e-06,6.828989472502857e-05
237,3.28082565925758e-06,5.879433729063632e-05
238,3.635815925551178e-06,6.015673554693847e-05
239,2.9502419459648266e-06,6.64766310383831e-05
240,3.943378685922205e-06,8.61490949769563e-05
241,2.406328966531035e-06,7.405231734776755e-05
242,2.2082959083569165e-06,6.828989472502857e-05
243,3.28082565925758e-06,5.879433729063632e-05
244,3.635815925551178e-06,6.015673554693847e-05
245,2.9502419459648266e-06,6.64766310383831e-05
246,3.943378685922205e-06,8.61490949769563e-05
247,2.406328966531035e-06,7.405231734776755e-05
248,2.2082959083569165e-06,6.828989472502857e-05
249,3.28082565925758e-06,5.879433729063632e-05
250,3.635815925551178e-06,6.015673554693847e-05
251,2.9502419459648266e-06,6.64766310383831e-05
252,3.943378685922205e-06,8.61490949769563e-05
253,2.406328966531035e-06,7.405231734776755e-05
254,2.2082959083569165e-06,6.828989472502857e-05
255,3.28082565925758e-06,5.879433729063632e-05
256,3.943378685922205e-06,8.61490949769563e-05
257,2.406328966531035e-06,7.405231734776755e-05
258,2.2082959083569165e-06,6.828989472502857e-05
259,3.28082565925758e-06,5.879433729063632e-05
260,3.635815925551178e-06,6.015673554693847e-05
261,2.9502419459648266e-06,6.64766310383831e-05
262,3.943378685922205e-06,8.61490949769563e-05
263,2.406328966531035e-06,7.405231734776755e-05
264,2.2082959083569165e-06,6.828989472502857e-05
265,3.28082565925758e-06,5.879433729063632e-05
266,2.2082959083569165e-06,6.828989472502857e-05
267,3.635815925551178e-06,6.015673554693847e-05
268,2.9502419459648266e-06,6.64766310383831e-05
269,3.943378685922205e-06,8.61490949769563e-05
270,2.406328966531035e-06,7.405231734776755e-05
271,2.2082959083569165e-06,6.828989472502857e-05
272,3.28082565925758e-06,5.879433729063632e-05
273,3.943378685922205e-06,8.61490949769563e-05
274,2.406328966531035e-06,7.405231734776755e-05
275,2.2082959083569165e-06,6.828989472502857e-05
276,3.28082565925758e-06,5.879433729063632e-05
277,0.5363977535488371,0.001899601076561036
278,0.5363977535488371,0.001899601076561036
279,0.5363977535488371,0.001899601076561036
280,0.5363977535488371,0.001899601076561036
281,0.5363977535488371,0.001899601076561036
282,0.5363977535488371,0.001899601076561036
283,0.5363977535488371,0.001899601076561036
284,0.5363977535488371,0.001899601076561036
285,0.5363977535488371,0.001899601076561036
286,0.5363977535488371,0.001899601076561036
287,0.5363977535488371,0.001899601076561036
288,0.5363977535488371,0.001899601076561036
289,0.5363977535488371,0.001899601076561036
290,0.5363977535488371,0.001899601076561036
291,0.5363977535488371,0.001899601076561036
292,0.5363977535488371,0.001899601076561036
293,0.5363977535488371,0.001899601076561036
294,0.5363977535488371,0.001899601076561036
295,2.049015750649197e-05,9.039047919228403e-05
296,2.049015750649197e-05,9.039047919228403e-05
297,2.049015750649197e-05,9.039047919228403e-05
298,2.049015750649197e-05,9.039047919228403e-05
299,2.049015750649197e-05,9.039047919228403e-05
300,2.049015750649197e-05,9.039047919228403e-05
301,2.049015750649197e-05,9.039047919228403e-05
302,2.049015750649197e-05,9.039047919228403e-05
303,2.049015750649197e-05,9.039047919228403e-05
304,0.0038505510618855876,0.0006631867357494593
305,0.0038505510618855876,0.0006631867357494593
306,0.0038505510618855876,0.0006631867357494593
307,0.0038505510618855876,0.0006631867357494593
308,0.0038505510618855876,0.0006631867357494593
315,7.163147804911674e-07,2.7276331566253743e-05
316,7.163147804911674e-07,2.7276331566253743e-05
317,7.163147804911674e-07,2.7276331566253743e-05
318,7.163147804911674e-07,2.7276331566253743e-05
319,9.016879599643701e-07,2.057544293944673e-05
320,9.016879599643701e-07,2.057544293944673e-05
321,9.016879599643701e-07,2.057544293944673e-05
322,9.016879599643701e-07,2.057544293944673e-05
323,4.3319783193940253e-07,2.0166385782363692e-05
324,4.3319783193940253e-07,2.0166385782363692e-05
325,4.3319783193940253e-07,2.0166385782363692e-05
326,7.163147804911674e-07,2.7276331566253743e-05
327,9.016879599643701e-07,2.057544293944673e-05
328,4.3319783193940253e-07,2.0166385782363692e-05
329,0.0007798619943865104,0.00013606781368349203
330,0.08158443148188255,0.0008366008052138833
331,0.08158443148188255,0.0008366008052138833
332,0.08158443148188255,0.0008366008052138833
333,0.08158443148188255,0.0008366008052138833
334,0.08158443148188255,0.0008366008052138833
335,0.08158443148188255,0.0008366008052138833
336,0.08158443148188255,0.0008366008052138833
337,0.08158443148188255,0.0008366008052138833
338,0.08158443148188255,0.0008366008052138833
339,0.08158443148188255,0.0008366008052138833
340,0.08158443148188255,0.0008366008052138833
341,0.08158443148188255,0.0008366008052138833
342,0.08158443148188255,0.0008366008052138833
343,0.08158443148188255,0.0008366008052138833
344,0.08158443148188255,0.0008366008052138833
345,0.08158443148188255,0.0008366008052138833
346,0.08158443148188255,0.0008366008052138833
347,0.08158443148188255,0.0008366008052138833
359,0.2628705164582128,6.874075691210073e-07
360,0.2628705164582128,6.874075691210073e-07
366,0.3013830319661006,0.00018039091009636752
368,0.3013830319661006,0.00018039091009636752
373,0.46070892243279526,1.4687422835826753e-05
374,0.46070892243279526,1.4687422835826753e-05
375,0.46070892243279526,1.4687422835826753e-05
379,0.774566593334622,1.5414221171016972e-06
380,0.774566593334622,1.5414221171016972e-06
381,0.774566593334622,1.5414221171016972e-06
382,0.774566593334622,1.5414221171016972e-06
455,0.038643824887539924,5.8698472709269446e-05
456,0.00010638733496837194,8.623861872962329e-05
457,0.006134869582371971,0.00023503049258898718
458,0.004511385613958585,0.0004863772200368742
459,0.002575742307871609,0.0003207565403785238
460,0.00025642933427716397,0.0005826082164503256
508,0.03888935014727435,0.0010761750105728668
511,0.0006149626174575262,9.650215763866194e-05
516,0.0006149626174575262,9.650215763866194e-05
521,0.0006149626174575262,9.650215763866194e-05
526,0.0006149626174575262,9.650215763866194e-05
543,0.0009428624923459861,7.333529324472386e-05
544,0.0009428624923459861,7.333529324472386e-05
545,0.0009428624923459861,7.333529324472386e-05
547,0.000671590091465335,6.928351247031234e-05
548,0.000671590091465335,6.928351247031234e-05
561,4.81291673182227e-11,8.209060957457793e-06
562,0.0009756539362673067,0.00023987261299041095
563,0.0001553879103548539,0.00020496140460051328
564,0.0016175012244640241,0.0004896383442076352
565,2.162697327889873e-07,0.00015461208473320043
566,5.0854955699342064e-05,5.268881228040023e-05
567,9.089955762398017e-05,0.00015370007612074263
568,0.000671590091465335,6.928351247031234e-05
569,0.0012134475476989204,0.0004409535041554882
570,1.2237244317869767e-07,4.035965690766239e-05
571,0.002290858487426606,0.0007953481494036244
572,0.018372865734397448,0.0005812509727759546
573,0.052565299424313094,0.000448308747355079
574,0.002350377682864835,0.0007594702108124143
575,0.01675917176126618,0.0005954705670062422
576,0.05096560494052382,0.0004756762789808978
577,0.0002106031213927606,2.2073866627274666e-05
578,0.0005216968105886677,4.8409808096647015e-05
579,0.0015689547468997755,7.972851056362344e-05
580,0.002350377682864835,0.0007594702108124143
581,0.002350377682864835,0.0007594702108124143
582,0.002350377682864835,0.0007594702108124143
583,0.002350377682864835,0.0007594702108124143
584,0.002350377682864835,0.0007594702108124143
585,0.019865430737846523,6.489902205406147e-05
586,0.019865430737846523,6.489902205406147e-05
587,0.019865430737846523,6.489902205406147e-05
654,0.7122008176565439,0.0044485003236373645
655,0.7122008176565439,0.0044485003236373645
656,0.7122008176565439,0.0044485003236373645
657,0.7122008176565439,0.0044485003236373645
658,0.7122008176565439,0.0044485003236373645
659,0.7122008176565439,0.0044485003236373645
660,0.7122008176565439,0.0044485003236373645
661,0.7122008176565439,0.0044485003236373645
662,0.02147374589827511,0.0005337787918915015
663,0.02147374589827511,0.0005337787918915015
665,0.02147374589827511,0.0005337787918915015
666,0.02147374589827511,0.0005337787918915015
667,0.02147374589827511,0.0005337787918915015
668,0.02147374589827511,0.0005337787918915015
669,0.02147374589827511,0.0005337787918915015
670,0.013045516368818677,0.0007315028175883583
672,0.013045516368818677,0.0007315028175883583
673,0.013045516368818677,0.0007315028175883583
674,0.013045516368818677,0.0007315028175883583
675,0.013045516368818677,0.0007315028175883583
676,0.013045516368818677,0.0007315028175883583
677,0.013045516368818677,0.0007315028175883583
678,0.22925488815347372,0.00025617987962168803
679,0.22925488815347372,0.00025617987962168803
681,0.22925488815347372,0.00025617987962168803
682,0.22925488815347372,0.00025617987962168803
683,0.22925488815347372,0.00025617987962168803
684,0.22925488815347372,0.00025617987962168803
685,0.22925488815347372,0.00025617987962168803
686,0.048833759902463525,3.5600820947251366e-05
687,0.048833759902463525,3.5600820947251366e-05
688,0.048833759902463525,3.5600820947251366e-05
689,0.048833759902463525,3.5600820947251366e-05
690,0.048833759902463525,3.5600820947251366e-05
691,0.048833759902463525,3.5600820947251366e-05
692,0.048833759902463525,3.5600820947251366e-05
693,0.048833759902463525,3.5600820947251366e-05
694,0.048833759902463525,3.5600820947251366e-05
695,0.048833759902463525,3.5600820947251366e-05
696,0.7777798712903404,0.0022638394602972085
697,0.7777798712903404,0.0022638394602972085
698,0.7777798712903404,0.0022638394602972085
699,0.7777798712903404,0.0022638394602972085
700,0.7777798712903404,0.0022638394602972085
701,0.7777798712903404,0.0022638394602972085
702,0.7777798712903404,0.0022638394602972085
703,0.7777798712903404,0.0022638394602972085
704,0.7777798712903404,0.0022638394602972085
705,0.7777798712903404,0.0022638394602972085
706,0.5721809195325775,0.0021672519253373834
707,0.5721809195325775,0.0021672519253373834
708,0.5721809195325775,0.0021672519253373834
709,0.5721809195325775,0.0021672519253373834
710,0.5721809195325775,0.0021672519253373834
711,0.5721809195325775,0.0021672519253373834
712,0.5721809195325775,0.0021672519253373834
713,0.5721809195325775,0.0021672519253373834
714,0.5721809195325775,0.0021672519253373834
715,0.5721809195325775,0.0021672519253373834
716,0.24549263483155448,0.002739889667365743
717,0.24549263483155448,0.002739889667365743
718,0.24549263483155448,0.002739889667365743
719,0.24549263483155448,0.002739889667365743
720,0.24549263483155448,0.002739889667365743
721,0.24549263483155448,0.002739889667365743
722,0.24549263483155448,0.002739889667365743
723,0.24549263483155448,0.002739889667365743
724,0.24549263483155448,0.002739889667365743
725,0.24549263483155448,0.002739889667365743
726,0.24549263483155448,0.002739889667365743
727,0.24549263483155448,0.002739889667365743
728,0.24549263483155448,0.002739889667365743
729,0.24549263483155448,0.002739889667365743
744,0.013149805117515068,0.0014206877148546185
745,0.013149805117515068,0.0014206877148546185
746,0.013149805117515068,0.0014206877148546185
747,0.013149805117515068,0.0014206877148546185
748,0.013149805117515068,0.0014206877148546185
749,0.014105927038656874,0.003497806122908634
750,0.014105927038656874,0.003497806122908634
751,0.014105927038656874,0.003497806122908634
752,0.014105927038656874,0.003497806122908634
753,0.014105927038656874,0.003497806122908634
760,0.0405030846953881,0.0034180754505090186
777,0.8040678263474096,2.811582744852546e-08
908,8.902525490039892e-05,0.0006719512607062973
909,0.0004593849057552557,0.0008676271290841706
986,0.007261211268061563,8.24162642092107e-05
987,0.007261211268061563,8.24162642092107e-05
989,0.007261211268061563,8.24162642092107e-05
990,0.007261211268061563,8.24162642092107e-05
991,0.007261211268061563,8.24162642092107e-05
1027,0.5906266061935742,0.0003983904633748526
1028,0.5906266061935742,0.0003983904633748526
1057,0.0009211356034534157,0.0006807223339715543
1072,1.6627364163745995e-05,0.0005703474795938687
1073,1.6627364163745995e-05,0.0005703474795938687
1074,1.6627364163745995e-05,0.0005703474795938687
1075,1.6627364163745995e-05,0.0005703474795938687
1076,1.6627364163745995e-05,0.0005703474795938687
1077,1.6627364163745995e-05,0.0005703474795938687
1078,1.6627364163745995e-05,0.0005703474795938687
1079,1.6627364163745995e-05,0.0005703474795938687
1090,2.647468824223953e-05,1.3730802158832338e-06
1175,0.06490170541947948,0.0065458496943023685
1193,0.05960782390458841,0.0001174059902123094
1196,0.04612417447472239,0.00012558200419920235
1197,0.04755139888308535,0.00012043911162022149
1200,0.062226704357598916,0.0001506271470865918
1203,0.06349786224657195,0.00019677256970864225
1232,0.03204892645422586,4.415803485133469e-05
1233,0.03204892645422586,4.415803485133469e-05
1234,0.033427817135012194,4.893719612076382e-05
1235,0.033427817135012194,4.893719612076382e-05
1236,0.0335965259623483,4.90515573088636e-05
1237,0.0335965259623483,4.90515573088636e-05
1238,0.0459163004768367,0.00014716797892695764
1239,0.0459163004768367,0.00014716797892695764
1240,0.12015377094115509,0.0003195572066238654
1241,0.12015377094115509,0.0003195572066238654
1242,0.047009569506409554,0.00016346922238877825
1243,0.047009569506409554,0.00016346922238877825
1244,0.021578849517103427,6.37335463420474e-05
1245,0.021578849517103427,6.37335463420474e-05
1246,0.01788347570441695,7.342975129415749e-05
1247,0.01788347570441695,7.342975129415749e-05
1248,0.021089403013812125,0.00014191021507016814
1249,0.021089403013812125,0.00014191021507016814
1250,0.05767734899674881,0.00011151557414645495
1251,0.05767734899674881,0.00011151557414645495
1252,0.05102349003201201,5.78560518315407e-05
1253,0.05102349003201201,5.78560518315407e-05
1260,0.11418771668338912,1.2378111889727934e-06
1262,0.025405297805808025,0.002576437289711065
1263,0.025405297805808025,0.002576437289711065
1264,0.025405297805808025,0.002576437289711065
1295,0.0001765001727911386,0.00250055266646005
1296,0.015966565770449193,0.0017330828258336553
1297,2.544638399992749e-07,0.01767443315212669
1298,0.004572102242661025,0.002858437432311565
1300,0.01885246216533243,0.00048003369123710265
1301,0.01885246216533243,0.00048003369123710265
1302,0.01885246216533243,0.00048003369123710265
1361,0.4369744352210756,0.0017995480935765647
1362,0.3869125799991776,0.0019542428149763764
1363,0.3863530610257001,0.002684355124832564
1364,0.3602387461411537,0.0019078013299306858
1365,0.3684706686294694,0.0020965462195095003
1366,0.38286582668509495,0.0019903896497672005
1367,0.39214856145052823,0.0021493040939306145
1368,0.36478701375138434,0.0019164712687850406
1369,0.4369744352210756,0.0017995480935765647
1370,0.3869125799991776,0.0019542428149763764
1371,0.3863530610257001,0.002684355124832564
1372,0.3602387461411537,0.0019078013299306858
1373,0.3684706686294694,0.0020965462195095003
1374,0.38286582668509495,0.0019903896497672005
1375,0.39214856145052823,0.0021493040939306145
1376,0.36478701375138434,0.0019164712687850406
1377,0.4369744352210756,0.0017995480935765647
1378,0.3869125799991776,0.0019542428149763764
1379,0.3863530610257001,0.002684355124832564
1380,0.3602387461411537,0.0019078013299306858
1381,0.3684706686294694,0.0020965462195095003
1382,0.38286582668509495,0.0019903896497672005
1383,0.39214856145052823,0.0021493040939306145
1384,0.36478701375138434,0.0019164712687850406
1385,0.4369744352210756,0.0017995480935765647
1386,0.3869125799991776,0.0019542428149763764
1387,0.3863530610257001,0.002684355124832564
1388,0.3602387461411537,0.0019078013299306858
1389,0.3684706686294694,0.0020965462195095003
1390,0.38286582668509495,0.0019903896497672005
1391,0.39214856145052823,0.0021493040939306145
1392,0.36478701375138434,0.0019164712687850406
1393,0.4369744352210756,0.0017995480935765647
1394,0.3869125799991776,0.0019542428149763764
1395,0.3863530610257001,0.002684355124832564
1396,0.3602387461411537,0.0019078013299306858
1397,0.3684706686294694,0.0020965462195095003
1398,0.38286582668509495,0.0019903896497672005
1399,0.39214856145052823,0.0021493040939306145
1400,0.36478701375138434,0.0019164712687850406
1401,0.4369744352210756,0.0017995480935765647
1402,0.3869125799991776,0.0019542428149763764
1403,0.3863530610257001,0.002684355124832564
1404,0.3602387461411537,0.0019078013299306858
1405,0.3684706686294694,0.0020965462195095003
1406,0.38286582668509495,0.0019903896497672005
1407,0.39214856145052823,0.0021493040939306145
1408,0.36478701375138434,0.0019164712687850406
1417,0.4369744352210756,0.0017995480935765647
1418,0.3869125799991776,0.0019542428149763764
1419,0.3863530610257001,0.002684355124832564
1420,0.3602387461411537,0.0019078013299306858
1421,0.3684706686294694,0.0020965462195095003
1422,0.38286582668509495,0.0019903896497672005
1423,0.39214856145052823,0.0021493040939306145
1424,0.36478701375138434,0.0019164712687850406
1425,0.007181120955721765,0.00021272770731542
1426,0.007181120955721765,0.00021272770731542
1427,0.007181120955721765,0.00021272770731542
1428,0.007181120955721765,0.00021272770731542
1429,0.007181120955721765,0.00021272770731542
1430,0.007181120955721765,0.00021272770731542
1431,0.013619903316313908,2.5561612481259186e-05
1432,0.013619903316313908,2.5561612481259186e-05
1433,0.013619903316313908,2.5561612481259186e-05
1434,0.013619903316313908,2.5561612481259186e-05
1488,0.02900518170833255,3.073098916326852e-05
1497,0.04725064258745959,2.9600580329586267e-05
1528,0.0673091578008499,4.612359706602305e-05
1532,0.0855462075109128,0.00019377093761964166
1537,0.0427274928407434,0.00030915078973248753
1538,0.0427274928407434,0.00030915078973248753
1582,0.00027290385059852706,0.00016251080472123392
1605,5.262564340968723e-07,0.013110958938727425
1606,5.262564340968723e-07,0.013110958938727425
1607,5.262564340968723e-07,0.013110958938727425
1608,5.262564340968723e-07,0.013110958938727425
1614,0.003784102764373576,0.0006340165222957451
1615,0.003784102764373576,0.0006340165222957451
1616,0.003784102764373576,0.0006340165222957451
1617,0.003784102764373576,0.0006340165222957451
1629,1.5313173153175264e-05,7.648505248776083e-05
1630,0.0003398795524273135,0.0002768726221131154
1631,0.0004665684294534733,4.1342182294811284e-05
1632,0.00017466483910499875,2.3876427736865824e-05
1633,0.00021581294882688784,1.2696205758595412e-05
1634,0.007937901170936734,0.0005406627037491717
1635,0.00022554695194576535,0.0009875258161155054
1636,0.008015296109931791,0.0013769560706647765
1637,0.0027907722666254964,0.00014874027671973812
1638,0.00011487142028454578,3.506691827027879e-06
1639,0.006622509776855634,1.0882030417203514e-05
1640,1.5313173153175264e-05,7.648505248776083e-05
1641,0.0003398795524273135,0.0002768726221131154
1642,0.0004665684294534733,4.1342182294811284e-05
1643,0.00021581294882688784,1.2696205758595412e-05
1644,0.007937901170936734,0.0005406627037491717
1645,0.00022554695194576535,0.0009875258161155054
1646,0.008015296109931791,0.0013769560706647765
1647,0.0027907722666254964,0.00014874027671973812
1648,0.00011487142028454578,3.506691827027879e-06
1649,0.006622509776855634,1.0882030417203514e-05
1650,1.5313173153175264e-05,7.648505248776083e-05
1651,0.0003398795524273135,0.0002768726221131154
1652,0.0004665684294534733,4.1342182294811284e-05
1653,0.00017466483910499875,2.3876427736865824e-05
1654,0.00021581294882688784,1.2696205758595412e-05
1655,0.007937901170936734,0.0005406627037491717
1656,0.00022554695194576535,0.0009875258161155054
1657,0.008015296109931791,0.0013769560706647765
1658,0.0027907722666254964,0.00014874027671973812
1659,0.00011487142028454578,3.506691827027879e-06
1660,0.006622509776855634,1.0882030417203514e-05
1661,1.5313173153175264e-05,7.648505248776083e-05
1662,0.0003398795524273135,0.0002768726221131154
1663,0.0004665684294534733,4.1342182294811284e-05
1664,0.00017466483910499875,2.3876427736865824e-05
1665,0.00021581294882688784,1.2696205758595412e-05
1666,0.007937901170936734,0.0005406627037491717
1667,0.00022554695194576535,0.0009875258161155054
1668,0.008015296109931791,0.0013769560706647765
1669,0.0027907722666254964,0.00014874027671973812
1670,0.00011487142028454578,3.506691827027879e-06
1671,0.006622509776855634,1.0882030417203514e-05
1687,0.0022417310491278375,0.000387945760749968
1688,0.0022417310491278375,0.000387945760749968
1689,0.0022417310491278375,0.000387945760749968
1690,0.0022417310491278375,0.000387945760749968
1691,0.0022417310491278375,0.000387945760749968
1692,0.0022417310491278375,0.000387945760749968
1693,0.00415661526604616,0.000286356919565022
1694,0.00415661526604616,0.000286356919565022
1695,0.00415661526604616,0.000286356919565022
1696,0.00415661526604616,0.000286356919565022
1697,0.00415661526604616,0.000286356919565022
1698,0.00415661526604616,0.000286356919565022
1699,0.002938259565256507,0.0003463215447364462
1700,0.002938259565256507,0.0003463215447364462
1701,0.002938259565256507,0.0003463215447364462
1702,0.002938259565256507,0.0003463215447364462
1703,0.002938259565256507,0.0003463215447364462
1704,0.002938259565256507,0.0003463215447364462
1705,0.0029936281728594194,0.0004151291094442065
1706,0.0029936281728594194,0.0004151291094442065
1707,0.0029936281728594194,0.0004151291094442065
1708,0.0029936281728594194,0.0004151291094442065
1709,0.0029936281728594194,0.0004151291094442065
1710,0.0029936281728594194,0.0004151291094442065
1711,0.004171687998353102,0.00035532132072956966
1712,0.004171687998353102,0.00035532132072956966
1713,0.004171687998353102,0.00035532132072956966
1714,0.004171687998353102,0.00035532132072956966
1715,0.004171687998353102,0.00035532132072956966
1716,0.004171687998353102,0.00035532132072956966
1717,0.0033754562113663678,2.9180553098289135e-05
1718,0.0033754562113663678,2.9180553098289135e-05
1719,0.0033754562113663678,2.9180553098289135e-05
1720,0.0033754562113663678,2.9180553098289135e-05
1721,0.0033754562113663678,2.9180553098289135e-05
1722,0.0033754562113663678,2.9180553098289135e-05
1723,0.0024854379321940234,3.610129972546523e-05
1724,0.0024854379321940234,3.610129972546523e-05
1725,0.0024854379321940234,3.610129972546523e-05
1726,0.0024854379321940234,3.610129972546523e-05
1727,0.0024854379321940234,3.610129972546523e-05
1728,0.0024854379321940234,3.610129972546523e-05
1729,0.000378187381014361,4.1839953399248225e-05
1730,0.000378187381014361,4.1839953399248225e-05
1731,0.000378187381014361,4.1839953399248225e-05
1732,0.000378187381014361,4.1839953399248225e-05
1733,0.000378187381014361,4.1839953399248225e-05
1734,0.000378187381014361,4.1839953399248225e-05
1735,0.00033763387478447093,3.993018453596808e-05
1736,0.00033763387478447093,3.993018453596808e-05
1737,0.00033763387478447093,3.993018453596808e-05
1738,0.00033763387478447093,3.993018453596808e-05
1739,0.00033763387478447093,3.993018453596808e-05
1740,0.00033763387478447093,3.993018453596808e-05
1741,0.013429730135909645,3.3702724304377255e-05
1742,0.013429730135909645,3.3702724304377255e-05
1743,0.013429730135909645,3.3702724304377255e-05
1744,0.013429730135909645,3.3702724304377255e-05
1745,0.013429730135909645,3.3702724304377255e-05
1747,0.01035776708199121,3.5641063710139157e-07
1748,0.01035776708199121,3.5641063710139157e-07
1749,0.01035776708199121,3.5641063710139157e-07
1750,0.01035776708199121,3.5641063710139157e-07
1751,0.01035776708199121,3.5641063710139157e-07
1753,0.02794840711482416,3.4278903349637985e-05
1754,0.02794840711482416,3.4278903349637985e-05
1755,0.02794840711482416,3.4278903349637985e-05
1756,0.02794840711482416,3.4278903349637985e-05
1757,0.02794840711482416,3.4278903349637985e-05
1759,0.0019388690252069019,3.397156241157206e-05
1760,0.0019388690252069019,3.397156241157206e-05
1761,0.0019388690252069019,3.397156241157206e-05
1762,0.0019388690252069019,3.397156241157206e-05
1763,0.0019388690252069019,3.397156241157206e-05
1765,0.008381626103517892,9.256653113066233e-05
1766,0.008381626103517892,9.256653113066233e-05
1767,0.008381626103517892,9.256653113066233e-05
1768,0.008381626103517892,9.256653113066233e-05
1769,0.008381626103517892,9.256653113066233e-05
1771,0.0027586487665930415,2.984853303950502e-05
1772,0.0027586487665930415,2.984853303950502e-05
1773,0.0027586487665930415,2.984853303950502e-05
1774,0.0027586487665930415,2.984853303950502e-05
1775,0.0027586487665930415,2.984853303950502e-05
1777,0.007854217881607561,1.4420483665217835e-05
1778,0.007854217881607561,1.4420483665217835e-05
1779,0.007854217881607561,1.4420483665217835e-05
1780,0.007854217881607561,1.4420483665217835e-05
1781,0.007854217881607561,1.4420483665217835e-05
1783,0.008084899647294197,1.167832390033092e-05
1784,0.008084899647294197,1.167832390033092e-05
1785,0.008084899647294197,1.167832390033092e-05
1786,0.008084899647294197,1.167832390033092e-05
1787,0.008084899647294197,1.167832390033092e-05
1789,2.831859098706424e-05,2.175633428659663e-07
1790,2.831859098706424e-05,2.175633428659663e-07
1791,2.831859098706424e-05,2.175633428659663e-07
1792,2.831859098706424e-05,2.175633428659663e-07
1793,2.831859098706424e-05,2.175633428659663e-07
1795,3.7683184498038536e-05,2.4356450929787564e-07
1796,3.7683184498038536e-05,2.4356450929787564e-07
1797,3.7683184498038536e-05,2.4356450929787564e-07
1798,3.7683184498038536e-05,2.4356450929787564e-07
1799,3.7683184498038536e-05,2.4356450929787564e-07
1804,0.30308809084737487,0.0003625602637340672
1805,0.2788037142546649,5.916917752195729e-05
1806,0.320775059786759,0.00048076599082850623
1807,0.30308809084737487,0.0003625602637340672
1808,0.2788037142546649,5.916917752195729e-05
1809,0.320775059786759,0.00048076599082850623
1835,0.7928624631769581,0.002304328059043896
1836,0.9323161902862838,0.0009211224482653579
1837,0.9270197107979964,0.001038032195877751
1838,0.9451303686061283,0.0024119722863985525
1839,0.943976037895043,0.002205309505096252
1840,0.9294916140504239,0.0020987561659601695
1841,0.4108733942478797,0.002474391540030379
1842,0.7457075087866194,0.002839629515833223
1843,0.944180423900118,0.0021890123628439274
1844,0.8651401205564162,0.0002553600265179966
1845,0.49768945973537515,0.002524840709732034
1846,0.7928624631769581,0.002304328059043896
1847,0.7928624631769581,0.002304328059043896
1848,0.7928624631769581,0.002304328059043896
1849,0.7928624631769581,0.002304328059043896
1850,0.7928624631769581,0.002304328059043896
1851,0.7928624631769581,0.002304328059043896
1852,0.9323161902862838,0.0009211224482653579
1853,0.9323161902862838,0.0009211224482653579
1854,0.9323161902862838,0.0009211224482653579
1855,0.9323161902862838,0.0009211224482653579
1856,0.9323161902862838,0.0009211224482653579
1857,0.9323161902862838,0.0009211224482653579
1858,0.9270197107979964,0.001038032195877751
1859,0.9270197107979964,0.001038032195877751
1860,0.9270197107979964,0.001038032195877751
1861,0.9270197107979964,0.001038032195877751
1862,0.9270197107979964,0.001038032195877751
1863,0.9270197107979964,0.001038032195877751
1864,0.9451303686061283,0.0024119722863985525
1865,0.9451303686061283,0.0024119722863985525
1866,0.9451303686061283,0.0024119722863985525
1867,0.9451303686061283,0.0024119722863985525
1868,0.9451303686061283,0.0024119722863985525
1869,0.9451303686061283,0.0024119722863985525
1870,0.943976037895043,0.002205309505096252
1871,0.943976037895043,0.002205309505096252
1872,0.943976037895043,0.002205309505096252
1873,0.943976037895043,0.002205309505096252
1874,0.943976037895043,0.002205309505096252
1875,0.943976037895043,0.002205309505096252
1876,0.9294916140504239,0.0020987561659601695
1877,0.9294916140504239,0.0020987561659601695
1878,0.9294916140504239,0.0020987561659601695
1879,0.9294916140504239,0.0020987561659601695
1880,0.9294916140504239,0.0020987561659601695
1881,0.9294916140504239,0.0020987561659601695
1882,0.4108733942478797,0.002474391540030379
1883,0.4108733942478797,0.002474391540030379
1884,0.4108733942478797,0.002474391540030379
1885,0.4108733942478797,0.002474391540030379
1886,0.4108733942478797,0.002474391540030379
1887,0.4108733942478797,0.002474391540030379
1888,0.7457075087866194,0.002839629515833223
1889,0.7457075087866194,0.002839629515833223
1890,0.7457075087866194,0.002839629515833223
1891,0.7457075087866194,0.002839629515833223
1892,0.944180423900118,0.0021890123628439274
1893,0.944180423900118,0.0021890123628439274
1894,0.944180423900118,0.0021890123628439274
1895,0.944180423900118,0.0021890123628439274
1896,0.944180423900118,0.0021890123628439274
1897,0.944180423900118,0.0021890123628439274
1898,0.8651401205564162,0.0002553600265179966
1965,2.840239154977553e-11,4.703630638016069e-05
1966,9.491408606732143e-06,6.69538873299914e-05
1967,0.012034124091403697,0.00168282264868576
1968,0.006745030925463302,0.0019081415706539914
1969,0.0010624137843390224,0.00022508845746148712
1970,0.0005422507263138643,0.00011198636024368483
1971,1.8787975868406193e-06,5.648198073070459e-05
1972,1.0815460380064756e-05,5.4325311716863184e-05
1979,0.025825685804252152,0.015610165950940967
1980,0.009934808724542998,0.017942267931407054
1981,0.013381905463836108,0.010385622028691942
1982,0.29207149627672646,0.00412514149117716
1983,0.336680925403433,0.0035241482575437966
1984,0.00037465799081726203,0.0005490236115839103
1986,0.02672202243734656,0.0019171363300237148
1988,0.009318454598291503,0.007373696462577538
1990,0.003069677182493291,0.005389981083640659
1992,0.0845091475241937,0.005123128582922257
1995,0.009934808724542998,0.017942267931407054
2114,0.008311854778135674,8.083245720130684e-05
2115,0.008311854778135674,8.083245720130684e-05
2117,0.008311854778135674,8.083245720130684e-05
2118,0.008311854778135674,8.083245720130684e-05
2119,0.008311854778135674,8.083245720130684e-05
2120,0.008311854778135674,8.083245720130684e-05
2121,0.008311854778135674,8.083245720130684e-05
2122,0.008311854778135674,8.083245720130684e-05
2123,0.004166629025504243,0.00010167657908992335
2124,0.004166629025504243,0.00010167657908992335
2126,0.004166629025504243,0.00010167657908992335
2127,0.004166629025504243,0.00010167657908992335
2128,0.004166629025504243,0.00010167657908992335
2129,0.004166629025504243,0.00010167657908992335
2130,0.004166629025504243,0.00010167657908992335
2131,0.004166629025504243,0.00010167657908992335
2132,0.0021263126723984893,0.00030147359672587793
2133,0.0016633592629832217,0.00043356917732974157
2134,6.465953439338534e-06,0.0004168527116491785
2135,4.692693464258824e-06,0.00024010960003159913
2136,3.453524632934801e-08,9.573860582427556e-06
2137,7.079630973205742e-05,0.00015589513414643276
2139,0.00262910480089118,0.00018853447248781338
2149,5.071777649079401e-06,6.376073885284797e-07
2227,0.005181697390029716,0.0003155372580004828
2234,0.009243431968490756,6.805125876248428e-05
2237,0.029791794765033353,0.00023576265148922068
2244,0.1443182033626913,0.0001957288614301794
2260,0.06481050387835885,0.0001767935764328452
2261,0.22709264784774896,5.024928758360389e-05
2262,0.182099582113596,0.000618039800401685
2263,0.06751475024804876,0.0003056307402683942
2264,0.16444482159950413,0.00015091347002979733
2265,0.3133877795688643,0.00048065464040699703
2266,0.21803554215380005,0.0002665511776731035
2267,0.2505594776825747,3.6937279579756443e-06
2268,0.17206821872785116,4.206564019442594e-06
2269,0.3614059932246615,0.00021404768779774994
2270,0.06196072423912291,0.0007175294281340254
2271,0.1514730687390462,0.0002645296760083594
2272,0.12867295250800614,8.176375390374238e-05
2273,0.3186680825832675,0.0007700178811191729
2274,0.1177700436319663,0.0005889643140308126
2275,0.34044896087914966,0.0017386618877021781
2276,0.1406319542113037,0.02032698902104131
2277,0.37776652245688214,0.00010275273858517567
2278,0.3808059086734804,0.0001043228135857192
2279,0.13001619149043264,7.684912053921656e-05
2280,0.13309388977548053,0.0005715226678835224
2281,0.06481050387835885,0.0001767935764328452
2282,0.22709264784774896,5.024928758360389e-05
2283,0.182099582113596,0.000618039800401685
2284,0.06751475024804876,0.0003056307402683942
2285,0.16444482159950413,0.00015091347002979733
2286,0.3133877795688643,0.00048065464040699703
2287,0.21803554215380005,0.0002665511776731035
2288,0.2505594776825747,3.6937279579756443e-06
2289,0.17206821872785116,4.206564019442594e-06
2290,0.3614059932246615,0.00021404768779774994
2291,0.06196072423912291,0.0007175294281340254
2292,0.1514730687390462,0.0002645296760083594
2293,0.12867295250800614,8.176375390374238e-05
2294,0.3186680825832675,0.0007700178811191729
2295,0.1177700436319663,0.0005889643140308126
2296,0.34044896087914966,0.0017386618877021781
2297,0.1406319542113037,0.02032698902104131
2298,0.37776652245688214,0.00010275273858517567
2299,0.3808059086734804,0.0001043228135857192
2300,0.13001619149043264,7.684912053921656e-05
2301,0.13309388977548053,0.0005715226678835224
2302,0.06481050387835885,0.0001767935764328452
2303,0.22709264784774896,5.024928758360389e-05
2304,0.182099582113596,0.000618039800401685
2305,0.06751475024804876,0.0003056307402683942
2306,0.16444482159950413,0.00015091347002979733
2307,0.3133877795688643,0.00048065464040699703
2308,0.21803554215380005,0.0002665511776731035
2309,0.2505594776825747,3.6937279579756443e-06
2310,0.17206821872785116,4.206564019442594e-06
2311,0.3614059932246615,0.00021404768779774994
2312,0.06196072423912291,0.0007175294281340254
2313,0.1514730687390462,0.0002645296760083594
2314,0.12867295250800614,8.176375390374238e-05
2315,0.3186680825832675,0.0007700178811191729
2316,0.1177700436319663,0.0005889643140308126
2317,0.34044896087914966,0.0017386618877021781
2318,0.1406319542113037,0.02032698902104131
2319,0.37776652245688214,0.00010275273858517567
2320,0.3808059086734804,0.0001043228135857192
2321,0.13001619149043264,7.684912053921656e-05
2322,0.13309388977548053,0.0005715226678835224
2323,0.06481050387835885,0.0001767935764328452
2324,0.22709264784774896,5.024928758360389e-05
2325,0.182099582113596,0.000618039800401685
2326,0.06751475024804876,0.0003056307402683942
2327,0.16444482159950413,0.00015091347002979733
2328,0.3133877795688643,0.00048065464040699703
2329,0.21803554215380005,0.0002665511776731035
2330,0.2505594776825747,3.6937279579756443e-06
2331,0.17206821872785116,4.206564019442594e-06
2332,0.3614059932246615,0.00021404768779774994
2333,0.06196072423912291,0.0007175294281340254
2334,0.1514730687390462,0.0002645296760083594
2335,0.12867295250800614,8.176375390374238e-05
2336,0.3186680825832675,0.0007700178811191729
2337,0.1177700436319663,0.0005889643140308126
2338,0.34044896087914966,0.0017386618877021781
2339,0.1406319542113037,0.02032698902104131
2340,0.37776652245688214,0.00010275273858517567
2341,0.3808059086734804,0.0001043228135857192
2342,0.13001619149043264,7.684912053921656e-05
2343,0.13309388977548053,0.0005715226678835224
2344,0.06481050387835885,0.0001767935764328452
2345,0.22709264784774896,5.024928758360389e-05
2346,0.182099582113596,0.000618039800401685
2347,0.06751475024804876,0.0003056307402683942
2348,0.16444482159950413,0.00015091347002979733
2349,0.3133877795688643,0.00048065464040699703
2350,0.21803554215380005,0.0002665511776731035
2351,0.2505594776825747,3.6937279579756443e-06
2352,0.17206821872785116,4.206564019442594e-06
2353,0.3614059932246615,0.00021404768779774994
2354,0.06196072423912291,0.0007175294281340254
2355,0.1514730687390462,0.0002645296760083594
2356,0.12867295250800614,8.176375390374238e-05
2357,0.3186680825832675,0.0007700178811191729
2358,0.1177700436319663,0.0005889643140308126
2359,0.34044896087914966,0.0017386618877021781
2360,0.1406319542113037,0.02032698902104131
2361,0.37776652245688214,0.00010275273858517567
2362,0.3808059086734804,0.0001043228135857192
2363,0.13001619149043264,7.684912053921656e-05
2364,0.13309388977548053,0.0005715226678835224
2365,0.06481050387835885,0.0001767935764328452
2366,0.22709264784774896,5.024928758360389e-05
2367,0.182099582113596,0.000618039800401685
2368,0.06751475024804876,0.0003056307402683942
2369,0.16444482159950413,0.00015091347002979733
2370,0.3133877795688643,0.00048065464040699703
2371,0.21803554215380005,0.0002665511776731035
2372,0.2505594776825747,3.6937279579756443e-06
2373,0.17206821872785116,4.206564019442594e-06
2374,0.3614059932246615,0.00021404768779774994
2375,0.06196072423912291,0.0007175294281340254
2376,0.1514730687390462,0.0002645296760083594
2377,0.12867295250800614,8.176375390374238e-05
2378,0.3186680825832675,0.0007700178811191729
2379,0.1177700436319663,0.0005889643140308126
2380,0.34044896087914966,0.0017386618877021781
2381,0.1406319542113037,0.02032698902104131
2382,0.37776652245688214,0.00010275273858517567
2383,0.3808059086734804,0.0001043228135857192
2384,0.13001619149043264,7.684912053921656e-05
2385,0.13309388977548053,0.0005715226678835224
2503,0.00010229708798770165,0.00044161016644677243
2504,2.1040993125609475e-07,6.229080033092588e-05
2505,0.0005386648195135901,0.0004916160200990685
2506,2.7428596743761524e-05,6.413671832217129e-05
2507,0.0007543047270752723,0.000290864726027097
2508,0.0021210237741754456,0.0004700654794197964
2509,0.012803929348716991,0.000512776011886251
2555,0.0966971717315862,0.0013678235282104812
2556,0.0966971717315862,0.0013678235282104812
2571,2.4187227751770735e-06,5.260000169939862e-07
2732,0.005813249578964008,0.00017960636304997345
2787,0.00022115021252278044,0.000506265641692199
2788,0.00022115021252278044,0.000506265641692199
2789,0.00022115021252278044,0.000506265641692199
2790,0.00022115021252278044,0.000506265641692199
2791,0.00022115021252278044,0.000506265641692199
2792,0.00022115021252278044,0.000506265641692199
2793,0.00022115021252278044,0.000506265641692199
2794,0.00022115021252278044,0.000506265641692199
2795,0.00022115021252278044,0.000506265641692199
2796,0.00022115021252278044,0.000506265641692199
2797,0.00022115021252278044,0.000506265641692199
2798,0.00022115021252278044,0.000506265641692199
2799,0.06469680675797596,0.001190683722475801
2800,0.06469680675797596,0.001190683722475801
2801,0.06469680675797596,0.001190683722475801
2802,0.06469680675797596,0.001190683722475801
2803,0.06469680675797596,0.001190683722475801
2804,0.06469680675797596,0.001190683722475801
2805,0.06469680675797596,0.001190683722475801
2806,0.06469680675797596,0.001190683722475801
2807,0.06469680675797596,0.001190683722475801
2808,0.06469680675797596,0.001190683722475801
2809,0.04908913709705942,0.0020727198034320056
2810,0.04908913709705942,0.0020727198034320056
2811,0.04908913709705942,0.0020727198034320056
2812,0.04908913709705942,0.0020727198034320056
2813,0.04908913709705942,0.0020727198034320056
2814,0.04908913709705942,0.0020727198034320056
2815,0.04908913709705942,0.0020727198034320056
2816,0.04908913709705942,0.0020727198034320056
2817,0.04908913709705942,0.0020727198034320056
2818,0.04908913709705942,0.0020727198034320056
2819,0.04908913709705942,0.0020727198034320056
2820,0.04908913709705942,0.0020727198034320056
2821,0.04908913709705942,0.0020727198034320056
2822,0.04908913709705942,0.0020727198034320056
2823,0.04908913709705942,0.0020727198034320056
2824,0.04908913709705942,0.0020727198034320056
2825,0.04908913709705942,0.0020727198034320056
2826,0.04908913709705942,0.0020727198034320056
2827,0.04908913709705942,0.0020727198034320056
2828,0.04908913709705942,0.0020727198034320056
2829,0.04908913709705942,0.0020727198034320056
2830,0.04908913709705942,0.0020727198034320056
2831,0.044238254658216514,0.0016751579905122625
2832,0.044238254658216514,0.0016751579905122625
2833,0.044238254658216514,0.0016751579905122625
2834,0.044238254658216514,0.0016751579905122625
2835,0.044238254658216514,0.0016751579905122625
2836,0.044238254658216514,0.0016751579905122625
2837,0.044238254658216514,0.0016751579905122625
2838,0.044238254658216514,0.0016751579905122625
2839,0.044238254658216514,0.0016751579905122625
2964,0.030365688867987517,9.633001452046327e-08
2970,0.03752235616043553,2.1258882548076902e-07
2976,0.058567193770031056,2.7221387254717215e-06
2979,0.18139959966315955,2.4061784567507606e-07
2982,0.22541901362025107,1.6279434052099087e-08
2984,0.07632665252653115,3.899673720706635e-05
2985,0.07632665252653115,3.899673720706635e-05
2992,0.009375547606291446,0.0009167872477927287
2993,0.009375547606291446,0.0009167872477927287
2994,0.009375547606291446,0.0009167872477927287
2995,0.009375547606291446,0.0009167872477927287
2996,0.009375547606291446,0.0009167872477927287
3042,0.00783419711270672,0.000767897276818601
3182,0.7799254866616734,0.0004983715767377748
3186,0.9837861622284142,0.002021940267702787
3187,0.7593501326313141,0.0009794765756737534
3210,0.9517891132284093,0.0006858769114512116
3215,0.45826363571352957,0.00019598091865841052
3216,0.8656276799162326,0.00040957440971754397
3226,0.8377548208073635,0.0006271479666004947
3252,0.5364867428560887,0.0032451394143010494
3253,0.31097104934386066,0.00551381037028157
3254,0.6792915313743895,0.002590343100266212
3274,0.4764384942417277,0.004669500076158552
3275,0.5231874502815244,0.0038599453285863665
3283,0.9646770917445054,0.0009426633991619551
3285,0.9654159318055245,0.0009423655785255509
3290,0.9802163190378921,0.00033133244380616515
3302,0.9126834566901643,0.00019907401994045232
3304,0.6211566904702119,0.0024544658906198932
3334,0.5407877529560428,0.002679021270524622
3335,0.46324560647949153,0.006579662685110777
3368,0.024309823347419268,0.001995003691474149
3405,0.0007745609003415588,0.0004820022110908575
3407,0.0007745609003415588,0.0004820022110908575
3413,3.4675225124569664e-06,4.195323253707397e-05
3415,3.4675225124569664e-06,4.195323253707397e-05
3466,0.0001998270310421546,0.00012703503606617647
3467,0.0001998270310421546,0.00012703503606617647
3468,0.0001998270310421546,0.00012703503606617647
3469,0.0001998270310421546,0.00012703503606617647
3470,0.0001998270310421546,0.00012703503606617647
3471,0.0001998270310421546,0.00012703503606617647
3490,0.3286564259803556,0.0028676476015941123
3491,0.3286564259803556,0.0028676476015941123
3492,0.3286564259803556,0.0028676476015941123
3493,0.3286564259803556,0.0028676476015941123
3494,0.3286564259803556,0.0028676476015941123
3495,0.3286564259803556,0.0028676476015941123
3496,0.3286564259803556,0.0028676476015941123
3497,0.3286564259803556,0.0028676476015941123
3498,0.3286564259803556,0.0028676476015941123
3499,0.3286564259803556,0.0028676476015941123
3500,0.3286564259803556,0.0028676476015941123
3632,0.0006207100104955732,0.0014104508333966006
3637,0.0006207100104955732,0.0014104508333966006
3662,0.0038260775109590917,0.0008004625010257045
3663,0.0008132541240877256,0.0005666974365579804
3664,0.009737544435841294,0.0005479462702369271
3665,0.019901577591663,0.000646073629634405
3666,0.0036078689731321445,9.676483752850428e-05
3667,0.02531721303257406,0.0010995644499134476
3668,0.037083902023415605,0.0010173469555837143
3669,0.0027864858590848085,0.00016072427345199358
3670,0.0015406907555811644,0.0014892420235212544
3671,0.015329330657688156,0.0007115636122115281
3672,0.004489539671617138,6.532672903187175e-05
3673,0.015080874389578058,0.0007100287746593676
3674,0.03026937774706595,0.0008812171578766407
3675,0.00770140066358127,0.0001790378988804093
3676,0.04803703311727858,0.0010169193225437745
3677,0.09138750572258114,0.001366321393864384
3678,0.0051171867362291845,0.0008919445607892436
3679,0.006243902179862704,0.00042621514768340996
3680,0.007211391536407374,0.0008216422978501343
3681,0.3038436558904334,0.0017237323724188427
3682,0.02263184907428495,0.0027444547412006377
3683,0.0822693055026027,0.0015431231632760806
3684,0.031648650147664714,0.004747451012430116
3685,0.039162410681478854,0.003008204600698998
3686,0.29630880536845605,0.0023361482196864146
3687,0.05159494129647624,0.0028854514989664817
3688,0.049223882953559284,0.00259653551055738
3689,0.05941548019213594,0.0008246927351769672
3690,0.14951278414168534,0.00261574982495639
3691,0.011701681937461905,0.0008419876096092006
3692,0.23959303038646973,0.001861800798426053
3723,4.240782179087965e-06,3.611956025418233e-05
3724,0.11140953897102923,0.0016792400934761247
3725,0.035488433835833666,9.069673885728663e-06
3726,0.0023277746241379127,0.0004796216681545564
3727,4.240782179087965e-06,3.611956025418233e-05
3728,0.11140953897102923,0.0016792400934761247
3729,0.035488433835833666,9.069673885728663e-06
3730,0.0023277746241379127,0.0004796216681545564
3731,4.240782179087965e-06,3.611956025418233e-05
3732,0.11140953897102923,0.0016792400934761247
3733,0.035488433835833666,9.069673885728663e-06
3734,0.0023277746241379127,0.0004796216681545564
3791,2.3577007302044706e-07,0.0036778903400548537
3792,0.0023381596989362485,0.0006215273662628805
3793,0.012317012104647307,0.015084430049870312
3794,0.030657893140513592,0.0038280236369245477
3795,0.03314970321289146,0.001638373254428168
3796,2.3577007302044706e-07,0.0036778903400548537
3797,0.0023381596989362485,0.0006215273662628805
3798,0.012317012104647307,0.015084430049870312
3799,0.030657893140513592,0.0038280236369245477
3800,0.03314970321289146,0.001638373254428168
3801,2.3577007302044706e-07,0.0036778903400548537
3802,0.0023381596989362485,0.0006215273662628805
3803,0.012317012104647307,0.015084430049870312
3804,0.030657893140513592,0.0038280236369245477
3805,0.03314970321289146,0.001638373254428168
3859,0.01825024785619722,0.0033693097714474745
3860,0.4526748302737805,0.0017755620830348772
3861,0.49374007394989217,0.000255574244441956
3862,0.3676949719473993,0.0021261160584309484
3867,0.01825024785619722,0.0033693097714474745
3868,0.4526748302737805,0.0017755620830348772
3869,0.49374007394989217,0.000255574244441956
3870,0.3676949719473993,0.0021261160584309484
3876,0.0010087152176836423,0.00149595129854861
3877,0.00416719700318291,0.0008494987125282497
3878,0.048287461228298856,0.008014868455694463
3879,0.09010589531077162,0.003135069629496841
3880,0.1588328877590922,0.0001936255860213545
3922,0.0005880377933937808,0.0002442741953838372
3923,0.0005880377933937808,0.0002442741953838372
3924,0.0005880377933937808,0.0002442741953838372
3925,0.0005880377933937808,0.0002442741953838372
3926,0.0005880377933937808,0.0002442741953838372
3927,0.0005880377933937808,0.0002442741953838372
3928,0.0005880377933937808,0.0002442741953838372
3929,0.0005880377933937808,0.0002442741953838372
3930,0.000752792993822915,0.0002467611440404305
3931,0.000752792993822915,0.0002467611440404305
3932,0.000752792993822915,0.0002467611440404305
3933,0.000752792993822915,0.0002467611440404305
3934,0.000752792993822915,0.0002467611440404305
3935,0.000752792993822915,0.0002467611440404305
3936,0.000752792993822915,0.0002467611440404305
3937,0.000752792993822915,0.0002467611440404305
3977,0.8594830678964671,0.00015635017658603115
3978,0.8594830678964671,0.00015635017658603115
3979,0.8594830678964671,0.00015635017658603115
3980,0.8594830678964671,0.00015635017658603115
3981,0.8594830678964671,0.00015635017658603115
3982,0.8594830678964671,0.00015635017658603115
3983,0.8594830678964671,0.00015635017658603115
3985,0.9922984045480134,1.3403868760449695e-05
3986,0.9922984045480134,1.3403868760449695e-05
3987,0.9922984045480134,1.3403868760449695e-05
3988,0.9922984045480134,1.3403868760449695e-05
3989,0.9922984045480134,1.3403868760449695e-05
3990,0.9922984045480134,1.3403868760449695e-05
3991,0.9922984045480134,1.3403868760449695e-05
3993,0.7962025355658622,0.00020875380991908265
3994,0.7962025355658622,0.00020875380991908265
3995,0.7962025355658622,0.00020875380991908265
3996,0.7962025355658622,0.00020875380991908265
3997,0.7962025355658622,0.00020875380991908265
3998,0.7962025355658622,0.00020875380991908265
3999,0.7962025355658622,0.00020875380991908265
4001,0.8583349227217478,0.00022191921431080272
4002,0.8583349227217478,0.00022191921431080272
4003,0.8583349227217478,0.00022191921431080272
4004,0.8583349227217478,0.00022191921431080272
4005,0.8583349227217478,0.00022191921431080272
4006,0.8583349227217478,0.00022191921431080272
4007,0.8583349227217478,0.00022191921431080272
4031,0.19007275362690867,0.00013114704996307694
4032,0.28987285032463217,0.00152901453473658
4037,0.19007275362690867,0.00013114704996307694
4038,0.28987285032463217,0.00152901453473658
4138,0.003957680305460065,0.00014408261238254096
4139,0.00477051013803198,0.00016959249341860902
4140,0.0038504207858351958,0.00021969402917030104
4141,0.003218288548351267,0.00015486044815016145
4142,0.0022004456925311944,0.00010986902275061721
4143,0.028576463215198022,0.0014964841425666574
4144,0.024925825180851957,0.00014074999217181488
4145,0.01575541529952773,0.0002686311342318102
4146,0.019053955949005386,0.0008521580214601128
4183,0.0035305085159755834,0.001049013812457816
4184,0.0035305085159755834,0.001049013812457816
4185,0.0035305085159755834,0.001049013812457816
4186,0.0035305085159755834,0.001049013812457816
4187,0.0035305085159755834,0.001049013812457816
4188,0.0035305085159755834,0.001049013812457816
4189,0.0035305085159755834,0.001049013812457816
4190,0.0035305085159755834,0.001049013812457816
4191,0.0035305085159755834,0.001049013812457816
4192,0.0035305085159755834,0.001049013812457816
4193,0.025840499982538456,0.0006685669290964671
4194,0.025840499982538456,0.0006685669290964671
4195,0.025840499982538456,0.0006685669290964671
4196,0.025840499982538456,0.0006685669290964671
4197,0.025840499982538456,0.0006685669290964671
4198,0.025840499982538456,0.0006685669290964671
4199,0.025840499982538456,0.0006685669290964671
4200,0.025840499982538456,0.0006685669290964671
4201,0.025840499982538456,0.0006685669290964671
4202,0.025840499982538456,0.0006685669290964671
4203,0.013918809523752906,0.0012367941139769453
4204,0.013918809523752906,0.0012367941139769453
4205,0.013918809523752906,0.0012367941139769453
4206,0.013918809523752906,0.0012367941139769453
4207,0.013918809523752906,0.0012367941139769453
4208,0.013918809523752906,0.0012367941139769453
4209,0.013918809523752906,0.0012367941139769453
4210,0.013918809523752906,0.0012367941139769453
4211,0.013918809523752906,0.0012367941139769453
4212,0.013918809523752906,0.0012367941139769453
4213,0.005926998527282845,0.0008044061454491021
4214,0.005926998527282845,0.0008044061454491021
4215,0.005926998527282845,0.0008044061454491021
4216,0.005926998527282845,0.0008044061454491021
4217,0.005926998527282845,0.0008044061454491021
4218,0.005926998527282845,0.0008044061454491021
4219,0.005926998527282845,0.0008044061454491021
4220,0.005926998527282845,0.0008044061454491021
4221,0.005926998527282845,0.0008044061454491021
4222,0.005926998527282845,0.0008044061454491021
4223,0.0016586807270650983,0.0007187972597418029
4224,0.0016586807270650983,0.0007187972597418029
4225,0.0016586807270650983,0.0007187972597418029
4226,0.0016586807270650983,0.0007187972597418029
4227,0.0016586807270650983,0.0007187972597418029
4228,0.0016586807270650983,0.0007187972597418029
4229,0.0016586807270650983,0.0007187972597418029
4230,0.0016586807270650983,0.0007187972597418029
4231,0.0016586807270650983,0.0007187972597418029
4232,0.0016586807270650983,0.0007187972597418029
4233,0.0035305085159755834,0.001049013812457816
4234,0.025840499982538456,0.0006685669290964671
4235,0.013918809523752906,0.0012367941139769453
4236,0.005926998527282845,0.0008044061454491021
4237,0.0016586807270650983,0.0007187972597418029
4238,0.0035305085159755834,0.001049013812457816
4239,0.025840499982538456,0.0006685669290964671
4240,0.013918809523752906,0.0012367941139769453
4241,0.005926998527282845,0.0008044061454491021
4242,0.0016586807270650983,0.0007187972597418029
4355,0.08293887999268235,0.002066791462087573
4356,0.08293887999268235,0.002066791462087573
4358,0.08293887999268235,0.002066791462087573
4359,0.08293887999268235,0.002066791462087573
4368,0.09691462541366125,0.0017796482496761998
4374,0.00020879988385436032,9.818498164302714e-05
4375,0.00020879988385436032,9.818498164302714e-05
4376,0.00020879988385436032,9.818498164302714e-05
4377,0.00020879988385436032,9.818498164302714e-05
4378,0.00020879988385436032,9.818498164302714e-05
4379,0.00020879988385436032,9.818498164302714e-05
4380,0.00020879988385436032,9.818498164302714e-05
4381,0.00020879988385436032,9.818498164302714e-05
4382,0.00020879988385436032,9.818498164302714e-05
4383,0.00020879988385436032,9.818498164302714e-05
4384,0.00020879988385436032,9.818498164302714e-05
4385,0.00020879988385436032,9.818498164302714e-05
4431,0.0007002671795478532,0.0002364006081342603
4432,0.0001961305460357332,0.00014870794975565594
4433,0.0003888507960247978,0.00024288578985831328
4434,0.0009566939210610137,0.0012317490176028591
4435,0.00018437848893548825,0.0001471777279261927
4436,0.0009666387128521858,0.00021003373432030344
4444,0.8047621382041232,1.28077670741013e-07
4445,0.8047621382041232,1.28077670741013e-07
4447,0.8047621382041232,1.28077670741013e-07
4448,0.8047621382041232,1.28077670741013e-07
4598,0.0001693392460929699,0.00017714459012597213
4599,0.000636456506987626,7.281532062383906e-05
4600,0.0008914260281425168,6.899608348302159e-05
4601,0.00022697786671743714,0.00012309810021368856
4602,0.00030868531597605386,0.00010003797656101617
4603,0.00060331740878794,4.452617043348083e-05
4604,0.00015691178930854477,0.0002148117006646865
4605,0.0003921746362968159,8.196886699859604e-05
4606,0.0007610148708363518,7.845587670339018e-05
4607,0.0003013714316000282,0.00015730875473671528
4625,0.0434936916765829,9.878329628536458e-07
4639,9.53668096936866e-07,4.213969995521051e-07
4647,9.53668096936866e-07,4.213969995521051e-07
4648,1.7916803510931167e-05,4.289860388034336e-06
4649,0.00021330801398788957,0.00013500487202367114
4650,0.00021330801398788957,0.00013500487202367114
4651,0.00021330801398788957,0.00013500487202367114
4652,0.00021330801398788957,0.00013500487202367114
4653,0.00021250457637778108,0.0001347779018063596
4654,0.00021250457637778108,0.0001347779018063596
4655,0.00021250457637778108,0.0001347779018063596
4656,0.00021250457637778108,0.0001347779018063596
4657,0.00022171129029280312,0.00012514581072551548
4658,0.00022171129029280312,0.00012514581072551548
4659,0.00022171129029280312,0.00012514581072551548
4660,0.00022171129029280312,0.00012514581072551548
4661,3.028717540098924e-07,3.585385029512508e-05
4684,0.017673146978254284,0.0002356579446016931
4685,0.028764072021383535,0.00028016238647143
4694,0.0011456433024933377,0.004208243033805469
4695,0.0011456433024933377,0.004208243033805469
4696,0.0011456433024933377,0.004208243033805469
4697,0.0011456433024933377,0.004208243033805469
4698,0.0011456433024933377,0.004208243033805469
4699,0.0011456433024933377,0.004208243033805469
4700,0.0011456433024933377,0.004208243033805469
4701,0.00040128372799208556,0.00817270805426272
4702,0.00040128372799208556,0.00817270805426272
4703,0.00040128372799208556,0.00817270805426272
4704,0.00040128372799208556,0.00817270805426272
4705,0.00040128372799208556,0.00817270805426272
4706,0.00040128372799208556,0.00817270805426272
4707,0.00040128372799208556,0.00817270805426272
4708,2.6297857911639078e-05,0.0022851620049623433
4709,0.3684485003036915,0.001980481165158563
4716,0.3684485003036915,0.001980481165158563
4717,0.3684485003036915,0.001980481165158563
4718,0.3684485003036915,0.001980481165158563
4719,0.3684485003036915,0.001980481165158563
4720,0.3684485003036915,0.001980481165158563
4721,0.3684485003036915,0.001980481165158563
4722,0.3684485003036915,0.001980481165158563
4723,0.3684485003036915,0.001980481165158563
4724,0.3684485003036915,0.001980481165158563
4727,4.620239646424551e-08,1.3229244148527533e-07
4730,0.0022873011779388497,4.008436655084319e-05
4777,0.007126616754690063,0.00015848820560605066
4813,0.026464811834035817,1.7783260336427535e-06
4814,0.026464811834035817,1.7783260336427535e-06
4815,0.026464811834035817,1.7783260336427535e-06
4816,0.026464811834035817,1.7783260336427535e-06
4817,0.026464811834035817,1.7783260336427535e-06
4820,0.08705800505530725,0.00010172109189970978
4821,0.08705800505530725,0.00010172109189970978
4822,0.08705800505530725,0.00010172109189970978
4823,0.08705800505530725,0.00010172109189970978
4824,0.08705800505530725,0.00010172109189970978
4827,0.13573447205214284,0.0005222122982219846
4828,0.13573447205214284,0.0005222122982219846
4829,0.13573447205214284,0.0005222122982219846
4830,0.13573447205214284,0.0005222122982219846
4831,0.13573447205214284,0.0005222122982219846
4834,0.07443059473514113,0.00011033541794915991
4835,0.07443059473514113,0.00011033541794915991
4836,0.07443059473514113,0.00011033541794915991
4837,0.07443059473514113,0.00011033541794915991
4838,0.07443059473514113,0.00011033541794915991
4841,0.16316991100102995,0.00018892576676096825
4842,0.16316991100102995,0.00018892576676096825
4843,0.16316991100102995,0.00018892576676096825
4844,0.16316991100102995,0.00018892576676096825
4845,0.16316991100102995,0.00018892576676096825
4848,0.10635068826734195,0.0003029385927171952
4849,0.10635068826734195,0.0003029385927171952
4850,0.10635068826734195,0.0003029385927171952
4851,0.10635068826734195,0.0003029385927171952
4852,0.10635068826734195,0.0003029385927171952
4879,0.00026920995172985407,0.0002837020016628806
4880,0.00026920995172985407,0.0002837020016628806
4882,0.00026920995172985407,0.0002837020016628806
4883,0.00026920995172985407,0.0002837020016628806
4884,0.00026920995172985407,0.0002837020016628806
4887,0.00026920995172985407,0.0002837020016628806
4888,0.00026920995172985407,0.0002837020016628806
4890,0.006151730347163209,0.001994135819126436
4958,0.00019493589523955634,0.00013647640392617914
4959,8.992677251939973e-05,5.8119171185031133e-05
4960,8.992677251939973e-05,5.8119171185031133e-05
4961,8.992677251939973e-05,5.8119171185031133e-05
4962,8.992677251939973e-05,5.8119171185031133e-05
4963,8.992677251939973e-05,5.8119171185031133e-05
4964,8.992677251939973e-05,5.8119171185031133e-05
4965,8.992677251939973e-05,5.8119171185031133e-05
4966,8.992677251939973e-05,5.8119171185031133e-05
4967,8.992677251939973e-05,5.8119171185031133e-05
4968,8.992677251939973e-05,5.8119171185031133e-05
4969,8.992677251939973e-05,5.8119171185031133e-05
4970,8.992677251939973e-05,5.8119171185031133e-05
4971,8.992677251939973e-05,5.8119171185031133e-05
4972,8.992677251939973e-05,5.8119171185031133e-05
4973,0.0013077391062136234,0.0005974311972155259
4975,0.0013077391062136234,0.0005974311972155259
4976,0.0013077391062136234,0.0005974311972155259
4977,0.0013077391062136234,0.0005974311972155259
4980,0.0013077391062136234,0.0005974311972155259
4982,0.0013077391062136234,0.0005974311972155259
4996,0.0015107312226816383,0.0021140922513714303
4997,0.003456751124968016,0.002658273568230932
4998,0.0026462476290125547,0.0028442364600262428
4999,0.00029020438757509925,0.00042944976185327983
5000,7.1698637998940384e-06,4.55772952894719e-05
5001,0.0015107312226816383,0.0021140922513714303
5002,0.003456751124968016,0.002658273568230932
5003,0.0026462476290125547,0.0028442364600262428
5004,0.00029020438757509925,0.00042944976185327983
5005,7.1698637998940384e-06,4.55772952894719e-05
5040,0.0023868623336307238,0.0019707819708126486
5043,0.0023868623336307238,0.0019707819708126486
5046,0.0023868623336307238,0.0019707819708126486
5074,0.3761795466341096,2.9864126830073134e-05
5143,0.4125100987123931,3.2826734957267043e-06
5211,0.1389349076225972,0.0001271901477736129
5280,0.0011898425127633283,8.176020649122142e-05
5281,0.0011898425127633283,8.176020649122142e-05
5282,0.0011898425127633283,8.176020649122142e-05
5283,0.0011898425127633283,8.176020649122142e-05
5284,0.0011898425127633283,8.176020649122142e-05
5285,0.0011898425127633283,8.176020649122142e-05
5286,0.0011898425127633283,8.176020649122142e-05
5287,0.0011898425127633283,8.176020649122142e-05
5288,0.0011898425127633283,8.176020649122142e-05
5289,0.0011898425127633283,8.176020649122142e-05
5290,0.0011898425127633283,8.176020649122142e-05
5291,0.0011898425127633283,8.176020649122142e-05
5292,0.0011898425127633283,8.176020649122142e-05
5293,0.0011898425127633283,8.176020649122142e-05
5294,0.0011898425127633283,8.176020649122142e-05
5358,0.01555225490703227,6.457739821909801e-05
5359,0.01555225490703227,6.457739821909801e-05
5360,0.01555225490703227,6.457739821909801e-05
5361,0.01555225490703227,6.457739821909801e-05
5362,0.01555225490703227,6.457739821909801e-05
5363,0.01555225490703227,6.457739821909801e-05
5364,0.01555225490703227,6.457739821909801e-05
5365,0.01555225490703227,6.457739821909801e-05
5366,0.01555225490703227,6.457739821909801e-05
5367,0.01555225490703227,6.457739821909801e-05
5368,0.025187627739647445,3.281122907566289e-07
5369,0.025187627739647445,3.281122907566289e-07
5370,0.025187627739647445,3.281122907566289e-07
5371,0.025187627739647445,3.281122907566289e-07
5372,0.025187627739647445,3.281122907566289e-07
5373,0.025187627739647445,3.281122907566289e-07
5449,0.041786801035298304,3.891074725854228e-05
5450,0.041786801035298304,3.891074725854228e-05
5451,0.041786801035298304,3.891074725854228e-05
5452,0.041786801035298304,3.891074725854228e-05
5453,0.041786801035298304,3.891074725854228e-05
5454,0.041786801035298304,3.891074725854228e-05
5455,0.041786801035298304,3.891074725854228e-05
5456,0.041786801035298304,3.891074725854228e-05
5457,0.041786801035298304,3.891074725854228e-05
5458,0.041786801035298304,3.891074725854228e-05
5459,0.041786801035298304,3.891074725854228e-05
5460,0.041786801035298304,3.891074725854228e-05
5461,0.041786801035298304,3.891074725854228e-05
5462,0.041786801035298304,3.891074725854228e-05
5463,0.439957808983508,3.076781610597692e-05
5464,0.439957808983508,3.076781610597692e-05
5465,0.439957808983508,3.076781610597692e-05
5466,0.439957808983508,3.076781610597692e-05
5467,0.439957808983508,3.076781610597692e-05
5468,0.439957808983508,3.076781610597692e-05
5469,0.439957808983508,3.076781610597692e-05
5470,0.439957808983508,3.076781610597692e-05
5471,0.439957808983508,3.076781610597692e-05
5472,0.439957808983508,3.076781610597692e-05
5473,0.439957808983508,3.076781610597692e-05
5474,0.439957808983508,3.076781610597692e-05
5475,0.439957808983508,3.076781610597692e-05
5476,0.439957808983508,3.076781610597692e-05
5515,1.5175429268765583e-07,9.025139151002063e-09
5577,0.0005081507308442035,0.0010881670910750253
5578,0.0005081507308442035,0.0010881670910750253
5579,0.0005081507308442035,0.0010881670910750253
5599,0.6107767106758522,0.0003353336070330069
5600,0.5924134962113804,0.0002182997911119337
5601,0.17477701804038204,0.000701288569293545
5602,0.6484865356895292,0.00033594647355946264
5603,0.49622900419300975,0.00034325016118681847
5604,0.1826628429644752,0.0007003817109534627
5605,0.5314057111972914,0.00036743389172262187
5606,0.6383400631827797,0.0002500889808273411
5607,0.21004981968012282,0.000766099804186778
5608,0.23509852536389775,0.0005653150939322277
5609,0.6107767106758522,0.0003353336070330069
5610,0.5924134962113804,0.0002182997911119337
5611,0.17477701804038204,0.000701288569293545
5612,0.6484865356895292,0.00033594647355946264
5613,0.49622900419300975,0.00034325016118681847
5614,0.1826628429644752,0.0007003817109534627
5615,0.5314057111972914,0.00036743389172262187
5616,0.6383400631827797,0.0002500889808273411
5617,0.21004981968012282,0.000766099804186778
5618,0.23509852536389775,0.0005653150939322277
5619,0.6107767106758522,0.0003353336070330069
5620,0.5924134962113804,0.0002182997911119337
5621,0.17477701804038204,0.000701288569293545
5622,0.6484865356895292,0.00033594647355946264
5623,0.49622900419300975,0.00034325016118681847
5624,0.1826628429644752,0.0007003817109534627
5625,0.5314057111972914,0.00036743389172262187
5626,0.6383400631827797,0.0002500889808273411
5627,0.21004981968012282,0.000766099804186778
5628,0.23509852536389775,0.0005653150939322277
5629,0.6107767106758522,0.0003353336070330069
5630,0.5924134962113804,0.0002182997911119337
5631,0.17477701804038204,0.000701288569293545
5632,0.6484865356895292,0.00033594647355946264
5633,0.49622900419300975,0.00034325016118681847
5634,0.1826628429644752,0.0007003817109534627
5635,0.5314057111972914,0.00036743389172262187
5636,0.6383400631827797,0.0002500889808273411
5637,0.21004981968012282,0.000766099804186778
5638,0.23509852536389775,0.0005653150939322277
5662,0.017961889291494226,0.0011969537474549718
5663,6.493555875664025e-05,3.662048134933703e-05
5664,0.2589186305600093,0.002701310698115517
5665,0.2597860853851234,0.002701310698115517
5672,0.7058539047343031,0.0009220413882406768
5673,0.7159852299031243,0.0008837622288006318
5678,0.7170790424178469,0.00024317922712766308
5682,0.6971176073781459,0.00047818019844732013
5684,0.7022904159471963,0.0006072363481290461
5685,0.7085786740361598,0.0006795723338282583
5686,0.6740069455558848,0.0010875758627888763
5687,0.5379469923055992,0.001410191123543101
5689,0.6887782042382578,0.0005299804208320014
5691,0.6718969038836619,0.000917497393856344
5693,0.6093960475538047,0.0005237545123143459
5694,0.4965571004474846,0.0005791570725112325
5697,0.645822067840899,0.00021380570802713396
5699,0.5383262443612613,0.00042089966868727935
5700,0.7831733315460166,0.0013460596133675583
5701,0.6976407769663687,0.00025329928001622875
5702,0.36522617137885005,0.0006898055354699903
5743,0.02784042174442314,1.419716386140925e-05
5745,0.02784042174442314,1.419716386140925e-05
5746,0.02784042174442314,1.419716386140925e-05
5747,0.02784042174442314,1.419716386140925e-05
5748,0.02784042174442314,1.419716386140925e-05
5749,0.02784042174442314,1.419716386140925e-05
5750,0.02784042174442314,1.419716386140925e-05
5751,0.02784042174442314,1.419716386140925e-05
5752,0.02784042174442314,1.419716386140925e-05
5753,0.02784042174442314,1.419716386140925e-05
5754,0.02784042174442314,1.419716386140925e-05
5756,0.02784042174442314,1.419716386140925e-05
5757,0.02784042174442314,1.419716386140925e-05
5758,0.02784042174442314,1.419716386140925e-05
5759,0.02784042174442314,1.419716386140925e-05
5760,0.02784042174442314,1.419716386140925e-05
5761,0.02784042174442314,1.419716386140925e-05
5762,0.02784042174442314,1.419716386140925e-05
5763,0.02784042174442314,1.419716386140925e-05
5764,0.04089461011756168,0.00136735459319374
5765,0.04089461011756168,0.00136735459319374
5766,0.04089461011756168,0.00136735459319374
5767,0.04089461011756168,0.00136735459319374
5768,0.04089461011756168,0.00136735459319374
5769,0.04089461011756168,0.00136735459319374
5770,0.04089461011756168,0.00136735459319374
5783,0.0013861116072991786,1.7895870239762925e-07
5785,0.0013861116072991786,1.7895870239762925e-07
5787,0.0013861116072991786,1.7895870239762925e-07
5788,0.0013861116072991786,1.7895870239762925e-07
5790,0.06130499681312873,0.0001615249278446246
5792,0.06130499681312873,0.0001615249278446246
5794,0.06130499681312873,0.0001615249278446246
5795,0.06130499681312873,0.0001615249278446246
5797,0.0017331416049191084,8.304059906350729e-05
5799,0.0017331416049191084,8.304059906350729e-05
5801,0.0017331416049191084,8.304059906350729e-05
5803,0.004510626062083523,0.00016286543870298008
5805,0.004510626062083523,0.00016286543870298008
5807,0.004510626062083523,0.00016286543870298008
5857,1.3811187027368277e-07,2.0796357666467307e-05
5858,1.3811187027368277e-07,2.0796357666467307e-05
5859,1.3811187027368277e-07,2.0796357666467307e-05
5860,1.3811187027368277e-07,2.0796357666467307e-05
5861,1.3811187027368277e-07,2.0796357666467307e-05
5862,1.3811187027368277e-07,2.0796357666467307e-05
5863,1.3811187027368277e-07,2.0796357666467307e-05
5864,1.3811187027368277e-07,2.0796357666467307e-05
5875,8.294386349305682e-06,1.5148804393314854e-05
5876,8.294386349305682e-06,1.5148804393314854e-05
5877,8.294386349305682e-06,1.5148804393314854e-05
5878,8.294386349305682e-06,1.5148804393314854e-05
5879,8.294386349305682e-06,1.5148804393314854e-05
5880,8.294386349305682e-06,1.5148804393314854e-05
5881,8.294386349305682e-06,1.5148804393314854e-05
5882,8.294386349305682e-06,1.5148804393314854e-05
5883,8.294386349305682e-06,1.5148804393314854e-05
5884,8.294386349305682e-06,1.5148804393314854e-05
5892,0.2563545982375607,3.0064536738149425e-05
5893,0.2563545982375607,3.0064536738149425e-05
5894,0.2563545982375607,3.0064536738149425e-05
5895,0.2563545982375607,3.0064536738149425e-05
5896,0.2563545982375607,3.0064536738149425e-05
5897,0.2563545982375607,3.0064536738149425e-05
5911,0.19826894113859128,0.0016739167653766675
5933,0.029933212985514213,2.9479431372632012e-05
5934,0.029933212985514213,2.9479431372632012e-05
5935,0.029933212985514213,2.9479431372632012e-05
5936,0.029933212985514213,2.9479431372632012e-05
5937,0.029933212985514213,2.9479431372632012e-05
5938,0.029933212985514213,2.9479431372632012e-05
5939,0.029933212985514213,2.9479431372632012e-05
5940,0.029933212985514213,2.9479431372632012e-05
5941,0.029933212985514213,2.9479431372632012e-05
5942,0.029933212985514213,2.9479431372632012e-05
5943,0.029933212985514213,2.9479431372632012e-05
5944,0.029933212985514213,2.9479431372632012e-05
5945,0.029933212985514213,2.9479431372632012e-05
5946,0.39437874205004675,0.00059906598758349
5947,0.39437874205004675,0.00059906598758349
5948,0.39437874205004675,0.00059906598758349
5949,0.39437874205004675,0.00059906598758349
5950,0.39437874205004675,0.00059906598758349
5951,0.39437874205004675,0.00059906598758349
5952,0.39437874205004675,0.00059906598758349
5953,0.39437874205004675,0.00059906598758349
5954,0.39437874205004675,0.00059906598758349
5955,0.39437874205004675,0.00059906598758349
5956,0.39437874205004675,0.00059906598758349
5957,0.4321435167008153,0.0006943115414905906
5958,0.4321435167008153,0.0006943115414905906
5959,0.4321435167008153,0.0006943115414905906
5960,0.4321435167008153,0.0006943115414905906
5961,0.4321435167008153,0.0006943115414905906
5962,0.4321435167008153,0.0006943115414905906
5963,0.4321435167008153,0.0006943115414905906
5964,0.4321435167008153,0.0006943115414905906
5965,0.4321435167008153,0.0006943115414905906
5966,0.4321435167008153,0.0006943115414905906
5967,0.4321435167008153,0.0006943115414905906
5968,0.3528025656687219,0.001768857676974437
5969,0.3528025656687219,0.001768857676974437
5970,0.3528025656687219,0.001768857676974437
5971,0.3528025656687219,0.001768857676974437
5972,0.3528025656687219,0.001768857676974437
5973,0.3528025656687219,0.001768857676974437
5974,0.3528025656687219,0.001768857676974437
5975,0.3528025656687219,0.001768857676974437
5976,0.3528025656687219,0.001768857676974437
5977,0.3528025656687219,0.001768857676974437
5978,0.3528025656687219,0.001768857676974437
6040,0.04780900462006743,0.0012798844094557525
6041,0.04780900462006743,0.0012798844094557525
6042,0.04780900462006743,0.0012798844094557525
6043,0.04780900462006743,0.0012798844094557525
6044,0.04780900462006743,0.0012798844094557525
6045,0.04780900462006743,0.0012798844094557525
6046,0.35227041251503877,0.0026953409641335534
6047,0.35227041251503877,0.0026953409641335534
6048,0.35227041251503877,0.0026953409641335534
6049,0.35227041251503877,0.0026953409641335534
6050,0.35227041251503877,0.0026953409641335534
6051,0.35227041251503877,0.0026953409641335534
6052,0.35227041251503877,0.0026953409641335534
6053,0.35227041251503877,0.0026953409641335534
6054,0.35227041251503877,0.0026953409641335534
6055,0.35227041251503877,0.0026953409641335534
6056,0.35227041251503877,0.0026953409641335534
6057,0.35227041251503877,0.0026953409641335534
6058,0.35227041251503877,0.0026953409641335534
6059,0.35227041251503877,0.0026953409641335534
6060,0.35227041251503877,0.0026953409641335534
6061,0.35227041251503877,0.0026953409641335534
6062,0.35227041251503877,0.0026953409641335534
6063,0.35227041251503877,0.0026953409641335534
6064,0.35227041251503877,0.0026953409641335534
6065,0.35227041251503877,0.0026953409641335534
6066,0.35227041251503877,0.0026953409641335534
6067,0.35227041251503877,0.0026953409641335534
6121,0.276954268964389,0.0012147090374709409
6123,0.3081548014588975,0.0011911051269497819
6125,0.37125755670348204,0.0012511354904746023
6127,0.15650009342848759,0.0016522042420445537
6206,0.018912443324126005,0.006081133415762399
6207,0.05754762408941827,0.006962395434878074
6208,0.036005761681616844,0.008060442708739724
6209,0.10591442484957614,0.007784612881426952
6210,0.018912443324126005,0.006081133415762399
6211,0.05754762408941827,0.006962395434878074
6212,0.036005761681616844,0.008060442708739724
6213,0.10591442484957614,0.007784612881426952
6214,0.009428250319607145,0.0014530327923188407
6215,0.009534548581945468,0.001964167794700709
6216,0.009428250319607145,0.0014530327923188407
6217,0.009534548581945468,0.001964167794700709
6218,0.00014761591363710025,0.014672761097768543
6219,0.0014651372644320926,0.010282733337077622
6220,0.0007104689031349753,0.0048407353552160845
6221,0.0017046996149634452,0.010412948119308409
6222,0.00014761591363710025,0.014672761097768543
6223,0.0014651372644320926,0.010282733337077622
6224,0.0007104689031349753,0.0048407353552160845
6225,0.0017046996149634452,0.010412948119308409
6226,0.00014761591363710025,0.014672761097768543
6227,0.0014651372644320926,0.010282733337077622
6228,0.0007104689031349753,0.0048407353552160845
6229,0.0017046996149634452,0.010412948119308409
6230,0.00014761591363710025,0.014672761097768543
6231,0.0014651372644320926,0.010282733337077622
6232,0.0007104689031349753,0.0048407353552160845
6233,0.0017046996149634452,0.010412948119308409
6248,0.017028601800799015,0.000375572420883001
6249,0.01392494868834493,0.00035097766016347265
6259,0.00025434257524481474,0.0003970286934363563
6260,0.00461439450446377,0.0003570066751272011
6261,0.00025434257524481474,0.0003970286934363563
6262,0.00461439450446377,0.0003570066751272011
6263,0.00025434257524481474,0.0003970286934363563
6264,0.00461439450446377,0.0003570066751272011
6265,0.00025434257524481474,0.0003970286934363563
6266,0.00461439450446377,0.0003570066751272011
6267,0.00025434257524481474,0.0003970286934363563
6268,0.00461439450446377,0.0003570066751272011
6270,0.01706236046617038,0.0016238153564045333
6271,0.03156879926289602,0.0014892326716459073
6272,0.21596834910172336,0.001484535362280704
6273,0.02951291318209004,0.0022106646894030687
6278,0.004390388167865744,0.001336325958345935
6279,0.017565469725408178,0.0043680583441638755
6280,0.004390388167865744,0.001336325958345935
6281,0.017565469725408178,0.0043680583441638755
6282,0.01375531065206903,0.00040288341038158173
6283,0.03722222467240599,0.0006590402318596205
6284,0.01375531065206903,0.00040288341038158173
6285,0.03722222467240599,0.0006590402318596205
6286,0.11295207612287206,0.0005238633747703565
6287,0.0492225225084425,0.001042255622771264
6288,0.044216857113101415,0.0073239287243636875
6289,0.040239280823471946,0.007673290120658913
6290,0.03965052604282049,0.007572747943697871
6291,0.039581082075002993,0.007662171132375373
6292,0.043245818972694194,0.007624319847787504
6293,0.018253797222289037,0.007044213244854918
6294,0.044216857113101415,0.0073239287243636875
6295,0.040239280823471946,0.007673290120658913
6296,0.03965052604282049,0.007572747943697871
6297,0.039581082075002993,0.007662171132375373
6298,0.043245818972694194,0.007624319847787504
6299,0.018253797222289037,0.007044213244854918
6306,0.01405214649492259,0.011720403896986857
6307,0.01557804115670458,0.017914138736512118
6308,0.155512846558854,0.0017695285541831397
6309,0.07233863555750275,0.007828438160313367
6310,0.32991054392335173,0.0053887776804933014
6311,0.1686239239771331,0.01274087130003089
6312,0.01405214649492259,0.011720403896986857
6313,0.01557804115670458,0.017914138736512118
6314,0.155512846558854,0.0017695285541831397
6315,0.07233863555750275,0.007828438160313367
6316,0.32991054392335173,0.0053887776804933014
6317,0.1686239239771331,0.01274087130003089
6318,0.01405214649492259,0.011720403896986857
6319,0.01557804115670458,0.017914138736512118
6320,0.155512846558854,0.0017695285541831397
6321,0.07233863555750275,0.007828438160313367
6351,0.0026634818188876475,0.0008260361948021827
6352,0.09370647627320294,0.0034970852010421903
6353,0.0026634818188876475,0.0008260361948021827
6354,0.09370647627320294,0.0034970852010421903
6355,0.0026634818188876475,0.0008260361948021827
6356,0.0026634818188876475,0.0008260361948021827
6357,0.0026634818188876475,0.0008260361948021827
6358,0.0026634818188876475,0.0008260361948021827
6359,0.0026634818188876475,0.0008260361948021827
6360,0.0026634818188876475,0.0008260361948021827
6361,0.0026634818188876475,0.0008260361948021827
6362,0.0026634818188876475,0.0008260361948021827
6363,0.0026634818188876475,0.0008260361948021827
6364,0.0026634818188876475,0.0008260361948021827
6365,0.0026634818188876475,0.0008260361948021827
6366,0.0026634818188876475,0.0008260361948021827
6367,0.0026634818188876475,0.0008260361948021827
6368,0.09370647627320294,0.0034970852010421903
6369,0.09370647627320294,0.0034970852010421903
6370,0.09370647627320294,0.0034970852010421903
6371,0.09370647627320294,0.0034970852010421903
6372,0.09370647627320294,0.0034970852010421903
6373,0.09370647627320294,0.0034970852010421903
6374,0.09370647627320294,0.0034970852010421903
6375,0.09370647627320294,0.0034970852010421903
6376,0.09370647627320294,0.0034970852010421903
6377,0.09370647627320294,0.0034970852010421903
6378,0.09370647627320294,0.0034970852010421903
6379,0.09370647627320294,0.0034970852010421903
6380,0.10965911864720057,0.0026983172335628344
6381,0.10965911864720057,0.0026983172335628344
6382,0.10965911864720057,0.0026983172335628344
6383,0.10965911864720057,0.0026983172335628344
6384,0.10965911864720057,0.0026983172335628344
6385,0.10965911864720057,0.0026983172335628344
6401,0.0021828283496069245,0.00045874725701958424
6402,0.0021828283496069245,0.00045874725701958424
6403,0.0021828283496069245,0.00045874725701958424
6404,0.0021828283496069245,0.00045874725701958424
6405,0.0021828283496069245,0.00045874725701958424
6406,0.0021828283496069245,0.00045874725701958424
6407,0.0016527050195118687,0.0005266403242638138
6408,0.0016527050195118687,0.0005266403242638138
6409,0.0016527050195118687,0.0005266403242638138
6410,0.0016527050195118687,0.0005266403242638138
6411,0.0016527050195118687,0.0005266403242638138
6412,0.0016527050195118687,0.0005266403242638138
6416,0.006533377091254788,0.002467598173834691
6417,0.006533377091254788,0.002467598173834691
6418,0.006533377091254788,0.002467598173834691
6419,0.006533377091254788,0.002467598173834691
6421,0.002691293536567829,0.00111045029954953
6422,0.002691293536567829,0.00111045029954953
6423,0.002691293536567829,0.00111045029954953
6424,0.002691293536567829,0.00111045029954953
6426,0.1713940553660972,0.004902073247083069
6427,0.1713940553660972,0.004902073247083069
6428,0.1713940553660972,0.004902073247083069
6429,0.1713940553660972,0.004902073247083069
6430,0.006533377091254788,0.002467598173834691
6431,0.002691293536567829,0.00111045029954953
6432,0.1713940553660972,0.004902073247083069
6440,0.0009525340968323803,2.790992577101801e-06
6445,0.0043106097055714,1.0820963066971116e-06
6446,0.03605002926482903,0.0003206982657383609
6447,0.2402183642536595,0.0005244049737400244
6448,0.2543891226964543,0.014926421358080331
6459,0.0021116260777377382,0.0023778554959215034
6460,0.0021116260777377382,0.0023778554959215034
6461,0.0021116260777377382,0.0023778554959215034
6462,0.004306341652562828,0.0027726692924140584
6463,0.004306341652562828,0.0027726692924140584
6464,0.004306341652562828,0.0027726692924140584
6465,0.01706633532332591,0.0009254870172677445
6466,0.01706633532332591,0.0009254870172677445
6467,0.01706633532332591,0.0009254870172677445
6468,0.1218007403832263,0.0007988970299399392
6469,0.1218007403832263,0.0007988970299399392
6470,0.1218007403832263,0.0007988970299399392
6476,0.0001348785203367786,0.004295669400694691
6477,0.02976271421482435,0.0076113928274281345
6478,0.004130951996389576,0.010083356660678687
6479,0.00011531822430999039,0.009682504641325612
6480,0.0046277772899573355,0.006392845004566921
6481,0.00015253573289963906,0.00018984004162890208
6482,0.0046277772899573355,0.006392845004566921
6483,0.00015253573289963906,0.00018984004162890208
6487,0.39025972652513785,6.3632488151977e-06
6500,0.09296722507080124,0.00935136239116743
6501,0.12622710494964018,0.003646082812323797
6502,0.09296722507080124,0.00935136239116743
6503,0.12622710494964018,0.003646082812323797
6504,2.5430272484694427e-05,7.230672416147271e-05
6505,0.005764990933157632,0.0026424399417902134
6506,0.12738061389450916,0.0024416884347003946
6507,0.03583814326590162,0.0017410364463100129
6508,0.00037465799081726203,0.0005490236115839103
6509,0.00037465799081726203,0.0005490236115839103
6510,2.5430272484694427e-05,7.230672416147271e-05
6511,0.005764990933157632,0.0026424399417902134
6512,0.12738061389450916,0.0024416884347003946
6513,0.03583814326590162,0.0017410364463100129
6526,0.0845091475241937,0.005123128582922257
6536,4.890836600046633e-05,0.006451364874557292
6537,7.521497915252695e-05,0.006386000267218594
6538,4.792854497814858e-05,0.0063501086109427896
6539,7.420385769585369e-05,0.006413585110012682
6540,0.186794841791044,0.0026890589060553187
6541,0.023093436880540996,0.0007386735754078711
6542,0.18196702484406968,0.0030352147811865283
6543,0.14492069804259566,0.0024915946826133597
6548,0.011155911650633454,0.0015870433452973044
6549,0.03835767769514542,0.002171456086422467
6550,0.011155911650633454,0.0015870433452973044
6551,0.03835767769514542,0.002171456086422467
6552,0.0008483882520566866,0.00615381136134498
6553,0.0039378613746914315,0.0006642828961272501
6554,0.037640689106878567,0.0030672475241443776
6555,0.0008483882520566866,0.00615381136134498
6556,0.0039378613746914315,0.0006642828961272501
6557,0.037640689106878567,0.0030672475241443776
6558,0.0008483882520566866,0.00615381136134498
6559,0.0039378613746914315,0.0006642828961272501
6560,0.037640689106878567,0.0030672475241443776
6561,0.0008483882520566866,0.00615381136134498
6562,0.0039378613746914315,0.0006642828961272501
6563,0.037640689106878567,0.0030672475241443776
6564,0.0001026709887514965,0.0018935025770574765
6565,0.00510934430777743,0.0027225454160864707
6566,0.0021565123398072927,0.0033503722438853224
6567,0.0001026709887514965,0.0018935025770574765
6568,0.00510934430777743,0.0027225454160864707
6569,0.0021565123398072927,0.0033503722438853224
6571,0.01589021807455382,4.494971346795634e-05
6590,0.02629815782792555,0.004148410009685546
6591,0.02629815782792555,0.004148410009685546
6614,0.0002430805784253698,0.004808356768765974
6621,0.05554378307890184,0.0026265563366424643
6622,0.05554378307890184,0.0026265563366424643
6623,0.05554378307890184,0.0026265563366424643
6624,0.05554378307890184,0.0026265563366424643
6625,0.005322099942792424,0.00675735778312565
6627,0.005322099942792424,0.00675735778312565
6628,0.005322099942792424,0.00675735778312565
6629,0.005322099942792424,0.00675735778312565
6630,0.008197602323362085,0.0059022243417534495
6632,0.008197602323362085,0.0059022243417534495
6633,0.008197602323362085,0.0059022243417534495
6634,0.008197602323362085,0.0059022243417534495
6635,0.0013030292703680724,0.0011613372441998723
6636,0.023398219569324086,0.0026860675894369215
6637,0.05447933534136995,0.006954051776167487
6638,0.08013243454791175,0.01102651900021439
6639,0.000318910293723329,0.013156260871106815
6640,0.0013030292703680724,0.0011613372441998723
6641,0.023398219569324086,0.0026860675894369215
6642,0.05447933534136995,0.006954051776167487
6643,0.08013243454791175,0.01102651900021439
6644,0.000318910293723329,0.013156260871106815
6645,0.0013030292703680724,0.0011613372441998723
6646,0.023398219569324086,0.0026860675894369215
6647,0.05447933534136995,0.006954051776167487
6648,0.08013243454791175,0.01102651900021439
6649,0.000318910293723329,0.013156260871106815
6650,0.0013030292703680724,0.0011613372441998723
6651,0.023398219569324086,0.0026860675894369215
6652,0.05447933534136995,0.006954051776167487
6653,0.08013243454791175,0.01102651900021439
6654,0.000318910293723329,0.013156260871106815
6655,0.0013030292703680724,0.0011613372441998723
6656,0.023398219569324086,0.0026860675894369215
6657,0.05447933534136995,0.006954051776167487
6658,0.08013243454791175,0.01102651900021439
6659,0.000318910293723329,0.013156260871106815
6662,0.00158855409419556,0.00022237570059941954
6663,0.00158855409419556,0.00022237570059941954
6664,0.00158855409419556,0.00022237570059941954
6665,0.00158855409419556,0.00022237570059941954
6666,0.00158855409419556,0.00022237570059941954
6667,0.0014250337710651761,0.0012652326126076571
6668,0.0014250337710651761,0.0012652326126076571
6669,0.0014250337710651761,0.0012652326126076571
6670,0.0014250337710651761,0.0012652326126076571
6671,0.0014250337710651761,0.0012652326126076571
6672,0.04207870576644235,0.00013066868132188434
6673,0.04207870576644235,0.00013066868132188434
6674,0.04207870576644235,0.00013066868132188434
6675,0.04207870576644235,0.00013066868132188434
6676,0.04207870576644235,0.00013066868132188434
6677,0.07490699038448867,0.001448770381529645
6678,0.07490699038448867,0.001448770381529645
6679,0.07490699038448867,0.001448770381529645
6680,0.07490699038448867,0.001448770381529645
6681,0.07490699038448867,0.001448770381529645
6682,0.00158855409419556,0.00022237570059941954
6683,0.0014250337710651761,0.0012652326126076571
6684,0.04207870576644235,0.00013066868132188434
6685,0.07490699038448867,0.001448770381529645
6686,0.00158855409419556,0.00022237570059941954
6687,0.0014250337710651761,0.0012652326126076571
6688,0.04207870576644235,0.00013066868132188434
6689,0.07490699038448867,0.001448770381529645
6704,0.10339994438068345,0.0019536252631613734
6705,0.26256094721384193,0.0019362698475340022
6706,0.12349988938353229,0.0024102626717444915
6707,0.10339994438068345,0.0019536252631613734
6708,0.26256094721384193,0.0019362698475340022
6709,0.12349988938353229,0.0024102626717444915
6713,0.00021202261035424552,0.015238595100427743
6714,0.00021202261035424552,0.015238595100427743
6716,0.00021202261035424552,0.015238595100427743
6717,0.00021166159125907136,0.015090169834209945
6718,0.00021166159125907136,0.015090169834209945
6720,0.00021166159125907136,0.015090169834209945
6729,0.0025937623133950316,0.0003715366017426093
6731,0.0025937623133950316,0.0003715366017426093
6732,4.55709607954935e-05,0.00012231128366062619
6733,4.55709607954935e-05,0.00012231128366062619
6738,0.03514208854060974,0.005466787355315982
6739,0.00234566643971601,0.01455183662024409
6740,0.001400356592840546,0.0012067406322795373
6741,0.03514208854060974,0.005466787355315982
6742,0.00234566643971601,0.01455183662024409
6743,0.001400356592840546,0.0012067406322795373
6747,0.0003122354176076092,0.00471724034526607
6748,7.276811242240555e-05,0.005537736206692272
6749,0.0003122354176076092,0.00471724034526607
6750,7.276811242240555e-05,0.005537736206692272
6751,0.00018728659940769887,0.0012491567877005397
6752,0.00018728659940769887,0.0012491567877005397
6753,0.00018728659940769887,0.0012491567877005397
6754,0.00018728659940769887,0.0012491567877005397
6755,0.00018728659940769887,0.0012491567877005397
6756,0.00018728659940769887,0.0012491567877005397
6757,0.00018728659940769887,0.0012491567877005397
6758,9.445974319555184e-05,0.0009498566653289272
6759,9.445974319555184e-05,0.0009498566653289272
6760,9.445974319555184e-05,0.0009498566653289272
6761,9.445974319555184e-05,0.0009498566653289272
6762,9.445974319555184e-05,0.0009498566653289272
6763,9.445974319555184e-05,0.0009498566653289272
6764,9.445974319555184e-05,0.0009498566653289272
6765,0.0015680201699973528,0.00044601209735572024
6766,0.0015680201699973528,0.00044601209735572024
6767,0.0015680201699973528,0.00044601209735572024
6768,0.0015680201699973528,0.00044601209735572024
6769,0.0015680201699973528,0.00044601209735572024
6770,0.0015680201699973528,0.00044601209735572024
6771,0.0015680201699973528,0.00044601209735572024
6779,0.000330389559694777,0.009402775981084008
6780,3.863017411298575e-05,0.012013232912016926
6781,0.003823848316385714,0.007896549122478742
6782,3.832737883624482e-06,0.002071390634247392
6783,0.0042570730434401405,0.007785529497154164
6784,2.437129063559418e-06,0.001671285865868474
6785,5.389723277682279e-07,0.000886349206965638
6786,0.0035379338825095585,0.0007066890298031104
6788,0.0035379338825095585,0.0007066890298031104
6789,0.0035379338825095585,0.0007066890298031104
6790,0.0075754243280530265,0.001346241035227326
6792,0.0075754243280530265,0.001346241035227326
6793,0.0075754243280530265,0.001346241035227326
6794,0.0035379338825095585,0.0007066890298031104
6795,0.0075754243280530265,0.001346241035227326
6798,1.3441575264727668e-05,0.008173117996606617
6800,1.3441575264727668e-05,0.008173117996606617
6801,1.3441575264727668e-05,0.008173117996606617
6802,1.3441575264727668e-05,0.008173117996606617
6803,1.3441575264727668e-05,0.008173117996606617
6804,1.5788864302646033e-06,0.006737799738085266
6806,1.5788864302646033e-06,0.006737799738085266
6807,1.5788864302646033e-06,0.006737799738085266
6808,1.5788864302646033e-06,0.006737799738085266
6809,1.5788864302646033e-06,0.006737799738085266
6851,0.005347283930448032,2.924907141952221e-06
6856,0.005347283930448032,2.924907141952221e-06
6877,0.00027839530155227,0.0010016945773626898
6878,0.00027839530155227,0.0010016945773626898
6880,0.00027839530155227,0.0010016945773626898
6881,0.00027839530155227,0.0010016945773626898
6882,0.00027839530155227,0.0010016945773626898
6886,0.015351943943884394,0.0006317840830093943
6887,0.015351943943884394,0.0006317840830093943
6888,0.015351943943884394,0.0006317840830093943
6890,0.015351943943884394,0.0006317840830093943
6891,0.015351943943884394,0.0006317840830093943
6893,0.015351943943884394,0.0006317840830093943
6896,0.0768450229618367,0.0003808503670864006
6897,0.0768450229618367,0.0003808503670864006
6898,0.0768450229618367,0.0003808503670864006
6900,0.0768450229618367,0.0003808503670864006
6901,0.0768450229618367,0.0003808503670864006
6903,0.0768450229618367,0.0003808503670864006
6904,0.0768450229618367,0.0003808503670864006
6938,6.690027698486034e-08,0.0026796722282900753
6939,6.690027698486034e-08,0.0026796722282900753
6940,6.690027698486034e-08,0.0026796722282900753
6941,6.690027698486034e-08,0.0026796722282900753
6942,0.004141009034156595,0.01834174434560181
6943,0.004141009034156595,0.01834174434560181
6944,0.004141009034156595,0.01834174434560181
6945,0.004141009034156595,0.01834174434560181
6946,6.800031823406272e-06,0.015865506620615866
6947,6.800031823406272e-06,0.015865506620615866
6948,6.800031823406272e-06,0.015865506620615866
6949,6.800031823406272e-06,0.015865506620615866
6950,0.022555304649802377,0.01634437688756689
6951,0.022555304649802377,0.01634437688756689
6952,0.022555304649802377,0.01634437688756689
6953,0.022555304649802377,0.01634437688756689
6958,0.0012192883390335085,0.00026638265934227556
6959,0.0016279079884979897,0.00026565073005815855
6960,5.994107903795065e-05,0.00360214357352057
6961,0.0002463650196784517,0.003226448299511008
6962,0.0002313453256794773,0.005222066066435674
6963,5.994107903795065e-05,0.00360214357352057
6964,0.0002463650196784517,0.003226448299511008
6965,0.0002313453256794773,0.005222066066435674
6990,0.010729012217350231,0.00045164000017972527
7008,5.706246384407088e-06,0.00023832073317976103
7009,5.706246384407088e-06,0.00023832073317976103
7011,0.030655267836444455,0.0037271711710904834
7012,0.030655267836444455,0.0037271711710904834
7013,5.706246384407088e-06,0.00023832073317976103
7014,0.030655267836444455,0.0037271711710904834
7028,0.05146674716361321,0.00038389947721065125
7029,0.05146674716361321,0.00038389947721065125
7030,0.05146674716361321,0.00038389947721065125
7031,0.05146674716361321,0.00038389947721065125
7032,0.05146674716361321,0.00038389947721065125
7033,0.05146674716361321,0.00038389947721065125
7034,0.05146674716361321,0.00038389947721065125
7035,0.05146674716361321,0.00038389947721065125
7036,0.05146674716361321,0.00038389947721065125
7037,0.05146674716361321,0.00038389947721065125
7038,0.00038220691639234694,0.00195626390460355
7039,0.00038220691639234694,0.00195626390460355
7040,0.00038220691639234694,0.00195626390460355
7041,0.00038220691639234694,0.00195626390460355
7042,0.00038220691639234694,0.00195626390460355
7043,0.00038220691639234694,0.00195626390460355
7045,0.00038220691639234694,0.00195626390460355
7046,0.00038220691639234694,0.00195626390460355
7047,0.00038220691639234694,0.00195626390460355
7048,0.00038220691639234694,0.00195626390460355
7050,0.023527412850186558,0.0008911403848360002
7051,0.023527412850186558,0.0008911403848360002
7052,0.023527412850186558,0.0008911403848360002
7053,0.023527412850186558,0.0008911403848360002
7054,0.023527412850186558,0.0008911403848360002
7055,0.023527412850186558,0.0008911403848360002
7056,0.023527412850186558,0.0008911403848360002
7058,0.023527412850186558,0.0008911403848360002
7059,0.023527412850186558,0.0008911403848360002
7060,0.023527412850186558,0.0008911403848360002
7061,0.001451339288400355,0.006848680931786855
7062,0.001451339288400355,0.006848680931786855
7063,0.001451339288400355,0.006848680931786855
7064,0.001451339288400355,0.006848680931786855
7065,0.001451339288400355,0.006848680931786855
7066,0.001451339288400355,0.006848680931786855
7067,0.001451339288400355,0.006848680931786855
7069,0.001451339288400355,0.006848680931786855
7070,0.001451339288400355,0.006848680931786855
7071,0.001451339288400355,0.006848680931786855
7072,0.00024522933613591036,0.006312149399786939
7073,0.00024522933613591036,0.006312149399786939
7074,0.00024522933613591036,0.006312149399786939
7075,0.00024522933613591036,0.006312149399786939
7076,0.00024522933613591036,0.006312149399786939
7077,0.00024522933613591036,0.006312149399786939
7078,0.00024522933613591036,0.006312149399786939
7079,0.00024522933613591036,0.006312149399786939
7081,0.00024522933613591036,0.006312149399786939
7082,0.00024522933613591036,0.006312149399786939
7103,0.0006026006868414813,0.004445631829435005
7104,0.012385342511268438,0.006861350342208791
7105,0.003215004854286385,0.0011033332273790919
7106,0.03173771408260606,0.003103893754971193
7107,0.0006026006868414813,0.004445631829435005
7108,0.012385342511268438,0.006861350342208791
7109,0.003215004854286385,0.0011033332273790919
7110,0.03173771408260606,0.003103893754971193
7124,0.3882368141595751,2.5560626315921536e-06
7133,0.00018436767179608182,0.0006092766357932407
7134,0.027897678740619547,0.0008350706835593994
7136,1.7172440247570364e-05,0.0004948146643385665
7141,2.391597558215608e-06,0.0010987688044749536
7144,0.0003923764459294876,0.002188285705414716
7280,0.09258627547123488,0.0009036693416360677
7289,0.11919356670727599,0.0015786993967325004
7290,0.11919356670727599,0.0015786993967325004
7291,0.11919356670727599,0.0015786993967325004
7292,0.11919356670727599,0.0015786993967325004
7293,0.11919356670727599,0.0015786993967325004
7294,0.11919356670727599,0.0015786993967325004
7295,0.11919356670727599,0.0015786993967325004
7296,0.11919356670727599,0.0015786993967325004
7297,0.11919356670727599,0.0015786993967325004
7298,0.11919356670727599,0.0015786993967325004
7321,0.14939146054385444,0.0005517365200780272
7322,0.14939146054385444,0.0005517365200780272
7345,0.00229033769765008,0.0006760517455557287
7346,0.00229033769765008,0.0006760517455557287
7347,0.00229033769765008,0.0006760517455557287
7348,0.00229033769765008,0.0006760517455557287
7349,0.00229033769765008,0.0006760517455557287
7350,0.00229033769765008,0.0006760517455557287
7351,0.00229033769765008,0.0006760517455557287
7352,0.00229033769765008,0.0006760517455557287
7353,0.00229033769765008,0.0006760517455557287
7354,0.00229033769765008,0.0006760517455557287
7355,0.00229033769765008,0.0006760517455557287
7356,0.00229033769765008,0.0006760517455557287
7357,0.00229033769765008,0.0006760517455557287
7358,0.00229033769765008,0.0006760517455557287
7359,0.002321079183117525,0.00047830281013239986
7360,0.002321079183117525,0.00047830281013239986
7361,0.002321079183117525,0.00047830281013239986
7362,0.002321079183117525,0.00047830281013239986
7363,0.002321079183117525,0.00047830281013239986
7364,0.002321079183117525,0.00047830281013239986
7365,0.002321079183117525,0.00047830281013239986
7366,0.002321079183117525,0.00047830281013239986
7367,0.002321079183117525,0.00047830281013239986
7368,0.002321079183117525,0.00047830281013239986
7369,0.002321079183117525,0.00047830281013239986
7370,0.002321079183117525,0.00047830281013239986
7371,0.002321079183117525,0.00047830281013239986
7372,0.002321079183117525,0.00047830281013239986
7373,0.0041297576307463,0.00036145026503188113
7374,0.0041297576307463,0.00036145026503188113
7375,0.0041297576307463,0.00036145026503188113
7376,0.0041297576307463,0.00036145026503188113
7377,0.0041297576307463,0.00036145026503188113
7378,0.0041297576307463,0.00036145026503188113
7379,0.0041297576307463,0.00036145026503188113
7380,0.0041297576307463,0.00036145026503188113
7381,0.0041297576307463,0.00036145026503188113
7382,0.0041297576307463,0.00036145026503188113
7383,0.0041297576307463,0.00036145026503188113
7384,0.0041297576307463,0.00036145026503188113
7385,0.0041297576307463,0.00036145026503188113
7386,0.0041297576307463,0.00036145026503188113
7387,0.003984977411181756,0.0003075928128355248
7388,0.003984977411181756,0.0003075928128355248
7389,0.003984977411181756,0.0003075928128355248
7390,0.003984977411181756,0.0003075928128355248
7391,0.003984977411181756,0.0003075928128355248
7392,0.003984977411181756,0.0003075928128355248
7393,0.003984977411181756,0.0003075928128355248
7394,0.003984977411181756,0.0003075928128355248
7395,0.003984977411181756,0.0003075928128355248
7396,0.003984977411181756,0.0003075928128355248
7397,0.003984977411181756,0.0003075928128355248
7398,0.003984977411181756,0.0003075928128355248
7399,0.003984977411181756,0.0003075928128355248
7400,0.003984977411181756,0.0003075928128355248
7467,0.9567148535048529,0.0011896031815649064
7468,0.9567148535048529,0.0011896031815649064
7530,0.3416959109364446,0.00042145317527835825
7531,0.3416959109364446,0.00042145317527835825
7535,0.11137176483793898,0.0002605038504248686
7537,0.25062423746607665,0.00025655034326153674
7538,0.25062423746607665,0.00025655034326153674
7542,0.13914759267319932,0.00022788586880246806
7543,0.13914759267319932,0.00022788586880246806
7544,0.13914759267319932,0.00022788586880246806
7546,0.05180830192619257,9.787384393866293e-05
7548,0.02364079844999556,0.0001267214074571429
7551,0.1297490916357632,0.00027906010958123366
7552,0.1297490916357632,0.00027906010958123366
7553,0.1297490916357632,0.00027906010958123366
7555,0.05141418081169791,0.0001085028072651303
7557,0.021741879242427653,0.00012839933434913406
7559,0.0745711722360376,0.0002946203433218512
7560,0.0745711722360376,0.0002946203433218512
7561,0.0745711722360376,0.0002946203433218512
7563,0.022373762690772292,0.00012408261231807685
7566,0.19362741207888678,0.00023662258485247735
7567,0.19362741207888678,0.00023662258485247735
7569,0.6525245119382326,0.0011300721140523329
7570,0.6926401751030979,0.0013720106254784346
7571,0.6400206322982991,0.0010667246804786793
7572,0.674925977705032,0.0012431787449414897
7573,0.6682890711954067,0.00113034070736108
7574,0.7185709210678355,0.0013417363279647782
7575,0.7279419863726084,0.0013432627246330354
7576,0.7236383548471749,0.0013299236122622203
7577,0.6525245119382326,0.0011300721140523329
7578,0.6926401751030979,0.0013720106254784346
7579,0.6400206322982991,0.0010667246804786793
7580,0.674925977705032,0.0012431787449414897
7581,0.6682890711954067,0.00113034070736108
7582,0.7185709210678355,0.0013417363279647782
7583,0.7279419863726084,0.0013432627246330354
7584,0.7236383548471749,0.0013299236122622203
7629,0.012931060181186838,1.3562451472092651e-05
7631,0.03630137074533113,0.0010583177869650032
7632,0.20607727547036203,0.0006040319567016993
7636,0.17980220485728282,0.0009488947226010064
7652,0.007443690710352113,9.855044101941845e-06
7653,0.1542798249430899,0.0002602500548293139
7654,0.1542798249430899,0.0002602500548293139
7679,0.02762587433170649,0.0027037650175063196
7685,0.0668065104066542,0.002162526299411936
7764,0.025359960409930604,2.0206386524793552e-06
7765,0.15500785728493183,0.0001792767278172467
7766,0.061870566643676406,8.867140852431281e-05
7767,0.1305647752028487,0.00017995501377485396
7768,0.049717544130968294,2.914393951242082e-07
7769,0.2301745997775515,8.631533136290608e-05
7770,0.05851064726417032,3.949481543315096e-06
7771,0.28296546713621495,1.7049943788921573e-05
7772,0.12975583337955143,7.318857425615141e-07
7773,0.0021902235122072122,2.134157844154668e-06
7774,0.06576485130865084,0.0002540924728741383
7775,0.05051964143064125,0.00025472020198857165
7776,0.014483428919294439,0.001675126399813813
7777,0.020062772178371047,6.88208422186847e-05
7778,0.08944632375344075,0.0006440192390842247
7779,0.05533577562833514,0.0005101160470602677
7780,0.025359960409930604,2.0206386524793552e-06
7781,0.15500785728493183,0.0001792767278172467
7782,0.061870566643676406,8.867140852431281e-05
7783,0.1305647752028487,0.00017995501377485396
7784,0.049717544130968294,2.914393951242082e-07
7785,0.2301745997775515,8.631533136290608e-05
7786,0.05851064726417032,3.949481543315096e-06
7787,0.28296546713621495,1.7049943788921573e-05
7788,0.12975583337955143,7.318857425615141e-07
7789,0.0021902235122072122,2.134157844154668e-06
7790,0.06576485130865084,0.0002540924728741383
7791,0.05051964143064125,0.00025472020198857165
7792,0.014483428919294439,0.001675126399813813
7793,0.020062772178371047,6.88208422186847e-05
7794,0.08944632375344075,0.0006440192390842247
7795,0.05533577562833514,0.0005101160470602677
7813,0.15500785728493183,0.0001792767278172467
7814,0.061870566643676406,8.867140852431281e-05
7815,0.1305647752028487,0.00017995501377485396
7816,0.049717544130968294,2.914393951242082e-07
7817,0.2301745997775515,8.631533136290608e-05
7818,0.05851064726417032,3.949481543315096e-06
7819,0.28296546713621495,1.7049943788921573e-05
7820,0.12975583337955143,7.318857425615141e-07
7821,0.0021902235122072122,2.134157844154668e-06
7822,0.06576485130865084,0.0002540924728741383
7823,0.05051964143064125,0.00025472020198857165
7824,0.014483428919294439,0.001675126399813813
7825,0.020062772178371047,6.88208422186847e-05
7826,0.08944632375344075,0.0006440192390842247
7827,0.05533577562833514,0.0005101160470602677
7828,0.025359960409930604,2.0206386524793552e-06
7829,0.15500785728493183,0.0001792767278172467
7830,0.061870566643676406,8.867140852431281e-05
7831,0.1305647752028487,0.00017995501377485396
7832,0.049717544130968294,2.914393951242082e-07
7833,0.2301745997775515,8.631533136290608e-05
7834,0.05851064726417032,3.949481543315096e-06
7835,0.28296546713621495,1.7049943788921573e-05
7836,0.12975583337955143,7.318857425615141e-07
7837,0.0021902235122072122,2.134157844154668e-06
7838,0.06576485130865084,0.0002540924728741383
7839,0.05051964143064125,0.00025472020198857165
7840,0.014483428919294439,0.001675126399813813
7841,0.020062772178371047,6.88208422186847e-05
7842,0.08944632375344075,0.0006440192390842247
7843,0.05533577562833514,0.0005101160470602677
7856,0.06961670947899667,0.0018777382169129515
7861,0.03170019407515701,0.0026913105877012823
7863,0.03170019407515701,0.0026913105877012823
7864,0.03170019407515701,0.0026913105877012823
7865,0.03170019407515701,0.0026913105877012823
7889,1.2331124610298616e-05,0.004907848633527376
7894,1.2331124610298616e-05,0.004907848633527376
7895,1.2331124610298616e-05,0.004907848633527376
7896,1.2331124610298616e-05,0.004907848633527376
7897,1.2331124610298616e-05,0.004907848633527376
7898,0.00027251927859317515,5.663841009021711e-07
7903,0.00027251927859317515,5.663841009021711e-07
7904,0.00027251927859317515,5.663841009021711e-07
7905,0.00027251927859317515,5.663841009021711e-07
7906,0.00027251927859317515,5.663841009021711e-07
7907,1.2331124610298616e-05,0.004907848633527376
7908,0.00027251927859317515,5.663841009021711e-07
7928,0.4407182295523705,1.4196141254839027e-05
7937,0.00042308912014588085,0.01313140876048613
7938,1.625274220751205e-05,0.020266769003868423
7939,0.01543872061805207,0.009086094323454561
7940,0.004290419435769244,0.0083106585384389
7941,0.4407182295523705,1.4196141254839027e-05
7942,0.05225685168457039,0.004029773654628446
7943,0.15800907214243232,0.0006465189866594404
8143,5.203954246624232e-05,0.00021700364431157058
8153,0.0395034229673451,7.417982516009537e-05
8154,0.020555555618241517,0.00015383415712680055
8155,0.0395034229673451,7.417982516009537e-05
8156,0.020555555618241517,0.00015383415712680055
8157,0.0395034229673451,7.417982516009537e-05
8158,0.020555555618241517,0.00015383415712680055
8159,0.0395034229673451,7.417982516009537e-05
8160,0.020555555618241517,0.00015383415712680055
8165,4.969612253491462e-06,1.1704687250414721e-05
8166,8.139963959763463e-06,9.26729439837896e-05
8167,0.03828846430795696,0.0036263792733374593
8168,0.04521550092662441,0.0028714928437220157
8169,4.969612253491462e-06,1.1704687250414721e-05
8170,8.139963959763463e-06,9.26729439837896e-05
8171,0.03828846430795696,0.0036263792733374593
8172,0.04521550092662441,0.0028714928437220157
8173,4.760352823041103e-08,0.0019028258372501446
8174,4.760352823041103e-08,0.0019028258372501446
8175,4.760352823041103e-08,0.0019028258372501446
8177,4.760352823041103e-08,0.0019028258372501446
8178,4.760352823041103e-08,0.0019028258372501446
8179,0.00015663467330895298,0.0004806110681454235
8180,0.00015663467330895298,0.0004806110681454235
8181,0.00015663467330895298,0.0004806110681454235
8183,0.00015663467330895298,0.0004806110681454235
8184,0.00015663467330895298,0.0004806110681454235
8185,0.000280035747822982,0.015385379399559349
8186,0.000280035747822982,0.015385379399559349
8187,0.000280035747822982,0.015385379399559349
8189,0.000280035747822982,0.015385379399559349
8190,0.000280035747822982,0.015385379399559349
8242,0.012301191318283333,4.197239420732611e-05
8243,0.012301191318283333,4.197239420732611e-05
8244,0.012301191318283333,4.197239420732611e-05
8245,0.012301191318283333,4.197239420732611e-05
8246,0.012301191318283333,4.197239420732611e-05
8247,0.012301191318283333,4.197239420732611e-05
8248,0.012301191318283333,4.197239420732611e-05
8249,0.012301191318283333,4.197239420732611e-05
8250,0.012301191318283333,4.197239420732611e-05
8251,0.012301191318283333,4.197239420732611e-05
8283,0.0009358919170360247,0.0002696791417122241
8284,0.0009358919170360247,0.0002696791417122241
8290,4.099990386130514e-05,0.001815915335626075
8291,4.099990386130514e-05,0.001815915335626075
8292,4.099990386130514e-05,0.001815915335626075
8294,4.099990386130514e-05,0.001815915335626075
8295,0.004473544864265655,0.0008197539282191486
8296,0.004473544864265655,0.0008197539282191486
8297,0.004473544864265655,0.0008197539282191486
8299,0.004473544864265655,0.0008197539282191486
8300,0.0003386254314735604,0.0008919718093585985
8301,0.0003386254314735604,0.0008919718093585985
8302,0.0003386254314735604,0.0008919718093585985
8304,0.0003386254314735604,0.0008919718093585985
8305,0.0013929458018536733,0.000563628749357171
8306,0.0013929458018536733,0.000563628749357171
8307,0.0013929458018536733,0.000563628749357171
8309,0.0013929458018536733,0.000563628749357171
8310,0.004439927126576482,0.0007094201107313769
8311,0.004439927126576482,0.0007094201107313769
8312,0.004439927126576482,0.0007094201107313769
8314,0.004439927126576482,0.0007094201107313769
8315,0.005122035732691987,0.0009812848049063592
8316,0.005122035732691987,0.0009812848049063592
8317,0.005122035732691987,0.0009812848049063592
8319,0.005122035732691987,0.0009812848049063592
8320,2.582262299588578e-05,4.254429345166181e-06
8321,2.582262299588578e-05,4.254429345166181e-06
8322,2.582262299588578e-05,4.254429345166181e-06
8324,2.582262299588578e-05,4.254429345166181e-06
8325,0.0013237191624471123,0.0005104602788254609
8326,0.0013237191624471123,0.0005104602788254609
8327,0.0013237191624471123,0.0005104602788254609
8329,0.0013237191624471123,0.0005104602788254609
8330,5.682943556850617e-07,6.104061542561226e-07
8331,5.682943556850617e-07,6.104061542561226e-07
8332,5.682943556850617e-07,6.104061542561226e-07
8334,5.682943556850617e-07,6.104061542561226e-07
8335,0.018891181480900077,0.00045704200352863177
8336,0.018891181480900077,0.00045704200352863177
8337,0.018891181480900077,0.00045704200352863177
8339,0.018891181480900077,0.00045704200352863177
8417,0.09548158850392552,4.30021854416853e-06
8418,0.09262997239363968,0.00030976021500293697
8419,0.06935234740209306,0.00011025274142493872
8420,0.04697938203384722,0.0008600291989359615
8421,0.09548158850392552,4.30021854416853e-06
8422,0.09262997239363968,0.00030976021500293697
8423,0.06935234740209306,0.00011025274142493872
8424,0.04697938203384722,0.0008600291989359615
8426,7.193216029599547e-06,0.005157862258256155
8427,7.193216029599547e-06,0.005157862258256155
8428,7.193216029599547e-06,0.005157862258256155
8430,7.193216029599547e-06,0.005157862258256155
8431,7.193216029599547e-06,0.005157862258256155
8432,7.193216029599547e-06,0.005157862258256155
8435,0.07558804469761116,0.003039604782221473
8436,0.07558804469761116,0.003039604782221473
8437,0.07558804469761116,0.003039604782221473
8439,0.07558804469761116,0.003039604782221473
8440,0.07558804469761116,0.003039604782221473
8441,0.07558804469761116,0.003039604782221473
8444,0.05761681635961946,0.0017462344365420206
8445,0.05761681635961946,0.0017462344365420206
8446,0.05761681635961946,0.0017462344365420206
8448,0.05761681635961946,0.0017462344365420206
8449,0.05761681635961946,0.0017462344365420206
8450,0.05761681635961946,0.0017462344365420206
8453,0.07552862002498528,0.0030378026992121335
8454,0.07552862002498528,0.0030378026992121335
8455,0.07552862002498528,0.0030378026992121335
8457,0.07552862002498528,0.0030378026992121335
8458,0.07552862002498528,0.0030378026992121335
8459,0.07552862002498528,0.0030378026992121335
8463,7.480375420976237e-06,3.7346577650150536e-05
8464,7.480375420976237e-06,3.7346577650150536e-05
8468,9.153426276797827e-05,2.8535528717095384e-05
8469,9.153426276797827e-05,2.8535528717095384e-05
8473,0.0011414273661731755,0.0006665381794565359
8474,0.0011414273661731755,0.0006665381794565359
8557,0.7674305784488139,0.0008607400581449572
8558,0.7674305784488139,0.0008607400581449572
8559,0.7674305784488139,0.0008607400581449572
8560,0.7674305784488139,0.0008607400581449572
8561,0.7674305784488139,0.0008607400581449572
8562,0.7674305784488139,0.0008607400581449572
8580,0.010338442173876472,0.005395062449592002
8581,0.0027732947409466746,0.00012731642263426562
8582,0.0027732947409466746,0.00012731642263426562
8585,0.3033228967446562,4.9646726919262175e-05
8586,0.3033228967446562,4.9646726919262175e-05
8587,0.3033228967446562,4.9646726919262175e-05
8591,0.3032104304183616,8.60456868958391e-07
8592,0.3032104304183616,8.60456868958391e-07
8596,0.18518425212404432,3.078043385114544e-05
8597,0.18518425212404432,3.078043385114544e-05
8598,9.661952191653e-07,0.005071427226709141
8599,0.0007024741562735581,0.0013504705016425325
8600,0.013734242706908373,0.00040972775212301917
8601,7.413447501281034e-05,0.008761414128598068
8603,1.4992478160169576e-05,0.00019007341078332903
8605,2.1980993759496137e-05,3.175110551645267e-05
8607,3.912887910129115e-05,3.950014459213637e-05
8618,0.0015555507934130741,0.0025930388812263443
8619,0.003934331592499896,0.0021140206820961845
8620,0.044286383853929134,0.003288848281021304
8621,0.07157889404070805,0.0015385123237088693
8622,0.020786610477975254,0.0036495615784729978
8623,5.794437275552511e-07,0.0009529829070127121
8630,0.0015555507934130741,0.0025930388812263443
8631,0.0015555507934130741,0.0025930388812263443
8632,0.0015555507934130741,0.0025930388812263443
8633,0.0015555507934130741,0.0025930388812263443
8634,0.0015555507934130741,0.0025930388812263443
8635,0.0015555507934130741,0.0025930388812263443
8636,0.0015555507934130741,0.0025930388812263443
8637,0.0015555507934130741,0.0025930388812263443
8638,0.0015555507934130741,0.0025930388812263443
8639,0.0015555507934130741,0.0025930388812263443
8640,0.003934331592499896,0.0021140206820961845
8641,0.003934331592499896,0.0021140206820961845
8642,0.003934331592499896,0.0021140206820961845
8643,0.003934331592499896,0.0021140206820961845
8644,0.003934331592499896,0.0021140206820961845
8645,0.003934331592499896,0.0021140206820961845
8646,0.003934331592499896,0.0021140206820961845
8647,0.003934331592499896,0.0021140206820961845
8648,0.003934331592499896,0.0021140206820961845
8649,0.003934331592499896,0.0021140206820961845
8650,0.044286383853929134,0.003288848281021304
8651,0.044286383853929134,0.003288848281021304
8652,0.044286383853929134,0.003288848281021304
8653,0.044286383853929134,0.003288848281021304
8654,0.044286383853929134,0.003288848281021304
8655,0.044286383853929134,0.003288848281021304
8656,0.044286383853929134,0.003288848281021304
8657,0.044286383853929134,0.003288848281021304
8658,0.044286383853929134,0.003288848281021304
8659,0.044286383853929134,0.003288848281021304
8660,0.07157889404070805,0.0015385123237088693
8661,0.07157889404070805,0.0015385123237088693
8662,0.07157889404070805,0.0015385123237088693
8663,0.07157889404070805,0.0015385123237088693
8664,0.07157889404070805,0.0015385123237088693
8665,0.07157889404070805,0.0015385123237088693
8666,0.07157889404070805,0.0015385123237088693
8667,0.07157889404070805,0.0015385123237088693
8668,0.07157889404070805,0.0015385123237088693
8669,0.07157889404070805,0.0015385123237088693
8670,0.020786610477975254,0.0036495615784729978
8671,0.020786610477975254,0.0036495615784729978
8672,0.020786610477975254,0.0036495615784729978
8673,0.020786610477975254,0.0036495615784729978
8674,0.020786610477975254,0.0036495615784729978
8675,0.020786610477975254,0.0036495615784729978
8676,0.020786610477975254,0.0036495615784729978
8677,0.020786610477975254,0.0036495615784729978
8678,0.020786610477975254,0.0036495615784729978
8679,0.020786610477975254,0.0036495615784729978
8680,5.794437275552511e-07,0.0009529829070127121
8681,5.794437275552511e-07,0.0009529829070127121
8682,5.794437275552511e-07,0.0009529829070127121
8683,5.794437275552511e-07,0.0009529829070127121
8684,5.794437275552511e-07,0.0009529829070127121
8685,5.794437275552511e-07,0.0009529829070127121
8686,5.794437275552511e-07,0.0009529829070127121
8687,5.794437275552511e-07,0.0009529829070127121
8688,5.794437275552511e-07,0.0009529829070127121
8689,5.794437275552511e-07,0.0009529829070127121
8690,0.0007683357077333808,0.00012798033371735906
8691,0.0007683357077333808,0.00012798033371735906
8692,0.0007683357077333808,0.00012798033371735906
8716,0.05521371602786096,8.764841624209652e-05
8717,0.05521371602786096,8.764841624209652e-05
8718,0.05521371602786096,8.764841624209652e-05
8719,0.05521371602786096,8.764841624209652e-05
8720,0.05521371602786096,8.764841624209652e-05
8721,0.05521371602786096,8.764841624209652e-05
8722,0.05521371602786096,8.764841624209652e-05
8723,0.05521371602786096,8.764841624209652e-05
8724,0.05521371602786096,8.764841624209652e-05
8725,0.05521371602786096,8.764841624209652e-05
8726,0.05521371602786096,8.764841624209652e-05
8727,0.05521371602786096,8.764841624209652e-05
8728,0.05521371602786096,8.764841624209652e-05
8729,0.05521371602786096,8.764841624209652e-05
8730,0.05521371602786096,8.764841624209652e-05
8731,0.05521371602786096,8.764841624209652e-05
8732,0.05521371602786096,8.764841624209652e-05
8733,0.05521371602786096,8.764841624209652e-05
8734,0.05521371602786096,8.764841624209652e-05
8735,0.16964891441988583,4.23976696615183e-05
8736,0.16964891441988583,4.23976696615183e-05
8737,0.16964891441988583,4.23976696615183e-05
8738,0.16964891441988583,4.23976696615183e-05
8739,0.16964891441988583,4.23976696615183e-05
8740,0.16964891441988583,4.23976696615183e-05
8741,0.16964891441988583,4.23976696615183e-05
8742,0.16964891441988583,4.23976696615183e-05
8743,0.16964891441988583,4.23976696615183e-05
8744,0.16964891441988583,4.23976696615183e-05
8745,0.16964891441988583,4.23976696615183e-05
8746,0.16964891441988583,4.23976696615183e-05
8747,0.16964891441988583,4.23976696615183e-05
8748,0.16964891441988583,4.23976696615183e-05
8749,0.16964891441988583,4.23976696615183e-05
8750,0.16964891441988583,4.23976696615183e-05
8751,0.16964891441988583,4.23976696615183e-05
8752,0.16964891441988583,4.23976696615183e-05
8829,0.0050921572703538365,0.0026671091961161485
8830,0.0050921572703538365,0.0026671091961161485
8831,0.0050921572703538365,0.0026671091961161485
8832,0.0050921572703538365,0.0026671091961161485
8833,0.0050921572703538365,0.0026671091961161485
8834,0.0050921572703538365,0.0026671091961161485
8835,0.0050921572703538365,0.0026671091961161485
8836,0.0050921572703538365,0.0026671091961161485
8837,0.0050921572703538365,0.0026671091961161485
8838,0.006165529786724577,0.0006945612278306638
8839,0.006165529786724577,0.0006945612278306638
8840,0.006165529786724577,0.0006945612278306638
8841,0.006165529786724577,0.0006945612278306638
8842,0.006165529786724577,0.0006945612278306638
8843,0.006165529786724577,0.0006945612278306638
8844,0.006165529786724577,0.0006945612278306638
8845,0.006165529786724577,0.0006945612278306638
8846,0.0032417414894181373,0.0028653452530528513
8847,0.0032417414894181373,0.0028653452530528513
8848,0.0032417414894181373,0.0028653452530528513
8849,0.0032417414894181373,0.0028653452530528513
8850,0.0032417414894181373,0.0028653452530528513
8851,0.0032417414894181373,0.0028653452530528513
8852,0.0032417414894181373,0.0028653452530528513
8853,0.0032417414894181373,0.0028653452530528513
8854,0.0032417414894181373,0.0028653452530528513
8855,0.008469081140821122,0.0007692246956872931
8856,0.008469081140821122,0.0007692246956872931
8857,0.008469081140821122,0.0007692246956872931
8858,0.008469081140821122,0.0007692246956872931
8859,0.008469081140821122,0.0007692246956872931
8860,0.008469081140821122,0.0007692246956872931
8861,0.008469081140821122,0.0007692246956872931
8862,0.008469081140821122,0.0007692246956872931
8863,0.008469081140821122,0.0007692246956872931
8864,0.005031662230363887,1.2045478258615108e-05
8865,0.005031662230363887,1.2045478258615108e-05
8866,0.005031662230363887,1.2045478258615108e-05
8867,0.005031662230363887,1.2045478258615108e-05
8868,0.005031662230363887,1.2045478258615108e-05
8869,0.005031662230363887,1.2045478258615108e-05
8870,0.0004688709593532181,0.001017422361894985
8871,0.0004688709593532181,0.001017422361894985
8872,0.0004688709593532181,0.001017422361894985
8873,0.0004688709593532181,0.001017422361894985
8874,0.0004688709593532181,0.001017422361894985
8875,0.0004688709593532181,0.001017422361894985
8876,0.0004688709593532181,0.001017422361894985
8877,0.0004688709593532181,0.001017422361894985
8878,0.0004688709593532181,0.001017422361894985
8879,0.0010504798997376108,0.00025592732799318337
8880,0.0010504798997376108,0.00025592732799318337
8881,0.0010504798997376108,0.00025592732799318337
8882,0.0010504798997376108,0.00025592732799318337
8883,0.0010504798997376108,0.00025592732799318337
8884,0.01413978404292393,0.0020017360074036546
8885,0.01413978404292393,0.0020017360074036546
8886,0.01413978404292393,0.0020017360074036546
8887,0.01413978404292393,0.0020017360074036546
8888,0.01413978404292393,0.0020017360074036546
8889,0.01413978404292393,0.0020017360074036546
8890,0.01413978404292393,0.0020017360074036546
8891,0.01413978404292393,0.0020017360074036546
8892,0.01413978404292393,0.0020017360074036546
8893,0.01049163324486857,0.0023409422412250438
8894,0.01049163324486857,0.0023409422412250438
8895,0.01049163324486857,0.0023409422412250438
8896,0.01049163324486857,0.0023409422412250438
8897,0.01049163324486857,0.0023409422412250438
8898,0.01049163324486857,0.0023409422412250438
8899,0.01049163324486857,0.0023409422412250438
8900,0.01049163324486857,0.0023409422412250438
8901,0.01049163324486857,0.0023409422412250438
8902,0.01049163324486857,0.0023409422412250438
8903,0.01012220876913894,1.3345815973869014e-05
8904,0.01012220876913894,1.3345815973869014e-05
8905,0.01012220876913894,1.3345815973869014e-05
8906,0.01012220876913894,1.3345815973869014e-05
8907,0.01012220876913894,1.3345815973869014e-05
8915,0.01141463494181083,0.001452768145219054
8916,0.01141463494181083,0.001452768145219054
8917,0.01141463494181083,0.001452768145219054
8918,0.01141463494181083,0.001452768145219054
8919,0.01141463494181083,0.001452768145219054
8920,0.01141463494181083,0.001452768145219054
8921,0.01141463494181083,0.001452768145219054
8922,0.01141463494181083,0.001452768145219054
8923,0.01141463494181083,0.001452768145219054
8924,0.01141463494181083,0.001452768145219054
8925,0.0013861116072991786,1.7895870239762925e-07
8926,0.0013861116072991786,1.7895870239762925e-07
8927,0.0013861116072991786,1.7895870239762925e-07
8928,0.0013861116072991786,1.7895870239762925e-07
8929,0.0013861116072991786,1.7895870239762925e-07
8930,0.0013861116072991786,1.7895870239762925e-07
8931,0.0013861116072991786,1.7895870239762925e-07
8932,0.0013861116072991786,1.7895870239762925e-07
8933,0.0013861116072991786,1.7895870239762925e-07
8934,0.0013861116072991786,1.7895870239762925e-07
8935,0.08577174193847692,2.209542180697815e-05
8936,0.08577174193847692,2.209542180697815e-05
8937,0.08577174193847692,2.209542180697815e-05
8938,0.08577174193847692,2.209542180697815e-05
8939,0.08577174193847692,2.209542180697815e-05
8940,0.08577174193847692,2.209542180697815e-05
8941,0.08577174193847692,2.209542180697815e-05
8942,0.08577174193847692,2.209542180697815e-05
8943,0.08577174193847692,2.209542180697815e-05
8944,0.08577174193847692,2.209542180697815e-05
8945,0.011939441887829916,1.8620239835806822e-06
8946,0.011939441887829916,1.8620239835806822e-06
8947,0.011939441887829916,1.8620239835806822e-06
8948,0.011939441887829916,1.8620239835806822e-06
8949,0.011939441887829916,1.8620239835806822e-06
8950,0.011939441887829916,1.8620239835806822e-06
8951,0.011939441887829916,1.8620239835806822e-06
8952,0.011939441887829916,1.8620239835806822e-06
8953,0.011939441887829916,1.8620239835806822e-06
8954,0.011939441887829916,1.8620239835806822e-06
8955,0.019811463848640964,1.325831544608428e-05
8956,0.019811463848640964,1.325831544608428e-05
8957,0.019811463848640964,1.325831544608428e-05
8958,0.019811463848640964,1.325831544608428e-05
8959,0.019811463848640964,1.325831544608428e-05
8960,0.019811463848640964,1.325831544608428e-05
8961,0.019811463848640964,1.325831544608428e-05
8962,0.019811463848640964,1.325831544608428e-05
8963,0.019811463848640964,1.325831544608428e-05
8964,0.019811463848640964,1.325831544608428e-05
8984,0.03451678006247971,0.011016676376876314
8985,0.03451678006247971,0.011016676376876314
8986,0.03451678006247971,0.011016676376876314
8987,0.03451678006247971,0.011016676376876314
8988,0.03451678006247971,0.011016676376876314
8989,0.017924807726163783,0.006787174461404137
8990,0.017924807726163783,0.006787174461404137
8991,0.017924807726163783,0.006787174461404137
8992,0.017924807726163783,0.006787174461404137
8993,0.017924807726163783,0.006787174461404137
9016,0.016089961059290392,0.00012489458345502037
9017,0.10562149430095624,0.00013721799030637968
9018,0.004557764961657829,8.682012925369822e-06
9019,0.016022034559275866,1.0447574044404476e-06
9020,0.03756745580482812,4.878799605249136e-05
9021,0.0829302017080954,5.710917439355457e-05
9022,0.025568859305239,2.6945620350833047e-05
9023,0.0004296695779926196,2.9941532006245823e-05
9024,0.14978243636835054,0.00013646678820325702
9025,0.016089961059290392,0.00012489458345502037
9026,0.10562149430095624,0.00013721799030637968
9027,0.004557764961657829,8.682012925369822e-06
9028,0.016022034559275866,1.0447574044404476e-06
9029,0.03756745580482812,4.878799605249136e-05
9030,0.0829302017080954,5.710917439355457e-05
9031,0.025568859305239,2.6945620350833047e-05
9032,0.0004296695779926196,2.9941532006245823e-05
9033,0.14978243636835054,0.00013646678820325702
9034,0.016089961059290392,0.00012489458345502037
9035,0.10562149430095624,0.00013721799030637968
9036,0.004557764961657829,8.682012925369822e-06
9037,0.016022034559275866,1.0447574044404476e-06
9038,0.03756745580482812,4.878799605249136e-05
9039,0.0829302017080954,5.710917439355457e-05
9040,0.025568859305239,2.6945620350833047e-05
9041,0.0004296695779926196,2.9941532006245823e-05
9042,0.14978243636835054,0.00013646678820325702
9043,0.016089961059290392,0.00012489458345502037
9044,0.10562149430095624,0.00013721799030637968
9045,0.004557764961657829,8.682012925369822e-06
9046,0.016022034559275866,1.0447574044404476e-06
9047,0.03756745580482812,4.878799605249136e-05
9048,0.0829302017080954,5.710917439355457e-05
9049,0.025568859305239,2.6945620350833047e-05
9050,0.0004296695779926196,2.9941532006245823e-05
9051,0.14978243636835054,0.00013646678820325702
9052,0.00010229708798770165,0.00044161016644677243
9054,0.00010229708798770165,0.00044161016644677243
9055,0.00010229708798770165,0.00044161016644677243
9056,2.1040993125609475e-07,6.229080033092588e-05
9058,2.1040993125609475e-07,6.229080033092588e-05
9059,2.1040993125609475e-07,6.229080033092588e-05
9060,0.0005386648195135901,0.0004916160200990685
9062,0.0005386648195135901,0.0004916160200990685
9063,0.0005386648195135901,0.0004916160200990685
9065,2.7428596743761524e-05,6.413671832217129e-05
9066,2.7428596743761524e-05,6.413671832217129e-05
9067,0.0007543047270752723,0.000290864726027097
9069,0.0007543047270752723,0.000290864726027097
9070,0.0007543047270752723,0.000290864726027097
9071,0.0021210237741754456,0.0004700654794197964
9073,0.0021210237741754456,0.0004700654794197964
9074,0.0021210237741754456,0.0004700654794197964
9076,0.012803929348716991,0.000512776011886251
9077,0.012803929348716991,0.000512776011886251
9099,0.4366963657538071,0.00034239456912907437
9100,0.6107767106758522,0.0003353336070330069
9124,4.800877987376495e-07,1.2412028871915244e-06
9180,0.26448826980268336,0.0010944776740665074
9211,0.9598289785684384,0.0006931116410831785
9212,0.9598289785684384,0.0006931116410831785
9213,0.9598289785684384,0.0006931116410831785
9225,0.6165335557257887,3.4448271834691763e-07
9228,0.5309921167621461,1.1819586286420342e-06
9229,0.5309921167621461,1.1819586286420342e-06
9230,0.5309921167621461,1.1819586286420342e-06
9231,0.5309921167621461,1.1819586286420342e-06
9242,0.603749337738652,7.686644029012433e-07
9248,0.8796763624118915,4.4586240608681033e-07
9250,0.00013427015110367702,0.0004096186030495847
9251,0.00032728223485012364,0.0005738211007819474
9252,0.0004152889915564062,0.00045373469898704047
9253,0.0008962450136948963,0.0004378281812347129
9254,0.003675228707124112,0.0012533718849802866
9255,0.00017568632664377581,0.0011085876130510009
9256,0.0009270606835013462,0.002067806380955689
9257,0.004283749170008511,0.0012278760365692885
9258,0.0032777036637565704,0.0012988490337902826
9259,0.024793205121090067,0.0019469228734975627
9260,0.00013427015110367702,0.0004096186030495847
9261,0.00032728223485012364,0.0005738211007819474
9262,0.0004152889915564062,0.00045373469898704047
9263,0.0008962450136948963,0.0004378281812347129
9264,0.003675228707124112,0.0012533718849802866
9265,0.00017568632664377581,0.0011085876130510009
9266,0.0009270606835013462,0.002067806380955689
9267,0.004283749170008511,0.0012278760365692885
9268,0.0032777036637565704,0.0012988490337902826
9269,0.024793205121090067,0.0019469228734975627
9270,0.2649842461203532,0.0008751788581338469
9271,0.2649842461203532,0.0008751788581338469
9272,0.2649842461203532,0.0008751788581338469
9273,0.2649842461203532,0.0008751788581338469
9274,0.2649842461203532,0.0008751788581338469
9275,0.2649842461203532,0.0008751788581338469
9276,0.2649842461203532,0.0008751788581338469
9277,0.2649842461203532,0.0008751788581338469
9278,0.2649842461203532,0.0008751788581338469
9279,0.2649842461203532,0.0008751788581338469
9280,0.2649842461203532,0.0008751788581338469
9281,0.2649842461203532,0.0008751788581338469
9282,0.4228039559725012,0.0009141860337316893
9283,0.4228039559725012,0.0009141860337316893
9284,0.4228039559725012,0.0009141860337316893
9285,0.4228039559725012,0.0009141860337316893
9286,0.4228039559725012,0.0009141860337316893
9287,0.4228039559725012,0.0009141860337316893
9288,0.4228039559725012,0.0009141860337316893
9289,0.4228039559725012,0.0009141860337316893
9290,0.4228039559725012,0.0009141860337316893
9291,0.4228039559725012,0.0009141860337316893
9292,0.4228039559725012,0.0009141860337316893
9293,0.4228039559725012,0.0009141860337316893
9301,0.7861722878122701,3.9183793451620725e-07
9302,0.0013261851360601984,6.972791927817008e-05
9303,0.0019994411748807117,0.0006407830238755489
9304,0.001222450976424816,5.87171916858173e-05
9305,0.00047933546850675857,1.9476481867401437e-05
9306,0.002337308003058758,0.00015065794568841712
9307,0.0035379259941713537,8.282469861747713e-05
9308,0.0011572934534938017,2.5725774179837413e-05
9309,0.00019477048894100957,7.338508939803219e-05
9319,8.390467645991162e-05,0.0007705022337657552
9323,0.00029861645911333223,0.0002698519160880446
9324,0.00029861645911333223,0.0002698519160880446
9325,0.00029861645911333223,0.0002698519160880446
9326,0.00029861645911333223,0.0002698519160880446
9327,0.00029861645911333223,0.0002698519160880446
9328,0.000519911980021659,0.0006671665746664952
9329,0.000519911980021659,0.0006671665746664952
9330,0.000519911980021659,0.0006671665746664952
9331,0.000519911980021659,0.0006671665746664952
9332,0.000519911980021659,0.0006671665746664952
9333,0.0007411939811224899,0.0005411960109015252
9334,0.0007411939811224899,0.0005411960109015252
9335,0.0007411939811224899,0.0005411960109015252
9336,0.0007411939811224899,0.0005411960109015252
9337,0.0004246070729008178,9.809897505773228e-05
9338,0.0004246070729008178,9.809897505773228e-05
9339,0.0004246070729008178,9.809897505773228e-05
9340,0.0004246070729008178,9.809897505773228e-05
9341,0.0004246070729008178,9.809897505773228e-05
9342,9.819561071622296e-05,0.000571113946648244
9343,9.819561071622296e-05,0.000571113946648244
9344,9.819561071622296e-05,0.000571113946648244
9345,9.819561071622296e-05,0.000571113946648244
9346,9.819561071622296e-05,0.000571113946648244
9347,0.00018149974175862837,0.0002838525014823715
9348,0.00018149974175862837,0.0002838525014823715
9349,0.00018149974175862837,0.0002838525014823715
9350,0.00018149974175862837,0.0002838525014823715
9351,0.00018149974175862837,0.0002838525014823715
9357,0.9345306920643732,0.0018343305409157344
9360,0.9582232818855069,0.00211372997978356
9366,0.7611933942870246,0.0006059244893990099
9369,0.8241517561470884,0.0008726743181427547
9370,0.043256093152669095,1.986278301358837e-06
9373,0.043256093152669095,1.986278301358837e-06
9375,0.043256093152669095,1.986278301358837e-06
9376,0.043256093152669095,1.986278301358837e-06
9377,0.043256093152669095,1.986278301358837e-06
9378,0.043256093152669095,1.986278301358837e-06
9379,0.030990381581827542,0.00010135398595884819
9380,0.030990381581827542,0.00010135398595884819
9382,0.030990381581827542,0.00010135398595884819
9383,0.030990381581827542,0.00010135398595884819
9384,0.030990381581827542,0.00010135398595884819
9385,0.030990381581827542,0.00010135398595884819
9386,0.030990381581827542,0.00010135398595884819
9387,0.030990381581827542,0.00010135398595884819
9388,0.05936670852833448,0.0004732757360496223
9389,0.05936670852833448,0.0004732757360496223
9391,0.05936670852833448,0.0004732757360496223
9392,0.05936670852833448,0.0004732757360496223
9393,0.05936670852833448,0.0004732757360496223
9394,0.05936670852833448,0.0004732757360496223
9395,0.05936670852833448,0.0004732757360496223
9396,0.05936670852833448,0.0004732757360496223
9397,0.01988865790669747,0.00029776109548042837
9398,0.01988865790669747,0.00029776109548042837
9399,0.01988865790669747,0.00029776109548042837
9400,0.01988865790669747,0.00029776109548042837
9401,0.01988865790669747,0.00029776109548042837
9402,0.01988865790669747,0.00029776109548042837
9403,0.01988865790669747,0.00029776109548042837
9404,0.01988865790669747,0.00029776109548042837
9405,0.01988865790669747,0.00029776109548042837
9410,2.9365636007305795e-06,0.00048469168271476643
9412,0.0001247158830740558,0.0011091985916870818
9427,0.021962640455085558,8.422922086894033e-05
9464,0.004839512259628864,0.00023985561694056003
9465,0.0284632890599138,0.00027268964792359456
9466,0.008954309041777075,0.00031191611546551885
9467,0.04188216828971747,0.00032805611439701635
9468,0.025053621883705857,0.00012838447518257216
9469,0.004839512259628864,0.00023985561694056003
9470,0.0284632890599138,0.00027268964792359456
9471,0.008954309041777075,0.00031191611546551885
9472,0.04188216828971747,0.00032805611439701635
9473,0.025053621883705857,0.00012838447518257216
9474,0.004839512259628864,0.00023985561694056003
9475,0.0284632890599138,0.00027268964792359456
9476,0.008954309041777075,0.00031191611546551885
9477,0.04188216828971747,0.00032805611439701635
9478,0.025053621883705857,0.00012838447518257216
9479,0.004839512259628864,0.00023985561694056003
9480,0.0284632890599138,0.00027268964792359456
9481,0.008954309041777075,0.00031191611546551885
9482,0.04188216828971747,0.00032805611439701635
9483,0.025053621883705857,0.00012838447518257216
9484,0.004839512259628864,0.00023985561694056003
9485,0.0284632890599138,0.00027268964792359456
9486,0.008954309041777075,0.00031191611546551885
9487,0.04188216828971747,0.00032805611439701635
9488,0.025053621883705857,0.00012838447518257216
9489,0.004839512259628864,0.00023985561694056003
9490,0.0284632890599138,0.00027268964792359456
9491,0.008954309041777075,0.00031191611546551885
9492,0.04188216828971747,0.00032805611439701635
9493,0.025053621883705857,0.00012838447518257216
9494,0.004839512259628864,0.00023985561694056003
9495,0.0284632890599138,0.00027268964792359456
9496,0.008954309041777075,0.00031191611546551885
9497,0.04188216828971747,0.00032805611439701635
9498,0.025053621883705857,0.00012838447518257216
9499,0.06088836394841535,0.0022839198251126056
9500,0.06088836394841535,0.0022839198251126056
9501,0.06088836394841535,0.0022839198251126056
9502,0.06088836394841535,0.0022839198251126056
9503,0.06088836394841535,0.0022839198251126056
9504,0.06088836394841535,0.0022839198251126056
9505,0.06088836394841535,0.0022839198251126056
9506,0.06088836394841535,0.0022839198251126056
9507,0.06088836394841535,0.0022839198251126056
9508,0.06088836394841535,0.0022839198251126056
9509,0.06088836394841535,0.0022839198251126056
9510,0.06088836394841535,0.0022839198251126056
9511,0.06088836394841535,0.0022839198251126056
9512,0.06088836394841535,0.0022839198251126056
9530,0.3228642707995971,2.151254266920778e-06
9531,0.3228642707995971,2.151254266920778e-06
9532,0.3228642707995971,2.151254266920778e-06
9533,0.3228642707995971,2.151254266920778e-06
9534,0.3228642707995971,2.151254266920778e-06
9535,0.3228642707995971,2.151254266920778e-06
9536,0.3228642707995971,2.151254266920778e-06
9537,0.3228642707995971,2.151254266920778e-06
9561,0.1388686651404979,0.0002689973132938973
9562,0.1388686651404979,0.0002689973132938973
9563,0.1388686651404979,0.0002689973132938973
9564,0.1388686651404979,0.0002689973132938973
9565,0.1388686651404979,0.0002689973132938973
9566,0.1388686651404979,0.0002689973132938973
9691,0.0009037975606420723,0.006694296627852016
9697,0.002251903254318788,0.000533544393638341
9698,0.002251903254318788,0.000533544393638341
9699,0.002251903254318788,0.000533544393638341
9700,0.002251903254318788,0.000533544393638341
9701,0.002251903254318788,0.000533544393638341
9702,0.002251903254318788,0.000533544393638341
9703,0.002251903254318788,0.000533544393638341
9704,0.002251903254318788,0.000533544393638341
9705,0.002251903254318788,0.000533544393638341
9724,0.0015782652992564206,9.727757827155585e-05
9728,0.0051652509264678015,6.106715546822991e-05
9731,0.0015782652992564206,9.727757827155585e-05
9736,0.10927512524636318,0.0003277998464105299
9737,0.10927512524636318,0.0003277998464105299
9738,0.10927512524636318,0.0003277998464105299
9739,0.10927512524636318,0.0003277998464105299
9740,0.2996957746028329,0.0012462526420051311
9741,0.2996957746028329,0.0012462526420051311
9742,0.2996957746028329,0.0012462526420051311
9743,0.2996957746028329,0.0012462526420051311
9775,0.255692760894345,1.972826277652115e-06
9785,0.255692760894345,1.972826277652115e-06
9789,0.005811756016473546,0.0040715823963023805
9790,0.005811756016473546,0.0040715823963023805
9791,0.005811756016473546,0.0040715823963023805
9792,0.005811756016473546,0.0040715823963023805
9793,0.005811756016473546,0.0040715823963023805
9794,0.005811756016473546,0.0040715823963023805
9795,0.029909431373779438,0.0010006033874347207
9796,0.02077846956792606,0.0007446212290336159
9797,0.0545776436026838,0.0007140151256235542
9854,0.001039344292882216,8.856071089631762e-05
9855,0.001039344292882216,8.856071089631762e-05
9856,0.001039344292882216,8.856071089631762e-05
9857,0.001039344292882216,8.856071089631762e-05
9858,0.001039344292882216,8.856071089631762e-05
9859,0.001039344292882216,8.856071089631762e-05
9860,0.001039344292882216,8.856071089631762e-05
9861,0.001039344292882216,8.856071089631762e-05
9862,0.001039344292882216,8.856071089631762e-05
9863,0.02421995149510503,0.0023869229607196597
9864,0.02421995149510503,0.0023869229607196597
9865,0.02421995149510503,0.0023869229607196597
9866,0.02421995149510503,0.0023869229607196597
9867,0.02421995149510503,0.0023869229607196597
9868,0.02421995149510503,0.0023869229607196597
9869,0.02421995149510503,0.0023869229607196597
9870,0.02421995149510503,0.0023869229607196597
9871,0.02421995149510503,0.0023869229607196597
9872,0.02421995149510503,0.0023869229607196597
9873,0.02421995149510503,0.0023869229607196597
9874,0.02421995149510503,0.0023869229607196597
9875,0.02421995149510503,0.0023869229607196597
9876,0.02421995149510503,0.0023869229607196597
9877,0.02421995149510503,0.0023869229607196597
9878,0.015581375024571797,0.00017092498038233112
9879,0.015581375024571797,0.00017092498038233112
9880,0.015581375024571797,0.00017092498038233112
9881,0.015581375024571797,0.00017092498038233112
9882,0.015581375024571797,0.00017092498038233112
9883,0.015581375024571797,0.00017092498038233112
9884,0.015581375024571797,0.00017092498038233112
9885,0.015581375024571797,0.00017092498038233112
9886,0.015581375024571797,0.00017092498038233112
9887,0.015581375024571797,0.00017092498038233112
9888,0.015581375024571797,0.00017092498038233112
9889,0.015581375024571797,0.00017092498038233112
9896,0.004312136683033652,0.0005578919521409074
9905,0.0003658832976732862,0.0009178425912217732
9912,0.0003754051579829554,0.0009247280399974824
9919,0.029001347913188646,0.0005646794699081959
9920,0.31807672451062374,0.002010103898248135
9921,0.310098756077839,0.002002150505256652
9923,0.0005001544982896622,0.00031825129574156045
9925,0.06882213530393078,0.0007571724152583012
9927,0.01673251054261493,0.00013672978456869965
9974,0.0013652982003926617,0.0006544090159650764
9975,0.0013652982003926617,0.0006544090159650764
9977,0.020964952661083225,0.0003582769895819414
9978,0.020964952661083225,0.0003582769895819414
9981,0.007619916941394411,0.00045023891638283934
9982,0.007619916941394411,0.00045023891638283934
9985,0.02571317999384637,0.00034881195410622987
9986,0.02571317999384637,0.00034881195410622987
9996,0.03239620103955909,0.0005937919590305761
9997,0.037412115902438314,0.0005962141915735065
9998,0.055108497787249466,0.001122958568919953
10008,0.006247130849281302,0.0010129875408175608
10009,0.006247130849281302,0.0010129875408175608
10011,0.00412546459614771,0.0006570756969336948
10023,7.710959337381418e-06,1.6008684299863247e-05
10024,7.710959337381418e-06,1.6008684299863247e-05
10028,0.9019941208422321,7.516282049099387e-05
10029,0.9019941208422321,7.516282049099387e-05
10030,0.9019941208422321,7.516282049099387e-05
10031,0.9019941208422321,7.516282049099387e-05
10032,0.9019941208422321,7.516282049099387e-05
10033,0.9019941208422321,7.516282049099387e-05
10034,0.9019941208422321,7.516282049099387e-05
10035,0.9019941208422321,7.516282049099387e-05
10036,0.9019941208422321,7.516282049099387e-05
10067,0.04042763817558448,0.0013820244758530557
10068,0.04042763817558448,0.0013820244758530557
10069,0.04042763817558448,0.0013820244758530557
10070,0.04042763817558448,0.0013820244758530557
10071,0.04042763817558448,0.0013820244758530557
10072,0.04042763817558448,0.0013820244758530557
10073,0.04042763817558448,0.0013820244758530557
10074,0.07127715095440113,0.001775472877577726
10075,0.07127715095440113,0.001775472877577726
10076,0.07127715095440113,0.001775472877577726
10077,0.07127715095440113,0.001775472877577726
10078,0.07127715095440113,0.001775472877577726
10079,0.07127715095440113,0.001775472877577726
10080,0.07127715095440113,0.001775472877577726
10081,0.0857887131220122,0.0012796008555891036
10082,0.0857887131220122,0.0012796008555891036
10083,0.0857887131220122,0.0012796008555891036
10084,0.0857887131220122,0.0012796008555891036
10085,0.0857887131220122,0.0012796008555891036
10086,0.0857887131220122,0.0012796008555891036
10087,0.0857887131220122,0.0012796008555891036
10088,0.04652508250651333,0.0009133940647683926
10089,0.04652508250651333,0.0009133940647683926
10090,0.04652508250651333,0.0009133940647683926
10091,0.04652508250651333,0.0009133940647683926
10092,0.04652508250651333,0.0009133940647683926
10093,0.07693856331816717,0.001335716137319018
10094,0.07693856331816717,0.001335716137319018
10095,0.07693856331816717,0.001335716137319018
10096,0.07693856331816717,0.001335716137319018
10097,0.07693856331816717,0.001335716137319018
10098,0.10222143227621994,0.000914278451406068
10099,0.10222143227621994,0.000914278451406068
10100,0.10222143227621994,0.000914278451406068
10101,0.10222143227621994,0.000914278451406068
10102,0.10222143227621994,0.000914278451406068
10103,0.00027028183619681734,0.003841149811993714
10104,0.010558827790627334,0.0006504550476057842
10129,0.1877131539162995,0.00016587926581307605
10130,0.1877131539162995,0.00016587926581307605
10138,0.3835376513141667,0.00026152284629579053
10139,0.3835376513141667,0.00026152284629579053
10162,0.016801440606895368,0.0004467102372737262
10163,0.018539066809393656,0.0018917492905185188
10164,0.16998033668447432,0.0022212072993485106
10277,0.54365499034728,5.811634886542538e-06
10278,0.54365499034728,5.811634886542538e-06
10279,0.54365499034728,5.811634886542538e-06
10280,0.54365499034728,5.811634886542538e-06
10281,0.54365499034728,5.811634886542538e-06
10282,0.54365499034728,5.811634886542538e-06
10283,0.54365499034728,5.811634886542538e-06
10284,0.54365499034728,5.811634886542538e-06
10285,0.6142209471060445,9.271567615875046e-05
10286,0.6142209471060445,9.271567615875046e-05
10287,0.6142209471060445,9.271567615875046e-05
10288,0.6142209471060445,9.271567615875046e-05
10289,0.6142209471060445,9.271567615875046e-05
10290,0.6142209471060445,9.271567615875046e-05
10291,0.6142209471060445,9.271567615875046e-05
10292,0.6142209471060445,9.271567615875046e-05
10293,0.5411289521379039,4.5827334865232027e-05
10294,0.5411289521379039,4.5827334865232027e-05
10295,0.5411289521379039,4.5827334865232027e-05
10296,0.5411289521379039,4.5827334865232027e-05
10297,0.5411289521379039,4.5827334865232027e-05
10298,0.5411289521379039,4.5827334865232027e-05
10299,0.5411289521379039,4.5827334865232027e-05
10300,0.5411289521379039,4.5827334865232027e-05
10329,1.7219559111936178e-13,1.2933470358726163e-06
10330,1.7219559111936178e-13,1.2933470358726163e-06
10331,1.7219559111936178e-13,1.2933470358726163e-06
10332,1.7219559111936178e-13,1.2933470358726163e-06
10333,1.7219559111936178e-13,1.2933470358726163e-06
10334,1.7219559111936178e-13,1.2933470358726163e-06
10379,0.021892396189551966,0.0009525911685651896
10380,0.05977353835608823,0.001198587988914748
10381,0.005752472650596752,0.0004759830568523463
10382,0.02569118949109639,0.0007169210024243651
10383,0.12093026425760234,0.0014530328686095141
10384,0.16997484776337812,0.0014573633733797296
10385,0.02704252224028325,6.073817788182815e-05
10386,0.02704252224028325,6.073817788182815e-05
10387,0.02704252224028325,6.073817788182815e-05
10388,0.02704252224028325,6.073817788182815e-05
10389,0.02704252224028325,6.073817788182815e-05
10390,0.02704252224028325,6.073817788182815e-05
10391,0.02704252224028325,6.073817788182815e-05
10392,0.02704252224028325,6.073817788182815e-05
10393,0.02704252224028325,6.073817788182815e-05
10394,0.013549100493070343,5.263603186118969e-05
10395,0.013549100493070343,5.263603186118969e-05
10396,0.013549100493070343,5.263603186118969e-05
10397,0.013549100493070343,5.263603186118969e-05
10398,0.013549100493070343,5.263603186118969e-05
10399,0.013549100493070343,5.263603186118969e-05
10400,0.013549100493070343,5.263603186118969e-05
10401,0.013549100493070343,5.263603186118969e-05
10402,0.013549100493070343,5.263603186118969e-05
10403,0.07703378329179977,8.899741188477298e-05
10404,0.07703378329179977,8.899741188477298e-05
10405,0.07703378329179977,8.899741188477298e-05
10406,0.07703378329179977,8.899741188477298e-05
10407,0.07703378329179977,8.899741188477298e-05
10408,0.07703378329179977,8.899741188477298e-05
10409,0.07703378329179977,8.899741188477298e-05
10410,0.06135034186492172,0.00024134128855846744
10411,0.06135034186492172,0.00024134128855846744
10412,0.06135034186492172,0.00024134128855846744
10413,0.06135034186492172,0.00024134128855846744
10414,0.06135034186492172,0.00024134128855846744
10415,0.06135034186492172,0.00024134128855846744
10416,0.06135034186492172,0.00024134128855846744
10417,0.06135034186492172,0.00024134128855846744
10418,0.06135034186492172,0.00024134128855846744
10419,0.14633486538564178,6.23269397031274e-05
10420,0.14633486538564178,6.23269397031274e-05
10421,0.14633486538564178,6.23269397031274e-05
10422,0.14633486538564178,6.23269397031274e-05
10423,0.14633486538564178,6.23269397031274e-05
10424,0.14633486538564178,6.23269397031274e-05
10425,0.14633486538564178,6.23269397031274e-05
10426,0.14633486538564178,6.23269397031274e-05
10427,0.14633486538564178,6.23269397031274e-05
10428,0.26700447989510945,8.016642367493195e-05
10429,0.26700447989510945,8.016642367493195e-05
10430,0.26700447989510945,8.016642367493195e-05
10431,0.26700447989510945,8.016642367493195e-05
10432,0.26700447989510945,8.016642367493195e-05
10433,0.26700447989510945,8.016642367493195e-05
10434,0.26700447989510945,8.016642367493195e-05
10435,0.26700447989510945,8.016642367493195e-05
10436,0.26700447989510945,8.016642367493195e-05
10452,1.811542093221874e-05,0.0003812726754171803
10453,1.811542093221874e-05,0.0003812726754171803
10454,1.811542093221874e-05,0.0003812726754171803
10455,1.811542093221874e-05,0.0003812726754171803
10456,1.811542093221874e-05,0.0003812726754171803
10457,1.811542093221874e-05,0.0003812726754171803
10458,1.811542093221874e-05,0.0003812726754171803
10459,1.811542093221874e-05,0.0003812726754171803
10460,1.811542093221874e-05,0.0003812726754171803
10468,0.0638725483325473,8.735817534722486e-05
10479,0.011494152335018826,0.0014467124345495831
10480,0.011494152335018826,0.0014467124345495831
10481,0.011494152335018826,0.0014467124345495831
10482,0.011494152335018826,0.0014467124345495831
10483,0.011494152335018826,0.0014467124345495831
10484,0.011494152335018826,0.0014467124345495831
10485,0.011494152335018826,0.0014467124345495831
10486,0.011494152335018826,0.0014467124345495831
10487,0.011494152335018826,0.0014467124345495831
10488,0.011494152335018826,0.0014467124345495831
10489,0.012950085599286343,0.0014211539882004812
10490,0.012950085599286343,0.0014211539882004812
10491,0.012950085599286343,0.0014211539882004812
10492,0.012950085599286343,0.0014211539882004812
10493,0.012950085599286343,0.0014211539882004812
10494,0.012950085599286343,0.0014211539882004812
10495,0.012950085599286343,0.0014211539882004812
10496,0.012950085599286343,0.0014211539882004812
10497,0.012950085599286343,0.0014211539882004812
10498,0.012950085599286343,0.0014211539882004812
10512,0.00737228238996579,0.00012296394476602975
10513,0.021631269086814564,0.00031969842642233775
10514,0.0859853689535034,0.0004014345147621374
10574,0.14028526298224742,0.0008246381742358661
10575,0.14028526298224742,0.0008246381742358661
10576,0.14028526298224742,0.0008246381742358661
10577,0.14028526298224742,0.0008246381742358661
10578,0.14028526298224742,0.0008246381742358661
10589,0.2696438355195929,0.0022954796185606103
10590,0.2696438355195929,0.0022954796185606103
10591,0.2696438355195929,0.0022954796185606103
10592,0.2696438355195929,0.0022954796185606103
10593,0.2696438355195929,0.0022954796185606103
10604,0.36465208279226613,0.0009196818425347064
10605,0.36465208279226613,0.0009196818425347064
10606,0.36465208279226613,0.0009196818425347064
10607,0.36465208279226613,0.0009196818425347064
10608,0.36465208279226613,0.0009196818425347064
10609,0.39341354078873136,0.0012893376927329402
10610,0.39341354078873136,0.0012893376927329402
10611,0.39341354078873136,0.0012893376927329402
10612,0.39341354078873136,0.0012893376927329402
10613,0.39341354078873136,0.0012893376927329402
10624,0.3702967432570604,0.0020255870512201016
10625,0.3702967432570604,0.0020255870512201016
10626,0.3702967432570604,0.0020255870512201016
10627,0.3702967432570604,0.0020255870512201016
10628,0.3702967432570604,0.0020255870512201016
10629,0.42997962431677383,0.0021247857274773463
10630,0.42997962431677383,0.0021247857274773463
10631,0.42997962431677383,0.0021247857274773463
10632,0.42997962431677383,0.0021247857274773463
10633,0.42997962431677383,0.0021247857274773463
10682,0.08491527655391706,0.0010910887887552153
10683,0.07883873407821784,0.0011041376158054655
10684,0.09341528414054989,0.0011975457852292362
10685,0.10393008440550844,0.0009966017820838748
10686,0.08996864434499374,0.001107214679896472
10687,0.0851308838765531,0.0011156571483014388
10688,0.10005517218023063,0.0012132815918223776
10689,0.10935887887398221,0.0009824906725618586
10690,0.0019119728566228122,4.320349579388198e-05
10691,0.0019119728566228122,4.320349579388198e-05
10692,0.0019119728566228122,4.320349579388198e-05
10693,0.0019119728566228122,4.320349579388198e-05
10694,0.0019119728566228122,4.320349579388198e-05
10695,0.0019119728566228122,4.320349579388198e-05
10696,0.0019119728566228122,4.320349579388198e-05
10697,0.0019119728566228122,4.320349579388198e-05
10698,0.0019119728566228122,4.320349579388198e-05
10699,0.0019119728566228122,4.320349579388198e-05
10700,0.0019119728566228122,4.320349579388198e-05
10701,0.0019119728566228122,4.320349579388198e-05
10702,0.0019119728566228122,4.320349579388198e-05
10703,0.0019119728566228122,4.320349579388198e-05
10704,0.0019119728566228122,4.320349579388198e-05
10705,0.0019119728566228122,4.320349579388198e-05
10706,0.0019119728566228122,4.320349579388198e-05
10707,0.0019119728566228122,4.320349579388198e-05
10708,0.0019119728566228122,4.320349579388198e-05
10709,0.0019119728566228122,4.320349579388198e-05
10710,0.0019119728566228122,4.320349579388198e-05
10711,0.0019119728566228122,4.320349579388198e-05
10712,0.0019119728566228122,4.320349579388198e-05
10713,0.0019119728566228122,4.320349579388198e-05
10714,0.0019119728566228122,4.320349579388198e-05
10715,0.0019119728566228122,4.320349579388198e-05
10716,0.0019119728566228122,4.320349579388198e-05
10717,0.0019119728566228122,4.320349579388198e-05
10718,0.0016447483152618458,4.295774667945778e-05
10719,0.0016447483152618458,4.295774667945778e-05
10720,0.0016447483152618458,4.295774667945778e-05
10721,0.0016447483152618458,4.295774667945778e-05
10722,0.0016447483152618458,4.295774667945778e-05
10723,0.0016447483152618458,4.295774667945778e-05
10724,0.0016447483152618458,4.295774667945778e-05
10725,0.0016447483152618458,4.295774667945778e-05
10726,0.0016447483152618458,4.295774667945778e-05
10727,0.0016447483152618458,4.295774667945778e-05
10728,0.0016447483152618458,4.295774667945778e-05
10729,0.0016447483152618458,4.295774667945778e-05
10730,0.0016447483152618458,4.295774667945778e-05
10731,0.0016447483152618458,4.295774667945778e-05
10732,0.0016447483152618458,4.295774667945778e-05
10733,0.0016447483152618458,4.295774667945778e-05
10734,0.0016447483152618458,4.295774667945778e-05
10735,0.0016447483152618458,4.295774667945778e-05
10736,0.0016447483152618458,4.295774667945778e-05
10737,0.0016447483152618458,4.295774667945778e-05
10738,0.0016447483152618458,4.295774667945778e-05
10739,0.0016447483152618458,4.295774667945778e-05
10740,0.0016447483152618458,4.295774667945778e-05
10741,0.0016447483152618458,4.295774667945778e-05
10742,0.0016447483152618458,4.295774667945778e-05
10743,0.0016447483152618458,4.295774667945778e-05
10744,0.0016447483152618458,4.295774667945778e-05
10745,0.0016447483152618458,4.295774667945778e-05
10746,0.0016019409599057344,4.4436311741882545e-05
10747,0.0016019409599057344,4.4436311741882545e-05
10748,0.0016019409599057344,4.4436311741882545e-05
10749,0.0016019409599057344,4.4436311741882545e-05
10750,0.0016019409599057344,4.4436311741882545e-05
10751,0.0016019409599057344,4.4436311741882545e-05
10752,0.0016019409599057344,4.4436311741882545e-05
10753,0.0016019409599057344,4.4436311741882545e-05
10754,0.0016019409599057344,4.4436311741882545e-05
10755,0.0016019409599057344,4.4436311741882545e-05
10756,0.0016019409599057344,4.4436311741882545e-05
10757,0.0016019409599057344,4.4436311741882545e-05
10758,0.0016019409599057344,4.4436311741882545e-05
10759,0.0016019409599057344,4.4436311741882545e-05
10760,0.0016019409599057344,4.4436311741882545e-05
10761,0.0016019409599057344,4.4436311741882545e-05
10762,0.0016019409599057344,4.4436311741882545e-05
10763,0.0016019409599057344,4.4436311741882545e-05
10764,0.0016019409599057344,4.4436311741882545e-05
10765,0.0016019409599057344,4.4436311741882545e-05
10766,0.0016019409599057344,4.4436311741882545e-05
10767,0.0016019409599057344,4.4436311741882545e-05
10768,0.0016019409599057344,4.4436311741882545e-05
10769,0.0016019409599057344,4.4436311741882545e-05
10770,0.0016019409599057344,4.4436311741882545e-05
10771,0.0016019409599057344,4.4436311741882545e-05
10772,0.0016019409599057344,4.4436311741882545e-05
10773,0.0016019409599057344,4.4436311741882545e-05
10828,0.3935048619510716,0.0004832573342362107
10829,0.3935048619510716,0.0004832573342362107
10830,0.3935048619510716,0.0004832573342362107
10831,0.3935048619510716,0.0004832573342362107
10832,0.3935048619510716,0.0004832573342362107
10833,0.3935048619510716,0.0004832573342362107
10834,0.3935048619510716,0.0004832573342362107
10835,0.3935048619510716,0.0004832573342362107
10836,0.36090529293109497,0.000458557166707512
10837,0.36090529293109497,0.000458557166707512
10838,0.36090529293109497,0.000458557166707512
10839,0.36090529293109497,0.000458557166707512
10840,0.36090529293109497,0.000458557166707512
10841,0.36090529293109497,0.000458557166707512
10842,0.36090529293109497,0.000458557166707512
10843,0.36090529293109497,0.000458557166707512
10878,0.06550079339210746,0.0005923540391878238
10879,0.06550079339210746,0.0005923540391878238
10882,0.007937355206980357,9.935481110377644e-05
10883,0.007937355206980357,9.935481110377644e-05
10884,0.007937355206980357,9.935481110377644e-05
10885,0.007937355206980357,9.935481110377644e-05
10886,0.007937355206980357,9.935481110377644e-05
10887,0.007937355206980357,9.935481110377644e-05
10888,0.007937355206980357,9.935481110377644e-05
10889,0.007937355206980357,9.935481110377644e-05
10890,0.007937355206980357,9.935481110377644e-05
10891,0.007937355206980357,9.935481110377644e-05
10892,0.007937355206980357,9.935481110377644e-05
10893,0.007937355206980357,9.935481110377644e-05
10894,0.007937355206980357,9.935481110377644e-05
10895,0.007937355206980357,9.935481110377644e-05
10896,0.007937355206980357,9.935481110377644e-05
10897,0.007937355206980357,9.935481110377644e-05
10898,0.007937355206980357,9.935481110377644e-05
10899,0.0011735502645952023,6.924228118850234e-05
10900,0.0011735502645952023,6.924228118850234e-05
10901,0.0011735502645952023,6.924228118850234e-05
10902,0.0011735502645952023,6.924228118850234e-05
10903,0.0011735502645952023,6.924228118850234e-05
10904,0.0011735502645952023,6.924228118850234e-05
10905,0.0011735502645952023,6.924228118850234e-05
10906,0.0011735502645952023,6.924228118850234e-05
10907,0.0011735502645952023,6.924228118850234e-05
10908,0.0011735502645952023,6.924228118850234e-05
10909,0.0011735502645952023,6.924228118850234e-05
10910,0.0011735502645952023,6.924228118850234e-05
10911,0.0011735502645952023,6.924228118850234e-05
10912,0.0011735502645952023,6.924228118850234e-05
10913,0.0011735502645952023,6.924228118850234e-05
10914,0.0011735502645952023,6.924228118850234e-05
10915,0.0011735502645952023,6.924228118850234e-05
10916,0.0008522421307821659,9.912703972736773e-05
10917,0.0008522421307821659,9.912703972736773e-05
10918,0.0008522421307821659,9.912703972736773e-05
10919,0.0008522421307821659,9.912703972736773e-05
10920,0.0008522421307821659,9.912703972736773e-05
10921,0.0008522421307821659,9.912703972736773e-05
10922,0.0008522421307821659,9.912703972736773e-05
10923,0.0008522421307821659,9.912703972736773e-05
10924,0.0008522421307821659,9.912703972736773e-05
10925,0.0008522421307821659,9.912703972736773e-05
10926,0.0008522421307821659,9.912703972736773e-05
10927,0.0008522421307821659,9.912703972736773e-05
10928,0.0008522421307821659,9.912703972736773e-05
10929,0.0008522421307821659,9.912703972736773e-05
10930,0.0008522421307821659,9.912703972736773e-05
10931,0.0008522421307821659,9.912703972736773e-05
10932,0.0008522421307821659,9.912703972736773e-05
10933,0.0009529931041072359,9.062861198861423e-05
10934,0.0009529931041072359,9.062861198861423e-05
10935,0.0009529931041072359,9.062861198861423e-05
10936,0.0009529931041072359,9.062861198861423e-05
10937,0.0009529931041072359,9.062861198861423e-05
10938,0.0009529931041072359,9.062861198861423e-05
10939,0.0009529931041072359,9.062861198861423e-05
10940,0.0009529931041072359,9.062861198861423e-05
10941,0.0009529931041072359,9.062861198861423e-05
10942,0.0009529931041072359,9.062861198861423e-05
10943,0.0009529931041072359,9.062861198861423e-05
10944,0.0009529931041072359,9.062861198861423e-05
10945,0.0009529931041072359,9.062861198861423e-05
10946,0.0009529931041072359,9.062861198861423e-05
10947,0.0009529931041072359,9.062861198861423e-05
10948,0.0009529931041072359,9.062861198861423e-05
10949,0.0009529931041072359,9.062861198861423e-05
10950,0.0019434667424497176,0.0003925488991890231
10951,0.0019434667424497176,0.0003925488991890231
10952,0.0019434667424497176,0.0003925488991890231
10953,0.0019434667424497176,0.0003925488991890231
10954,0.0019434667424497176,0.0003925488991890231
10955,0.0019434667424497176,0.0003925488991890231
10956,0.0019434667424497176,0.0003925488991890231
10957,0.0019434667424497176,0.0003925488991890231
10958,0.0019434667424497176,0.0003925488991890231
10959,0.0019434667424497176,0.0003925488991890231
10960,0.0019434667424497176,0.0003925488991890231
10961,0.0019434667424497176,0.0003925488991890231
10962,0.0019434667424497176,0.0003925488991890231
10963,0.0019434667424497176,0.0003925488991890231
10964,0.0019434667424497176,0.0003925488991890231
10965,0.0019434667424497176,0.0003925488991890231
10966,0.0019434667424497176,0.0003925488991890231
10967,0.016423347417911294,5.7986751244466154e-05
10968,0.016423347417911294,5.7986751244466154e-05
10969,0.016423347417911294,5.7986751244466154e-05
10970,0.016423347417911294,5.7986751244466154e-05
10971,0.016423347417911294,5.7986751244466154e-05
10972,0.016423347417911294,5.7986751244466154e-05
10973,0.016423347417911294,5.7986751244466154e-05
10974,0.016423347417911294,5.7986751244466154e-05
10975,0.016423347417911294,5.7986751244466154e-05
10976,0.016423347417911294,5.7986751244466154e-05
10977,0.016423347417911294,5.7986751244466154e-05
10978,0.016423347417911294,5.7986751244466154e-05
10979,0.016423347417911294,5.7986751244466154e-05
10980,0.016423347417911294,5.7986751244466154e-05
10981,0.016423347417911294,5.7986751244466154e-05
10982,0.016423347417911294,5.7986751244466154e-05
10983,0.016423347417911294,5.7986751244466154e-05
10985,0.005119274073968394,3.3084386985971734e-06
10987,0.005119274073968394,3.3084386985971734e-06
10988,0.005119274073968394,3.3084386985971734e-06
10991,0.018492208583854586,5.314081882689902e-06
10993,0.018492208583854586,5.314081882689902e-06
10994,0.018492208583854586,5.314081882689902e-06
11013,0.03035658499127769,0.0005641776717276283
11029,0.1622893595208904,0.0006224595493920177
11031,0.1622893595208904,0.0006224595493920177
11068,0.635320156876414,0.0018625983625691518
11069,0.6587048906181899,0.0018446016168812054
11070,0.63320170380164,0.0018230559226181612
11071,0.6913764883487176,0.0018024143811406785
11072,0.616753816660792,0.0017878357183983354
11073,0.6292139978877807,0.0017865098175055948
11074,0.6140319418337562,0.0017626542227927571
11075,0.6660383153992401,0.0017638668109183214
11076,0.5557895882157866,0.0018123383242077667
11077,0.5600797582687116,0.001827808591513623
11078,0.568997663513841,0.0017904268301739464
11079,0.6105459524561527,0.0018063299891376994
11120,0.09514597581934758,0.0007354611706819883
11133,1.3230305739853065e-11,6.716113424401678e-07
11165,0.0011456433024933377,0.004208243033805469
11166,0.0011456433024933377,0.004208243033805469
11167,0.0011456433024933377,0.004208243033805469
11168,0.0011456433024933377,0.004208243033805469
11169,0.0011456433024933377,0.004208243033805469
11170,0.0011456433024933377,0.004208243033805469
11171,0.0011456433024933377,0.004208243033805469
11177,3.3623775559377123e-06,0.0005703686927414926
11178,3.3623775559377123e-06,0.0005703686927414926
11180,3.3623775559377123e-06,0.0005703686927414926
11181,3.3623775559377123e-06,0.0005703686927414926
11182,3.3623775559377123e-06,0.0005703686927414926
11183,3.3623775559377123e-06,0.0005703686927414926
11186,1.9046420806079212e-06,0.00047024238446368143
11187,1.9046420806079212e-06,0.00047024238446368143
11189,1.9046420806079212e-06,0.00047024238446368143
11190,1.9046420806079212e-06,0.00047024238446368143
11191,1.9046420806079212e-06,0.00047024238446368143
11192,1.9046420806079212e-06,0.00047024238446368143
11195,9.641301567109295e-07,1.1467221011538447e-05
11196,9.641301567109295e-07,1.1467221011538447e-05
11198,9.641301567109295e-07,1.1467221011538447e-05
11199,9.641301567109295e-07,1.1467221011538447e-05
11200,9.641301567109295e-07,1.1467221011538447e-05
11201,9.641301567109295e-07,1.1467221011538447e-05
11204,1.8268919821373686e-08,2.86273240269268e-06
11205,1.8268919821373686e-08,2.86273240269268e-06
11207,1.8268919821373686e-08,2.86273240269268e-06
11208,1.8268919821373686e-08,2.86273240269268e-06
11209,1.8268919821373686e-08,2.86273240269268e-06
11210,1.8268919821373686e-08,2.86273240269268e-06
11212,1.0511153585301969e-06,0.0001574392990428379
11213,1.0511153585301969e-06,0.0001574392990428379
11214,1.0511153585301969e-06,0.0001574392990428379
11215,1.0511153585301969e-06,0.0001574392990428379
11216,1.0511153585301969e-06,0.0001574392990428379
11217,1.0511153585301969e-06,0.0001574392990428379
11218,5.860367467969141e-07,0.00011781089190139029
11224,8.449826616185874e-09,4.379510290686341e-06
11230,1.835845938380487e-06,0.005125592859315249
11236,0.10031938753458702,1.991759884285572e-05
11237,0.10031938753458702,1.991759884285572e-05
11238,0.10031938753458702,1.991759884285572e-05
11239,0.10031938753458702,1.991759884285572e-05
11240,0.10031938753458702,1.991759884285572e-05
11241,0.10031938753458702,1.991759884285572e-05
11242,0.10031938753458702,1.991759884285572e-05
11243,0.10031938753458702,1.991759884285572e-05
11244,0.10031938753458702,1.991759884285572e-05
11245,0.10031938753458702,1.991759884285572e-05
11246,0.10031938753458702,1.991759884285572e-05
11247,0.10031938753458702,1.991759884285572e-05
11248,0.0702381768307303,0.00013358481392636702
11249,0.0702381768307303,0.00013358481392636702
11250,0.0702381768307303,0.00013358481392636702
11251,0.0702381768307303,0.00013358481392636702
11252,0.0702381768307303,0.00013358481392636702
11253,0.0702381768307303,0.00013358481392636702
11254,0.0702381768307303,0.00013358481392636702
11255,0.0702381768307303,0.00013358481392636702
11256,0.0702381768307303,0.00013358481392636702
11257,0.0702381768307303,0.00013358481392636702
11258,0.0702381768307303,0.00013358481392636702
11259,0.0702381768307303,0.00013358481392636702
11260,0.1026665010604142,1.9573388957434183e-05
11261,0.1026665010604142,1.9573388957434183e-05
11262,0.1026665010604142,1.9573388957434183e-05
11263,0.1026665010604142,1.9573388957434183e-05
11264,0.1026665010604142,1.9573388957434183e-05
11265,0.1026665010604142,1.9573388957434183e-05
11266,0.1026665010604142,1.9573388957434183e-05
11267,0.1026665010604142,1.9573388957434183e-05
11268,0.1026665010604142,1.9573388957434183e-05
11269,0.1026665010604142,1.9573388957434183e-05
11270,0.1026665010604142,1.9573388957434183e-05
11271,0.1026665010604142,1.9573388957434183e-05
11272,0.10135916244846865,2.6958365123733e-05
11273,0.10135916244846865,2.6958365123733e-05
11274,0.10135916244846865,2.6958365123733e-05
11275,0.10135916244846865,2.6958365123733e-05
11276,0.10135916244846865,2.6958365123733e-05
11277,0.10135916244846865,2.6958365123733e-05
11278,0.10135916244846865,2.6958365123733e-05
11279,0.10135916244846865,2.6958365123733e-05
11280,0.10135916244846865,2.6958365123733e-05
11281,0.10135916244846865,2.6958365123733e-05
11282,0.10135916244846865,2.6958365123733e-05
11283,0.10135916244846865,2.6958365123733e-05
11284,0.09311422993983498,1.32874596255451e-05
11285,0.09311422993983498,1.32874596255451e-05
11286,0.09311422993983498,1.32874596255451e-05
11287,0.09311422993983498,1.32874596255451e-05
11288,0.09311422993983498,1.32874596255451e-05
11289,0.09311422993983498,1.32874596255451e-05
11290,0.09311422993983498,1.32874596255451e-05
11291,0.09311422993983498,1.32874596255451e-05
11292,0.09311422993983498,1.32874596255451e-05
11293,0.09311422993983498,1.32874596255451e-05
11294,0.07588748008314905,2.1646335370729508e-05
11295,0.07588748008314905,2.1646335370729508e-05
11296,0.07588748008314905,2.1646335370729508e-05
11297,0.07588748008314905,2.1646335370729508e-05
11298,0.07588748008314905,2.1646335370729508e-05
11299,0.07588748008314905,2.1646335370729508e-05
11300,0.07588748008314905,2.1646335370729508e-05
11301,0.07588748008314905,2.1646335370729508e-05
11302,0.07588748008314905,2.1646335370729508e-05
11303,0.07588748008314905,2.1646335370729508e-05
11304,0.07588748008314905,2.1646335370729508e-05
11305,0.07588748008314905,2.1646335370729508e-05
11306,0.04703526051643525,3.201771740035019e-05
11307,0.04703526051643525,3.201771740035019e-05
11308,0.04703526051643525,3.201771740035019e-05
11309,0.04703526051643525,3.201771740035019e-05
11310,0.04703526051643525,3.201771740035019e-05
11311,0.04703526051643525,3.201771740035019e-05
11312,0.04703526051643525,3.201771740035019e-05
11313,0.04703526051643525,3.201771740035019e-05
11314,0.04703526051643525,3.201771740035019e-05
11315,0.04703526051643525,3.201771740035019e-05
11316,0.04703526051643525,3.201771740035019e-05
11317,0.04703526051643525,3.201771740035019e-05
11318,0.025340792779114385,9.308113522478868e-05
11319,0.025340792779114385,9.308113522478868e-05
11320,0.025340792779114385,9.308113522478868e-05
11321,0.025340792779114385,9.308113522478868e-05
11322,0.025340792779114385,9.308113522478868e-05
11323,0.025340792779114385,9.308113522478868e-05
11324,0.025340792779114385,9.308113522478868e-05
11325,0.025340792779114385,9.308113522478868e-05
11326,0.025340792779114385,9.308113522478868e-05
11327,0.025340792779114385,9.308113522478868e-05
11328,0.025340792779114385,9.308113522478868e-05
11329,0.025340792779114385,9.308113522478868e-05
11330,0.07980553662255974,4.417084435055904e-05
11331,0.07980553662255974,4.417084435055904e-05
11332,0.07980553662255974,4.417084435055904e-05
11333,0.07980553662255974,4.417084435055904e-05
11334,0.07980553662255974,4.417084435055904e-05
11335,0.07980553662255974,4.417084435055904e-05
11336,0.07980553662255974,4.417084435055904e-05
11337,0.07980553662255974,4.417084435055904e-05
11338,0.07980553662255974,4.417084435055904e-05
11339,0.07980553662255974,4.417084435055904e-05
11340,0.07980553662255974,4.417084435055904e-05
11341,0.18486692044271436,0.0015459854264324984
11342,0.18486692044271436,0.0015459854264324984
11343,0.18486692044271436,0.0015459854264324984
11344,0.18486692044271436,0.0015459854264324984
11345,0.18486692044271436,0.0015459854264324984
11346,0.18486692044271436,0.0015459854264324984
11347,0.18486692044271436,0.0015459854264324984
11348,0.18486692044271436,0.0015459854264324984
11349,0.18486692044271436,0.0015459854264324984
11350,0.6371292638829511,0.0001371355717685928
11351,0.6371292638829511,0.0001371355717685928
11352,0.6371292638829511,0.0001371355717685928
11353,0.6371292638829511,0.0001371355717685928
11354,0.6371292638829511,0.0001371355717685928
11355,0.7176534033573774,6.004196266835046e-05
11356,0.7176534033573774,6.004196266835046e-05
11357,0.7176534033573774,6.004196266835046e-05
11358,0.7176534033573774,6.004196266835046e-05
11359,0.7176534033573774,6.004196266835046e-05
11399,0.003873023066824688,0.00036344460388249185
11400,0.003873023066824688,0.00036344460388249185
11401,0.003873023066824688,0.00036344460388249185
11402,0.003873023066824688,0.00036344460388249185
11403,0.003873023066824688,0.00036344460388249185
11404,0.003873023066824688,0.00036344460388249185
11405,0.003873023066824688,0.00036344460388249185
11420,5.2659778551511494e-05,0.0003853604282332947
11421,5.2659778551511494e-05,0.0003853604282332947
11422,5.2659778551511494e-05,0.0003853604282332947
11423,5.2659778551511494e-05,0.0003853604282332947
11424,5.2659778551511494e-05,0.0003853604282332947
11425,5.2659778551511494e-05,0.0003853604282332947
11426,5.2659778551511494e-05,0.0003853604282332947
11427,5.2659778551511494e-05,0.0003853604282332947
11444,2.2713805281071586e-08,0.0019304277614113213
11448,1.3294849665612674e-09,0.00013770067463826012
11451,1.621137668550432e-10,0.0016379807703638411
11456,0.0204624178827445,0.004478985589784438
11457,0.027111747606715197,0.004976040849375925
11458,0.03156234459768692,0.004175204856452366
11459,0.027266115811171887,0.004434729832004037
11460,0.03131612644642545,0.0032788343594545126
11461,0.025820087638955713,0.004918021231841745
11462,0.03562278468625779,0.00551809852095024
11463,0.03486873277563207,0.004701764248725475
11464,0.014847030932576222,0.004384983491402043
11465,0.015905087330213674,0.0036785434164965797
11466,0.019803982070990434,0.005001137826706904
11467,0.020836735965771513,0.0043206363608050725
11468,0.022571239114533848,0.005580703816122769
11469,0.022722582756267706,0.004119383712852771
11470,0.01640414248641686,0.004520950658859178
11471,0.01888179337249607,0.003843952906515808
11472,0.02640646428054516,0.006083188965465537
11473,0.03068178748286232,0.004994808285641552
11474,0.015614790344995133,0.004588181939372094
11475,0.020732688286108747,0.0031071815511631955
11476,0.022329116921684822,0.002679278531405779
11477,0.023899008084399154,0.0038042330849807696
11478,0.03149514733895098,0.0046580931948962505
11479,0.026088190503721687,0.004333214999025503
11480,0.025076958769463253,0.004200289854510573
11481,0.03405493258198844,0.004789200415092804
11482,0.03139478312774335,0.004630923390645018
11483,0.0494229118105336,0.0036376618136936788
11484,0.06699178099213665,0.003975414335131381
11485,0.06226321118326017,0.003926490328992477
11486,0.02989178901348355,0.004878401446967891
11487,0.041311142078795604,0.005343297139155677
11488,0.03446509735599124,0.004952803589613076
11489,0.03684286430280326,0.005552389718745113
11490,0.05521828487759817,0.00590132006405197
11491,0.04223507914763447,0.005417275029702968
11492,0.000901751003394069,0.0004509273657010279
11493,0.000901751003394069,0.0004509273657010279
11494,0.000901751003394069,0.0004509273657010279
11495,0.000901751003394069,0.0004509273657010279
11496,0.000901751003394069,0.0004509273657010279
11497,0.000901751003394069,0.0004509273657010279
11498,0.000901751003394069,0.0004509273657010279
11499,0.000901751003394069,0.0004509273657010279
11500,0.000901751003394069,0.0004509273657010279
11501,0.000901751003394069,0.0004509273657010279
11502,0.000901751003394069,0.0004509273657010279
11503,0.12651147015838882,0.0002769839509300493
11504,0.12651147015838882,0.0002769839509300493
11505,0.12651147015838882,0.0002769839509300493
11506,0.12651147015838882,0.0002769839509300493
11507,0.12651147015838882,0.0002769839509300493
11508,0.12651147015838882,0.0002769839509300493
11509,0.12651147015838882,0.0002769839509300493
11510,0.12651147015838882,0.0002769839509300493
11511,0.1497178558643153,0.0004941352780213782
11512,0.1497178558643153,0.0004941352780213782
11513,0.1497178558643153,0.0004941352780213782
11514,0.1497178558643153,0.0004941352780213782
11515,0.1497178558643153,0.0004941352780213782
11516,0.1497178558643153,0.0004941352780213782
11517,0.1497178558643153,0.0004941352780213782
11518,0.1497178558643153,0.0004941352780213782
11519,0.18281520052029177,0.00022703913971276095
11520,0.18281520052029177,0.00022703913971276095
11521,0.18281520052029177,0.00022703913971276095
11522,0.18281520052029177,0.00022703913971276095
11523,0.18281520052029177,0.00022703913971276095
11524,0.18281520052029177,0.00022703913971276095
11525,0.18281520052029177,0.00022703913971276095
11526,0.18281520052029177,0.00022703913971276095
11545,0.00016685578438724313,1.7900109989979772e-05
11548,0.00016685578438724313,1.7900109989979772e-05
11568,0.014853155621406322,0.0013619657830920649
11570,0.03294882020463652,0.001237433801387364
11574,0.35572058772607074,9.008777453190398e-05
11577,0.3510648043705269,5.530944959164345e-05
11580,0.320479732414788,0.00016966641557863895
11581,0.003302201398965421,0.002475992024292762
11582,0.010395720569168487,0.004829246631277966
11583,0.002557371004763165,0.00044708068635952334
11584,0.00017691684724119305,1.6821427022771913e-05
11585,0.00017691684724119305,1.6821427022771913e-05
11586,0.00017691684724119305,1.6821427022771913e-05
11587,0.00017691684724119305,1.6821427022771913e-05
11588,0.00017691684724119305,1.6821427022771913e-05
11589,0.00017691684724119305,1.6821427022771913e-05
11590,0.00017691684724119305,1.6821427022771913e-05
11591,0.00017691684724119305,1.6821427022771913e-05
11592,0.00017691684724119305,1.6821427022771913e-05
11593,0.00017691684724119305,1.6821427022771913e-05
11595,2.849705350549403e-05,4.5657806382154545e-07
11596,2.849705350549403e-05,4.5657806382154545e-07
11598,2.849705350549403e-05,4.5657806382154545e-07
11599,2.849705350549403e-05,4.5657806382154545e-07
11600,2.849705350549403e-05,4.5657806382154545e-07
11601,2.849705350549403e-05,4.5657806382154545e-07
11603,2.849705350549403e-05,4.5657806382154545e-07
11661,0.4044123750704215,0.0009267828922782263
11662,0.4044123750704215,0.0009267828922782263
11663,0.4044123750704215,0.0009267828922782263
11664,0.4044123750704215,0.0009267828922782263
11665,0.4044123750704215,0.0009267828922782263
11666,0.4044123750704215,0.0009267828922782263
11667,0.4044123750704215,0.0009267828922782263
11668,0.4044123750704215,0.0009267828922782263
11669,0.4044123750704215,0.0009267828922782263
11670,0.4044123750704215,0.0009267828922782263
11671,0.4044123750704215,0.0009267828922782263
11672,0.4044123750704215,0.0009267828922782263
11673,0.4044123750704215,0.0009267828922782263
11674,0.4044123750704215,0.0009267828922782263
11675,0.4044123750704215,0.0009267828922782263
11676,0.4044123750704215,0.0009267828922782263
11677,0.4044123750704215,0.0009267828922782263
11678,0.4044123750704215,0.0009267828922782263
11705,7.795578890523736e-06,0.001076671556550504
11706,3.978411573746232e-05,0.0002639266484167177
11713,0.0008311915867249553,0.0006330774286800412
11714,0.0008311915867249553,0.0006330774286800412
11715,0.0008311915867249553,0.0006330774286800412
11716,0.0008311915867249553,0.0006330774286800412
11717,0.0008311915867249553,0.0006330774286800412
11718,0.0008311915867249553,0.0006330774286800412
11719,0.0008311915867249553,0.0006330774286800412
11720,0.0008311915867249553,0.0006330774286800412
11721,0.3931727131553474,0.0018964402295262427
11722,0.3931727131553474,0.0018964402295262427
11723,0.3931727131553474,0.0018964402295262427
11724,0.3969464571827477,0.0018872285667164094
11725,0.3969464571827477,0.0018872285667164094
11726,0.3969464571827477,0.0018872285667164094
11727,0.43168019836019444,0.002052915096144586
11728,0.43168019836019444,0.002052915096144586
11729,0.43168019836019444,0.002052915096144586
11730,0.4292168734644446,0.0020484709675744495
11731,0.4292168734644446,0.0020484709675744495
11732,0.4292168734644446,0.0020484709675744495
11733,0.449253456437094,0.0020816386415277114
11734,0.449253456437094,0.0020816386415277114
11735,0.449253456437094,0.0020816386415277114
11736,0.4463610655268172,0.002078411453354221
11737,0.4463610655268172,0.002078411453354221
11738,0.4463610655268172,0.002078411453354221
11739,0.08862202535642272,0.00042725918834148405
11740,0.08862202535642272,0.00042725918834148405
11759,2.501467842863647e-07,0.0002241279245851751
11821,0.1379686558598039,4.087906314218419e-09
11834,0.016526535138423837,0.002361056393015537
11835,0.02769544568322735,0.001891164603627666
11871,0.05462301393222002,1.4468586912685374e-05
11872,0.05462301393222002,1.4468586912685374e-05
11873,0.05462301393222002,1.4468586912685374e-05
11876,0.05572040812166512,5.6348804303295525e-05
11877,0.05572040812166512,5.6348804303295525e-05
11878,0.05572040812166512,5.6348804303295525e-05
11881,0.05699822258538123,1.9121915411005118e-05
11882,0.05699822258538123,1.9121915411005118e-05
11883,0.05699822258538123,1.9121915411005118e-05
11901,9.821505707185985e-05,3.4131410014811995e-05
11902,0.026752337670794324,0.0018066514426232864
11903,0.035859490625318124,0.001869397622337763
11904,0.03180504591496891,0.0018458079458366274
11905,0.03371478969680208,0.0017683489799179136
11906,0.049613575611874516,0.001754922968235196
11907,6.310949358656615e-07,4.1331893766681854e-07
11933,0.030487918339751507,2.0914499070693643e-07
11935,0.030487918339751507,2.0914499070693643e-07
11936,0.030487918339751507,2.0914499070693643e-07
11937,0.030487918339751507,2.0914499070693643e-07
11939,0.030487918339751507,2.0914499070693643e-07
11949,0.06770308306454031,3.3462525456638225e-09
11951,0.06770308306454031,3.3462525456638225e-09
11952,0.06770308306454031,3.3462525456638225e-09
11953,0.06770308306454031,3.3462525456638225e-09
11955,0.06770308306454031,3.3462525456638225e-09
11989,7.557478687303387e-08,7.134653816239737e-05
11998,7.557478687303387e-08,7.134653816239737e-05
11999,7.557478687303387e-08,7.134653816239737e-05
12000,7.557478687303387e-08,7.134653816239737e-05
12001,7.557478687303387e-08,7.134653816239737e-05
12002,7.557478687303387e-08,7.134653816239737e-05
12003,0.015875973314238956,0.00014332968647236244
12004,0.021137401783973053,0.00019500651429685072
12021,0.0009589099075004714,0.0011066491944038302
12022,0.0009589099075004714,0.0011066491944038302
12025,3.928532224461989e-05,0.0047950368556453245
12026,3.928532224461989e-05,0.0047950368556453245
12027,3.928532224461989e-05,0.0047950368556453245
12028,3.928532224461989e-05,0.0047950368556453245
12029,3.928532224461989e-05,0.0047950368556453245
12030,3.928532224461989e-05,0.0047950368556453245
12031,3.928532224461989e-05,0.0047950368556453245
12032,3.928532224461989e-05,0.0047950368556453245
12033,3.928532224461989e-05,0.0047950368556453245
12034,3.928532224461989e-05,0.0047950368556453245
12035,3.928532224461989e-05,0.0047950368556453245
12036,3.928532224461989e-05,0.0047950368556453245
12037,3.928532224461989e-05,0.0047950368556453245
12038,3.928532224461989e-05,0.0047950368556453245
12039,3.928532224461989e-05,0.0047950368556453245
12040,3.928532224461989e-05,0.0047950368556453245
12041,3.928532224461989e-05,0.0047950368556453245
12042,3.928532224461989e-05,0.0047950368556453245
12043,3.928532224461989e-05,0.0047950368556453245
12044,3.928532224461989e-05,0.0047950368556453245
12045,3.2209610929756494e-05,0.011183342301586463
12046,3.2209610929756494e-05,0.011183342301586463
12047,3.2209610929756494e-05,0.011183342301586463
12048,3.2209610929756494e-05,0.011183342301586463
12049,3.2209610929756494e-05,0.011183342301586463
12050,3.2209610929756494e-05,0.011183342301586463
12051,3.2209610929756494e-05,0.011183342301586463
12052,3.2209610929756494e-05,0.011183342301586463
12053,3.2209610929756494e-05,0.011183342301586463
12054,3.2209610929756494e-05,0.011183342301586463
12055,3.2209610929756494e-05,0.011183342301586463
12056,3.2209610929756494e-05,0.011183342301586463
12057,3.2209610929756494e-05,0.011183342301586463
12058,3.2209610929756494e-05,0.011183342301586463
12059,3.2209610929756494e-05,0.011183342301586463
12060,3.2209610929756494e-05,0.011183342301586463
12061,3.2209610929756494e-05,0.011183342301586463
12062,3.2209610929756494e-05,0.011183342301586463
12063,3.2209610929756494e-05,0.011183342301586463
12064,3.2209610929756494e-05,0.011183342301586463
12065,0.00015553086330921673,0.011009156629431166
12066,0.00015553086330921673,0.011009156629431166
12067,0.00015553086330921673,0.011009156629431166
12068,0.00015553086330921673,0.011009156629431166
12069,0.00015553086330921673,0.011009156629431166
12070,0.00015553086330921673,0.011009156629431166
12071,0.00015553086330921673,0.011009156629431166
12072,0.00015553086330921673,0.011009156629431166
12073,0.00015553086330921673,0.011009156629431166
12074,0.00015553086330921673,0.011009156629431166
12075,0.00015553086330921673,0.011009156629431166
12076,0.00015553086330921673,0.011009156629431166
12077,0.00015553086330921673,0.011009156629431166
12078,0.00015553086330921673,0.011009156629431166
12079,0.00015553086330921673,0.011009156629431166
12080,0.00015553086330921673,0.011009156629431166
12081,0.00015553086330921673,0.011009156629431166
12082,0.00015553086330921673,0.011009156629431166
12083,0.00015553086330921673,0.011009156629431166
12084,0.00015553086330921673,0.011009156629431166
12116,0.1269236696239291,0.0003131394366328549
12117,0.1269236696239291,0.0003131394366328549
12118,0.1269236696239291,0.0003131394366328549
12119,0.1269236696239291,0.0003131394366328549
12124,0.3529514978219722,0.0033800540013770863
12125,0.3529514978219722,0.0033800540013770863
12126,0.3529514978219722,0.0033800540013770863
12131,0.007810148473581746,6.2079535638882e-07
12132,0.007810148473581746,6.2079535638882e-07
12133,0.007810148473581746,6.2079535638882e-07
12138,0.5704936397616762,0.002609763830164964
12139,0.5704936397616762,0.002609763830164964
12140,0.5704936397616762,0.002609763830164964
12141,0.5704936397616762,0.002609763830164964
12142,0.5704936397616762,0.002609763830164964
12143,0.5704936397616762,0.002609763830164964
12144,0.5704936397616762,0.002609763830164964
12145,0.5704936397616762,0.002609763830164964
12146,0.5704936397616762,0.002609763830164964
12147,0.5704936397616762,0.002609763830164964
12148,0.5704936397616762,0.002609763830164964
12149,0.5704936397616762,0.002609763830164964
12150,0.5704936397616762,0.002609763830164964
12151,0.5704936397616762,0.002609763830164964
12152,0.5704936397616762,0.002609763830164964
12153,0.5704936397616762,0.002609763830164964
12154,0.5704936397616762,0.002609763830164964
12162,0.12388833898070861,0.002669988515387035
12170,0.03273202368775052,7.405654935744538e-07
12171,0.03273202368775052,7.405654935744538e-07
12186,0.508807388589581,1.1517992798643287e-08
12187,0.508807388589581,1.1517992798643287e-08
12202,0.2582023518113159,1.4671497236168021e-08
12203,0.2582023518113159,1.4671497236168021e-08
12245,0.00709576906479692,0.00022012131831600223
12246,0.00709576906479692,0.00022012131831600223
12247,0.00709576906479692,0.00022012131831600223
12248,0.00709576906479692,0.00022012131831600223
12249,0.0031158485935252056,0.00021800628017916174
12250,3.1537356198207966e-05,0.0003077654366671549
12251,3.1537356198207966e-05,0.0003077654366671549
12252,3.1537356198207966e-05,0.0003077654366671549
12253,3.1537356198207966e-05,0.0003077654366671549
12254,3.1537356198207966e-05,0.0003077654366671549
12255,3.1537356198207966e-05,0.0003077654366671549
12256,3.1537356198207966e-05,0.0003077654366671549
12257,3.1537356198207966e-05,0.0003077654366671549
12258,3.1537356198207966e-05,0.0003077654366671549
12259,3.1537356198207966e-05,0.0003077654366671549
12260,3.1537356198207966e-05,0.0003077654366671549
12261,3.1537356198207966e-05,0.0003077654366671549
12262,3.1537356198207966e-05,0.0003077654366671549
12263,3.1537356198207966e-05,0.0003077654366671549
12264,3.1537356198207966e-05,0.0003077654366671549
12265,3.1537356198207966e-05,0.0003077654366671549
12370,0.007241934877866951,0.0015101828540197964
12371,0.00559615437914851,0.01088151453456282
12372,3.236508877346722e-06,0.0003875764388046009
12373,0.0001149599875545082,0.022263698875619062
12374,0.00018588296740362775,0.010965967456994359
12375,0.005412264151729684,0.007246341365185951
12376,2.617234546842262e-05,0.02800341385643377
12377,0.18539229207187835,0.0022230174953009087
12378,0.2142425214358069,0.0021180273047996124
12379,0.2034730439623278,0.0022067837916001348
12380,0.2293004544479459,0.0025425242764783116
12381,0.2363131490401298,0.002635125235027923
12382,0.2349741708706632,0.0026710060980278585
12383,0.21818037704560833,0.0026756729108288434
12384,0.20570295821300855,0.0026726177535124785
12385,0.19823434473652268,0.0026741740527705567
12386,0.2653598237058761,0.0025641484521054143
12387,0.25376868868555424,0.002557185017435475
12388,0.239477968682152,0.002637088023338067
12389,0.3027046170328054,0.0026971112623650987
12390,0.24668958064584112,0.002612563591862724
12391,0.21100513617873373,0.0026009155092346567
12392,0.2052395421568003,0.002625355385092643
12393,0.22168547041568898,0.0026094119643217725
12397,0.02762587433170649,0.0027037650175063196
12399,0.0668065104066542,0.002162526299411936
12402,0.08428953038978082,0.002134199403508121
12406,0.01526640906294019,0.004971427298743041
12410,0.007503413970093353,0.007221662638060483
12411,4.0571175309978e-05,0.000644313736956276
12461,0.002921495552502207,0.0041033124392751835
12462,0.002921495552502207,0.0041033124392751835
12463,0.002921495552502207,0.0041033124392751835
12465,0.002921495552502207,0.0041033124392751835
12467,0.002921495552502207,0.0041033124392751835
12470,0.0018107804657248039,0.002580096100161404
12471,0.0018107804657248039,0.002580096100161404
12474,0.0018107804657248039,0.002580096100161404
12480,4.211310780632971e-05,0.000647820925397371
12481,4.211310780632971e-05,0.000647820925397371
12482,4.211310780632971e-05,0.000647820925397371
12494,9.183290205938555e-05,0.0007447245516721658
12495,0.00019780956604964484,0.0015004124207983385
12496,3.676415727404958e-08,0.00589987696816437
12497,0.0012331334343069766,0.0032884590069913663
12498,0.002690581616171306,0.00670121343346234
12499,0.002282179873959733,0.014571971003534273
12500,0.009491717879994255,0.006243107666198983
12501,0.0002768852525260046,0.011549717599103775
12502,0.0008975659014810455,0.0006701583534179456
12503,0.0008975659014810455,0.0006701583534179456
12504,0.0008975659014810455,0.0006701583534179456
12505,0.0008975659014810455,0.0006701583534179456
12506,0.0008975659014810455,0.0006701583534179456
12507,0.0008975659014810455,0.0006701583534179456
12508,0.0008975659014810455,0.0006701583534179456
12509,0.0008975659014810455,0.0006701583534179456
12510,0.0008975659014810455,0.0006701583534179456
12522,0.010252750314755699,0.0032950620909775775
12523,0.020622629692859884,0.0032638934302517304
12524,0.08071367702203325,0.00447745191333036
12525,0.03117117915980583,0.006550954292965483
12526,0.0754234649133293,0.005800163588221597
12527,0.22150283628222578,0.010689231551413506
12565,0.08052513703271835,0.001521836759521205
12566,0.012691653958978644,0.005353331772770441
12567,0.014397468510666367,0.005819292878053429
12568,0.012495248888319876,0.006914588981678814
12569,5.7888915424575416e-06,0.00022249418087678073
12570,0.00011686387966147738,0.0002664955327211765
12571,0.014269816224808052,0.0010326485722931614
12572,0.012898752775380884,0.0023784888617739176
12573,0.013875995090069426,0.006246845776871363
12574,0.021247463383126997,0.0010872157746146579
12575,0.024041226165564034,0.0017491829132161435
12576,0.03446763908175576,0.0013624804168657408
12577,0.019709585530603868,0.0012318017383602907
12578,0.020375833324448034,0.0011830279213157595
12579,0.022093933574182767,0.0010529789405507193
12580,0.020439577667624276,0.0014108019482924443
12581,0.00638999519223149,0.00018559785056023945
12588,0.47996623141991956,4.202114597145947e-05
12595,0.920153127942755,6.93183119633915e-08
12602,0.8593576960699422,1.0259592817765293e-06
12609,0.5871050568415701,0.0007397929224948318
12727,7.569634496329414e-06,1.0947554998972244e-06
12728,7.569634496329414e-06,1.0947554998972244e-06
12746,0.1900063578256752,0.0017207284107919156
12747,0.21442898978354552,0.0017385093322351813
12748,1.5886408388787743e-07,4.251852246034673e-06
12749,0.00031046442141480224,0.0005455066369179128
12750,0.005981441270820231,0.00047316540072583554
12751,0.15295610615344024,0.001760535548343151
12752,0.1900063578256752,0.0017207284107919156
12753,0.21442898978354552,0.0017385093322351813
12754,1.5886408388787743e-07,4.251852246034673e-06
12755,0.00031046442141480224,0.0005455066369179128
12756,0.005981441270820231,0.00047316540072583554
12757,0.15295610615344024,0.001760535548343151
12758,0.1900063578256752,0.0017207284107919156
12759,0.21442898978354552,0.0017385093322351813
12769,0.3803091911780728,0.0007242694190626748
12771,0.3803091911780728,0.0007242694190626748
12772,0.6313147667551193,0.0007263275034015181
12773,0.6313147667551193,0.0007263275034015181
12774,0.6313147667551193,0.0007263275034015181
12802,0.35921211271142817,0.0006435951055923216
12805,0.35921211271142817,0.0006435951055923216
12817,4.106018274274703e-07,0.00414179505887401
12818,5.684257775584456e-08,0.007926139741079488
12819,4.512782013499361e-05,0.015640955691429058
12820,0.0024907886391781764,0.006688498468300084
12821,0.00015176217882795218,0.01139583723505324
12822,2.872781345031328e-07,0.00868738998786377
12823,8.005110495468148e-05,0.005960889767596272
12824,8.310783606524375e-06,0.011002217404011208
12830,0.9478137333799118,0.0006300905785423293
12832,0.9779118805947753,0.0007324160236781433
12839,0.4124690272651006,1.153724286526673e-06
12840,0.33476097174749897,0.00019705658516996297
12841,0.43569433568584504,0.00041998250505571834
12842,0.18754738478034194,0.000224310921445071
12844,0.35013915917887173,0.0005051689509194312
12848,0.33476097174749897,0.00019705658516996297
12850,0.18754738478034194,0.000224310921445071
12855,0.0016051721886432002,0.0003403764423181642
12856,0.0016051721886432002,0.0003403764423181642
12857,0.0016051721886432002,0.0003403764423181642
12858,0.0016051721886432002,0.0003403764423181642
12879,2.079931674892066e-05,0.0009328855751260601
12881,2.079931674892066e-05,0.0009328855751260601
12889,0.00043161670742375424,0.0005687386483822646
12891,0.00043161670742375424,0.0005687386483822646
12918,0.9644910488233285,2.415771020968325e-07
12922,0.9217953259584253,8.374460525896292e-06
12926,0.9042613622900089,2.5376973175964207e-05
12930,0.9751179547536728,2.07926439732671e-06
12934,0.9103514301126985,1.195536555604365e-05
12938,0.9353035662278799,1.9170603487013733e-06
12942,0.9464178989582154,9.918619432418182e-06
12946,0.8753829931112755,0.00011094128864977751
12950,0.7162207859008278,0.00033968034737922193
12952,0.7060337583764571,0.0003381164139813087
12954,0.7060337583764571,0.0003381164139813087
12967,0.04994783862763885,0.0034091445405912066
12968,0.043362115706880866,0.0037199019994018576
12969,0.013281355544281892,0.00632055785089769
12970,0.010061732352383612,0.008845401086235945
12971,4.6154815645960134e-05,0.004749737418337622
12972,0.04490212321356757,0.0013625029763839353
12979,0.026128558540714164,0.00012186659608035542
12980,0.006110643186836295,4.989040098665059e-05
12981,0.016645705704573688,7.633568008520502e-05
12982,0.018648514584489906,0.00033362324788068637
12983,0.018648514584489906,0.00033362324788068637
12984,0.018648514584489906,0.00033362324788068637
12985,0.018648514584489906,0.00033362324788068637
12986,0.018648514584489906,0.00033362324788068637
12987,0.018648514584489906,0.00033362324788068637
12988,0.018648514584489906,0.00033362324788068637
12989,0.018648514584489906,0.00033362324788068637
12990,0.018648514584489906,0.00033362324788068637
12991,0.018648514584489906,0.00033362324788068637
12992,0.018648514584489906,0.00033362324788068637
12993,0.018648514584489906,0.00033362324788068637
12995,0.0017331416049191084,8.304059906350729e-05
12997,0.0017331416049191084,8.304059906350729e-05
12998,0.0017331416049191084,8.304059906350729e-05
12999,0.0017331416049191084,8.304059906350729e-05
13001,0.0003626961676864715,3.187869273469827e-05
13003,0.0003626961676864715,3.187869273469827e-05
13004,0.0003626961676864715,3.187869273469827e-05
13005,0.0003626961676864715,3.187869273469827e-05
13007,0.004510626062083523,0.00016286543870298008
13009,0.004510626062083523,0.00016286543870298008
13010,0.004510626062083523,0.00016286543870298008
13011,0.004510626062083523,0.00016286543870298008
13015,0.0029246950706135477,3.2623330965962335e-05
13016,0.00017778991143513334,2.6394060048846543e-05
13022,0.0804090747410906,7.113779341102089e-05
13023,0.016505757173813085,6.422194921649121e-06
13024,0.0033674481337325757,1.2700609878934854e-05
13025,0.0029153558063931273,1.5822615639091e-05
13026,0.001860736254639228,1.071597853821848e-05
13027,0.03054602544211571,2.383894175377277e-05
13033,2.6269452414351413e-05,2.483588645912384e-05
13038,0.001292078781409134,1.3307961592521375e-05
13042,0.00017778991143513334,2.6394060048846543e-05
13048,0.0804090747410906,7.113779341102089e-05
13049,0.016505757173813085,6.422194921649121e-06
13050,0.0033674481337325757,1.2700609878934854e-05
13051,0.0029153558063931273,1.5822615639091e-05
13052,0.001860736254639228,1.071597853821848e-05
13054,1.7883557664744032e-06,8.38552477025152e-07
13084,0.0003607552276607695,0.0003205204692288718
13085,0.0006601624931482641,0.00015190594480772807
13086,0.12822412479811063,0.00041633113797222895
13087,0.2035849052033314,0.0009182725956296519
13088,0.1978541559353576,0.0009205670247461502
13089,0.22756295461727216,0.0016836891611081203
13090,0.12745537615402924,0.0026264950893136792
13091,0.12753768072140648,0.002626515635560992
13092,0.20063319951991132,0.002700775084164709
13093,0.1985440088122955,0.0026998597678797084
13094,0.21329256039533018,0.002700438446944021
13095,0.13739862200889574,0.0003595866982153183
13096,0.1355981800858398,0.0003975599422410248
13097,0.024220168654039087,0.00046322015940447733
13098,0.008224645560397148,7.308859253756113e-05
13099,0.008224645560397148,7.308859253756113e-05
13100,0.008224645560397148,7.308859253756113e-05
13101,0.008224645560397148,7.308859253756113e-05
13102,0.008224645560397148,7.308859253756113e-05
13103,0.008224645560397148,7.308859253756113e-05
13104,0.008224645560397148,7.308859253756113e-05
13105,0.008224645560397148,7.308859253756113e-05
13106,0.008224645560397148,7.308859253756113e-05
13107,0.008224645560397148,7.308859253756113e-05
13108,0.008224645560397148,7.308859253756113e-05
13109,0.008224645560397148,7.308859253756113e-05
13110,0.008224645560397148,7.308859253756113e-05
13111,0.008224645560397148,7.308859253756113e-05
13112,0.008224645560397148,7.308859253756113e-05
13123,4.661160346586257e-12,1.6402801314296306e-06
13126,4.661160346586257e-12,1.6402801314296306e-06
13127,4.661160346586257e-12,1.6402801314296306e-06
13128,4.661160346586257e-12,1.6402801314296306e-06
13129,4.661160346586257e-12,1.6402801314296306e-06
13130,5.282798185568538e-07,7.59997875319396e-05
13131,5.282798185568538e-07,7.59997875319396e-05
13132,5.282798185568538e-07,7.59997875319396e-05
13133,0.5944032992871453,0.00035702192353445454
13134,0.9848515998607734,0.0008066685188516881
13135,0.7537071981118064,0.0008672627938400238
13136,0.9847228010360415,0.0015702811767450905
13147,0.32452975630282777,0.0013593103469086328
13148,0.2784682957647431,0.001849724277194745
13149,0.3247443117597514,0.0019312262102617935
13150,0.3057543711791034,0.0018521889731305512
13151,0.3471684931065405,0.001761934749087828
13152,0.35262119590528074,0.002111977609843836
13153,0.32920261407956586,0.0019641272877099353
13154,0.3653177488667222,0.0020232045764849403
13155,0.32840751638700316,0.0021977680443603306
13156,0.3646922152508084,0.002233230488997578
13157,0.35176895155364385,0.002202925774574885
13158,0.3786739411009876,0.0021841402620553594
13159,0.38663761113459616,0.002320385965520512
13160,0.36937201764454397,0.002257511338985555
13175,0.008584973612678626,0.004801447716931712
13176,0.013014726935987375,0.0054996375580785364
13180,0.034961092770143254,0.0005042619191422647
13181,0.034961092770143254,0.0005042619191422647
13182,0.034961092770143254,0.0005042619191422647
13183,0.034961092770143254,0.0005042619191422647
13184,0.034961092770143254,0.0005042619191422647
13185,0.034961092770143254,0.0005042619191422647
13186,0.034961092770143254,0.0005042619191422647
13187,0.034961092770143254,0.0005042619191422647
13188,0.034961092770143254,0.0005042619191422647
13189,0.034961092770143254,0.0005042619191422647
13202,1.7661239137822804e-09,9.754069561290508e-05
13216,0.048929840864925134,0.0013793561151029358
13219,0.048929840864925134,0.0013793561151029358
13251,0.08685618113496052,9.197557769561747e-05
13252,0.4637111144642425,0.00047138506685178534
13253,0.13921341723420066,0.0006298894169720678
13254,0.01578587192223846,0.0009145544395785521
13255,0.06992955935805767,0.00040698598676508794
13256,0.2171202173731377,0.00015999926136866312
13281,0.2833289003904209,0.0018161245555533036
13282,0.2833289003904209,0.0018161245555533036
13283,0.2833289003904209,0.0018161245555533036
13284,0.2833289003904209,0.0018161245555533036
13285,0.2833289003904209,0.0018161245555533036
13286,0.2833289003904209,0.0018161245555533036
13287,0.2833289003904209,0.0018161245555533036
13288,0.2833289003904209,0.0018161245555533036
13289,0.2833289003904209,0.0018161245555533036
13295,0.0001586457350716275,0.0001651313627693044
13296,0.0001586457350716275,0.0001651313627693044
13297,0.0001586457350716275,0.0001651313627693044
13298,0.0001586457350716275,0.0001651313627693044
13323,0.002042996949036313,8.11326170402337e-06
13326,0.0001170188347280332,0.002897773640811157
13327,0.0001170188347280332,0.002897773640811157
13328,0.0001170188347280332,0.002897773640811157
13329,0.0001170188347280332,0.002897773640811157
13330,0.0001170188347280332,0.002897773640811157
13331,0.0001170188347280332,0.002897773640811157
13332,0.0001170188347280332,0.002897773640811157
13333,0.0001170188347280332,0.002897773640811157
13334,0.0001170188347280332,0.002897773640811157
13335,0.0001170188347280332,0.002897773640811157
13336,0.00438350450502456,0.0004974583520512216
13337,0.00438350450502456,0.0004974583520512216
13338,0.00438350450502456,0.0004974583520512216
13339,0.00438350450502456,0.0004974583520512216
13340,0.00438350450502456,0.0004974583520512216
13341,0.00438350450502456,0.0004974583520512216
13342,0.00438350450502456,0.0004974583520512216
13343,0.00438350450502456,0.0004974583520512216
13344,0.00438350450502456,0.0004974583520512216
13345,0.00438350450502456,0.0004974583520512216
13346,0.022920115411161346,0.0008095213473532006
13347,0.022920115411161346,0.0008095213473532006
13348,0.022920115411161346,0.0008095213473532006
13349,0.022920115411161346,0.0008095213473532006
13350,0.022920115411161346,0.0008095213473532006
13351,0.022920115411161346,0.0008095213473532006
13352,0.022920115411161346,0.0008095213473532006
13353,0.022920115411161346,0.0008095213473532006
13354,0.022920115411161346,0.0008095213473532006
13355,0.022920115411161346,0.0008095213473532006
13356,0.004875323059714942,0.0004591810954599233
13357,0.004875323059714942,0.0004591810954599233
13358,0.004875323059714942,0.0004591810954599233
13359,0.004875323059714942,0.0004591810954599233
13360,0.004875323059714942,0.0004591810954599233
13361,0.004875323059714942,0.0004591810954599233
13362,0.004875323059714942,0.0004591810954599233
13363,0.004875323059714942,0.0004591810954599233
13364,0.004875323059714942,0.0004591810954599233
13365,0.004875323059714942,0.0004591810954599233
13366,0.024671351145990505,0.0007928171691459875
13367,0.024671351145990505,0.0007928171691459875
13368,0.024671351145990505,0.0007928171691459875
13369,0.024671351145990505,0.0007928171691459875
13370,0.024671351145990505,0.0007928171691459875
13371,0.024671351145990505,0.0007928171691459875
13372,0.024671351145990505,0.0007928171691459875
13373,0.024671351145990505,0.0007928171691459875
13374,0.024671351145990505,0.0007928171691459875
13375,0.024671351145990505,0.0007928171691459875
13502,0.097742855393256,0.007167449318933556
13507,0.3978524876970345,0.00019358730240428613
13508,0.3978524876970345,0.00019358730240428613
13509,0.3978524876970345,0.00019358730240428613
13510,0.3978524876970345,0.00019358730240428613
13511,0.3978524876970345,0.00019358730240428613
13512,0.3978524876970345,0.00019358730240428613
13513,0.3978524876970345,0.00019358730240428613
13514,0.3978524876970345,0.00019358730240428613
13515,0.3978524876970345,0.00019358730240428613
13516,0.3978524876970345,0.00019358730240428613
13517,0.3978524876970345,0.00019358730240428613
13518,0.3978524876970345,0.00019358730240428613
13519,0.3978524876970345,0.00019358730240428613
13520,0.2744424269790511,0.00016582103292498828
13521,0.2744424269790511,0.00016582103292498828
13522,0.2744424269790511,0.00016582103292498828
13523,0.2744424269790511,0.00016582103292498828
13524,0.2744424269790511,0.00016582103292498828
13525,0.2744424269790511,0.00016582103292498828
13526,0.2744424269790511,0.00016582103292498828
13527,0.2744424269790511,0.00016582103292498828
13528,0.2744424269790511,0.00016582103292498828
13529,0.2744424269790511,0.00016582103292498828
13530,0.2744424269790511,0.00016582103292498828
13531,0.2744424269790511,0.00016582103292498828
13532,0.2744424269790511,0.00016582103292498828
13533,0.19710297732624016,8.281908007406807e-05
13534,0.19710297732624016,8.281908007406807e-05
13535,0.19710297732624016,8.281908007406807e-05
13536,0.19710297732624016,8.281908007406807e-05
13537,0.19710297732624016,8.281908007406807e-05
13538,0.19710297732624016,8.281908007406807e-05
13539,0.19710297732624016,8.281908007406807e-05
13540,0.19710297732624016,8.281908007406807e-05
13541,0.19710297732624016,8.281908007406807e-05
13542,0.19710297732624016,8.281908007406807e-05
13543,0.19710297732624016,8.281908007406807e-05
13544,0.19710297732624016,8.281908007406807e-05
13545,0.19710297732624016,8.281908007406807e-05
13643,0.0013235672854534641,4.321878724697961e-06
13644,0.1022034517932533,0.00016608829566501092
13645,0.003137633519804117,2.41988264481276e-06
13646,0.0679972910071549,0.00011355817326793335
13647,0.11289959421457796,0.0007472664341510544
13648,0.12071647676499153,0.002164400344401296
13649,0.12071647676499153,0.002164400344401296
13650,0.12071647676499153,0.002164400344401296
13651,0.12071647676499153,0.002164400344401296
13652,0.12071647676499153,0.002164400344401296
13653,0.12071647676499153,0.002164400344401296
13654,0.12071647676499153,0.002164400344401296
13655,0.12071647676499153,0.002164400344401296
13656,0.12071647676499153,0.002164400344401296
13657,0.12071647676499153,0.002164400344401296
13658,0.12071647676499153,0.002164400344401296
13659,0.12071647676499153,0.002164400344401296
13660,0.12071647676499153,0.002164400344401296
13661,0.12071647676499153,0.002164400344401296
13662,0.12071647676499153,0.002164400344401296
13663,0.0012138172996254415,0.0002501757743115806
13664,0.0012138172996254415,0.0002501757743115806
13665,0.018305521521920776,0.00020926820130840774
13666,0.018305521521920776,0.00020926820130840774
13667,0.0007955510078943018,0.00020764670912254424
13668,0.0007955510078943018,0.00020764670912254424
13669,0.0029900570842794627,0.0013739092848570889
13670,0.0029900570842794627,0.0013739092848570889
13671,0.31166532418981996,0.0018393834656815818
13672,0.31166532418981996,0.0018393834656815818
13673,0.3011114144958743,0.0018411804029854605
13674,0.3011114144958743,0.0018411804029854605
13675,0.350742382699071,0.0013740639323723425
13676,0.350742382699071,0.0013740639323723425
13677,0.29594658427835485,0.0019251189135695325
13678,0.29594658427835485,0.0019251189135695325
13679,0.32580932159523046,0.0018539948851771168
13680,0.32580932159523046,0.0018539948851771168
13687,0.05668081198544139,0.00020874204212274197
13688,0.05668081198544139,0.00020874204212274197
13689,0.05668081198544139,0.00020874204212274197
13690,0.05668081198544139,0.00020874204212274197
13692,0.04848876035809002,8.665991165984711e-05
13693,0.011482105338768034,8.396557839143194e-05
13694,0.029324328230460273,0.000126894509778984
13695,0.029324328230460273,0.000126894509778984
13696,0.029324328230460273,0.000126894509778984
13697,0.029324328230460273,0.000126894509778984
13699,0.001500128355454211,7.137519820786845e-05
13700,0.001500128355454211,7.137519820786845e-05
13701,0.001500128355454211,7.137519820786845e-05
13702,0.001500128355454211,7.137519820786845e-05
13704,0.01613720665672791,4.061267632244492e-06
13705,0.01613720665672791,4.061267632244492e-06
13706,0.01613720665672791,4.061267632244492e-06
13707,0.01613720665672791,4.061267632244492e-06
13709,0.013253310105743377,5.784517909446219e-05
13710,0.013253310105743377,5.784517909446219e-05
13711,0.013253310105743377,5.784517909446219e-05
13712,0.013253310105743377,5.784517909446219e-05
13714,0.05668081198544139,0.00020874204212274197
13715,0.04848876035809002,8.665991165984711e-05
13716,0.011482105338768034,8.396557839143194e-05
13717,0.029324328230460273,0.000126894509778984
13718,0.001500128355454211,7.137519820786845e-05
13719,0.01613720665672791,4.061267632244492e-06
13720,0.013253310105743377,5.784517909446219e-05
13744,0.06249307775112478,0.003743994092980242
13745,0.09842535636747429,0.0030358974404135555
13746,0.06249307775112478,0.003743994092980242
13747,0.09842535636747429,0.0030358974404135555
13748,0.12106425977817115,0.002775813783846375
13749,0.1572890074333848,0.0025745149115721563
13750,0.12855524205327462,0.002792538966786563
13751,0.12585843750983994,0.0028520305098018797
13752,0.15663580143362643,0.002792329833272761
13753,0.16034100187797817,0.0028310910250827735
13759,0.01161041554812936,0.00352601812462474
13760,0.01161041554812936,0.00352601812462474
13761,0.01161041554812936,0.00352601812462474
13762,0.01161041554812936,0.00352601812462474
13763,0.01161041554812936,0.00352601812462474
13764,0.01161041554812936,0.00352601812462474
13765,0.01161041554812936,0.00352601812462474
13766,0.01161041554812936,0.00352601812462474
13767,0.01161041554812936,0.00352601812462474
13768,0.01161041554812936,0.00352601812462474
13769,0.01161041554812936,0.00352601812462474
13770,0.01161041554812936,0.00352601812462474
13771,0.0018689169743892897,0.004347290429128053
13772,0.0018689169743892897,0.004347290429128053
13773,0.0018689169743892897,0.004347290429128053
13774,0.0018689169743892897,0.004347290429128053
13775,0.0018689169743892897,0.004347290429128053
13776,0.0018689169743892897,0.004347290429128053
13777,0.0018689169743892897,0.004347290429128053
13778,0.0018689169743892897,0.004347290429128053
13779,0.0018689169743892897,0.004347290429128053
13780,0.0018689169743892897,0.004347290429128053
13781,0.0018689169743892897,0.004347290429128053
13782,0.0018689169743892897,0.004347290429128053
13783,0.12018727715894562,0.0013725471771785028
13784,0.12018727715894562,0.0013725471771785028
13801,0.0003820256318903814,0.0008516165876801506
13802,0.0009331179410276835,0.012168946135315446
13803,0.002499238854736685,0.01262973362894932
13804,0.01119847435484067,0.005960087639584596
13863,0.28349889087331615,0.002455374371893365
13864,0.7125859075348561,0.0013127232981843262
13865,0.772444146402408,0.000890179596604629
13866,0.8159488965926864,0.0009231637474900441
13867,0.0912907143844991,4.5491662950077364e-05
13868,0.08933047715477216,6.747159156934412e-05
13869,0.09447966225845628,7.84982515778036e-05
13870,0.1035889371547668,8.545974806640642e-05
13871,0.10952968124689222,0.00017057593676717974
13872,0.11507363414033756,0.00014577834180590807
13873,0.1303110810527096,0.00014356249325273192
13874,0.13597370991398994,0.00018888975616298772
13875,0.1279654460778591,0.00015626752208040004
13876,0.12147022874538438,0.0001450315567937835
13877,0.12736391633726074,9.042435895982278e-05
13878,0.05695506502425307,0.00018570029283434685
13879,0.14631296121909965,0.00017871743016476915
13880,0.058228729843093685,2.762049526309243e-05
13881,0.08111740468377715,3.5632371555885574e-05
13882,0.0912907143844991,4.5491662950077364e-05
13883,0.08933047715477216,6.747159156934412e-05
13884,0.09447966225845628,7.84982515778036e-05
13885,0.1035889371547668,8.545974806640642e-05
13886,0.10952968124689222,0.00017057593676717974
13887,0.11507363414033756,0.00014577834180590807
13888,0.1303110810527096,0.00014356249325273192
13889,0.058228729843093685,2.762049526309243e-05
13890,0.08111740468377715,3.5632371555885574e-05
13940,0.01491865539622017,0.0001600074926261907
13996,1.1387697267606356e-05,3.490958203570773e-05
13997,0.013501434950738411,0.0011794079160301644
13998,0.006936015191976508,0.0008613636805188916
13999,0.003009524638836525,0.0017848632933624466
14000,0.014598081055549494,0.002475301692812154
14001,0.012157386065914877,0.001702300420484559
14046,0.0061983424481926175,0.001108244110449309
14047,0.0061983424481926175,0.001108244110449309
14048,0.0061983424481926175,0.001108244110449309
14049,0.0061983424481926175,0.001108244110449309
14050,0.002079359459090324,0.0006469903112026427
14051,0.002079359459090324,0.0006469903112026427
14052,0.002079359459090324,0.0006469903112026427
14053,0.002079359459090324,0.0006469903112026427
14060,9.491912741022013e-06,3.444735356707834e-05
14061,9.491912741022013e-06,3.444735356707834e-05
14119,0.0006154848888503262,0.000750487428036079
14120,0.019490106185507616,0.0005641131212153891
14121,0.004866829995365141,0.0007170786468362325
14170,0.0027490179464003672,0.00017387690683862036
14178,0.003138307542474905,0.004649685793733285
14179,0.003138307542474905,0.004649685793733285
14180,0.003138307542474905,0.004649685793733285
14181,0.003138307542474905,0.004649685793733285
14182,0.003138307542474905,0.004649685793733285
14183,0.00335823476988939,0.004618876690590044
14184,0.00335823476988939,0.004618876690590044
14185,0.00335823476988939,0.004618876690590044
14186,0.00335823476988939,0.004618876690590044
14187,0.00335823476988939,0.004618876690590044
14192,0.06369452505726836,0.0012224996891854276
14193,0.06369452505726836,0.0012224996891854276
14194,0.06369452505726836,0.0012224996891854276
14195,0.06369452505726836,0.0012224996891854276
14196,0.06369452505726836,0.0012224996891854276
14197,0.06369452505726836,0.0012224996891854276
14198,0.06369452505726836,0.0012224996891854276
14199,0.06369452505726836,0.0012224996891854276
14200,0.06369452505726836,0.0012224996891854276
14207,0.016175059132181202,0.0008052965975219066
14208,0.01127396460352914,0.0009964098618643422
14209,0.05585818734390324,0.0004911646397544613
14210,0.06834003112419762,0.0006319786563908549
14220,9.402028532723428e-05,8.05362809366885e-05
14221,9.402028532723428e-05,8.05362809366885e-05
14222,9.402028532723428e-05,8.05362809366885e-05
14223,9.402028532723428e-05,8.05362809366885e-05
14224,9.402028532723428e-05,8.05362809366885e-05
14233,0.010314738823689051,0.0004190620177150985
14234,0.010314738823689051,0.0004190620177150985
14253,1.2643240727583382e-05,0.0012756829323036338
14254,1.086642775760538e-09,0.0006747506859005638
14255,4.2228442964642454e-12,4.3764514844422584e-05
14256,5.207357511860522e-08,3.610619168188362e-07
14257,0.005898503666547317,0.00046668527972539963
14258,1.4127398696439641e-06,3.7387878752976133e-06
14301,1.2643240727583382e-05,0.0012756829323036338
14302,1.086642775760538e-09,0.0006747506859005638
14303,4.2228442964642454e-12,4.3764514844422584e-05
14304,5.207357511860522e-08,3.610619168188362e-07
14305,0.005898503666547317,0.00046668527972539963
14306,1.4127398696439641e-06,3.7387878752976133e-06
14310,0.7771754385592066,0.0002167270897745462
14311,0.8195869259108328,0.0011600379819477506
14312,0.7598858079167425,0.001948826353334673
14351,0.10056315705082763,0.0026523345649760374
14352,0.17635900700633433,0.0026821057451165177
14353,0.17635900700633433,0.0026821057451165177
14354,0.17635900700633433,0.0026821057451165177
14355,0.17635900700633433,0.0026821057451165177
14356,0.17635900700633433,0.0026821057451165177
14357,0.17635900700633433,0.0026821057451165177
14358,0.17635900700633433,0.0026821057451165177
14359,0.17635900700633433,0.0026821057451165177
14360,0.17635900700633433,0.0026821057451165177
14361,0.17635900700633433,0.0026821057451165177
14362,0.17635900700633433,0.0026821057451165177
14363,0.17635900700633433,0.0026821057451165177
14364,0.00033315679775869356,0.0038046717112330125
14374,0.0007168792666648605,0.0013682691179986908
14375,0.0006352784097366504,0.0014063360504326244
14376,0.00074236372630343,0.0014249314111350157
14377,0.000649506871946981,0.00134358512547832
14405,0.9435274002655251,0.0010808617785786267
14406,0.9376857558832834,0.0011447874646626187
14408,0.03563286094328011,5.086892499690701e-06
14409,0.03563286094328011,5.086892499690701e-06
14410,0.03563286094328011,5.086892499690701e-06
14411,0.03563286094328011,5.086892499690701e-06
14412,0.03563286094328011,5.086892499690701e-06
14413,0.03563286094328011,5.086892499690701e-06
14414,0.03563286094328011,5.086892499690701e-06
14415,0.03563286094328011,5.086892499690701e-06
14416,0.03563286094328011,5.086892499690701e-06
14417,0.03563286094328011,5.086892499690701e-06
14418,0.03563286094328011,5.086892499690701e-06
14419,0.03563286094328011,5.086892499690701e-06
14420,0.03563286094328011,5.086892499690701e-06
14421,0.03563286094328011,5.086892499690701e-06
14422,0.03563286094328011,5.086892499690701e-06
14423,0.06483780704904085,0.0033657365059093607
14434,0.0006176816634176907,0.0004099071702693062
14436,0.002534892056870852,0.0001919947593212604
14441,0.07694056882841449,1.5607613973739066e-05
14442,0.07694056882841449,1.5607613973739066e-05
14443,0.07694056882841449,1.5607613973739066e-05
14444,0.07694056882841449,1.5607613973739066e-05
14445,0.07694056882841449,1.5607613973739066e-05
14446,0.07694056882841449,1.5607613973739066e-05
14447,0.07694056882841449,1.5607613973739066e-05
14448,0.4913928117541929,5.6384979972490994e-05
14449,0.4913928117541929,5.6384979972490994e-05
14450,0.4913928117541929,5.6384979972490994e-05
14451,0.4913928117541929,5.6384979972490994e-05
14452,0.4913928117541929,5.6384979972490994e-05
14453,0.4913928117541929,5.6384979972490994e-05
14454,0.4913928117541929,5.6384979972490994e-05
14455,0.002525484112040899,8.336673239494816e-06
14456,0.10279249589471873,4.368490545784813e-05
14500,0.07867920800990214,0.0004925071364011505
14501,0.07867920800990214,0.0004925071364011505
14502,0.07867920800990214,0.0004925071364011505
14503,0.07867920800990214,0.0004925071364011505
14504,0.08827612500548432,0.0004659488278828624
14509,0.7631784803638879,0.000770665616491477
14512,0.9172731907245197,0.00170175859378373
14513,0.003661921088653486,0.0014774346535648582
14514,0.003661921088653486,0.0014774346535648582
14515,0.003661921088653486,0.0014774346535648582
14516,0.003661921088653486,0.0014774346535648582
14517,0.003661921088653486,0.0014774346535648582
14525,0.007547783821577281,9.544162423420007e-05
14526,0.00640261810837961,0.00026006484357520704
14527,0.012273465396739791,0.0002817697656722724
14548,0.02133007130573361,0.00013211663375389164
14549,0.02133007130573361,0.00013211663375389164
14550,0.02133007130573361,0.00013211663375389164
14551,0.02133007130573361,0.00013211663375389164
14552,0.02133007130573361,0.00013211663375389164
14553,0.02133007130573361,0.00013211663375389164
14554,0.02133007130573361,0.00013211663375389164
14555,0.02133007130573361,0.00013211663375389164
14556,0.02133007130573361,0.00013211663375389164
14557,0.02133007130573361,0.00013211663375389164
14558,0.007067153158441086,6.585856039183257e-05
14559,0.007067153158441086,6.585856039183257e-05
14560,0.007067153158441086,6.585856039183257e-05
14561,0.007067153158441086,6.585856039183257e-05
14562,0.007067153158441086,6.585856039183257e-05
14563,0.007067153158441086,6.585856039183257e-05
14564,0.007067153158441086,6.585856039183257e-05
14565,0.007067153158441086,6.585856039183257e-05
14566,0.007067153158441086,6.585856039183257e-05
14567,0.007067153158441086,6.585856039183257e-05
14568,0.18929984058958238,7.226703185590592e-05
14569,0.18929984058958238,7.226703185590592e-05
14570,0.18929984058958238,7.226703185590592e-05
14571,0.18929984058958238,7.226703185590592e-05
14572,0.18929984058958238,7.226703185590592e-05
14573,0.18929984058958238,7.226703185590592e-05
14574,0.18929984058958238,7.226703185590592e-05
14575,0.18929984058958238,7.226703185590592e-05
14576,0.18929984058958238,7.226703185590592e-05
14577,0.18929984058958238,7.226703185590592e-05
14578,0.05815150855064233,0.00012336942906953285
14579,0.05815150855064233,0.00012336942906953285
14580,0.05815150855064233,0.00012336942906953285
14581,0.05815150855064233,0.00012336942906953285
14582,0.05815150855064233,0.00012336942906953285
14583,0.05815150855064233,0.00012336942906953285
14584,0.05815150855064233,0.00012336942906953285
14585,0.05815150855064233,0.00012336942906953285
14586,0.05815150855064233,0.00012336942906953285
14587,0.05815150855064233,0.00012336942906953285
14588,0.05309990425156319,0.0012867565128634982
14589,0.05309990425156319,0.0012867565128634982
14590,0.05309990425156319,0.0012867565128634982
14591,0.05309990425156319,0.0012867565128634982
14592,0.05309990425156319,0.0012867565128634982
14593,0.05309990425156319,0.0012867565128634982
14594,0.05309990425156319,0.0012867565128634982
14595,0.05309990425156319,0.0012867565128634982
14596,0.05309990425156319,0.0012867565128634982
14597,0.05309990425156319,0.0012867565128634982
14598,0.20993076838243907,0.0003935211574169614
14599,0.20993076838243907,0.0003935211574169614
14600,0.20993076838243907,0.0003935211574169614
14601,0.20993076838243907,0.0003935211574169614
14602,0.20993076838243907,0.0003935211574169614
14603,0.20993076838243907,0.0003935211574169614
14604,0.20993076838243907,0.0003935211574169614
14605,0.20993076838243907,0.0003935211574169614
14606,0.20993076838243907,0.0003935211574169614
14607,0.20993076838243907,0.0003935211574169614
14608,0.3979689060032777,3.5537208655339895e-05
14609,0.3979689060032777,3.5537208655339895e-05
14610,0.3979689060032777,3.5537208655339895e-05
14611,0.3979689060032777,3.5537208655339895e-05
14612,0.3979689060032777,3.5537208655339895e-05
14613,0.3979689060032777,3.5537208655339895e-05
14614,0.3979689060032777,3.5537208655339895e-05
14615,0.3979689060032777,3.5537208655339895e-05
14616,0.3979689060032777,3.5537208655339895e-05
14617,0.3979689060032777,3.5537208655339895e-05
14634,0.0062585178269976005,0.000976017607879718
14635,0.016926917441775213,0.0001958989197227525
14636,0.012627768115445859,0.00018440198005772123
14637,0.005050971743630228,0.0009585975162551474
14638,0.010326595406791816,0.0007643160540193481
14639,0.008156306968872928,0.0013102283530769046
14640,0.0031277901746686876,0.0018979762389057884
14641,0.004955134225779978,0.0008937066528655283
14642,0.004915865518888229,0.0009187099287053203
14643,0.015458715721647476,0.0014846741298204496
14644,0.005672407295138404,0.0019018160484076535
14645,0.010156258013104158,0.0011434285612899617
14646,0.056421705264788624,0.0006527194143846676
14647,0.023359595172926073,0.000379267881073171
14648,0.012627768115445859,0.00018440198005772123
14649,0.012627768115445859,0.00018440198005772123
14650,0.012627768115445859,0.00018440198005772123
14651,0.012627768115445859,0.00018440198005772123
14652,0.012627768115445859,0.00018440198005772123
14689,0.34027808594147924,4.178322474344899e-05
14690,0.34027808594147924,4.178322474344899e-05
14691,0.34027808594147924,4.178322474344899e-05
14692,0.34027808594147924,4.178322474344899e-05
14693,0.34027808594147924,4.178322474344899e-05
14694,0.34027808594147924,4.178322474344899e-05
14695,0.34027808594147924,4.178322474344899e-05
14696,0.34027808594147924,4.178322474344899e-05
14697,0.34027808594147924,4.178322474344899e-05
14698,0.34027808594147924,4.178322474344899e-05
14699,0.34027808594147924,4.178322474344899e-05
14700,0.34027808594147924,4.178322474344899e-05
14701,0.34027808594147924,4.178322474344899e-05
14712,0.005537582705450461,0.0008852160931246741
14713,0.005537582705450461,0.0008852160931246741
14714,0.005537582705450461,0.0008852160931246741
14715,0.005537582705450461,0.0008852160931246741
14716,0.005537582705450461,0.0008852160931246741
14717,0.005537582705450461,0.0008852160931246741
14718,0.005537582705450461,0.0008852160931246741
14719,0.005537582705450461,0.0008852160931246741
14720,0.005537582705450461,0.0008852160931246741
14721,0.005537582705450461,0.0008852160931246741
14722,0.005537582705450461,0.0008852160931246741
14723,0.005537582705450461,0.0008852160931246741
14724,0.005537582705450461,0.0008852160931246741
14725,0.005537582705450461,0.0008852160931246741
14726,0.005537582705450461,0.0008852160931246741
14727,0.005537582705450461,0.0008852160931246741
14728,0.005537582705450461,0.0008852160931246741
14729,0.005537582705450461,0.0008852160931246741
14730,0.005537582705450461,0.0008852160931246741
14731,0.005537582705450461,0.0008852160931246741
14732,0.000605389321335692,0.003145883124786879
14733,0.002652606627752685,0.0028971650170139876
14734,0.0008040220472963489,0.0018340448299870946
14735,0.004104571438092286,0.001569274706549318
14736,0.000605389321335692,0.003145883124786879
14737,0.002652606627752685,0.0028971650170139876
14738,0.0008040220472963489,0.0018340448299870946
14739,0.004104571438092286,0.001569274706549318
14740,0.0006239954848616946,0.0070873516140205275
14741,0.0001940103949661376,0.007687057784495972
14742,0.0007470440598816852,0.007299442514216135
14743,0.00024210833728011139,0.00778807533178957
14744,0.0006241226013302681,0.007309128425423056
14745,0.00019628389627135423,0.007809310804226744
14746,0.001978471848991359,0.0028742523803045213
14747,0.002298950794697885,0.002908957030007134
14748,0.0021148346001582663,0.0028922505775055875
14754,0.5564488831969128,0.0035867257772613757
14755,0.4945060632319008,0.003469125474439512
14756,0.9822015729491201,0.0002208718426566984
14757,0.9280932143496715,0.0015998107845710974
14758,0.5816576328436871,0.009216626295580978
14759,0.5564488831969128,0.0035867257772613757
14760,0.4945060632319008,0.003469125474439512
14761,0.9822015729491201,0.0002208718426566984
14762,0.9280932143496715,0.0015998107845710974
14763,0.5816576328436871,0.009216626295580978
14766,0.010371161190207867,0.0022575539786715317
14789,0.000248611742760918,0.0022791896671614884
14790,0.00015426655938266531,0.0037186325454827765
14791,0.0005692757337744103,0.005266206402093496
14792,0.0034789289902880105,0.004681304253267529
14793,0.000248611742760918,0.0022791896671614884
14794,0.00015426655938266531,0.0037186325454827765
14795,0.0005692757337744103,0.005266206402093496
14796,0.0034789289902880105,0.004681304253267529
14810,0.8248108894470308,0.004089897030621629
14811,0.7383396687630583,0.002299068425998932
14812,0.7730155876896363,0.0005899869028583018
14813,0.8442329332865213,0.0006628942717233129
14814,0.4791169610827224,0.0004432343787041308
14815,0.7684205161351756,0.00039500861936199016
14816,0.8248108894470308,0.004089897030621629
14817,0.7383396687630583,0.002299068425998932
14818,0.7730155876896363,0.0005899869028583018
14819,0.8442329332865213,0.0006628942717233129
14820,0.4791169610827224,0.0004432343787041308
14821,0.7684205161351756,0.00039500861936199016
14841,0.00446869627999491,0.008083037632367632
14842,0.0021467931702497944,0.008624177953806489
14843,0.0005243389751069527,0.006748569304300251
14844,0.00018363177650437823,0.0013731710906390946
14845,0.00037213267874747213,0.0004754625935193815
14846,0.0005265193229598841,0.000762238615531317
14847,0.0017646557653738792,0.00109562693790156
14848,0.0013350761031469816,0.0008753287843733708
14849,0.0018792925676937022,0.001160780693287915
14850,0.0042144078126825635,0.0015580963481191187
14851,0.007387790400828376,0.0024487119505972547
14852,0.028621338219286363,0.00042510982555010344
14853,0.0030349234893473076,0.0008317137884922337
14854,0.00037213267874747213,0.0004754625935193815
14855,0.0005265193229598841,0.000762238615531317
14856,0.0017646557653738792,0.00109562693790156
14857,0.0013350761031469816,0.0008753287843733708
14858,0.0018792925676937022,0.001160780693287915
14859,0.0042144078126825635,0.0015580963481191187
14860,0.007387790400828376,0.0024487119505972547
14861,0.028621338219286363,0.00042510982555010344
14862,0.0030349234893473076,0.0008317137884922337
14892,0.10711241961034434,0.0041541880428678755
14893,0.07681495477595424,0.003963293609782863
14894,0.10600483891825618,0.0035428410540983175
14895,0.10711241961034434,0.0041541880428678755
14896,0.07681495477595424,0.003963293609782863
14897,0.10600483891825618,0.0035428410540983175
14898,0.002222938045657985,0.00034780274168424866
14899,0.002222938045657985,0.00034780274168424866
14900,0.002222938045657985,0.00034780274168424866
14901,0.002222938045657985,0.00034780274168424866
14902,0.002222938045657985,0.00034780274168424866
14903,0.002222938045657985,0.00034780274168424866
14904,0.00016473042549103312,0.00012661897548291732
14905,0.00016473042549103312,0.00012661897548291732
14906,0.00016473042549103312,0.00012661897548291732
14907,0.00016473042549103312,0.00012661897548291732
14908,0.00016473042549103312,0.00012661897548291732
14909,0.00016473042549103312,0.00012661897548291732
14910,0.0844534669803948,2.118890671546725e-05
14911,0.11827084510444419,1.3939252841510563e-05
14912,0.12331611583669655,2.2542787362293273e-05
14913,0.029933212985514213,2.9479431372632012e-05
14914,0.0844534669803948,2.118890671546725e-05
14915,0.11827084510444419,1.3939252841510563e-05
14916,0.12331611583669655,2.2542787362293273e-05
14917,0.029933212985514213,2.9479431372632012e-05
14918,0.0844534669803948,2.118890671546725e-05
14919,0.11827084510444419,1.3939252841510563e-05
14920,0.12331611583669655,2.2542787362293273e-05
14921,0.029933212985514213,2.9479431372632012e-05
14922,0.0844534669803948,2.118890671546725e-05
14923,0.11827084510444419,1.3939252841510563e-05
14924,0.12331611583669655,2.2542787362293273e-05
14925,0.029933212985514213,2.9479431372632012e-05
14926,0.0844534669803948,2.118890671546725e-05
14927,0.11827084510444419,1.3939252841510563e-05
14928,0.12331611583669655,2.2542787362293273e-05
14929,0.029933212985514213,2.9479431372632012e-05
14950,0.06315952379103273,0.00526378543508875
14951,0.14064085414606464,0.0029281763380810174
14952,0.06315952379103273,0.00526378543508875
14953,0.14064085414606464,0.0029281763380810174
14956,0.0006449570669995186,0.0009695708005430003
14957,0.01005447338104748,0.0010565936333311668
14958,0.03594523386742221,0.0018974757132729139
14959,0.040456766868743665,0.002898565524962534
14960,0.03189872663019144,0.0036399729146886876
14961,0.0006449570669995186,0.0009695708005430003
14962,0.01005447338104748,0.0010565936333311668
14963,0.03594523386742221,0.0018974757132729139
14964,0.040456766868743665,0.002898565524962534
14965,0.03189872663019144,0.0036399729146886876
14967,0.2565151153718366,8.389093729030068e-07
14969,0.30778546754059954,0.0001367656236724204
14971,0.1383720424704018,0.00029218947403412705
14973,0.30218825323453424,0.000192870655351008
15024,0.0004988543837334269,0.0013031192391548332
15029,0.0004988543837334269,0.0013031192391548332
15030,0.0002290793893749976,0.0009222656292895348
15031,0.0002290793893749976,0.0009222656292895348
15032,0.0002290793893749976,0.0009222656292895348
15033,0.0002290793893749976,0.0009222656292895348
15034,0.0002290793893749976,0.0009222656292895348
15035,0.0002290793893749976,0.0009222656292895348
15036,0.0002290793893749976,0.0009222656292895348
15037,0.0002290793893749976,0.0009222656292895348
15049,0.007797607787348504,0.004108203072407057
15050,0.005001654710408143,0.006147365181936239
15069,0.0004930432448972955,0.018657310547514565
15070,0.00030169083962650056,0.018249937286801507
15071,0.0004930432448972955,0.018657310547514565
15072,0.00030169083962650056,0.018249937286801507
15084,0.0024577755752172026,0.0012307220091345838
15087,0.0024577755752172026,0.0012307220091345838
15089,0.005103182266527284,0.0013393774255745887
15090,0.0523581753175717,0.00035355107352264036
15092,0.004591375552197241,0.0011514286596938988
15099,0.07387984371525347,3.2227637486663787e-07
15100,0.01877911560439316,1.9393843402654392e-05
15102,0.22098765452621671,1.0155594020059948e-08
15154,0.00016325201698963454,0.00020517289105340575
15155,0.00016325201698963454,0.00020517289105340575
15156,0.00016325201698963454,0.00020517289105340575
15157,0.00016325201698963454,0.00020517289105340575
15158,0.00016325201698963454,0.00020517289105340575
15159,0.00016325201698963454,0.00020517289105340575
15160,0.00016325201698963454,0.00020517289105340575
15161,0.00016325201698963454,0.00020517289105340575
15162,0.00016325201698963454,0.00020517289105340575
15163,0.00016325201698963454,0.00020517289105340575
15164,0.0002637809522164636,0.0006939888553395617
15165,0.0002637809522164636,0.0006939888553395617
15166,0.0002637809522164636,0.0006939888553395617
15167,0.0002637809522164636,0.0006939888553395617
15168,0.0002637809522164636,0.0006939888553395617
15169,0.0002637809522164636,0.0006939888553395617
15170,0.0002637809522164636,0.0006939888553395617
15171,0.0002637809522164636,0.0006939888553395617
15172,0.0002637809522164636,0.0006939888553395617
15173,0.0002637809522164636,0.0006939888553395617
15174,0.0005618172762203999,0.00023410897837386783
15175,0.0005618172762203999,0.00023410897837386783
15176,0.0005618172762203999,0.00023410897837386783
15177,0.0005618172762203999,0.00023410897837386783
15178,0.0005618172762203999,0.00023410897837386783
15179,0.0005618172762203999,0.00023410897837386783
15180,0.0005618172762203999,0.00023410897837386783
15181,0.0005618172762203999,0.00023410897837386783
15182,0.0005618172762203999,0.00023410897837386783
15183,0.0005618172762203999,0.00023410897837386783
15184,0.008156419461639919,0.0003011396508758317
15185,0.046548317357413604,0.00018607996887727552
15186,0.017204175771993513,0.0014394101494550875
15187,0.017204175771993513,0.0014394101494550875
15188,0.017204175771993513,0.0014394101494550875
15189,0.017204175771993513,0.0014394101494550875
15190,0.017086864470393537,0.0012574148218160355
15191,0.017086864470393537,0.0012574148218160355
15192,0.017086864470393537,0.0012574148218160355
15193,0.017086864470393537,0.0012574148218160355
15194,0.014531615751398164,0.0013295327881812802
15195,0.014531615751398164,0.0013295327881812802
15196,0.014531615751398164,0.0013295327881812802
15197,0.014531615751398164,0.0013295327881812802
15198,0.012943984776923156,0.0010684305912842
15199,0.012943984776923156,0.0010684305912842
15200,0.012943984776923156,0.0010684305912842
15201,0.012943984776923156,0.0010684305912842
15202,0.02556412344356762,0.0009027456034468679
15203,0.02556412344356762,0.0009027456034468679
15204,0.02556412344356762,0.0009027456034468679
15205,0.02556412344356762,0.0009027456034468679
15206,0.025277768590742267,0.0008299461325442514
15207,0.025277768590742267,0.0008299461325442514
15208,0.025277768590742267,0.0008299461325442514
15209,0.025277768590742267,0.0008299461325442514
15216,0.011215589157412942,1.0530064269217126e-07
15217,0.011215589157412942,1.0530064269217126e-07
15218,0.011215589157412942,1.0530064269217126e-07
15223,0.1324812111732271,6.8092131729425095e-06
15224,0.1324812111732271,6.8092131729425095e-06
15225,0.1324812111732271,6.8092131729425095e-06
15230,0.00628115007405905,3.6118658458898756e-05
15231,0.00628115007405905,3.6118658458898756e-05
15232,0.00628115007405905,3.6118658458898756e-05
15237,0.045252738443555374,0.00029140077886396663
15238,0.045252738443555374,0.00029140077886396663
15239,0.045252738443555374,0.00029140077886396663
15245,0.006408410884636395,0.015237363552763977
15246,0.017993185783301224,0.0065264805536342715
15247,0.008011443053479783,0.02045935805139877
15248,0.03238928075652092,0.0076771963311252425
15253,0.3585290200724205,0.0022011691509353556
15254,0.3585290200724205,0.0022011691509353556
15255,0.3585290200724205,0.0022011691509353556
15256,0.3585290200724205,0.0022011691509353556
15257,0.3585290200724205,0.0022011691509353556
15258,0.3585290200724205,0.0022011691509353556
15259,0.3585290200724205,0.0022011691509353556
15260,0.3585290200724205,0.0022011691509353556
15261,0.0017207282424875903,0.010028108422178064
15262,0.0009450720734259788,0.009274421925665244
15263,0.0021660862085945976,0.00227832831049791
15264,0.0021660862085945976,0.00227832831049791
15265,0.0021660862085945976,0.00227832831049791
15266,0.0021660862085945976,0.00227832831049791
15267,0.0021660862085945976,0.00227832831049791
15268,0.0017025434465968159,0.0023939904997987496
15269,0.0017025434465968159,0.0023939904997987496
15270,0.0017025434465968159,0.0023939904997987496
15271,0.0017025434465968159,0.0023939904997987496
15272,0.0017025434465968159,0.0023939904997987496
15292,0.3970402293757156,0.0006887158773223739
15293,0.18102639676089782,0.0009034450772295336
15294,0.07778442566302901,0.0010890041330827976
15345,0.0019415821122518162,9.943233793648196e-05
15346,0.0325735814860425,8.629717244370151e-05
15347,0.005454563637013687,3.2329320769026516e-05
15348,0.2612959133699293,0.00016305976732911335
15349,0.30856642875871465,6.48994269125872e-05
15350,0.3269207895114059,0.0001122709468395185
15351,0.07134738563391041,0.0005939811116742709
15352,0.1617349201002246,0.0003022665820296049
15353,0.137607657655187,0.0025412969952821485
15354,0.26746105414298516,0.0009135358286211396
15355,0.037770229655250676,0.00014679744968725764
15356,0.003267723543421419,6.445651709534002e-05
15357,0.0017599221036481705,0.0001252287490214523
15358,0.601383098462665,0.0002737550723437049
15359,0.21031572645332652,0.0004388184006844545
15360,0.39004525926885125,0.0005094539883420133
15361,0.4520644577158722,0.00026126009306321136
15362,0.6252931503437122,0.00031961353047550364
15363,0.48582106524971036,0.0001345926272002119
15364,0.8000716333918396,0.00017943306338817308
15365,0.8006641116559361,9.839599721161605e-05
15366,0.7565878754455422,0.00017652899604337626
15367,0.7768132306758211,0.00029444229826818295
15368,0.19466646262097642,0.0025432086594593707
15369,0.7752265236677061,0.0006207691443497615
15370,0.7094647094326015,0.00015605225188218444
15371,0.5443421258519837,0.00026356131006527103
15372,0.4856917790112877,0.00035785086781628525
15381,0.00014777979950175713,0.0005140973174849774
15382,0.0030906707995476124,0.0007899430800617467
15383,0.003928568538300814,0.0004261472503520533
15412,0.0252444735924644,0.0008051046265683806
15413,0.011322385579650818,0.0012893107006353797
15414,0.0030967523008252895,0.0015110883041106072
15415,0.005466506009902727,1.6005831896709173e-06
15416,0.06236315647442292,0.0022536487706191193
15417,0.018059228302890973,0.0020483485348743065
15418,0.03584474826681561,0.003377732583247535
15419,0.03584474826681561,0.003377732583247535
15424,0.20624994392390195,0.0029786321211369444
15430,0.022054127822855207,0.006177290527377026
15431,0.022054127822855207,0.006177290527377026
15432,0.022054127822855207,0.006177290527377026
15433,0.019656442340498015,0.008077135094722958
15434,0.019656442340498015,0.008077135094722958
15435,0.019656442340498015,0.008077135094722958
15436,0.01313584751478114,0.015454739153571262
15437,0.01313584751478114,0.015454739153571262
15438,0.01313584751478114,0.015454739153571262
15439,0.02018626627717557,0.005998411807366318
15440,0.02018626627717557,0.005998411807366318
15441,0.02018626627717557,0.005998411807366318
15443,4.969671884580418e-05,3.492680690550705e-05
15478,0.03545487463501218,0.004009557295604947
15479,0.027504905162780702,0.0039452795388716586
15480,0.2091095772804762,0.00527548774380494
15481,0.18280788017226235,0.0054278763920535475
15490,0.5996648955526189,0.0035361000109316726
15491,0.5996648955526189,0.0035361000109316726
15492,0.5323816990562629,0.00306403216630104
15493,0.5323816990562629,0.00306403216630104
15497,0.6654763296871735,0.002829622553615886
15511,0.4339068239951609,0.0006260208660086109
15512,0.4339068239951609,0.0006260208660086109
15514,0.47699691965980684,0.00023943658869814404
15515,0.47699691965980684,0.00023943658869814404
15517,0.6166780936048085,0.0012834399132348635
15518,0.6166780936048085,0.0012834399132348635
15520,0.24958791924692336,0.0013932430313870602
15521,0.24958791924692336,0.0013932430313870602
15523,0.004361694147901551,0.0013043214953584294
15524,0.004361694147901551,0.0013043214953584294
15526,0.3289985927927279,0.00045999566353119347
15527,0.3289985927927279,0.00045999566353119347
15529,0.0651966927441956,2.473672369603829e-06
15530,0.0651966927441956,2.473672369603829e-06
15532,0.27528363385330934,0.002534688266079034
15533,0.27528363385330934,0.002534688266079034
15553,0.0008785629950278651,0.0012756956279922236
15554,0.0027509619810497377,0.0017160512891410424
15555,4.756560504359797e-06,0.003232634603811386
15556,8.0487753626457e-06,0.003509793875326404
15557,1.069330706937599e-05,0.0036017455624236545
15558,0.00014872533960452738,0.005591480036947278
15559,0.00017237764199795613,0.005700840101948757
15560,0.0033101727120514735,0.006627434548903667
15561,0.0033101727120514735,0.006627434548903667
15562,9.657848912147937e-05,0.0001491402417315396
15563,0.00026478466675061707,0.00021443162859804358
15564,0.00019601702797589216,0.0002221792228918702
15565,0.0006177011943327981,0.00014510369890076988
15566,0.0022138339558460673,0.0002547420233596797
15567,0.001331147430338575,0.00017526830468867676
15568,0.000718740246288152,0.00012811408933626096
15569,0.00045761245097120096,0.00017731345350213332
15570,0.0021828283496069245,0.00045874725701958424
15571,0.0021828283496069245,0.00045874725701958424
15572,0.0021828283496069245,0.00045874725701958424
15573,0.0021828283496069245,0.00045874725701958424
15574,0.0021828283496069245,0.00045874725701958424
15576,0.0016527050195118687,0.0005266403242638138
15577,0.0016527050195118687,0.0005266403242638138
15578,0.0016527050195118687,0.0005266403242638138
15579,0.0016527050195118687,0.0005266403242638138
15580,0.0016527050195118687,0.0005266403242638138
15584,0.10421775088544138,3.0045004834202985e-06
15585,0.10421775088544138,3.0045004834202985e-06
15586,0.10421775088544138,3.0045004834202985e-06
15589,0.19215001305611124,0.0023466930896238226
15594,0.5845618587085653,1.4482338234072384e-05
15600,0.12618794716223436,0.0045022657284962166
15601,0.12618794716223436,0.0045022657284962166
15629,0.007333070485936344,0.0005647705221726992
15630,5.856303323714673e-05,0.025983262533001296
15631,0.004428845613318355,0.007952275957309525
15632,0.011208003857620774,0.0023830493757069932
15633,0.1467063169872319,0.002587109684270209
15639,0.007333070485936344,0.0005647705221726992
15640,5.856303323714673e-05,0.025983262533001296
15641,0.004428845613318355,0.007952275957309525
15642,0.011208003857620774,0.0023830493757069932
15643,0.1467063169872319,0.002587109684270209
15644,0.007333070485936344,0.0005647705221726992
15645,5.856303323714673e-05,0.025983262533001296
15646,0.004428845613318355,0.007952275957309525
15647,0.011208003857620774,0.0023830493757069932
15648,0.1467063169872319,0.002587109684270209
15649,0.007333070485936344,0.0005647705221726992
15650,5.856303323714673e-05,0.025983262533001296
15651,0.004428845613318355,0.007952275957309525
15652,0.011208003857620774,0.0023830493757069932
15653,0.1467063169872319,0.002587109684270209
15654,0.007333070485936344,0.0005647705221726992
15655,5.856303323714673e-05,0.025983262533001296
15656,0.004428845613318355,0.007952275957309525
15657,0.011208003857620774,0.0023830493757069932
15658,0.1467063169872319,0.002587109684270209
15659,0.007333070485936344,0.0005647705221726992
15660,5.856303323714673e-05,0.025983262533001296
15661,0.004428845613318355,0.007952275957309525
15662,0.011208003857620774,0.0023830493757069932
15663,0.1467063169872319,0.002587109684270209
15664,0.007333070485936344,0.0005647705221726992
15665,5.856303323714673e-05,0.025983262533001296
15666,0.004428845613318355,0.007952275957309525
15668,0.007333070485936344,0.0005647705221726992
15669,5.856303323714673e-05,0.025983262533001296
15670,0.004428845613318355,0.007952275957309525
15671,0.029308865863259093,0.006315134328728711
15672,0.011208003857620774,0.0023830493757069932
15673,0.1467063169872319,0.002587109684270209
15674,0.00029598061735591763,0.0023272464783567672
15675,0.0009858148632650998,0.003446115190937401
15676,0.0024329343018772986,0.002535587939825742
15677,0.000249575228148613,0.005724906110557947
15680,0.000249575228148613,0.005724906110557947
15681,0.000249575228148613,0.005724906110557947
15682,0.000249575228148613,0.005724906110557947
15683,0.000249575228148613,0.005724906110557947
15684,0.0006786154678826151,0.011195957318530285
15685,0.0006786154678826151,0.011195957318530285
15686,0.0006786154678826151,0.011195957318530285
15687,0.0006786154678826151,0.011195957318530285
15688,0.010517683494982166,0.005842092766203677
15689,0.010517683494982166,0.005842092766203677
15690,0.010517683494982166,0.005842092766203677
15691,0.010517683494982166,0.005842092766203677
15725,0.018912443324126005,0.006081133415762399
15726,0.018912443324126005,0.006081133415762399
15727,0.018912443324126005,0.006081133415762399
15732,0.0030945640857823475,1.6932421718136452e-05
15733,0.037495225569178836,0.008808213708274875
15734,0.002068284181981017,0.010697788454056147
15735,0.0006719492763224144,0.008068217361147174
15736,0.046534577688077894,0.008284291045431939
15737,0.046534577688077894,0.008284291045431939
15738,0.046534577688077894,0.008284291045431939
15739,0.046534577688077894,0.008284291045431939
15740,0.0019255036465890552,0.004260889114444218
15741,0.0019255036465890552,0.004260889114444218
15742,0.0019255036465890552,0.004260889114444218
15743,0.0019255036465890552,0.004260889114444218
15744,0.08780842807402689,0.01085387440324087
15745,0.08780842807402689,0.01085387440324087
15746,0.08780842807402689,0.01085387440324087
15747,0.08780842807402689,0.01085387440324087
15751,0.0006492539714592072,0.010960236931397173
15752,0.002228292373047114,0.0036472277447171277
15753,0.002068284181981017,0.010697788454056147
15754,0.00984029539071929,0.005912080072885906
15755,0.000764192877876213,0.008763482433518408
15756,0.000764192877876213,0.008763482433518408
15757,0.000764192877876213,0.008763482433518408
15758,0.006325078564448416,0.00786028418917117
15759,0.006325078564448416,0.00786028418917117
15760,0.006325078564448416,0.00786028418917117
15762,0.0008594922064529831,0.0006617479947165009
15771,0.0008594922064529831,0.0006617479947165009
15772,0.010814052028777277,0.0055569547852487786
15773,0.07937379887363183,0.0028549729819128677
15774,0.006785058694730672,0.004020623975623947
15775,0.010814052028777277,0.0055569547852487786
15776,0.010814052028777277,0.0055569547852487786
15777,0.010814052028777277,0.0055569547852487786
15778,0.010814052028777277,0.0055569547852487786
15779,0.004336693965101279,0.010007105784095298
15780,0.010814052028777277,0.0055569547852487786
15781,0.07937379887363183,0.0028549729819128677
15782,0.000764192877876213,0.008763482433518408
15783,0.006785058694730672,0.004020623975623947
15785,0.1894483915735392,0.002712407700517028
15787,0.19162783183996812,0.0026355299709505797
15789,0.21045372718493538,0.002668164024601292
15790,0.19162783183996812,0.0026355299709505797
15791,0.19162783183996812,0.0026355299709505797
15792,0.19162783183996812,0.0026355299709505797
15793,0.008221276389355547,0.005368373267903102
15794,0.008221276389355547,0.005368373267903102
15795,0.008221276389355547,0.005368373267903102
15796,0.007263815216502212,0.005497698831561478
15797,0.007263815216502212,0.005497698831561478
15798,0.007263815216502212,0.005497698831561478
15799,0.005610986830465126,0.005489773127839291
15800,0.005610986830465126,0.005489773127839291
15801,0.005610986830465126,0.005489773127839291
15810,0.015616735102936041,0.00790985345958825
15811,0.035821539720299334,0.009476479547649484
15812,0.06786932015192038,0.006828726532066294
15813,0.3008049659159525,0.006540420009196607
15814,0.38304263925251325,0.006766034725274289
15815,0.3008049659159525,0.006540420009196607
15816,0.38304263925251325,0.006766034725274289
15821,0.013903447419751136,0.01594237089913427
15822,0.013903447419751136,0.01594237089913427
15823,0.013903447419751136,0.01594237089913427
15824,0.20289399092379123,0.0033015204281555723
15825,0.20289399092379123,0.0033015204281555723
15826,0.20289399092379123,0.0033015204281555723
15827,0.04285413727919196,0.010860218737848537
15828,0.04285413727919196,0.010860218737848537
15829,0.04285413727919196,0.010860218737848537
15830,0.38281611654895464,0.0017993730104729367
15831,0.38281611654895464,0.0017993730104729367
15832,0.38281611654895464,0.0017993730104729367
15833,0.000764192877876213,0.008763482433518408
15834,0.004336693965101279,0.010007105784095298
15835,0.04593810870746018,0.006760461957267535
15836,0.006995091766869632,0.009658282451439598
15837,0.004336693965101279,0.010007105784095298
15838,0.04593810870746018,0.006760461957267535
15839,0.006995091766869632,0.009658282451439598
15846,0.0017164950557817527,0.002949926860401627
15847,0.049924176657652475,0.002077371547120073
15848,0.00920471880883822,0.0002733345190311168
15849,0.041251738892797096,0.0014208982959062356
15850,0.049924176657652475,0.002077371547120073
15851,0.013688681907341071,0.004737367571507341
15852,0.0017282202945716474,0.0015968520044243352
15853,0.0017164950557817527,0.002949926860401627
15854,0.00920471880883822,0.0002733345190311168
15855,0.00920471880883822,0.0002733345190311168
15856,0.00920471880883822,0.0002733345190311168
15857,0.00920471880883822,0.0002733345190311168
15858,0.00920471880883822,0.0002733345190311168
15859,0.00920471880883822,0.0002733345190311168
15860,0.00920471880883822,0.0002733345190311168
15861,0.041251738892797096,0.0014208982959062356
15862,0.041251738892797096,0.0014208982959062356
15863,0.041251738892797096,0.0014208982959062356
15864,0.041251738892797096,0.0014208982959062356
15865,0.041251738892797096,0.0014208982959062356
15866,0.041251738892797096,0.0014208982959062356
15867,0.041251738892797096,0.0014208982959062356
15868,0.049924176657652475,0.002077371547120073
15869,0.049924176657652475,0.002077371547120073
15870,0.049924176657652475,0.002077371547120073
15871,0.049924176657652475,0.002077371547120073
15872,0.049924176657652475,0.002077371547120073
15873,0.049924176657652475,0.002077371547120073
15874,0.013688681907341071,0.004737367571507341
15875,0.013688681907341071,0.004737367571507341
15876,0.013688681907341071,0.004737367571507341
15877,0.013688681907341071,0.004737367571507341
15878,0.013688681907341071,0.004737367571507341
15879,0.013688681907341071,0.004737367571507341
15880,0.013688681907341071,0.004737367571507341
15881,0.0017282202945716474,0.0015968520044243352
15882,0.0017282202945716474,0.0015968520044243352
15883,0.0017282202945716474,0.0015968520044243352
15884,0.0017282202945716474,0.0015968520044243352
15885,0.0017282202945716474,0.0015968520044243352
15886,0.0017282202945716474,0.0015968520044243352
15887,0.0017282202945716474,0.0015968520044243352
15888,0.0017164950557817527,0.002949926860401627
15889,0.0017164950557817527,0.002949926860401627
15890,0.0017164950557817527,0.002949926860401627
15891,0.0017164950557817527,0.002949926860401627
15892,0.0017164950557817527,0.002949926860401627
15893,0.0017164950557817527,0.002949926860401627
15894,0.0031873881652003666,0.0043037124313191205
15895,0.0019227225754140376,0.004321867937933127
15896,0.006120289097976794,0.004290004810497419
15897,0.0031873881652003666,0.0043037124313191205
15898,0.0019227225754140376,0.004321867937933127
15899,0.006120289097976794,0.004290004810497419
15900,0.0031873881652003666,0.0043037124313191205
15901,0.0019227225754140376,0.004321867937933127
15902,0.006120289097976794,0.004290004810497419
15903,0.006577371398120535,0.004966201844305639
15904,0.014977895911728156,0.0078040614456014595
15905,0.00087933774670923,0.008327815196861075
15906,0.0031229633935138112,0.010604265183130658
15907,0.0038879013778643223,0.009827168556090442
15908,0.0012125971191951912,0.007085726471514044
15909,0.0038879013778643223,0.009827168556090442
15910,0.0038879013778643223,0.009827168556090442
15911,0.0012125971191951912,0.007085726471514044
15912,0.0012125971191951912,0.007085726471514044
15913,0.011678314315561988,0.006635254421583935
15914,0.04633147999974041,0.00769803770843952
15915,0.010882939525703628,0.007338402792882188
15916,0.04026446614925905,0.0066457588981495945
15917,0.00787066494176969,0.001394562986569911
15919,0.00037891569736681063,0.0013279818062391742
15921,0.00022328760511836077,0.0008472286415844412
15923,0.00787066494176969,0.001394562986569911
15924,0.00037891569736681063,0.0013279818062391742
15925,0.00022328760511836077,0.0008472286415844412
15937,0.0057211527516976,0.010943098597870841
15938,0.0057211527516976,0.010943098597870841
15939,0.0065007941885451,0.010826813812903652
15940,0.0065007941885451,0.010826813812903652
15941,0.04948669467898814,0.006427181452819512
15942,0.04948669467898814,0.006427181452819512
15943,0.04948669467898814,0.006427181452819512
15944,0.04948669467898814,0.006427181452819512
15945,0.0737332753059401,0.008609861363110833
15946,0.04315444383331113,0.013968730803650665
15947,0.06002537553853615,0.0047924741608471565
15948,0.0006273397916155554,0.0021500677554133294
15949,0.0737332753059401,0.008609861363110833
15950,0.04315444383331113,0.013968730803650665
15951,0.06002537553853615,0.0047924741608471565
15952,0.0006273397916155554,0.0021500677554133294
15957,0.008545157949023552,0.016959340224833648
15958,0.015045042249876905,0.016191110657825372
15959,0.01108027566768055,0.010354360423197685
15960,0.00030845274612056883,0.014016375032188229
15961,0.006161271035536875,0.000741017826961966
15967,0.0178179917160326,0.0031814699357678583
15968,0.012112907311491505,0.0033990661174569774
15969,0.0071758636141121546,0.004645999406023449
15973,0.014447958629980828,0.0031656551536856977
15974,0.0004968491688041032,0.0003168312254050302
15975,7.37253109667213e-05,0.017409886505025556
15976,0.009424478298924788,0.0020081048473146873
15977,0.02803753509324558,0.005249688835928783
15978,0.07108826291393733,0.0015594625259543124
15979,0.0007361222946800083,0.015287642710514006
15980,0.028520060635558675,0.013120987486077845
15981,0.0007361222946800083,0.015287642710514006
15982,0.028520060635558675,0.013120987486077845
15983,0.0007361222946800083,0.015287642710514006
15984,0.0007361222946800083,0.015287642710514006
15985,0.0007361222946800083,0.015287642710514006
15986,0.0007361222946800083,0.015287642710514006
15987,0.028520060635558675,0.013120987486077845
15988,0.028520060635558675,0.013120987486077845
15989,0.028520060635558675,0.013120987486077845
15990,0.028520060635558675,0.013120987486077845
15991,0.006408410884636395,0.015237363552763977
15992,0.007830746058262172,0.016619000965956303
15993,0.009849718478001535,0.017948918255623836
15994,0.0578173016639294,0.006727708899241024
15995,0.0589619384186546,0.00727271168783087
15996,0.0578173016639294,0.006727708899241024
15997,0.0589619384186546,0.00727271168783087
15998,0.02251354625124047,0.013699940842417824
16000,0.02251354625124047,0.013699940842417824
16001,0.0016091911804171355,0.01072212723844377
16002,0.0016091911804171355,0.01072212723844377
16003,0.0016091911804171355,0.01072212723844377
16004,0.06874994629211573,0.013403799124417123
16005,0.0025155932687355165,0.0007856709546501008
16006,0.008169481649596522,0.0012046447212300249
16007,0.012386910173279198,0.000808355663300963
16011,0.003942610605051522,0.00607101675447087
16012,0.004187834950877267,0.007439194254377012
16013,0.034205399677875725,0.006027096249425566
16014,0.035492036090616685,0.006943534866150354
16015,0.003942610605051522,0.00607101675447087
16016,0.004187834950877267,0.007439194254377012
16017,0.034205399677875725,0.006027096249425566
16018,0.035492036090616685,0.006943534866150354
16019,0.003942610605051522,0.00607101675447087
16020,0.004187834950877267,0.007439194254377012
16021,0.034205399677875725,0.006027096249425566
16022,0.035492036090616685,0.006943534866150354
16023,0.24174680797002657,0.0009079002531747283
16024,0.3219397296096811,0.0008033386285078705
16025,0.3069127252726407,0.001184825229657049
16026,0.24174680797002657,0.0009079002531747283
16027,0.3219397296096811,0.0008033386285078705
16028,0.3069127252726407,0.001184825229657049
16029,5.06128988043697e-05,0.0052461511290250555
16030,0.017497191670650225,0.013017871453561237
16031,0.009095271723811527,0.007431141276807232
16032,0.017497191670650225,0.013017871453561237
16033,0.009095271723811527,0.007431141276807232
16034,0.017497191670650225,0.013017871453561237
16035,0.009095271723811527,0.007431141276807232
16040,0.020448688901833934,0.005178625985119294
16041,0.018546510408457673,0.005186515291032857
16044,0.0013657854850890327,0.004710762329158812
16045,0.014895508047573558,0.004599214617143313
16046,0.05283272432957087,0.004550173717421179
16047,0.1889074836158765,0.0007532763275483372
16048,0.18795766504997602,0.0007540649390607749
16051,0.009514780752693519,0.002974424718318106
16052,0.0020085135166560963,0.002751506289985514
16053,3.761866109297518e-05,0.003359532817612955
16057,0.021205886775813698,0.009530769942640363
16058,0.011539041244849169,0.009504593874441108
16059,0.06045690793334246,0.003032800087740692
16060,0.05300295028280655,0.003732254023588788
16061,0.06045690793334246,0.003032800087740692
16062,0.05300295028280655,0.003732254023588788
16063,0.06045690793334246,0.003032800087740692
16064,0.05300295028280655,0.003732254023588788
16065,0.0007778572775820614,0.008697664011413402
16066,0.00087933774670923,0.008327815196861075
16067,0.0006197085800828672,0.008455380592103923
16068,0.002427891448751218,0.009002654355019912
16073,0.01113361947088709,0.002493523412712865
16074,0.015189124688848588,0.002491672889233793
16075,0.012701691560926154,0.002958642701038197
16076,0.006894066663429954,0.004184138060464058
16077,0.018912443324126005,0.006081133415762399
16078,0.05754762408941827,0.006962395434878074
16079,0.036005761681616844,0.008060442708739724
16080,0.10591442484957614,0.007784612881426952
16081,0.006058095203986369,0.0139159354746752
16082,0.012671994565015554,0.00613276309407006
16083,0.05405142668486407,0.0058895973884660335
16084,0.0005365606852613114,0.024491386712463724
16085,0.07794530345917816,0.010515342206131706
16086,0.006058095203986369,0.0139159354746752
16087,0.012671994565015554,0.00613276309407006
16088,0.05405142668486407,0.0058895973884660335
16089,0.0005365606852613114,0.024491386712463724
16090,0.07794530345917816,0.010515342206131706
16091,0.006058095203986369,0.0139159354746752
16092,0.012671994565015554,0.00613276309407006
16093,0.05405142668486407,0.0058895973884660335
16094,0.0005365606852613114,0.024491386712463724
16095,0.07794530345917816,0.010515342206131706
16096,0.006058095203986369,0.0139159354746752
16097,0.012671994565015554,0.00613276309407006
16098,0.05405142668486407,0.0058895973884660335
16099,0.0005365606852613114,0.024491386712463724
16100,0.07794530345917816,0.010515342206131706
16101,0.006058095203986369,0.0139159354746752
16102,0.012671994565015554,0.00613276309407006
16103,0.05405142668486407,0.0058895973884660335
16104,0.0005365606852613114,0.024491386712463724
16105,0.07794530345917816,0.010515342206131706
16106,0.20289114828787946,0.0017961003818929167
16107,0.20289114828787946,0.0017961003818929167
16108,0.20289114828787946,0.0017961003818929167
16109,0.20289114828787946,0.0017961003818929167
16110,0.20289114828787946,0.0017961003818929167
16111,0.21760566548117533,0.001709605258063674
16112,0.21760566548117533,0.001709605258063674
16113,0.21760566548117533,0.001709605258063674
16114,0.21760566548117533,0.001709605258063674
16115,0.21760566548117533,0.001709605258063674
16116,0.004388855944728487,6.608445816561894e-05
16117,0.05182100436375914,0.0022090651894720453
16118,0.006761456975241997,0.0011669796181317657
16119,0.03226616806455984,0.003632685157162363
16123,0.03211118564562354,0.0022272286271336535
16124,0.03275590994895139,0.0018675079405653036
16127,0.03211118564562354,0.0022272286271336535
16128,0.03275590994895139,0.0018675079405653036
16134,0.00830086124588747,0.0005826485563757309
16135,0.00830086124588747,0.0005826485563757309
16136,0.00830086124588747,0.0005826485563757309
16137,0.0010779719494765638,0.016225975236919578
16142,0.0130247862694427,0.00019453223480768661
16143,0.0130247862694427,0.00019453223480768661
16144,0.0130247862694427,0.00019453223480768661
16145,0.008809883917732964,0.0015080679613070653
16146,0.008809883917732964,0.0015080679613070653
16147,0.008809883917732964,0.0015080679613070653
16148,0.0010779719494765638,0.016225975236919578
16149,0.011155911650633454,0.0015870433452973044
16150,0.011155911650633454,0.0015870433452973044
16151,0.011155911650633454,0.0015870433452973044
16152,0.03835767769514542,0.002171456086422467
16153,0.03835767769514542,0.002171456086422467
16154,0.03835767769514542,0.002171456086422467
16155,0.0004779011951914214,0.005052825080230625
16169,0.02917236834150605,0.0015416167259955267
16170,0.02917236834150605,0.0015416167259955267
16171,0.02917236834150605,0.0015416167259955267
16172,0.02917236834150605,0.0015416167259955267
16173,0.01661891091925216,0.001089386191442567
16174,0.01661891091925216,0.001089386191442567
16175,0.01661891091925216,0.001089386191442567
16176,0.01661891091925216,0.001089386191442567
16177,0.03535299797449343,0.0038314138188236847
16178,0.03535299797449343,0.0038314138188236847
16179,0.03535299797449343,0.0038314138188236847
16180,0.03535299797449343,0.0038314138188236847
16181,0.007894818176138463,0.006716179332790062
16182,0.007894818176138463,0.006716179332790062
16183,0.0014021073092842506,0.007535241344645109
16184,0.0014021073092842506,0.007535241344645109
16185,5.123978841881094e-05,0.005911711622851649
16186,5.123978841881094e-05,0.005911711622851649
16196,0.0009669982110529496,0.00017526901850811781
16197,0.0009669982110529496,0.00017526901850811781
16199,0.0006186673488165484,8.912476547791488e-05
16200,0.0006186673488165484,8.912476547791488e-05
16201,0.0037649549625730083,0.0005130980077414516
16202,0.0037649549625730083,0.0005130980077414516
16203,0.0037649549625730083,0.0005130980077414516
16204,0.003985541540553861,0.00042748433321718963
16205,0.003985541540553861,0.00042748433321718963
16206,0.003985541540553861,0.00042748433321718963
16207,0.010197545501372307,0.013325169755857846
16208,0.0009669982110529496,0.00017526901850811781
16209,0.0006186673488165484,8.912476547791488e-05
16210,0.010197545501372307,0.013325169755857846
16211,0.035093603091336245,0.0011548040431733006
16212,0.035093603091336245,0.0011548040431733006
16213,0.035093603091336245,0.0011548040431733006
16214,0.035093603091336245,0.0011548040431733006
16215,0.035093603091336245,0.0011548040431733006
16216,0.035093603091336245,0.0011548040431733006
16217,0.035093603091336245,0.0011548040431733006
16218,0.035093603091336245,0.0011548040431733006
16219,0.035093603091336245,0.0011548040431733006
16220,0.035093603091336245,0.0011548040431733006
16221,0.035093603091336245,0.0011548040431733006
16222,0.035093603091336245,0.0011548040431733006
16223,0.035093603091336245,0.0011548040431733006
16224,0.035093603091336245,0.0011548040431733006
16225,0.035093603091336245,0.0011548040431733006
16226,0.035093603091336245,0.0011548040431733006
16227,0.035093603091336245,0.0011548040431733006
16228,0.035093603091336245,0.0011548040431733006
16229,0.035093603091336245,0.0011548040431733006
16230,0.035093603091336245,0.0011548040431733006
16231,0.035093603091336245,0.0011548040431733006
16232,0.035093603091336245,0.0011548040431733006
16233,0.035093603091336245,0.0011548040431733006
16234,0.035093603091336245,0.0011548040431733006
16235,0.035093603091336245,0.0011548040431733006
16236,0.035093603091336245,0.0011548040431733006
16237,0.035093603091336245,0.0011548040431733006
16238,0.035093603091336245,0.0011548040431733006
16239,0.035093603091336245,0.0011548040431733006
16240,0.035093603091336245,0.0011548040431733006
16241,0.035093603091336245,0.0011548040431733006
16242,0.035093603091336245,0.0011548040431733006
16243,0.035093603091336245,0.0011548040431733006
16244,0.035093603091336245,0.0011548040431733006
16245,0.035093603091336245,0.0011548040431733006
16246,0.035093603091336245,0.0011548040431733006
16247,0.035093603091336245,0.0011548040431733006
16248,0.035093603091336245,0.0011548040431733006
16249,0.035093603091336245,0.0011548040431733006
16250,0.035093603091336245,0.0011548040431733006
16251,0.035093603091336245,0.0011548040431733006
16252,0.035093603091336245,0.0011548040431733006
16253,0.035093603091336245,0.0011548040431733006
16254,0.035093603091336245,0.0011548040431733006
16255,0.035093603091336245,0.0011548040431733006
16256,0.035093603091336245,0.0011548040431733006
16257,0.035093603091336245,0.0011548040431733006
16258,0.035093603091336245,0.0011548040431733006
16259,0.035093603091336245,0.0011548040431733006
16260,0.035093603091336245,0.0011548040431733006
16261,0.035093603091336245,0.0011548040431733006
16262,0.035093603091336245,0.0011548040431733006
16263,0.035093603091336245,0.0011548040431733006
16264,0.035093603091336245,0.0011548040431733006
16265,0.035093603091336245,0.0011548040431733006
16266,0.035093603091336245,0.0011548040431733006
16267,0.035093603091336245,0.0011548040431733006
16268,0.035093603091336245,0.0011548040431733006
16269,0.035093603091336245,0.0011548040431733006
16270,0.035093603091336245,0.0011548040431733006
16271,0.035093603091336245,0.0011548040431733006
16272,0.035093603091336245,0.0011548040431733006
16273,0.035093603091336245,0.0011548040431733006
16274,0.035093603091336245,0.0011548040431733006
16275,0.035093603091336245,0.0011548040431733006
16276,0.035093603091336245,0.0011548040431733006
16277,0.035093603091336245,0.0011548040431733006
16278,0.035093603091336245,0.0011548040431733006
16279,0.035093603091336245,0.0011548040431733006
16280,0.035093603091336245,0.0011548040431733006
16281,0.035093603091336245,0.0011548040431733006
16282,0.035093603091336245,0.0011548040431733006
16283,0.035093603091336245,0.0011548040431733006
16284,0.035093603091336245,0.0011548040431733006
16285,0.035093603091336245,0.0011548040431733006
16286,0.035093603091336245,0.0011548040431733006
16287,0.035093603091336245,0.0011548040431733006
16288,0.035093603091336245,0.0011548040431733006
16289,0.035093603091336245,0.0011548040431733006
16290,0.035093603091336245,0.0011548040431733006
16291,0.035093603091336245,0.0011548040431733006
16292,0.035093603091336245,0.0011548040431733006
16293,0.035093603091336245,0.0011548040431733006
16294,0.035093603091336245,0.0011548040431733006
16295,0.035093603091336245,0.0011548040431733006
16296,0.035093603091336245,0.0011548040431733006
16297,0.035093603091336245,0.0011548040431733006
16298,0.035093603091336245,0.0011548040431733006
16299,0.035093603091336245,0.0011548040431733006
16300,0.035093603091336245,0.0011548040431733006
16301,0.035093603091336245,0.0011548040431733006
16302,0.035093603091336245,0.0011548040431733006
16303,0.035093603091336245,0.0011548040431733006
16304,0.035093603091336245,0.0011548040431733006
16305,0.035093603091336245,0.0011548040431733006
16306,0.035093603091336245,0.0011548040431733006
16307,0.035093603091336245,0.0011548040431733006
16308,0.035093603091336245,0.0011548040431733006
16309,0.035093603091336245,0.0011548040431733006
16310,0.035093603091336245,0.0011548040431733006
16311,0.035093603091336245,0.0011548040431733006
16312,0.035093603091336245,0.0011548040431733006
16313,0.035093603091336245,0.0011548040431733006
16314,0.035093603091336245,0.0011548040431733006
16315,0.035093603091336245,0.0011548040431733006
16316,0.035093603091336245,0.0011548040431733006
16317,0.035093603091336245,0.0011548040431733006
16318,0.035093603091336245,0.0011548040431733006
16319,0.035093603091336245,0.0011548040431733006
16320,0.035093603091336245,0.0011548040431733006
16321,0.035093603091336245,0.0011548040431733006
16322,0.035093603091336245,0.0011548040431733006
16323,0.035093603091336245,0.0011548040431733006
16324,0.035093603091336245,0.0011548040431733006
16325,0.035093603091336245,0.0011548040431733006
16326,0.035093603091336245,0.0011548040431733006
16327,0.035093603091336245,0.0011548040431733006
16328,0.035093603091336245,0.0011548040431733006
16329,0.035093603091336245,0.0011548040431733006
16330,0.035093603091336245,0.0011548040431733006
16331,0.035093603091336245,0.0011548040431733006
16332,0.035093603091336245,0.0011548040431733006
16333,0.035093603091336245,0.0011548040431733006
16334,0.035093603091336245,0.0011548040431733006
16335,0.035093603091336245,0.0011548040431733006
16336,0.035093603091336245,0.0011548040431733006
16337,0.035093603091336245,0.0011548040431733006
16338,0.035093603091336245,0.0011548040431733006
16339,0.035093603091336245,0.0011548040431733006
16340,0.035093603091336245,0.0011548040431733006
16341,0.035093603091336245,0.0011548040431733006
16342,0.035093603091336245,0.0011548040431733006
16343,0.035093603091336245,0.0011548040431733006
16344,0.035093603091336245,0.0011548040431733006
16345,0.035093603091336245,0.0011548040431733006
16346,0.035093603091336245,0.0011548040431733006
16347,0.035093603091336245,0.0011548040431733006
16348,0.035093603091336245,0.0011548040431733006
16349,0.035093603091336245,0.0011548040431733006
16350,0.035093603091336245,0.0011548040431733006
16351,0.035093603091336245,0.0011548040431733006
16352,0.035093603091336245,0.0011548040431733006
16353,0.035093603091336245,0.0011548040431733006
16354,0.035093603091336245,0.0011548040431733006
16355,0.035093603091336245,0.0011548040431733006
16356,0.035093603091336245,0.0011548040431733006
16357,0.035093603091336245,0.0011548040431733006
16358,0.035093603091336245,0.0011548040431733006
16359,0.035093603091336245,0.0011548040431733006
16360,0.035093603091336245,0.0011548040431733006
16361,0.035093603091336245,0.0011548040431733006
16362,0.035093603091336245,0.0011548040431733006
16363,0.035093603091336245,0.0011548040431733006
16364,0.035093603091336245,0.0011548040431733006
16365,0.035093603091336245,0.0011548040431733006
16366,0.035093603091336245,0.0011548040431733006
16367,0.035093603091336245,0.0011548040431733006
16368,0.035093603091336245,0.0011548040431733006
16369,0.035093603091336245,0.0011548040431733006
16370,0.035093603091336245,0.0011548040431733006
16371,0.035093603091336245,0.0011548040431733006
16372,0.035093603091336245,0.0011548040431733006
16373,0.035093603091336245,0.0011548040431733006
16374,0.035093603091336245,0.0011548040431733006
16375,0.035093603091336245,0.0011548040431733006
16376,0.035093603091336245,0.0011548040431733006
16377,0.035093603091336245,0.0011548040431733006
16378,0.035093603091336245,0.0011548040431733006
16379,0.035093603091336245,0.0011548040431733006
16380,0.035093603091336245,0.0011548040431733006
16381,0.035093603091336245,0.0011548040431733006
16382,0.035093603091336245,0.0011548040431733006
16383,0.035093603091336245,0.0011548040431733006
16384,0.035093603091336245,0.0011548040431733006
16385,0.035093603091336245,0.0011548040431733006
16386,0.035093603091336245,0.0011548040431733006
16387,0.035093603091336245,0.0011548040431733006
16388,0.035093603091336245,0.0011548040431733006
16389,0.035093603091336245,0.0011548040431733006
16390,0.035093603091336245,0.0011548040431733006
16391,0.035093603091336245,0.0011548040431733006
16392,0.035093603091336245,0.0011548040431733006
16393,0.035093603091336245,0.0011548040431733006
16394,0.035093603091336245,0.0011548040431733006
16395,0.035093603091336245,0.0011548040431733006
16396,0.035093603091336245,0.0011548040431733006
16397,0.035093603091336245,0.0011548040431733006
16398,0.035093603091336245,0.0011548040431733006
16399,0.035093603091336245,0.0011548040431733006
16400,0.035093603091336245,0.0011548040431733006
16401,0.035093603091336245,0.0011548040431733006
16402,0.035093603091336245,0.0011548040431733006
16403,0.035093603091336245,0.0011548040431733006
16404,0.035093603091336245,0.0011548040431733006
16405,0.035093603091336245,0.0011548040431733006
16406,0.035093603091336245,0.0011548040431733006
16407,0.035093603091336245,0.0011548040431733006
16408,0.035093603091336245,0.0011548040431733006
16409,0.035093603091336245,0.0011548040431733006
16410,0.035093603091336245,0.0011548040431733006
16411,0.035093603091336245,0.0011548040431733006
16412,0.035093603091336245,0.0011548040431733006
16413,0.035093603091336245,0.0011548040431733006
16414,0.035093603091336245,0.0011548040431733006
16415,0.035093603091336245,0.0011548040431733006
16416,0.035093603091336245,0.0011548040431733006
16417,0.035093603091336245,0.0011548040431733006
16418,0.035093603091336245,0.0011548040431733006
16419,0.035093603091336245,0.0011548040431733006
16420,0.035093603091336245,0.0011548040431733006
16421,0.035093603091336245,0.0011548040431733006
16422,0.035093603091336245,0.0011548040431733006
16423,0.035093603091336245,0.0011548040431733006
16424,0.035093603091336245,0.0011548040431733006
16425,0.035093603091336245,0.0011548040431733006
16426,0.035093603091336245,0.0011548040431733006
16427,0.035093603091336245,0.0011548040431733006
16428,0.035093603091336245,0.0011548040431733006
16429,0.035093603091336245,0.0011548040431733006
16430,0.035093603091336245,0.0011548040431733006
16431,0.035093603091336245,0.0011548040431733006
16432,0.035093603091336245,0.0011548040431733006
16433,0.035093603091336245,0.0011548040431733006
16434,0.035093603091336245,0.0011548040431733006
16435,0.035093603091336245,0.0011548040431733006
16436,0.035093603091336245,0.0011548040431733006
16437,0.035093603091336245,0.0011548040431733006
16438,0.035093603091336245,0.0011548040431733006
16439,0.035093603091336245,0.0011548040431733006
16440,0.035093603091336245,0.0011548040431733006
16441,0.035093603091336245,0.0011548040431733006
16442,0.035093603091336245,0.0011548040431733006
16443,0.035093603091336245,0.0011548040431733006
16444,0.035093603091336245,0.0011548040431733006
16445,0.035093603091336245,0.0011548040431733006
16446,0.035093603091336245,0.0011548040431733006
16447,0.035093603091336245,0.0011548040431733006
16448,0.035093603091336245,0.0011548040431733006
16449,0.035093603091336245,0.0011548040431733006
16450,0.035093603091336245,0.0011548040431733006
16451,0.035093603091336245,0.0011548040431733006
16452,0.035093603091336245,0.0011548040431733006
16453,0.035093603091336245,0.0011548040431733006
16454,0.035093603091336245,0.0011548040431733006
16455,0.035093603091336245,0.0011548040431733006
16456,0.035093603091336245,0.0011548040431733006
16457,0.035093603091336245,0.0011548040431733006
16458,0.035093603091336245,0.0011548040431733006
16459,0.035093603091336245,0.0011548040431733006
16460,0.035093603091336245,0.0011548040431733006
16461,0.035093603091336245,0.0011548040431733006
16462,0.035093603091336245,0.0011548040431733006
16463,0.035093603091336245,0.0011548040431733006
16464,0.035093603091336245,0.0011548040431733006
16465,0.035093603091336245,0.0011548040431733006
16466,0.035093603091336245,0.0011548040431733006
16467,0.035093603091336245,0.0011548040431733006
16468,0.035093603091336245,0.0011548040431733006
16469,0.035093603091336245,0.0011548040431733006
16470,0.035093603091336245,0.0011548040431733006
16471,0.035093603091336245,0.0011548040431733006
16472,0.035093603091336245,0.0011548040431733006
16473,0.035093603091336245,0.0011548040431733006
16474,0.035093603091336245,0.0011548040431733006
16475,0.035093603091336245,0.0011548040431733006
16476,0.035093603091336245,0.0011548040431733006
16477,0.035093603091336245,0.0011548040431733006
16478,0.035093603091336245,0.0011548040431733006
16479,0.035093603091336245,0.0011548040431733006
16480,0.035093603091336245,0.0011548040431733006
16481,0.035093603091336245,0.0011548040431733006
16482,0.035093603091336245,0.0011548040431733006
16483,0.035093603091336245,0.0011548040431733006
16484,0.035093603091336245,0.0011548040431733006
16485,0.035093603091336245,0.0011548040431733006
16486,0.035093603091336245,0.0011548040431733006
16487,0.035093603091336245,0.0011548040431733006
16488,0.035093603091336245,0.0011548040431733006
16489,0.035093603091336245,0.0011548040431733006
16490,0.035093603091336245,0.0011548040431733006
16491,0.035093603091336245,0.0011548040431733006
16492,0.035093603091336245,0.0011548040431733006
16493,0.035093603091336245,0.0011548040431733006
16494,0.035093603091336245,0.0011548040431733006
16495,0.035093603091336245,0.0011548040431733006
16496,0.035093603091336245,0.0011548040431733006
16497,0.035093603091336245,0.0011548040431733006
16498,0.035093603091336245,0.0011548040431733006
16499,0.035093603091336245,0.0011548040431733006
16500,0.035093603091336245,0.0011548040431733006
16501,0.035093603091336245,0.0011548040431733006
16502,0.035093603091336245,0.0011548040431733006
16503,0.035093603091336245,0.0011548040431733006
16504,0.035093603091336245,0.0011548040431733006
16505,0.035093603091336245,0.0011548040431733006
16506,0.035093603091336245,0.0011548040431733006
16507,0.035093603091336245,0.0011548040431733006
16508,0.035093603091336245,0.0011548040431733006
16509,0.035093603091336245,0.0011548040431733006
16510,0.035093603091336245,0.0011548040431733006
16511,0.035093603091336245,0.0011548040431733006
16512,0.035093603091336245,0.0011548040431733006
16513,0.035093603091336245,0.0011548040431733006
16514,0.035093603091336245,0.0011548040431733006
16515,0.035093603091336245,0.0011548040431733006
16516,0.035093603091336245,0.0011548040431733006
16517,0.035093603091336245,0.0011548040431733006
16518,0.035093603091336245,0.0011548040431733006
16519,0.035093603091336245,0.0011548040431733006
16520,0.035093603091336245,0.0011548040431733006
16521,0.035093603091336245,0.0011548040431733006
16522,0.035093603091336245,0.0011548040431733006
16523,0.035093603091336245,0.0011548040431733006
16524,0.035093603091336245,0.0011548040431733006
16525,0.035093603091336245,0.0011548040431733006
16526,0.035093603091336245,0.0011548040431733006
16527,0.035093603091336245,0.0011548040431733006
16528,0.035093603091336245,0.0011548040431733006
16529,0.035093603091336245,0.0011548040431733006
16530,0.035093603091336245,0.0011548040431733006
16531,0.035093603091336245,0.0011548040431733006
16532,0.035093603091336245,0.0011548040431733006
16533,0.035093603091336245,0.0011548040431733006
16534,0.035093603091336245,0.0011548040431733006
16535,0.035093603091336245,0.0011548040431733006
16536,0.035093603091336245,0.0011548040431733006
16537,0.035093603091336245,0.0011548040431733006
16538,0.035093603091336245,0.0011548040431733006
16539,0.035093603091336245,0.0011548040431733006
16540,0.035093603091336245,0.0011548040431733006
16541,0.035093603091336245,0.0011548040431733006
16542,0.035093603091336245,0.0011548040431733006
16543,0.035093603091336245,0.0011548040431733006
16544,0.035093603091336245,0.0011548040431733006
16545,0.035093603091336245,0.0011548040431733006
16547,0.12667592254215532,0.0014350968366952672
16568,0.3427676858948737,0.0008915929863192919
16569,0.45956558116102797,0.0013209758733700536
16570,0.6873617282810123,0.0013249432138276503
16571,0.6550030908550921,0.0017477367446365674
16572,0.6480939984037937,0.00141169343417028
16573,0.6792554964460009,0.00187712742389878
16574,0.7144813602265416,0.0018339501143847525
16601,0.3425679243565588,0.0029378917934445147
16615,0.08397806640819416,0.00021653967822801582
16616,0.0740688427177304,0.004244596884938539
16617,0.008899250752557486,0.0024889918535627685
16618,0.02231091187176204,0.0009057909245600371
16620,0.3373850864124075,0.0005663894399428266
16621,0.2150633065122014,0.004715631752283213
16622,0.45993941361066004,0.002044826674361762
16623,0.31375589866532116,0.0020111753498815096
16625,0.629927510788087,0.0017996023181752648
16644,0.5698345552261548,0.000799109468920943
16645,0.017331315762408428,0.0025867963244514073
16646,0.023438843184432456,0.0027726506566398378
16647,0.039162716167356004,0.0029941972104914703
16648,0.22984426778707923,0.0020177711552732958
16652,0.4148821505164004,0.005115964367569073
16661,0.07040210183492523,6.619571296281597e-05
16662,0.07040210183492523,6.619571296281597e-05
16663,0.07040210183492523,6.619571296281597e-05
16664,0.07040210183492523,6.619571296281597e-05
16665,0.07040210183492523,6.619571296281597e-05
16666,0.07040210183492523,6.619571296281597e-05
16667,0.07040210183492523,6.619571296281597e-05
16668,0.07040210183492523,6.619571296281597e-05
16669,0.07040210183492523,6.619571296281597e-05
16670,0.07148054306305585,0.0004063928025818844
16671,0.07148054306305585,0.0004063928025818844
16672,0.07148054306305585,0.0004063928025818844
16673,0.07148054306305585,0.0004063928025818844
16674,0.07148054306305585,0.0004063928025818844
16675,0.07148054306305585,0.0004063928025818844
16676,0.07148054306305585,0.0004063928025818844
16677,0.07148054306305585,0.0004063928025818844
16678,0.07148054306305585,0.0004063928025818844
16700,0.0015924182856300595,6.723083268044146e-05
16701,0.0015924182856300595,6.723083268044146e-05
16702,0.0015924182856300595,6.723083268044146e-05
16703,0.0015924182856300595,6.723083268044146e-05
16704,0.0015924182856300595,6.723083268044146e-05
16705,0.0015924182856300595,6.723083268044146e-05
16706,0.0015924182856300595,6.723083268044146e-05
16707,0.0015924182856300595,6.723083268044146e-05
16708,0.020318216754988794,0.0013565192444628914
16709,0.020318216754988794,0.0013565192444628914
16710,0.020318216754988794,0.0013565192444628914
16711,0.020318216754988794,0.0013565192444628914
16712,0.020318216754988794,0.0013565192444628914
16713,0.020318216754988794,0.0013565192444628914
16714,0.020318216754988794,0.0013565192444628914
16715,0.020318216754988794,0.0013565192444628914
16716,0.020318216754988794,0.0013565192444628914
16717,0.020318216754988794,0.0013565192444628914
16718,0.020318216754988794,0.0013565192444628914
16719,0.020318216754988794,0.0013565192444628914
16720,0.020318216754988794,0.0013565192444628914
16721,0.020318216754988794,0.0013565192444628914
16722,0.020318216754988794,0.0013565192444628914
16723,0.06181434073547398,0.0015805890806143402
16724,0.06181434073547398,0.0015805890806143402
16725,0.06181434073547398,0.0015805890806143402
16726,0.06181434073547398,0.0015805890806143402
16727,0.06181434073547398,0.0015805890806143402
16728,0.06181434073547398,0.0015805890806143402
16729,0.06181434073547398,0.0015805890806143402
16730,0.06181434073547398,0.0015805890806143402
16731,0.06181434073547398,0.0015805890806143402
16732,0.06181434073547398,0.0015805890806143402
16733,0.06181434073547398,0.0015805890806143402
16734,0.06181434073547398,0.0015805890806143402
16735,0.06181434073547398,0.0015805890806143402
16736,0.06181434073547398,0.0015805890806143402
16737,0.06181434073547398,0.0015805890806143402
16738,0.0646869213873067,0.0007313151195027122
16739,0.0646869213873067,0.0007313151195027122
16740,0.0646869213873067,0.0007313151195027122
16741,0.0646869213873067,0.0007313151195027122
16742,0.0646869213873067,0.0007313151195027122
16743,0.0646869213873067,0.0007313151195027122
16744,0.0646869213873067,0.0007313151195027122
16745,0.0646869213873067,0.0007313151195027122
16746,0.0646869213873067,0.0007313151195027122
16747,0.0646869213873067,0.0007313151195027122
16748,0.0646869213873067,0.0007313151195027122
16749,0.0646869213873067,0.0007313151195027122
16750,0.0646869213873067,0.0007313151195027122
16751,0.0646869213873067,0.0007313151195027122
16752,0.0646869213873067,0.0007313151195027122
16753,0.02843839097055334,0.0011525351741262816
16754,0.02843839097055334,0.0011525351741262816
16755,0.02843839097055334,0.0011525351741262816
16756,0.02843839097055334,0.0011525351741262816
16757,0.02843839097055334,0.0011525351741262816
16758,0.02843839097055334,0.0011525351741262816
16759,0.02843839097055334,0.0011525351741262816
16760,0.02843839097055334,0.0011525351741262816
16761,0.02843839097055334,0.0011525351741262816
16762,0.02843839097055334,0.0011525351741262816
16763,0.02843839097055334,0.0011525351741262816
16764,0.02843839097055334,0.0011525351741262816
16765,0.02843839097055334,0.0011525351741262816
16766,0.02843839097055334,0.0011525351741262816
16767,0.02843839097055334,0.0011525351741262816
16768,0.09708383522879627,0.0015851689749777683
16769,0.09708383522879627,0.0015851689749777683
16770,0.09708383522879627,0.0015851689749777683
16771,0.09708383522879627,0.0015851689749777683
16772,0.09708383522879627,0.0015851689749777683
16773,0.09708383522879627,0.0015851689749777683
16774,0.09708383522879627,0.0015851689749777683
16775,0.09708383522879627,0.0015851689749777683
16776,0.09708383522879627,0.0015851689749777683
16777,0.09708383522879627,0.0015851689749777683
16778,0.031138478104832057,0.00011278076953723649
16779,0.031138478104832057,0.00011278076953723649
16780,0.031138478104832057,0.00011278076953723649
16781,0.031138478104832057,0.00011278076953723649
16782,0.08642598222956044,0.0003699256174408889
16783,0.08642598222956044,0.0003699256174408889
16784,0.08642598222956044,0.0003699256174408889
16785,0.08642598222956044,0.0003699256174408889
16786,0.06276515838751451,0.0003909977489619473
16787,0.06276515838751451,0.0003909977489619473
16788,0.06276515838751451,0.0003909977489619473
16789,0.06276515838751451,0.0003909977489619473
16801,0.08747397869572437,0.0049083336120539466
16802,0.073771643364974,0.005080415581572243
16803,0.049125857633694925,0.004833924346687293
16811,0.0005681239459828236,0.0003290502185551219
16812,0.15115071559994853,0.0035693507042777566
16813,0.0005681239459828236,0.0003290502185551219
16814,0.15115071559994853,0.0035693507042777566
16853,0.0054691664545695184,3.9148136540776974e-05
16854,0.0054691664545695184,3.9148136540776974e-05
16855,0.0054691664545695184,3.9148136540776974e-05
16856,0.0054691664545695184,3.9148136540776974e-05
16857,0.0054691664545695184,3.9148136540776974e-05
16858,0.0054691664545695184,3.9148136540776974e-05
16859,0.0054691664545695184,3.9148136540776974e-05
16860,0.0054691664545695184,3.9148136540776974e-05
16861,0.0054691664545695184,3.9148136540776974e-05
16862,0.0054691664545695184,3.9148136540776974e-05
16863,0.0054691664545695184,3.9148136540776974e-05
16864,0.0054691664545695184,3.9148136540776974e-05
16865,0.007159307425393946,0.0021457614534083763
16866,0.00022532001504482757,0.0011221339432015013
16867,5.534197187961887e-06,0.0005808123742829822
16868,9.131932302564039e-07,0.000462847271502012
16869,4.970707868645619e-07,0.0004212467511351347
16870,5.126186719550674e-07,0.0004681039826592609
16871,8.995840846681702e-07,0.0005110345711611597
16872,1.2646756455403363e-06,0.0006045842579738801
16873,0.30014345666272024,0.002701309375036173
16874,0.2773772197781217,0.002701310698115517
16875,0.29954717348227844,0.0027013099991485476
16876,0.1469521996978217,1.707588096889489e-05
16878,0.1469521996978217,1.707588096889489e-05
16879,0.1469521996978217,1.707588096889489e-05
16893,0.08128722381616371,2.3093694934750022e-07
16906,0.036259867041093075,1.2106907610185964e-05
16908,0.036259867041093075,1.2106907610185964e-05
16972,0.26935420816793043,0.002701310698115517
16973,0.26935420816793043,0.002701310698115517
16974,0.0001870235403114151,0.00036953293240028816
16975,0.0012930047765284947,6.68320749985554e-05
16976,0.0038676301703577387,6.901834588406359e-05
16977,0.003881861473601589,7.050798234420927e-05
16978,0.025872266431587132,0.00023937098997945045
16979,0.0005003777843607393,0.00017411886727339656
16980,0.0009419767842722138,0.0001245720823493774
16981,0.0010731542373755287,0.00017831827773548328
16982,0.0017253935772829632,7.777528089788501e-05
16983,7.248328788711511e-05,0.0006489859135087013
16984,0.0012930047765284947,6.68320749985554e-05
16985,0.0038676301703577387,6.901834588406359e-05
16986,0.003881861473601589,7.050798234420927e-05
16987,0.025872266431587132,0.00023937098997945045
16988,0.0005003777843607393,0.00017411886727339656
16989,0.0009419767842722138,0.0001245720823493774
16990,0.0010731542373755287,0.00017831827773548328
16991,0.0017253935772829632,7.777528089788501e-05
16992,7.248328788711511e-05,0.0006489859135087013
16993,0.0016936518902993525,0.0013903399386450029
16994,2.830686121058079e-07,0.00029986496322473343
16995,0.010262540996849423,0.0018716571583616733
16996,7.707022037228839e-07,0.00028384269152291865
16997,0.0012271200050261166,0.001134859937341656
16998,1.0801673451688032e-05,0.0002620283483392204
16999,0.003327127216042669,0.0011933520987681863
17000,0.0032105034083935724,0.0015557008166931976
17001,0.0005034971481582273,0.00075991688551247
17002,6.180306200587182e-06,0.0003464750415509577
17003,1.0015394470319627e-05,0.0006515129573730948
17004,0.0027321686171327686,0.0006461930235295756
17005,4.6957211404796695e-06,0.00015297225220336835
17006,4.154364432906732e-06,0.00028443488078614765
17007,0.15752974221380467,0.0022405865777197897
17008,0.00016504881129864035,0.0006225320961794198
17009,0.007160300855066359,0.0007997557213869043
17010,0.0015753765029475897,0.0011100067580809333
17011,0.0001106692887685723,0.00032203353508894125
17012,0.00012898218491907976,0.0003859846721833886
17013,0.004669882388456226,0.0008284877620955327
17014,5.071869343853397e-05,0.00032388027446293537
17015,0.00030246599350713943,0.0006656906846529021
17016,0.0003312386786010757,0.0006655918901144822
17017,2.5237446640180572e-05,0.0002905589716360943
17018,0.0020177946321066065,0.0011055743455792742
17019,0.0004033294667418197,0.0003716703193980993
17022,0.05290205482679666,0.006662673328431963
17023,0.02730389550743184,0.005738105949358266
17030,0.0009555274522239365,0.0020749129048709663
17031,0.0008909756889575737,0.0019403368141799188
17032,0.0012022989582769483,0.0019260492475226855
17033,0.0009160002339695383,0.0019897076095202783
17034,0.0007895939374267247,0.002015223156321645
17035,0.0008243959848698301,0.0020963391129890444
17044,0.049698178062063,0.001026391221857102
17045,0.041291892334208935,0.0005308711769539034
17046,0.03145040444044911,0.0013749599364481589
17047,0.030126114668522552,0.00047983044411427887
17048,0.04877870608855217,0.00033533645224024036
17049,0.11903523461086074,0.001431489778236504
17050,0.19877196505047567,0.0008798995247430467
17051,0.06548408507328751,0.0008090600583825526
17052,0.11903523461086074,0.001431489778236504
17053,0.11903523461086074,0.001431489778236504
17054,0.11903523461086074,0.001431489778236504
17055,0.11903523461086074,0.001431489778236504
17056,0.11903523461086074,0.001431489778236504
17057,0.19877196505047567,0.0008798995247430467
17058,0.19877196505047567,0.0008798995247430467
17059,0.19877196505047567,0.0008798995247430467
17060,0.19877196505047567,0.0008798995247430467
17061,0.19877196505047567,0.0008798995247430467
17070,0.00027967884336077553,7.592240699697678e-05
17085,0.0023059121551891604,0.0002102316753657546
17091,0.006035347767633037,0.002318085393856221
17092,0.014682316202353496,0.015821171971856555
17093,0.006035347767633037,0.002318085393856221
17096,0.0004604934933143401,0.002993143404527443
17098,0.000466119684645272,0.002982725616256246
17099,0.0008251267494375769,0.0021851670743954065
17100,0.0004604934933143401,0.002993143404527443
17101,0.003398643502450782,0.0024863316230819606
17106,8.336193142899351e-05,0.024256078490662823
17107,8.336193142899351e-05,0.024256078490662823
17108,8.336193142899351e-05,0.024256078490662823
17131,0.0004688496195823788,0.016620864808495832
17132,0.0006266325379447046,0.01632770801478927
17141,0.0059827560981148276,0.010024171544866747
17142,0.008759199577223153,0.010768081634986916
17143,0.014619731891385546,0.012455513425082353
17144,0.007276057930246882,0.013282903372426193
17145,0.02856120700638831,0.012142217932666406
17157,0.010203958846921712,0.0053860436932209495
17158,8.35109741581519e-07,7.759501307154197e-05
17159,0.03746199353392321,0.004447296119060064
17160,3.5599887338033653e-07,5.0857794160415345e-05
17161,2.3116823923086116e-05,0.0002349691637766058
17162,0.04847985373005492,0.007058811307355271
17163,0.006904133262201961,0.005463035274052418
17164,0.0050773384473292715,0.0011934267734868545
17165,0.0014239872483142735,0.0012124735085148556
17166,0.11727577353399421,0.006344357070852444
17167,0.06699952592268421,0.009205688436587672
17168,0.00026661232634583865,0.0004101137039844655
17169,0.00026661232634583865,0.0004101137039844655
17170,0.00026661232634583865,0.0004101137039844655
17171,0.00026661232634583865,0.0004101137039844655
17172,0.00026661232634583865,0.0004101137039844655
17173,0.00026661232634583865,0.0004101137039844655
17174,0.00026661232634583865,0.0004101137039844655
17175,0.00026661232634583865,0.0004101137039844655
17176,0.00026661232634583865,0.0004101137039844655
17177,0.00026661232634583865,0.0004101137039844655
17178,0.00026661232634583865,0.0004101137039844655
17179,0.00026661232634583865,0.0004101137039844655
17180,6.348945612377754e-05,0.0011026569438438013
17181,6.348945612377754e-05,0.0011026569438438013
17182,6.348945612377754e-05,0.0011026569438438013
17183,6.348945612377754e-05,0.0011026569438438013
17184,6.348945612377754e-05,0.0011026569438438013
17185,6.348945612377754e-05,0.0011026569438438013
17186,6.348945612377754e-05,0.0011026569438438013
17187,6.348945612377754e-05,0.0011026569438438013
17188,6.348945612377754e-05,0.0011026569438438013
17189,6.348945612377754e-05,0.0011026569438438013
17190,6.348945612377754e-05,0.0011026569438438013
17191,6.348945612377754e-05,0.0011026569438438013
17192,2.0373888252045447e-06,0.0003054113654143956
17193,2.0373888252045447e-06,0.0003054113654143956
17194,2.0373888252045447e-06,0.0003054113654143956
17195,2.0373888252045447e-06,0.0003054113654143956
17196,2.0373888252045447e-06,0.0003054113654143956
17197,2.0373888252045447e-06,0.0003054113654143956
17198,2.0373888252045447e-06,0.0003054113654143956
17199,2.0373888252045447e-06,0.0003054113654143956
17200,2.0373888252045447e-06,0.0003054113654143956
17201,2.0373888252045447e-06,0.0003054113654143956
17202,2.0373888252045447e-06,0.0003054113654143956
17203,2.0373888252045447e-06,0.0003054113654143956
17204,6.674486546787151e-07,0.00015111007217490438
17205,6.674486546787151e-07,0.00015111007217490438
17206,6.674486546787151e-07,0.00015111007217490438
17207,6.674486546787151e-07,0.00015111007217490438
17208,6.674486546787151e-07,0.00015111007217490438
17209,6.674486546787151e-07,0.00015111007217490438
17210,6.674486546787151e-07,0.00015111007217490438
17211,6.674486546787151e-07,0.00015111007217490438
17212,6.674486546787151e-07,0.00015111007217490438
17213,6.674486546787151e-07,0.00015111007217490438
17214,6.674486546787151e-07,0.00015111007217490438
17215,6.674486546787151e-07,0.00015111007217490438
17216,0.0003259718868035,0.003258528985712125
17217,0.0003259718868035,0.003258528985712125
17218,0.0003259718868035,0.003258528985712125
17219,0.0003259718868035,0.003258528985712125
17220,0.0003259718868035,0.003258528985712125
17221,0.0003259718868035,0.003258528985712125
17222,0.0003259718868035,0.003258528985712125
17223,0.0003259718868035,0.003258528985712125
17224,0.0003259718868035,0.003258528985712125
17225,0.0003259718868035,0.003258528985712125
17226,0.0003259718868035,0.003258528985712125
17227,0.0003259718868035,0.003258528985712125
17228,0.00027906467904359467,0.003144212161252536
17229,0.00027906467904359467,0.003144212161252536
17230,0.00027906467904359467,0.003144212161252536
17231,0.00027906467904359467,0.003144212161252536
17232,0.00027906467904359467,0.003144212161252536
17233,0.00027906467904359467,0.003144212161252536
17234,0.00027906467904359467,0.003144212161252536
17235,0.00027906467904359467,0.003144212161252536
17236,0.00027906467904359467,0.003144212161252536
17237,0.00027906467904359467,0.003144212161252536
17238,0.00027906467904359467,0.003144212161252536
17239,0.00027906467904359467,0.003144212161252536
17240,0.002195430771693263,0.007369317753229528
17241,0.002195430771693263,0.007369317753229528
17242,0.002195430771693263,0.007369317753229528
17243,0.002195430771693263,0.007369317753229528
17244,0.002195430771693263,0.007369317753229528
17245,0.002195430771693263,0.007369317753229528
17246,0.002195430771693263,0.007369317753229528
17247,0.002195430771693263,0.007369317753229528
17248,0.002195430771693263,0.007369317753229528
17249,0.002195430771693263,0.007369317753229528
17250,0.002195430771693263,0.007369317753229528
17251,0.002195430771693263,0.007369317753229528
17259,0.001482346618814634,0.00436685583041151
17274,0.0013425185878007673,0.016165517617892408
17275,7.246071101263407e-05,0.006246108322527446
17276,1.7947664651130069e-06,0.001321996629652867
17277,0.009812027038518911,0.017038479197013255
17278,7.233508353077234e-06,0.014008699233221636
17279,2.9540952533935183e-05,0.012791310763091639
17280,5.982050534036887e-06,0.01578835430855933
17288,0.006373837795031312,0.002198984671688225
17289,0.002221801279200908,0.012132106756072382
17290,0.0014923461861627851,0.011975713002389497
17291,0.006373837795031312,0.002198984671688225
17292,0.002221801279200908,0.012132106756072382
17293,0.0014923461861627851,0.011975713002389497
17294,0.006373837795031312,0.002198984671688225
17295,0.002221801279200908,0.012132106756072382
17296,0.0014923461861627851,0.011975713002389497
17297,0.2852803855478576,0.0020366977574792083
17298,0.06336022273785369,0.0043803873810587535
17299,0.356189384918425,0.002126735634750925
17300,0.6802337447018827,0.0019726230430887285
17301,0.2852803855478576,0.0020366977574792083
17302,0.06336022273785369,0.0043803873810587535
17303,0.356189384918425,0.002126735634750925
17304,0.6802337447018827,0.0019726230430887285
17305,0.08557427195705292,0.0034049350402277113
17306,0.12494673613652152,0.0042108426861512845
17307,0.12494673613652152,0.0042108426861512845
17318,0.058509491461263496,0.005504794188039442
17319,0.17224816485157524,0.0034845933872822525
17320,0.0988277296425587,0.005779481262146172
17331,0.1994014235015198,0.003666394521967313
17332,0.2226016231253819,0.013986448571704113
17333,0.3319753125261097,0.0006780840922721593
17334,0.34631252288826764,8.944358596539494e-06
17335,0.3070401779153129,0.0007228833540663081
17336,0.3595917622574941,3.7264159071906486e-05
17365,0.11021414575389554,0.0006361344272242074
17366,0.09053283469392592,0.0005850493654190837
17367,0.12566078093726984,0.0004336703156040114
17368,0.05400671265125423,0.00010489708330682331
17369,0.07538707298507275,0.0006719536343185416
17370,0.12950403872549798,0.0003858914049642082
17371,0.13645870963639717,0.0014625151670347898
17372,0.1620235664729397,0.00022209481144093175
17373,0.096013759184572,3.2032034965914964e-05
17374,0.13821167316151706,0.0001105479147618005
17375,0.15938972519943462,0.0001700056147034125
17376,0.16036025306659663,0.0002857872430912481
17377,0.16713652491520714,0.0005655954686278036
17378,0.1625572060554641,0.000421671570985503
17379,0.10557999139014218,0.0022833620624907822
17380,0.12197683851956242,0.002630151794110613
17381,0.18715801299558388,0.007187314655224951
17382,0.09076376288838828,0.0004658086997971003
17383,0.06813499120246547,0.000433637946882128
17384,0.20114865236789414,0.00027996510416569914
17385,0.1394267535415289,0.0002977205042027009
17406,0.4210938815476202,0.0001443343295406609
17407,0.26592770483719574,0.002701310698115517
17411,0.5824247671686029,0.0021862125883148568
17412,0.5824247671686029,0.0021862125883148568
17413,0.28036056725838143,0.0038517187422845225
17414,0.29191634931104826,0.004518641824186275
17415,0.4723106753200528,0.0037547632772800335
17416,0.3007198904381213,0.005422352874054497
17417,0.41924970318219557,0.003995114858878421
17418,0.5751797467673352,0.0033861172329594617
17419,0.14465784234547907,0.005497348487300817
17424,0.24229856308024478,0.002641811403831672
17425,0.09200745905632757,0.005191285696601211
17426,0.09200745905632757,0.005191285696601211
17427,0.32839149777493604,0.0027408529391298713
17464,0.49880669446674764,4.580453911020904e-05
17465,0.49880669446674764,4.580453911020904e-05
17466,0.7736818918363682,3.289831570173137e-05
17467,0.7736818918363682,3.289831570173137e-05
17474,0.0497812430043868,0.0010185484491792842
17544,0.05798082205352073,0.00044449618103478954
17545,0.05798082205352073,0.00044449618103478954
17546,0.05798082205352073,0.00044449618103478954
17605,0.7420645688137747,0.0002098228460506047
17606,0.927165300878039,0.0017887500183131882
17607,0.20525724716926974,7.326809295292317e-05
17608,0.8805572388819254,0.0016078296305421375
17609,0.905966605689392,0.0023399373733275636
17644,8.452112639489862e-05,1.58216904433126e-06
17645,8.452112639489862e-05,1.58216904433126e-06
17646,8.452112639489862e-05,1.58216904433126e-06
17647,8.452112639489862e-05,1.58216904433126e-06
17648,8.452112639489862e-05,1.58216904433126e-06
17674,0.9779914558940438,0.001102310251165444
17675,0.9864244905430497,0.0010721619760330637
17695,0.5926463111348711,0.0013267696604251037
17696,0.5926463111348711,0.0013267696604251037
17698,0.11923276779331304,0.0005447507037032277
17699,0.11923276779331304,0.0005447507037032277
17700,0.11923276779331304,0.0005447507037032277
17702,0.07147780409581617,0.0008570066321119717
17703,0.07147780409581617,0.0008570066321119717
17704,0.07147780409581617,0.0008570066321119717
17706,0.02726973154168233,7.6177264240584165e-06
17707,0.02726973154168233,7.6177264240584165e-06
17709,0.030803151901804826,0.0012230113042915151
17710,0.030803151901804826,0.0012230113042915151
17711,0.030803151901804826,0.0012230113042915151
17870,0.8490204436450535,0.00257866307344992
17871,0.8445258955006864,0.0026229479633588793
17898,0.20759610277466867,0.02461462300644785
17899,0.4606985262676906,0.010394129282760081
17900,0.4940725847557379,0.0066748918023545045
17901,0.7727450030609728,0.003539163139569833
17902,0.20759610277466867,0.02461462300644785
17903,0.4606985262676906,0.010394129282760081
17904,0.4940725847557379,0.0066748918023545045
17905,0.7727450030609728,0.003539163139569833
17906,0.20759610277466867,0.02461462300644785
17907,0.4606985262676906,0.010394129282760081
17908,0.4940725847557379,0.0066748918023545045
17909,0.7727450030609728,0.003539163139569833
17910,0.20759610277466867,0.02461462300644785
17911,0.4606985262676906,0.010394129282760081
17912,0.4940725847557379,0.0066748918023545045
17913,0.7727450030609728,0.003539163139569833
17914,0.20759610277466867,0.02461462300644785
17915,0.4606985262676906,0.010394129282760081
17916,0.4940725847557379,0.0066748918023545045
17917,0.7727450030609728,0.003539163139569833
17918,0.009237280639724288,0.00036110682877448213
17919,0.006947606446812582,0.0005682674389556313
17920,0.04027347423587235,0.0006684500017787856
17921,0.02504629710958406,0.0010768905092452428
17922,0.04268708766028695,0.0022130477181617914
17923,0.04593397906609131,0.0023342458671635567
17998,0.004099645439731625,0.005445478500983491
17999,0.001439013259995514,0.004537340745430222
18000,0.016220918331394496,0.005837893253519806
18001,0.005348483424505335,0.005495471076515244
18002,0.005012633439777092,0.006109964372471542
18003,0.00019020963908478183,0.003364206393114017
18004,0.0004517396510055338,0.004013454877350997
18005,0.002322673771802508,0.0037703275902103393
18006,0.013667169062449136,0.0045039005047260924
18007,0.0005223088356696159,0.0027478261201593253
18008,0.004099645439731625,0.005445478500983491
18009,0.001439013259995514,0.004537340745430222
18010,0.016220918331394496,0.005837893253519806
18011,0.005348483424505335,0.005495471076515244
18012,0.005012633439777092,0.006109964372471542
18013,0.00019020963908478183,0.003364206393114017
18014,0.0004517396510055338,0.004013454877350997
18015,0.002322673771802508,0.0037703275902103393
18016,0.013667169062449136,0.0045039005047260924
18017,0.0005223088356696159,0.0027478261201593253
18018,0.004099645439731625,0.005445478500983491
18019,0.001439013259995514,0.004537340745430222
18020,0.016220918331394496,0.005837893253519806
18021,0.005348483424505335,0.005495471076515244
18022,0.005012633439777092,0.006109964372471542
18023,0.00019020963908478183,0.003364206393114017
18024,0.0004517396510055338,0.004013454877350997
18025,0.002322673771802508,0.0037703275902103393
18026,0.013667169062449136,0.0045039005047260924
18027,0.0005223088356696159,0.0027478261201593253
18028,0.004099645439731625,0.005445478500983491
18029,0.001439013259995514,0.004537340745430222
18030,0.016220918331394496,0.005837893253519806
18031,0.005348483424505335,0.005495471076515244
18032,0.005012633439777092,0.006109964372471542
18033,0.00019020963908478183,0.003364206393114017
18034,0.0004517396510055338,0.004013454877350997
18035,0.002322673771802508,0.0037703275902103393
18036,0.013667169062449136,0.0045039005047260924
18037,0.0005223088356696159,0.0027478261201593253
18050,5.196208497704191e-06,1.9297096298643849e-07
18051,5.196208497704191e-06,1.9297096298643849e-07
18052,4.764939294599202e-05,3.028898025334429e-07
18083,0.00029581825741797907,3.403236466333867e-05
18084,0.00029581825741797907,3.403236466333867e-05
18086,0.00029581825741797907,3.403236466333867e-05
18087,0.00029581825741797907,3.403236466333867e-05
18088,0.00029581825741797907,3.403236466333867e-05
18094,5.196208497704191e-06,1.9297096298643849e-07
18095,5.196208497704191e-06,1.9297096298643849e-07
18097,5.196208497704191e-06,1.9297096298643849e-07
18193,0.00018732612070215815,0.0007926501842041014
18194,0.00018732612070215815,0.0007926501842041014
18195,0.00018732612070215815,0.0007926501842041014
18196,0.00018732612070215815,0.0007926501842041014
18197,0.00018732612070215815,0.0007926501842041014
18198,0.00018732612070215815,0.0007926501842041014
18199,0.00043016324024225394,0.0001916392089090326
18200,0.00043016324024225394,0.0001916392089090326
18202,0.00043016324024225394,0.0001916392089090326
18203,0.00043016324024225394,0.0001916392089090326
18204,0.00043016324024225394,0.0001916392089090326
18205,0.00812033288336289,0.001388766025101398
18206,0.00812033288336289,0.001388766025101398
18208,0.00812033288336289,0.001388766025101398
18209,0.00812033288336289,0.001388766025101398
18210,0.00812033288336289,0.001388766025101398
18211,0.011848027865826172,0.005497775205184387
18212,0.011848027865826172,0.005497775205184387
18214,0.011848027865826172,0.005497775205184387
18215,0.011848027865826172,0.005497775205184387
18216,0.011848027865826172,0.005497775205184387
18217,0.05154321518607263,0.00086139576140664
18218,0.05154321518607263,0.00086139576140664
18220,0.05154321518607263,0.00086139576140664
18221,0.05154321518607263,0.00086139576140664
18222,0.05154321518607263,0.00086139576140664
18223,0.03352189148299456,0.0017963582875749028
18224,0.03352189148299456,0.0017963582875749028
18226,0.03352189148299456,0.0017963582875749028
18227,0.03352189148299456,0.0017963582875749028
18228,0.03352189148299456,0.0017963582875749028
18229,0.00022233739207899728,0.00012925994527573969
18230,0.00022233739207899728,0.00012925994527573969
18232,0.00022233739207899728,0.00012925994527573969
18233,0.00022233739207899728,0.00012925994527573969
18234,0.00022233739207899728,0.00012925994527573969
18235,0.0018409930824265786,0.00011276757078313012
18236,0.0018409930824265786,0.00011276757078313012
18238,0.0018409930824265786,0.00011276757078313012
18239,0.0018409930824265786,0.00011276757078313012
18240,0.0018409930824265786,0.00011276757078313012
18241,0.04116701338500184,0.0004127544771409461
18242,0.04116701338500184,0.0004127544771409461
18244,0.04116701338500184,0.0004127544771409461
18245,0.04116701338500184,0.0004127544771409461
18246,0.04116701338500184,0.0004127544771409461
18247,0.061427284690637185,0.005277304342130338
18248,0.061427284690637185,0.005277304342130338
18250,0.061427284690637185,0.005277304342130338
18251,0.061427284690637185,0.005277304342130338
18252,0.061427284690637185,0.005277304342130338
18253,0.15434189861029146,0.0004220211933777993
18254,0.15434189861029146,0.0004220211933777993
18256,0.15434189861029146,0.0004220211933777993
18257,0.15434189861029146,0.0004220211933777993
18258,0.15434189861029146,0.0004220211933777993
18259,0.12031756965636431,0.0017224483585448654
18260,0.12031756965636431,0.0017224483585448654
18262,0.12031756965636431,0.0017224483585448654
18263,0.12031756965636431,0.0017224483585448654
18264,0.12031756965636431,0.0017224483585448654
18265,0.00018732612070215815,0.0007926501842041014
18266,0.00043016324024225394,0.0001916392089090326
18267,0.00812033288336289,0.001388766025101398
18268,0.011848027865826172,0.005497775205184387
18269,0.05154321518607263,0.00086139576140664
18270,0.03352189148299456,0.0017963582875749028
18271,0.00022233739207899728,0.00012925994527573969
18272,0.0018409930824265786,0.00011276757078313012
18273,0.04116701338500184,0.0004127544771409461
18274,0.061427284690637185,0.005277304342130338
18275,0.15434189861029146,0.0004220211933777993
18276,0.12031756965636431,0.0017224483585448654
18300,0.00034703260227064714,0.002459338386773773
18301,0.002701666287273752,0.003926316142154749
18302,0.005607312169114698,0.0028971428978530455
18303,0.00012432120633054655,0.011390029246909385
18304,0.001103027211901697,0.0071727874243368295
18305,0.003674649067064939,0.005735195099287181
18306,0.001768589959868505,0.006007689303741886
18307,0.005351105137866963,0.00489633054860885
18308,0.003994358186163338,0.004325389698578236
18309,0.010144341641811772,0.0036815390931836806
18310,0.007637236245877532,0.0033699075989752324
18311,0.016488134784277575,0.003009629018328989
18312,0.012677543462648821,0.002894844113983955
18313,0.02512186875196476,0.002661820703406549
18314,0.16391860839174144,0.002670653367342863
18315,0.20267273932835228,0.0026266070345845414
18316,0.0401240823099549,0.0028809775063507424
18317,0.001103027211901697,0.0071727874243368295
18318,0.003674649067064939,0.005735195099287181
18319,0.001768589959868505,0.006007689303741886
18320,0.005351105137866963,0.00489633054860885
18321,0.003994358186163338,0.004325389698578236
18322,0.010144341641811772,0.0036815390931836806
18323,0.007637236245877532,0.0033699075989752324
18324,0.016488134784277575,0.003009629018328989
18325,0.012677543462648821,0.002894844113983955
18326,0.02512186875196476,0.002661820703406549
18327,0.16391860839174144,0.002670653367342863
18328,0.20267273932835228,0.0026266070345845414
18329,0.0401240823099549,0.0028809775063507424
18363,0.009616886800260294,0.0026008578537392406
18364,0.009616886800260294,0.0026008578537392406
18365,0.009616886800260294,0.0026008578537392406
18366,0.0396547180366047,0.005488480174758
18367,0.0396547180366047,0.005488480174758
18368,0.0396547180366047,0.005488480174758
18369,0.009616886800260294,0.0026008578537392406
18370,0.0396547180366047,0.005488480174758
18372,0.005301733864810254,0.00023659580326721363
18382,0.005301733864810254,0.00023659580326721363
18392,0.005301733864810254,0.00023659580326721363
18402,0.005301733864810254,0.00023659580326721363
18411,0.005301733864810254,0.00023659580326721363
18414,0.0031432916735377736,7.696421703011502e-05
18415,7.982437790376995e-05,1.0392741108205205e-05
18416,0.010559331338400813,0.0007075019379548008
18417,5.27643611358819e-07,0.0080142668922949
18418,1.9077483770502113e-07,0.0005707592577052084
18419,6.863431446513246e-07,0.021634875875721507
18420,0.0015990032243378138,0.001838665542498617
18421,0.004214256905876179,0.0033070409387770602
18422,3.399703196738102e-08,3.5910051257357395e-06
18425,0.029532891266010552,0.001075520497295793
18432,0.014703761728214415,0.005346078998355184
18433,0.00440073038683686,2.2203243723388684e-05
18434,0.00027243150461453425,0.007806371344713611
18435,0.00042346921085090194,0.014651243823803874
18436,0.0025995656083434016,0.011163638181373649
18437,0.007666768149361292,0.005724838838433215
18438,0.03230385130126445,0.002043199002119323
18439,0.08462087278721908,0.001784606324226003
18440,0.014703761728214415,0.005346078998355184
18441,0.00440073038683686,2.2203243723388684e-05
18442,0.029532891266010552,0.001075520497295793
18443,0.00027243150461453425,0.007806371344713611
18444,0.00042346921085090194,0.014651243823803874
18445,0.0025995656083434016,0.011163638181373649
18446,0.08462087278721908,0.001784606324226003
18447,0.014703761728214415,0.005346078998355184
18448,0.00440073038683686,2.2203243723388684e-05
18449,0.029532891266010552,0.001075520497295793
18450,0.007666768149361292,0.005724838838433215
18451,0.03230385130126445,0.002043199002119323
18452,0.014703761728214415,0.005346078998355184
18453,0.00440073038683686,2.2203243723388684e-05
18454,0.029532891266010552,0.001075520497295793
18455,0.00027243150461453425,0.007806371344713611
18456,0.00042346921085090194,0.014651243823803874
18457,0.0025995656083434016,0.011163638181373649
18458,0.007666768149361292,0.005724838838433215
18459,0.03230385130126445,0.002043199002119323
18460,0.08462087278721908,0.001784606324226003
18461,0.014703761728214415,0.005346078998355184
18462,0.00440073038683686,2.2203243723388684e-05
18463,0.029532891266010552,0.001075520497295793
18464,0.00027243150461453425,0.007806371344713611
18465,0.00042346921085090194,0.014651243823803874
18466,0.0025995656083434016,0.011163638181373649
18467,0.007666768149361292,0.005724838838433215
18468,0.03230385130126445,0.002043199002119323
18469,0.08462087278721908,0.001784606324226003
18470,0.014703761728214415,0.005346078998355184
18471,0.00440073038683686,2.2203243723388684e-05
18472,0.014703761728214415,0.005346078998355184
18473,0.00440073038683686,2.2203243723388684e-05
18474,0.029532891266010552,0.001075520497295793
18490,0.2579031197701591,0.0012081445135476328
18491,0.04804227489469315,0.0007641162057473797
18492,0.0983559001413884,0.001238730535823857
18493,0.22462132539747393,0.0009105263310856477
18518,0.006485879222341118,0.0004369586932661579
18528,0.02048685966519781,0.003523797457054837
18548,0.00420104808821431,0.020382404613240833
18549,0.03761485605922665,0.00978219865993107
18550,0.000740298780073978,0.020225289597001442
18551,0.03148516190338824,0.006981363770760127
18552,0.003665251960241145,0.02067304575484684
18553,0.032876778194335654,0.01101770140352859
18554,0.019640795052582427,0.0016104679335757002
18555,0.021252954124793666,0.0011013599455474542
18564,0.00420104808821431,0.020382404613240833
18565,0.03761485605922665,0.00978219865993107
18566,0.000740298780073978,0.020225289597001442
18567,0.03148516190338824,0.006981363770760127
18568,0.003665251960241145,0.02067304575484684
18569,0.032876778194335654,0.01101770140352859
18570,0.019640795052582427,0.0016104679335757002
18571,0.021252954124793666,0.0011013599455474542
18611,0.011474392249186116,0.00022061957072694923
18612,0.0668595683636064,0.0007579374246170223
18614,0.09636642824955866,0.0005848365080275411
18615,0.15591553122262192,0.0011321546162876284
18616,0.02061742106306097,4.665467382846249e-06
18619,0.04637609306886881,0.0009459248627791753
18621,0.022711779609742244,0.0003558898597287195
18622,0.0440552239012566,0.0014191777712300197
18624,0.02076045279313654,8.892132595239794e-05
18628,0.02057318947015896,0.0009141835699590173
18630,0.014106016749050099,7.068192778295339e-05
18649,1.0100308971416894e-06,0.004114676025387936
18650,1.658474839238977e-06,0.00813228875617479
18651,0.00041338572909199733,0.0002439729351155005
18652,0.00041338572909199733,0.0002439729351155005
18654,0.00041338572909199733,0.0002439729351155005
18655,0.00041338572909199733,0.0002439729351155005
18660,0.05641339863248496,5.463511930543124e-07
18661,0.05641339863248496,5.463511930543124e-07
18668,0.016136728465940275,9.85601598007162e-05
18697,0.6511921458066237,0.001023979776131033
18699,0.5257071985022876,0.002705143665144809
18700,0.5257071985022876,0.002705143665144809
18701,0.5257071985022876,0.002705143665144809
18702,0.4760140366824157,0.0026735071387809922
18703,0.4760140366824157,0.0026735071387809922
18704,0.4760140366824157,0.0026735071387809922
18705,0.556079389251801,0.0027351448411812394
18706,0.556079389251801,0.0027351448411812394
18707,0.556079389251801,0.0027351448411812394
18708,0.6511921458066237,0.001023979776131033
18709,0.6511921458066237,0.001023979776131033
18710,0.6511921458066237,0.001023979776131033
18711,0.42126525361479294,0.0016847910129028018
18712,0.4785832493024982,0.002805826990779593
18713,0.38385290377027315,0.0019763294244304723
18714,0.500186290844622,0.0016447019511640695
18715,0.48156975793588264,0.0021970191932058607
18716,0.38385290377027315,0.0019763294244304723
18717,0.38385290377027315,0.0019763294244304723
18718,0.38385290377027315,0.0019763294244304723
18719,0.38385290377027315,0.0019763294244304723
18721,0.38385290377027315,0.0019763294244304723
18723,0.42126525361479294,0.0016847910129028018
18724,0.42126525361479294,0.0016847910129028018
18725,0.500186290844622,0.0016447019511640695
18726,0.500186290844622,0.0016447019511640695
18727,0.48156975793588264,0.0021970191932058607
18728,0.48156975793588264,0.0021970191932058607
18747,0.007809719217634958,0.00017364162881794301
18748,0.007809719217634958,0.00017364162881794301
18749,0.007809719217634958,0.00017364162881794301
18750,0.007809719217634958,0.00017364162881794301
18751,0.007809719217634958,0.00017364162881794301
18752,0.007809719217634958,0.00017364162881794301
18777,0.10457630997052647,0.0001769405309386561
18778,0.10457630997052647,0.0001769405309386561
18779,0.10457630997052647,0.0001769405309386561
18780,0.10457630997052647,0.0001769405309386561
18782,0.10457630997052647,0.0001769405309386561
18783,0.2410676029334281,7.569136738811832e-05
18784,0.2410676029334281,7.569136738811832e-05
18785,0.2410676029334281,7.569136738811832e-05
18786,0.2410676029334281,7.569136738811832e-05
18788,0.2410676029334281,7.569136738811832e-05
18789,0.2235870068772069,0.00017230553759044675
18790,0.2235870068772069,0.00017230553759044675
18791,0.2235870068772069,0.00017230553759044675
18792,0.2235870068772069,0.00017230553759044675
18794,0.2235870068772069,0.00017230553759044675
18795,0.33943079021186495,1.0806177300794856e-07
18796,0.33943079021186495,1.0806177300794856e-07
18797,0.33943079021186495,1.0806177300794856e-07
18798,0.33943079021186495,1.0806177300794856e-07
18800,0.33943079021186495,1.0806177300794856e-07
18801,0.38360528333634414,0.00020488802968705736
18802,0.38360528333634414,0.00020488802968705736
18803,0.38360528333634414,0.00020488802968705736
18804,0.38360528333634414,0.00020488802968705736
18806,0.38360528333634414,0.00020488802968705736
18807,0.10457630997052647,0.0001769405309386561
18808,0.2410676029334281,7.569136738811832e-05
18809,0.2235870068772069,0.00017230553759044675
18810,0.33943079021186495,1.0806177300794856e-07
18811,0.38360528333634414,0.00020488802968705736
18986,0.013059166637854558,0.0022788905281038944
18987,0.061826382864735185,0.0014303446784273543
18988,0.0848103202073982,0.0016724316610061338
18989,0.01787708755571915,0.0028173477680389844
19053,0.0002779743976699667,9.612123284317829e-06
19055,0.060916927212499306,0.0003359187111999511
19057,0.013910491766541688,0.00014191228816302936
19059,0.01201357999556285,2.1044295920919778e-05
19069,0.013480484184604569,0.00022659929998583442
19072,0.02918511455965722,0.0001033121316491492
19073,0.02918511455965722,0.0001033121316491492
19079,0.20505902036441426,0.003171278329310542
19084,0.05691484655723256,0.002465634740874193
19085,0.04683368419775691,0.002486688838168471
19086,0.08038621765841425,0.002581873239266305
19087,0.04651578245542909,0.002487659910763093
19088,0.05158973308692372,0.002487759057738728
19108,0.01878135180886764,0.0005402480614994645
19109,0.04073133521138894,0.0007608870443688905
19110,0.014518114058715836,0.002566011448589152
19112,0.0071000498461597505,1.0945464586355983e-06
19114,0.13776309020392297,2.729487535868807e-05
19116,0.3432244153855233,4.497992878167625e-05
19120,0.13776309020392297,2.729487535868807e-05
19122,0.3432244153855233,4.497992878167625e-05
19125,0.04368415763372979,0.0007226968010446404
19126,0.053048025589213954,0.00014188969347136093
19129,0.32703313226123143,1.9691401543537405e-06
19130,0.12859053965715106,2.731034155018018e-06
19132,0.19573374644605124,0.0007361353208628118
19138,0.04368415763372979,0.0007226968010446404
19144,0.2729570090772956,0.0012615110392475374
19145,0.19573374644605124,0.0007361353208628118
19146,0.27395811923790125,0.0012042657111479551
19147,0.28425315391639416,0.0013765350166014961
19148,0.21473799135433702,0.001807534389851484
19149,0.23883770532496473,0.001948858341479653
19158,0.045002491473232875,0.0005771687087181461
19159,0.010289917295104978,0.0006576354184000604
19160,0.08458929334931264,0.0013054957189492233
19161,0.04977551016413828,0.001535236860991886
19162,0.08554122702868794,0.0015928097888580142
19163,0.07136126945690913,0.0023167570042414865
19164,0.026255620294727944,0.0018930877816914198
19165,0.044185064932737106,0.0011201652814093067
19166,0.03521585260043614,0.0013951363548782708
19167,0.18529331125098247,0.004211205203045965
19168,0.07810078434527079,0.002274164720485198
19169,0.13703449563028614,0.002471285920523092
19172,0.06859870900742182,0.0012774763215939577
19173,0.03370995692741696,0.002765710993026497
19174,0.029856638043453954,0.000617232961709506
19177,0.1724295775603838,0.0050910412205761695
19179,0.1179676451517383,0.002544575750443147
19181,0.03898765819077443,0.0016680692673460232
19183,0.04751248294227517,0.001211433253253652
19184,0.1389695794277448,0.004661160048429189
19185,0.13318159955751308,0.00208748408215686
19186,0.002536434183510017,0.001070692103308942
19187,0.00448861045430593,0.0006471886611178678
19188,0.004511161050146595,0.0005669406065221434
19189,0.023491475126412364,0.00042741833108135823
19190,0.03960920859959327,0.00038557772067196894
19191,0.033631151487381716,0.00033755262788120197
19192,0.0032855508479671114,0.000513699423866823
19193,0.04594119703800481,0.0003613311009456016
19194,0.048843427616047985,0.0016635051049353894
19195,0.020603340453059005,0.002744830709302145
19196,0.01137161786315255,0.0007338544528753717
19197,0.012264053162839739,0.0009113589700239519
19198,0.15326584046112246,0.00530539404038333
19199,0.0911005465189082,0.002346109616449219
19219,3.270444178360421e-06,0.0012130738997547371
19220,1.418693514887437e-07,0.0004581031402505361
19221,6.231490316976895e-06,0.0016886310139278393
19222,4.180659374242168e-09,0.0009379463289873715
19223,1.4163391681698556e-08,0.0005043310199839197
19224,8.228199344095799e-09,0.000180389889675246
19225,1.028503594979746e-05,0.0015791680746769232
19226,7.860017523064755e-06,0.0005582074625244274
19243,0.4526325631961351,0.002093696435258337
19287,0.09601710431973765,0.0010680009048982036
19288,0.09597969704078257,0.0010679618689061416
19289,0.09919599459741502,0.0010620369386185073
19296,0.10309262936690977,0.005066228521991373
19297,0.10316872616394512,0.005071897060710047
19298,0.1031362054630911,0.005076790009259528
19299,0.16688504836092044,0.0004458096104071026
19300,0.10854242997617536,7.61101684848617e-05
19301,0.11082512457482951,8.28014165393788e-05
19302,0.2502665981616867,0.004269820563787354
19303,0.2419803465971364,0.004303080374455908
19304,0.23852280739884646,0.004340239044692749
19305,0.12103598121822479,0.007411204036242618
19306,0.13648840346466284,0.006988096331636207
19307,0.15288180111808036,0.006502049885769669
19308,0.11512252622775465,0.0007855628235757389
19309,0.08679603587910534,0.00035031370768102066
19310,0.0881394497124145,0.000363958141199802
19311,0.21388334094009964,0.004340522237221402
19312,0.20956671151288486,0.0043429183012651425
19313,0.21390327770842443,0.004343610743089161
19314,0.10309262936690977,0.005066228521991373
19315,0.10316872616394512,0.005071897060710047
19316,0.1031362054630911,0.005076790009259528
19317,0.16688504836092044,0.0004458096104071026
19318,0.10854242997617536,7.61101684848617e-05
19319,0.11082512457482951,8.28014165393788e-05
19320,0.2502665981616867,0.004269820563787354
19321,0.2419803465971364,0.004303080374455908
19322,0.23852280739884646,0.004340239044692749
19325,0.8720577922253678,0.004114754005659128
19328,0.9988415907352359,4.735613604905874e-06
19388,0.06090151319364534,0.0032758600055696856
19389,0.05347129710648868,0.0020731775398931205
19390,0.046341573206517106,0.0016804320941584683
19391,0.056481480984946764,0.0012296936266422195
19392,0.058258349375952645,0.0018807398324230465
19393,0.05496194481970118,0.0009476072810799194
19394,0.4126891132224588,0.0022705133652971485
19395,0.4835984947352794,0.002452056937384938
19396,0.03539138828706434,0.0031230228435186434
19397,0.3021309144068215,0.0029553381620738874
19412,0.0012656465416964746,2.6197538846914293e-05
19413,0.023889214672006664,8.751897799411177e-05
19414,0.0004132060121211367,3.596417497411195e-05
19415,0.04050682142956452,0.0001953784897033475
19416,0.026174751541885866,7.571356289412171e-06
19417,0.021907279041582295,3.65789793456328e-05
19418,0.04746785403531306,7.598484458474716e-05
19419,0.0459679198589259,0.00025388919107969697
19420,0.008106083512554707,4.2336218999780356e-05
19421,0.39354910218159933,0.001362931859261467
19422,0.41588756892651946,0.0013654936118250253
19423,0.2062274528664364,0.0012838208178479887
19424,0.29495150430231276,0.000624083969986226
19425,0.14365568926806382,0.0009823605385790267
19426,0.04829314349215719,0.0006604328996744624
19427,0.08588848681277927,0.00042966062130244276
19428,0.30230060584901786,0.0005332857660000053
19438,0.00016174340479035987,9.527702642446716e-05
19444,0.2815739071353386,0.0029247267569022396
19466,0.11241888924339327,0.0005307465140782343
19467,0.11371553122843836,0.00032526726605273384
19468,0.1778468761201384,0.00034991049912063343
19469,0.24504750085336235,0.0005270215894277001
19470,0.3496846853074169,0.001247312815233114
19471,0.3588813283444804,9.103902397056586e-07
19472,0.029156351797173685,6.04565905324708e-07
19473,0.3947329817801922,0.00041998103484914553
19474,0.08180913166932635,0.0005465325572044637
19475,0.21442311924408697,0.0002895664325394381
19476,0.12835645283461583,0.00028207133587363755
19477,0.06759216297023429,0.00035931691809993997
19478,0.07824658805745477,0.00035052646794655855
19479,0.0642043969946986,0.0003617008965564436
19480,0.06500506896045222,0.0003253174323754951
19481,0.07883576385162927,0.00026710110643310674
19482,0.10706993134600751,0.0002282867997732015
19483,0.30453160462089546,0.000262577961510383
19484,0.18946792880242802,0.00025236984269275207
19485,0.11377235851015555,0.0003084866366683263
19486,0.10397888477840833,0.00033278218777834734
19487,0.10390619535440859,0.0002937379698939881
19492,0.1606055326251027,0.0002077283993391476
19494,0.30453160462089546,0.000262577961510383
19510,0.1422766262859626,0.004765220154995847
19517,0.07054077573946005,0.0026627497426020257
19518,0.3307456217456368,0.0006016185112933817
19519,0.11356973227541345,0.005049628655020823
19520,0.04148820062814773,0.0036400664833503363
19521,0.3415209336554227,0.0006304110110668688
19522,0.07722052728386031,0.005717290259881835
19523,0.07054077573946005,0.0026627497426020257
19524,0.3307456217456368,0.0006016185112933817
19525,0.11356973227541345,0.005049628655020823
19526,0.04148820062814773,0.0036400664833503363
19527,0.3415209336554227,0.0006304110110668688
19528,0.07722052728386031,0.005717290259881835
19529,0.07054077573946005,0.0026627497426020257
19530,0.3307456217456368,0.0006016185112933817
19531,0.11356973227541345,0.005049628655020823
19532,0.04148820062814773,0.0036400664833503363
19533,0.3415209336554227,0.0006304110110668688
19534,0.07722052728386031,0.005717290259881835
19535,0.10497330897419166,0.0004792792032174988
19536,0.3311211811059309,0.00027845889315174276
19537,0.06844555624935955,0.00011392320263590495
19538,0.08357267765896692,0.00013139001561893594
19539,0.12666289970187128,8.959291575585493e-05
19540,0.10200651536454264,0.00011597283217120217
19541,0.2145958850412517,0.00016688655056539708
19542,0.2104162129520173,0.00015636166195900068
19543,0.048655485026639855,0.00012526258184312892
19544,0.13392963867943664,0.00013291374201268753
19545,0.0006714900602372564,7.04538838674953e-05
19546,0.033314007295355386,0.0001264836822606058
19547,0.009653237285261573,0.00012544646086144447
19549,0.11015135454379965,0.003742464246098434
19550,0.11015135454379965,0.003742464246098434
19551,0.11015135454379965,0.003742464246098434
19552,0.11015135454379965,0.003742464246098434
19553,0.11015135454379965,0.003742464246098434
19555,0.10998649859652099,0.003742637902547117
19556,0.10998649859652099,0.003742637902547117
19557,0.10998649859652099,0.003742637902547117
19558,0.10998649859652099,0.003742637902547117
19559,0.10998649859652099,0.003742637902547117
19560,0.32841007202889017,0.0029104680033457016
19561,0.3260949529304613,0.002933964235816943
19562,0.14343066455557962,0.0030105444531702587
19563,0.14332276483865447,0.0030103824595716575
19570,0.483790857358378,0.0025613039017911756
19577,0.483790857358378,0.0025613039017911756
19596,0.00030087150949764663,5.94682240006584e-06
19603,0.18717037527698055,0.0027270573878566042
19604,0.18717037527698055,0.0027270573878566042
19606,0.18717037527698055,0.0027270573878566042
19607,0.18717037527698055,0.0027270573878566042
19608,0.07208120515370298,0.01434681269894126
19609,0.07208120515370298,0.01434681269894126
19611,0.07208120515370298,0.01434681269894126
19612,0.07208120515370298,0.01434681269894126
19613,0.00515063566528251,0.006248255269945057
19614,0.00515063566528251,0.006248255269945057
19616,0.00515063566528251,0.006248255269945057
19617,0.00515063566528251,0.006248255269945057
19618,0.053283340174485994,0.004624531763535767
19619,0.053283340174485994,0.004624531763535767
19621,0.053283340174485994,0.004624531763535767
19622,0.053283340174485994,0.004624531763535767
19623,0.45731163471381053,0.0011656246810426707
19624,0.45731163471381053,0.0011656246810426707
19626,0.45731163471381053,0.0011656246810426707
19627,0.45731163471381053,0.0011656246810426707
19633,0.035600942890877896,0.006461938661183338
19634,0.18050731833831424,0.0026777338034161997
19638,0.04582331605008394,0.0018971864413362231
19639,0.0286451611554307,0.0016053959591382488
19640,0.23721104518085045,0.0019514687356965207
19641,0.12356862293009108,0.0012697481592033617
19656,0.13776309020392297,2.729487535868807e-05
19657,0.3432244153855233,4.497992878167625e-05
19676,2.4525806362474256e-06,0.0005356445912469282
19680,4.831379107894662e-08,0.001816169015857046
19684,0.0006038725866475136,1.745246597998116e-05
19696,0.6628566571068164,0.002519241568348613
19697,0.5846369598853906,0.0025629374049977657
19698,0.6188979529387908,0.0025596361091102544
19699,0.9986717618857316,1.353913402459085e-06
19700,0.7112492923907661,0.0020739044796018458
19701,0.9653359962980737,6.226232239176963e-06
19702,0.6188979529387908,0.0025596361091102544
19703,0.6188979529387908,0.0025596361091102544
19704,0.6188979529387908,0.0025596361091102544
19710,0.004198472470071324,0.01114593599449288
19721,6.000289143615056e-05,0.0017219463357168487
19729,2.0602066719277445e-09,0.00024052859184362906
19730,1.621137668550432e-10,0.0016379807703638411
19738,2.0602066719277445e-09,0.00024052859184362906
19739,1.621137668550432e-10,0.0016379807703638411
19801,0.0004484346034233644,0.00012112411796166194
19802,0.000618198478116172,0.002362788422023478
19803,0.00015406467724954354,0.0001376948144430031
19804,0.0028449135025176986,0.0011567961540092193
19805,0.0003639911822016506,0.008068943921132336
19806,0.0032012692131316856,0.004701859063390115
19807,0.0030151947710334026,0.0028671326637968782
19808,0.00023658977626761502,0.005669508707170309
19809,0.007406653338286606,0.0061687716178409485
19810,0.0018435407131702775,0.005343548925670603
19811,0.0033469577076441492,0.0030693187463395836
19812,0.0035082524257276093,0.0005570156961302083
19813,0.0018803456135624286,0.00020836136445954133
19814,0.007562947158858413,0.00035175545996669194
19815,0.0008932321502074236,0.0034976724321726833
19816,5.390595346765892e-06,2.5254156494598366e-05
19905,0.07036518693516214,0.0007461915895539233
19909,0.04565979951343846,0.0010129664942554037
19912,0.026815922616899135,0.0015377413639857812
19920,0.016578752968558375,0.0011189438484848465
19921,0.016578752968558375,0.0011189438484848465
19922,0.016578752968558375,0.0011189438484848465
19923,0.016578752968558375,0.0011189438484848465
19924,0.016578752968558375,0.0011189438484848465
19925,0.016578752968558375,0.0011189438484848465
19979,0.024258152424668777,1.683937124034396e-05
19980,0.03783307476958975,0.002424437646969589
19981,0.03783307476958975,0.002424437646969589
19982,0.03783307476958975,0.002424437646969589
19983,0.03783307476958975,0.002424437646969589
19984,0.03783307476958975,0.002424437646969589
19985,0.03783307476958975,0.002424437646969589
19986,0.03783307476958975,0.002424437646969589
19987,0.03783307476958975,0.002424437646969589
19988,0.03783307476958975,0.002424437646969589
19989,0.03783307476958975,0.002424437646969589
19990,0.03783307476958975,0.002424437646969589
19991,0.03783307476958975,0.002424437646969589
19992,0.01782066201740551,0.0013959428000822668
19993,0.01782066201740551,0.0013959428000822668
19994,0.01782066201740551,0.0013959428000822668
19995,0.01782066201740551,0.0013959428000822668
19996,0.01782066201740551,0.0013959428000822668
19997,0.01782066201740551,0.0013959428000822668
19998,0.01782066201740551,0.0013959428000822668
19999,0.01782066201740551,0.0013959428000822668
20000,0.01782066201740551,0.0013959428000822668
20001,0.01782066201740551,0.0013959428000822668
20002,0.01782066201740551,0.0013959428000822668
20003,0.01782066201740551,0.0013959428000822668
20004,0.010251245478868687,0.00113722483579827
20005,0.010251245478868687,0.00113722483579827
20006,0.010251245478868687,0.00113722483579827
20007,0.010251245478868687,0.00113722483579827
20008,0.010251245478868687,0.00113722483579827
20009,0.010251245478868687,0.00113722483579827
20010,0.010251245478868687,0.00113722483579827
20011,0.010251245478868687,0.00113722483579827
20012,0.010251245478868687,0.00113722483579827
20013,0.010251245478868687,0.00113722483579827
20014,0.010251245478868687,0.00113722483579827
20015,0.010251245478868687,0.00113722483579827
20020,0.02714104394297623,0.00778375519638512
20028,0.07102497005098007,0.0037825835964134698
20034,0.6583786342350685,0.000750825786104397
20035,0.5802681666592291,0.0010935697967122508
20040,0.7389215563348718,0.0017589454946027386
20041,0.6846094334232727,0.0020352866466588366
20043,0.435035495826962,0.00209920397260065
20044,0.029549183582924687,0.0005191960967084698
20045,0.0009764418624994553,1.2564331167938813e-05
20046,0.16467068176315813,0.0003106516237037873
20047,0.18710720692636096,0.0007780913691732933
20048,0.5802681666592291,0.0010935697967122508
20049,0.0007132362914149537,0.0013032615050241336
20050,0.09875570154951274,0.0010075688964362763
20051,0.14906520292273429,0.0007221897709695927
20052,0.2484019597265953,0.0029998344978915733
20053,0.14161363397200322,0.0011168303230139906
20054,0.32351773407377926,0.001720736543705255
20064,0.01659637288203497,0.0034773203636094714
20071,0.10623172064553277,0.0002882274186899645
20072,0.4379051189619807,0.00011580205602228677
20073,0.3750507567115705,0.0013187334555678845
20074,0.344985192652677,0.0005718064802415499
20097,0.13604889255036556,2.5584365274262163e-05
20122,0.002247430433908182,0.00560074499096529
20123,0.25923254221525427,0.002124694789602366
20124,0.002247430433908182,0.00560074499096529
20125,0.25923254221525427,0.002124694789602366
20148,0.00014311287927848415,0.0020546544557543903
20149,0.0003487040147281961,0.010367097455197583
20164,0.009577437993614324,0.0009204361639180451
20169,0.012296724549691662,0.0008926365174775578
20184,0.8640827985344505,0.0006077111691768613
20185,0.8640827985344505,0.0006077111691768613
20186,0.8640827985344505,0.0006077111691768613
20187,0.8921774161297863,0.0012685058330476826
20188,0.8921774161297863,0.0012685058330476826
20189,0.8921774161297863,0.0012685058330476826
20194,0.19441511255681398,0.0007372309977768041
20195,0.4115296512495227,0.001393035129882026
20196,0.685310099936007,0.000806726830733749
20197,0.012317213868938692,0.0002527123307491624
20198,0.022279961203941046,0.0003199065010944359
20199,0.03458621046792587,0.0011104521652666836
20200,0.04476142547053741,0.0012829816274159446
20201,0.03077074833525484,0.00032149379369149833
20202,0.19632530068780651,0.0012208475872518259
20203,0.09198372918730968,0.0023929317773382676
20204,0.08707248461452444,0.001877999780935686
20205,0.0382939216056416,0.00038038393551419365
20206,0.0382939216056416,0.00038038393551419365
20207,0.0382939216056416,0.00038038393551419365
20208,0.0382939216056416,0.00038038393551419365
20217,0.018703765280961626,0.0003152299919087975
20218,0.042419953825356016,0.000864792555215205
20219,0.07417524244607365,0.0010027532466231658
20220,0.07375896569596341,0.0009759243775321084
20221,0.13505977120675106,0.0017248162468758692
20222,0.3076889393137504,0.00018588768282519963
20223,0.3344790257035487,0.0007163864631264914
20224,0.428338245407745,0.0007489781005841894
20225,0.4234339588293149,0.0007386096683861688
20226,0.5225689077728983,0.00112817877397447
20227,0.018014640080711852,0.0003273154695201128
20228,0.04115897316059747,0.0008860228791006831
20229,0.07222625167639807,0.0010271239730334104
20230,0.071856963022628,0.0009988952316983433
20231,0.13204003663984076,0.0017548263542930594
20232,0.29536083202513397,0.00016165767913638705
20233,0.3241364602754607,0.0006484435153271129
20234,0.4164024844267815,0.0006935931755454152
20235,0.416866135533972,0.0006840611224720574
20236,0.5171584391658142,0.0010693651939674273
