Tag,UCB_emission,UCB_plqy
1,549.2621625677948,0.788656191597529
2,539.0594419349409,0.7431671296365524
3,699.1755367216953,1.005757216081538
4,569.2023062613204,0.8576576422920312
5,569.2023062613204,0.8576576422920312
6,528.0404273330628,0.9226760242080476
7,528.0404273330628,0.9226760242080476
8,528.0404273330628,0.9226760242080476
9,528.0404273330628,0.9226760242080476
10,528.0404273330628,0.9226760242080476
11,552.1119024460393,1.0863794464489245
12,552.1119024460393,1.0863794464489245
13,552.1119024460393,1.0863794464489245
14,552.1119024460393,1.0863794464489245
15,552.1119024460393,1.0863794464489245
16,588.5728362690955,0.9604165077798144
17,588.5728362690955,0.9604165077798144
18,588.5728362690955,0.9604165077798144
19,588.5728362690955,0.9604165077798144
20,589.4354198887021,1.0465819287810447
21,589.4354198887021,1.0465819287810447
22,589.4354198887021,1.0465819287810447
23,589.4354198887021,1.0465819287810447
24,589.4354198887021,1.0465819287810447
25,573.6097072053922,1.0515427652211764
26,573.6097072053922,1.0515427652211764
27,573.6097072053922,1.0515427652211764
28,536.3923720720702,1.0129950198058377
29,555.3083349434178,1.0029421859085077
30,569.5041112775118,1.1257879050548463
31,536.196630768417,0.8033085855474241
32,540.2243297952128,0.9919702138356283
33,721.5976710929488,0.850059986510517
34,684.8455200836864,0.9273342799690951
35,620.8499016823657,0.9574571194824459
36,657.1211194386515,0.7831870397206604
37,684.8455200836864,0.9273342799690951
38,721.5976710929488,0.850059986510517
39,620.8499016823657,0.9574571194824459
40,762.0632626335897,0.9984412504945085
41,657.1211194386515,0.7831870397206604
42,684.8455200836864,0.9273342799690951
43,620.8499016823657,0.9574571194824459
44,762.0632626335897,0.9984412504945085
45,684.8455200836864,0.9273342799690951
46,620.8499016823657,0.9574571194824459
47,657.1211194386515,0.7831870397206604
48,684.8455200836864,0.9273342799690951
49,721.5976710929488,0.850059986510517
50,620.8499016823657,0.9574571194824459
51,762.0632626335897,0.9984412504945085
52,657.1211194386515,0.7831870397206604
53,684.8455200836864,0.9273342799690951
54,721.5976710929488,0.850059986510517
55,620.8499016823657,0.9574571194824459
56,762.0632626335897,0.9984412504945085
57,657.1211194386515,0.7831870397206604
58,684.8455200836864,0.9273342799690951
59,721.5976710929488,0.850059986510517
60,620.8499016823657,0.9574571194824459
61,762.0632626335897,0.9984412504945085
62,657.1211194386515,0.7831870397206604
63,684.8455200836864,0.9273342799690951
64,721.5976710929488,0.850059986510517
65,620.8499016823657,0.9574571194824459
66,762.0632626335897,0.9984412504945085
67,657.1211194386515,0.7831870397206604
68,684.8455200836864,0.9273342799690951
69,721.5976710929488,0.850059986510517
70,620.8499016823657,0.9574571194824459
71,762.0632626335897,0.9984412504945085
84,542.3122916791748,1.0454383591889713
85,542.3122916791748,1.0454383591889713
86,542.3122916791748,1.0454383591889713
87,542.3122916791748,1.0454383591889713
88,542.3122916791748,1.0454383591889713
89,542.3122916791748,1.0454383591889713
90,542.3122916791748,1.0454383591889713
91,542.3122916791748,1.0454383591889713
92,534.1174988031826,0.8129146934371332
93,534.1174988031826,0.8129146934371332
94,534.1174988031826,0.8129146934371332
95,534.1174988031826,0.8129146934371332
96,534.1174988031826,0.8129146934371332
97,534.1174988031826,0.8129146934371332
100,427.7791411996098,0.7709341494906828
101,467.8136863111983,0.8306921853314999
102,473.26682318637927,0.8752274697579339
103,504.1180756257744,0.8590996091907592
105,455.9465504022986,0.8458324636735975
106,532.0543974669297,0.866605882398948
109,484.44057338170336,0.8461842017382146
110,467.8264291622413,0.8324890747263671
118,662.5700154772476,1.0460258004790481
120,662.5700154772476,1.0460258004790481
123,662.5700154772476,1.0460258004790481
164,608.6272816996585,0.9348444923582788
165,603.88996897432,0.8697777968603964
166,608.6272816996585,0.9348444923582788
167,603.88996897432,0.8697777968603964
168,608.6272816996585,0.9348444923582788
169,603.88996897432,0.8697777968603964
170,811.3722100627273,1.0001957722076098
171,812.95282179842,0.9999003120018007
172,790.0754347188628,1.0031659886692594
173,768.382750491134,0.9980757793134412
174,617.561370537575,0.937525602709845
175,821.031706716384,0.9998131001828579
176,783.2977007769023,1.0067048283546418
177,902.1179738847987,0.9974059265914068
178,717.458290713372,0.9296711374371076
179,583.7435127133555,0.763757110048196
180,792.7622007090072,1.0066239038109943
181,774.3071425050626,0.9975733624738276
182,680.4034115673153,0.9894962702779504
183,555.3083349434178,1.0029421859085077
184,736.8150667282458,0.9703588655010902
186,716.5538177430753,1.0221865586642134
187,827.3677658632982,0.8968332238785841
188,697.2352374050182,0.9928110036698629
189,625.9130623709316,0.7333637005745396
190,427.49525528913875,0.835036854942727
191,413.2583132505313,0.7262745407609646
192,508.43633953120934,0.870138131671219
193,509.37392345539354,0.8070522838724066
194,524.3654246497346,0.9444389373390806
195,422.4718181177012,0.6727671216613074
196,422.4718181177012,0.6727671216613074
197,492.94411200753495,0.7838340473753322
198,492.94411200753495,0.7838340473753322
199,503.3125778867791,1.0824487313677236
200,503.3125778867791,1.0824487313677236
201,451.0872831874194,0.7318075666014641
202,656.4225255413531,0.8814019596863563
203,656.4225255413531,0.8814019596863563
204,542.2788795949224,1.0798640555571581
205,427.49525528913875,0.835036854942727
206,427.49525528913875,0.835036854942727
207,574.2855706867662,0.645897848659998
208,657.1211194386515,0.7831870397206604
209,657.1211194386515,0.7831870397206604
210,634.1871782571027,0.9172795341869439
211,730.075160922876,0.9969584118445232
212,765.7175989290906,0.9824361839298567
213,413.2583132505313,0.7262745407609646
214,469.31675058461246,0.6991635432568626
215,468.0504450403545,0.7082456019466183
216,471.0600494891067,0.7268575387562658
217,465.6558555185144,0.7157334058564042
218,464.6453728336613,0.709678739197402
219,469.51706815519447,0.6997411053748012
220,469.31675058461246,0.6991635432568626
221,468.0504450403545,0.7082456019466183
222,471.0600494891067,0.7268575387562658
223,465.6558555185144,0.7157334058564042
224,464.6453728336613,0.709678739197402
225,469.51706815519447,0.6997411053748012
226,469.31675058461246,0.6991635432568626
227,468.0504450403545,0.7082456019466183
228,471.0600494891067,0.7268575387562658
229,465.6558555185144,0.7157334058564042
230,464.6453728336613,0.709678739197402
231,469.51706815519447,0.6997411053748012
232,469.31675058461246,0.6991635432568626
233,468.0504450403545,0.7082456019466183
234,471.0600494891067,0.7268575387562658
235,465.6558555185144,0.7157334058564042
236,464.6453728336613,0.709678739197402
237,469.51706815519447,0.6997411053748012
238,469.31675058461246,0.6991635432568626
239,468.0504450403545,0.7082456019466183
240,471.0600494891067,0.7268575387562658
241,465.6558555185144,0.7157334058564042
242,464.6453728336613,0.709678739197402
243,469.51706815519447,0.6997411053748012
244,469.31675058461246,0.6991635432568626
245,468.0504450403545,0.7082456019466183
246,471.0600494891067,0.7268575387562658
247,465.6558555185144,0.7157334058564042
248,464.6453728336613,0.709678739197402
249,469.51706815519447,0.6997411053748012
250,469.31675058461246,0.6991635432568626
251,468.0504450403545,0.7082456019466183
252,471.0600494891067,0.7268575387562658
253,465.6558555185144,0.7157334058564042
254,464.6453728336613,0.709678739197402
255,469.51706815519447,0.6997411053748012
256,471.0600494891067,0.7268575387562658
257,465.6558555185144,0.7157334058564042
258,464.6453728336613,0.709678739197402
259,469.51706815519447,0.6997411053748012
260,469.31675058461246,0.6991635432568626
261,468.0504450403545,0.7082456019466183
262,471.0600494891067,0.7268575387562658
263,465.6558555185144,0.7157334058564042
264,464.6453728336613,0.709678739197402
265,469.51706815519447,0.6997411053748012
266,464.6453728336613,0.709678739197402
267,469.31675058461246,0.6991635432568626
268,468.0504450403545,0.7082456019466183
269,471.0600494891067,0.7268575387562658
270,465.6558555185144,0.7157334058564042
271,464.6453728336613,0.709678739197402
272,469.51706815519447,0.6997411053748012
273,471.0600494891067,0.7268575387562658
274,465.6558555185144,0.7157334058564042
275,464.6453728336613,0.709678739197402
276,469.51706815519447,0.6997411053748012
277,669.0955467334163,1.0156892227469994
278,669.0955467334163,1.0156892227469994
279,669.0955467334163,1.0156892227469994
280,669.0955467334163,1.0156892227469994
281,669.0955467334163,1.0156892227469994
282,669.0955467334163,1.0156892227469994
283,669.0955467334163,1.0156892227469994
284,669.0955467334163,1.0156892227469994
285,669.0955467334163,1.0156892227469994
286,669.0955467334163,1.0156892227469994
287,669.0955467334163,1.0156892227469994
288,669.0955467334163,1.0156892227469994
289,669.0955467334163,1.0156892227469994
290,669.0955467334163,1.0156892227469994
291,669.0955467334163,1.0156892227469994
292,669.0955467334163,1.0156892227469994
293,669.0955467334163,1.0156892227469994
294,669.0955467334163,1.0156892227469994
295,492.55914371387473,0.7374978332293755
296,492.55914371387473,0.7374978332293755
297,492.55914371387473,0.7374978332293755
298,492.55914371387473,0.7374978332293755
299,492.55914371387473,0.7374978332293755
300,492.55914371387473,0.7374978332293755
301,492.55914371387473,0.7374978332293755
302,492.55914371387473,0.7374978332293755
303,492.55914371387473,0.7374978332293755
304,560.9224551461737,0.875335628680655
305,560.9224551461737,0.875335628680655
306,560.9224551461737,0.875335628680655
307,560.9224551461737,0.875335628680655
308,560.9224551461737,0.875335628680655
315,451.66120636987654,0.645426161050389
316,451.66120636987654,0.645426161050389
317,451.66120636987654,0.645426161050389
318,451.66120636987654,0.645426161050389
319,451.19502595380214,0.6210972580697568
320,451.19502595380214,0.6210972580697568
321,451.19502595380214,0.6210972580697568
322,451.19502595380214,0.6210972580697568
323,448.52916477484996,0.6285814587681408
324,448.52916477484996,0.6285814587681408
325,448.52916477484996,0.6285814587681408
326,451.66120636987654,0.645426161050389
327,451.19502595380214,0.6210972580697568
328,448.52916477484996,0.6285814587681408
329,526.6349787329096,0.7285931568396775
330,643.5780573990966,0.879907967911275
331,643.5780573990966,0.879907967911275
332,643.5780573990966,0.879907967911275
333,643.5780573990966,0.879907967911275
334,643.5780573990966,0.879907967911275
335,643.5780573990966,0.879907967911275
336,643.5780573990966,0.879907967911275
337,643.5780573990966,0.879907967911275
338,643.5780573990966,0.879907967911275
339,643.5780573990966,0.879907967911275
340,643.5780573990966,0.879907967911275
341,643.5780573990966,0.879907967911275
342,643.5780573990966,0.879907967911275
343,643.5780573990966,0.879907967911275
344,643.5780573990966,0.879907967911275
345,643.5780573990966,0.879907967911275
346,643.5780573990966,0.879907967911275
347,643.5780573990966,0.879907967911275
359,647.1420883177066,0.583306138137517
360,647.1420883177066,0.583306138137517
366,671.869194250375,0.796059010060027
368,671.869194250375,0.796059010060027
373,672.4115609231746,0.694745283040026
374,672.4115609231746,0.694745283040026
375,672.4115609231746,0.694745283040026
379,705.2805793204739,0.5791973147744869
380,705.2805793204739,0.5791973147744869
381,705.2805793204739,0.5791973147744869
382,705.2805793204739,0.5791973147744869
455,608.009056308837,0.7970067275963497
456,536.0727965199413,0.799050531861359
457,574.1965578044088,0.8070827736794086
458,566.8028816343535,0.8582180731883269
459,560.9396012275706,0.8392102870527334
460,531.3149594936006,0.8957209794886869
508,614.4414284146421,0.9204957833453686
511,537.2684098932999,0.7399957345462814
516,537.2684098932999,0.7399957345462814
521,537.2684098932999,0.7399957345462814
526,537.2684098932999,0.7399957345462814
543,547.6320857132114,0.7374884447120652
544,547.6320857132114,0.7374884447120652
545,547.6320857132114,0.7374884447120652
547,542.4571472265083,0.731780429084594
548,542.4571472265083,0.731780429084594
561,448.6211783439111,0.7020489692617007
562,556.9343989393641,0.856954356762079
563,527.218792101582,0.8199418672874146
564,549.2073498094724,0.860368259854299
565,488.23633155263565,0.8396395792680227
566,532.077494335943,0.7809278999225593
567,520.8884529023306,0.799234043069286
568,542.4571472265083,0.731780429084594
569,544.2959804038142,0.850865529748484
570,485.3116479783088,0.7639943384944372
571,557.8080088469112,0.9106057687774973
572,595.1829537556249,0.8730723988082719
573,622.2829835105103,0.8399793699522919
574,558.2016172186393,0.9065641129667685
575,593.2328025129361,0.8767551328334036
576,621.4870796705,0.8447876078489931
577,528.5225184269883,0.6639687046676046
578,539.87238710262,0.7131138991666931
579,552.9054018978812,0.7346800147225371
580,558.2016172186393,0.9065641129667685
581,558.2016172186393,0.9065641129667685
582,558.2016172186393,0.9065641129667685
583,558.2016172186393,0.9065641129667685
584,558.2016172186393,0.9065641129667685
585,597.1104898315057,0.7122701076726577
586,597.1104898315057,0.7122701076726577
587,597.1104898315057,0.7122701076726577
654,731.2548626183602,1.073779382663206
655,731.2548626183602,1.073779382663206
656,731.2548626183602,1.073779382663206
657,731.2548626183602,1.073779382663206
658,731.2548626183602,1.073779382663206
659,731.2548626183602,1.073779382663206
660,731.2548626183602,1.073779382663206
661,731.2548626183602,1.073779382663206
662,598.7003708368179,0.867771004046003
663,598.7003708368179,0.867771004046003
665,598.7003708368179,0.867771004046003
666,598.7003708368179,0.867771004046003
667,598.7003708368179,0.867771004046003
668,598.7003708368179,0.867771004046003
669,598.7003708368179,0.867771004046003
670,587.8726830678189,0.8947262731631715
672,587.8726830678189,0.8947262731631715
673,587.8726830678189,0.8947262731631715
674,587.8726830678189,0.8947262731631715
675,587.8726830678189,0.8947262731631715
676,587.8726830678189,0.8947262731631715
677,587.8726830678189,0.8947262731631715
678,670.3619826218867,0.7990894582726419
679,670.3619826218867,0.7990894582726419
681,670.3619826218867,0.7990894582726419
682,670.3619826218867,0.7990894582726419
683,670.3619826218867,0.7990894582726419
684,670.3619826218867,0.7990894582726419
685,670.3619826218867,0.7990894582726419
686,617.6505303048408,0.6686326527372826
687,617.6505303048408,0.6686326527372826
688,617.6505303048408,0.6686326527372826
689,617.6505303048408,0.6686326527372826
690,617.6505303048408,0.6686326527372826
691,617.6505303048408,0.6686326527372826
692,617.6505303048408,0.6686326527372826
693,617.6505303048408,0.6686326527372826
694,617.6505303048408,0.6686326527372826
695,617.6505303048408,0.6686326527372826
696,867.5411349110366,0.9802022700638944
697,867.5411349110366,0.9802022700638944
698,867.5411349110366,0.9802022700638944
699,867.5411349110366,0.9802022700638944
700,867.5411349110366,0.9802022700638944
701,867.5411349110366,0.9802022700638944
702,867.5411349110366,0.9802022700638944
703,867.5411349110366,0.9802022700638944
704,867.5411349110366,0.9802022700638944
705,867.5411349110366,0.9802022700638944
706,768.050816150241,0.9794309242986694
707,768.050816150241,0.9794309242986694
708,768.050816150241,0.9794309242986694
709,768.050816150241,0.9794309242986694
710,768.050816150241,0.9794309242986694
711,768.050816150241,0.9794309242986694
712,768.050816150241,0.9794309242986694
713,768.050816150241,0.9794309242986694
714,768.050816150241,0.9794309242986694
715,768.050816150241,0.9794309242986694
716,765.7440163000795,1.0021348828200285
717,765.7440163000795,1.0021348828200285
718,765.7440163000795,1.0021348828200285
719,765.7440163000795,1.0021348828200285
720,765.7440163000795,1.0021348828200285
721,765.7440163000795,1.0021348828200285
722,765.7440163000795,1.0021348828200285
723,765.7440163000795,1.0021348828200285
724,765.7440163000795,1.0021348828200285
725,765.7440163000795,1.0021348828200285
726,765.7440163000795,1.0021348828200285
727,765.7440163000795,1.0021348828200285
728,765.7440163000795,1.0021348828200285
729,765.7440163000795,1.0021348828200285
744,588.5728362690955,0.9604165077798144
745,588.5728362690955,0.9604165077798144
746,588.5728362690955,0.9604165077798144
747,588.5728362690955,0.9604165077798144
748,588.5728362690955,0.9604165077798144
749,589.4354198887021,1.0465819287810447
750,589.4354198887021,1.0465819287810447
751,589.4354198887021,1.0465819287810447
752,589.4354198887021,1.0465819287810447
753,589.4354198887021,1.0465819287810447
760,612.0877174261094,1.0494427148999013
777,700.7689671771913,0.4454001224977506
908,528.0404273330628,0.9226760242080476
909,540.3540587490968,0.9307224099295348
986,573.8969528256084,0.6965637489188683
987,573.8969528256084,0.6965637489188683
989,573.8969528256084,0.6965637489188683
990,573.8969528256084,0.6965637489188683
991,573.8969528256084,0.6965637489188683
1027,725.1612061032575,0.8360973884666392
1028,725.1612061032575,0.8360973884666392
1057,532.797702048391,0.8770643830839906
1072,474.20610858165736,0.8648499567652161
1073,474.20610858165736,0.8648499567652161
1074,474.20610858165736,0.8648499567652161
1075,474.20610858165736,0.8648499567652161
1076,474.20610858165736,0.8648499567652161
1077,474.20610858165736,0.8648499567652161
1078,474.20610858165736,0.8648499567652161
1079,474.20610858165736,0.8648499567652161
1090,529.0072185234366,0.6103004999199915
1175,630.1145471550349,1.1154270081741198
1193,625.5531747073611,0.7295745064657798
1196,618.5896178974891,0.7317229340751116
1197,619.4336567819074,0.7285900455139268
1200,628.5220391822232,0.7378506238732728
1203,629.9255471003663,0.756711031489306
1232,607.2969609492033,0.6959459665456632
1233,607.2969609492033,0.6959459665456632
1234,608.4616935735638,0.6955857120259286
1235,608.4616935735638,0.6955857120259286
1236,608.5976172332157,0.6950929717493131
1237,608.5976172332157,0.6950929717493131
1238,618.1223480217191,0.750023920820161
1239,618.1223480217191,0.750023920820161
1240,653.2692696890317,0.7985718592191232
1241,653.2692696890317,0.7985718592191232
1242,618.8565076823276,0.7576539384460732
1243,618.8565076823276,0.7576539384460732
1244,598.8308575513188,0.7044041881295963
1245,598.8308575513188,0.7044041881295963
1246,594.6994769684001,0.7126745062665747
1247,594.6994769684001,0.7126745062665747
1248,598.1610057461683,0.7459361658679144
1249,598.1610057461683,0.7459361658679144
1250,626.9610354373311,0.7116410181082944
1251,626.9610354373311,0.7116410181082944
1252,622.6063165348631,0.662912648051367
1253,622.6063165348631,0.662912648051367
1260,629.5976143902625,0.5810226803191679
1262,602.393553223455,1.017972298201457
1263,602.393553223455,1.017972298201457
1264,602.393553223455,1.017972298201457
1295,510.69815881841043,1.0088349666859335
1296,590.6100513189367,0.9627513843383524
1297,482.25824722594643,1.2167582695510963
1298,563.936082881574,1.0206478584408443
1300,594.2708289478379,0.8216869335760517
1301,594.2708289478379,0.8216869335760517
1302,594.2708289478379,0.8216869335760517
1361,791.1678773131482,0.9533194322153316
1362,783.3680667625082,0.9625382353367893
1363,910.6387531531491,0.9996071878625641
1364,773.9537110831757,0.9598369642397204
1365,785.2256925787359,0.9705125234335619
1366,784.0117216716628,0.9646015444962646
1367,794.2977092161409,0.9733780257143542
1368,775.256323540998,0.9603581214329965
1369,791.1678773131482,0.9533194322153316
1370,783.3680667625082,0.9625382353367893
1371,910.6387531531491,0.9996071878625641
1372,773.9537110831757,0.9598369642397204
1373,785.2256925787359,0.9705125234335619
1374,784.0117216716628,0.9646015444962646
1375,794.2977092161409,0.9733780257143542
1376,775.256323540998,0.9603581214329965
1377,791.1678773131482,0.9533194322153316
1378,783.3680667625082,0.9625382353367893
1379,910.6387531531491,0.9996071878625641
1380,773.9537110831757,0.9598369642397204
1381,785.2256925787359,0.9705125234335619
1382,784.0117216716628,0.9646015444962646
1383,794.2977092161409,0.9733780257143542
1384,775.256323540998,0.9603581214329965
1385,791.1678773131482,0.9533194322153316
1386,783.3680667625082,0.9625382353367893
1387,910.6387531531491,0.9996071878625641
1388,773.9537110831757,0.9598369642397204
1389,785.2256925787359,0.9705125234335619
1390,784.0117216716628,0.9646015444962646
1391,794.2977092161409,0.9733780257143542
1392,775.256323540998,0.9603581214329965
1393,791.1678773131482,0.9533194322153316
1394,783.3680667625082,0.9625382353367893
1395,910.6387531531491,0.9996071878625641
1396,773.9537110831757,0.9598369642397204
1397,785.2256925787359,0.9705125234335619
1398,784.0117216716628,0.9646015444962646
1399,794.2977092161409,0.9733780257143542
1400,775.256323540998,0.9603581214329965
1401,791.1678773131482,0.9533194322153316
1402,783.3680667625082,0.9625382353367893
1403,910.6387531531491,0.9996071878625641
1404,773.9537110831757,0.9598369642397204
1405,785.2256925787359,0.9705125234335619
1406,784.0117216716628,0.9646015444962646
1407,794.2977092161409,0.9733780257143542
1408,775.256323540998,0.9603581214329965
1417,791.1678773131482,0.9533194322153316
1418,783.3680667625082,0.9625382353367893
1419,910.6387531531491,0.9996071878625641
1420,773.9537110831757,0.9598369642397204
1421,785.2256925787359,0.9705125234335619
1422,784.0117216716628,0.9646015444962646
1423,794.2977092161409,0.9733780257143542
1424,775.256323540998,0.9603581214329965
1425,571.2853262977446,0.7638127597899845
1426,571.2853262977446,0.7638127597899845
1427,571.2853262977446,0.7638127597899845
1428,571.2853262977446,0.7638127597899845
1429,571.2853262977446,0.7638127597899845
1430,571.2853262977446,0.7638127597899845
1431,588.1465823856154,0.6195347036803289
1432,588.1465823856154,0.6195347036803289
1433,588.1465823856154,0.6195347036803289
1434,588.1465823856154,0.6195347036803289
1488,605.0257053123389,0.6758619963012739
1497,619.0901360559906,0.6236544827853905
1528,626.0480496078688,0.6849199092613041
1532,637.3053555714508,0.7659074472210682
1537,616.5358684662588,0.8058999256118785
1538,616.5358684662588,0.8058999256118785
1582,545.6321772641355,0.8387417057322353
1605,493.87838573402576,1.1804973957357006
1606,493.87838573402576,1.1804973957357006
1607,493.87838573402576,1.1804973957357006
1608,493.87838573402576,1.1804973957357006
1614,560.2969734065539,0.872109686327317
1615,560.2969734065539,0.872109686327317
1616,560.2969734065539,0.872109686327317
1617,560.2969734065539,0.872109686327317
1629,497.3803795735943,0.7420793555473351
1630,536.167375926091,0.8405487279733134
1631,538.2803576416342,0.6999363868833023
1632,541.7461937849125,0.7300270799261894
1633,543.2241820709845,0.6934780210251925
1634,580.805128390477,0.8888441089797587
1635,525.2094530822106,0.9313535663387177
1636,580.027338566368,0.9620927008294617
1637,566.0809550037544,0.8031567684719236
1638,536.2228159737061,0.6227075268198079
1639,582.242534099586,0.6866443331114338
1640,497.3803795735943,0.7420793555473351
1641,536.167375926091,0.8405487279733134
1642,538.2803576416342,0.6999363868833023
1643,543.2241820709845,0.6934780210251925
1644,580.805128390477,0.8888441089797587
1645,525.2094530822106,0.9313535663387177
1646,580.027338566368,0.9620927008294617
1647,566.0809550037544,0.8031567684719236
1648,536.2228159737061,0.6227075268198079
1649,582.242534099586,0.6866443331114338
1650,497.3803795735943,0.7420793555473351
1651,536.167375926091,0.8405487279733134
1652,538.2803576416342,0.6999363868833023
1653,541.7461937849125,0.7300270799261894
1654,543.2241820709845,0.6934780210251925
1655,580.805128390477,0.8888441089797587
1656,525.2094530822106,0.9313535663387177
1657,580.027338566368,0.9620927008294617
1658,566.0809550037544,0.8031567684719236
1659,536.2228159737061,0.6227075268198079
1660,582.242534099586,0.6866443331114338
1661,497.3803795735943,0.7420793555473351
1662,536.167375926091,0.8405487279733134
1663,538.2803576416342,0.6999363868833023
1664,541.7461937849125,0.7300270799261894
1665,543.2241820709845,0.6934780210251925
1666,580.805128390477,0.8888441089797587
1667,525.2094530822106,0.9313535663387177
1668,580.027338566368,0.9620927008294617
1669,566.0809550037544,0.8031567684719236
1670,536.2228159737061,0.6227075268198079
1671,582.242534099586,0.6866443331114338
1687,545.2590449611575,0.8160261271564169
1688,545.2590449611575,0.8160261271564169
1689,545.2590449611575,0.8160261271564169
1690,545.2590449611575,0.8160261271564169
1691,545.2590449611575,0.8160261271564169
1692,545.2590449611575,0.8160261271564169
1693,558.8994181764944,0.790060294130686
1694,558.8994181764944,0.790060294130686
1695,558.8994181764944,0.790060294130686
1696,558.8994181764944,0.790060294130686
1697,558.8994181764944,0.790060294130686
1698,558.8994181764944,0.790060294130686
1699,551.2237913342076,0.8063050536130486
1700,551.2237913342076,0.8063050536130486
1701,551.2237913342076,0.8063050536130486
1702,551.2237913342076,0.8063050536130486
1703,551.2237913342076,0.8063050536130486
1704,551.2237913342076,0.8063050536130486
1705,550.0289468280903,0.8188613798640969
1706,550.0289468280903,0.8188613798640969
1707,550.0289468280903,0.8188613798640969
1708,550.0289468280903,0.8188613798640969
1709,550.0289468280903,0.8188613798640969
1710,550.0289468280903,0.8188613798640969
1711,558.6517577401206,0.8079557930804945
1712,558.6517577401206,0.8079557930804945
1713,558.6517577401206,0.8079557930804945
1714,558.6517577401206,0.8079557930804945
1715,558.6517577401206,0.8079557930804945
1716,558.6517577401206,0.8079557930804945
1717,561.6856454008862,0.6398923644408816
1718,561.6856454008862,0.6398923644408816
1719,561.6856454008862,0.6398923644408816
1720,561.6856454008862,0.6398923644408816
1721,561.6856454008862,0.6398923644408816
1722,561.6856454008862,0.6398923644408816
1723,556.4823208320353,0.6564724105507644
1724,556.4823208320353,0.6564724105507644
1725,556.4823208320353,0.6564724105507644
1726,556.4823208320353,0.6564724105507644
1727,556.4823208320353,0.6564724105507644
1728,556.4823208320353,0.6564724105507644
1729,526.6992792806298,0.6686919681858181
1730,526.6992792806298,0.6686919681858181
1731,526.6992792806298,0.6686919681858181
1732,526.6992792806298,0.6686919681858181
1733,526.6992792806298,0.6686919681858181
1734,526.6992792806298,0.6686919681858181
1735,526.582901009141,0.6701521682936362
1736,526.582901009141,0.6701521682936362
1737,526.582901009141,0.6701521682936362
1738,526.582901009141,0.6701521682936362
1739,526.582901009141,0.6701521682936362
1740,526.582901009141,0.6701521682936362
1741,589.5566077088821,0.6774123368960847
1742,589.5566077088821,0.6774123368960847
1743,589.5566077088821,0.6774123368960847
1744,589.5566077088821,0.6774123368960847
1745,589.5566077088821,0.6774123368960847
1747,588.0262637166882,0.5115638089221137
1748,588.0262637166882,0.5115638089221137
1749,588.0262637166882,0.5115638089221137
1750,588.0262637166882,0.5115638089221137
1751,588.0262637166882,0.5115638089221137
1753,604.2977310519626,0.6790278251544434
1754,604.2977310519626,0.6790278251544434
1755,604.2977310519626,0.6790278251544434
1756,604.2977310519626,0.6790278251544434
1757,604.2977310519626,0.6790278251544434
1759,566.0230872252059,0.7399779169198405
1760,566.0230872252059,0.7399779169198405
1761,566.0230872252059,0.7399779169198405
1762,566.0230872252059,0.7399779169198405
1763,566.0230872252059,0.7399779169198405
1765,580.0866661467535,0.7376544234394424
1766,580.0866661467535,0.7376544234394424
1767,580.0866661467535,0.7376544234394424
1768,580.0866661467535,0.7376544234394424
1769,580.0866661467535,0.7376544234394424
1771,560.1336358594284,0.6556791199706862
1772,560.1336358594284,0.6556791199706862
1773,560.1336358594284,0.6556791199706862
1774,560.1336358594284,0.6556791199706862
1775,560.1336358594284,0.6556791199706862
1777,578.7827280889626,0.6087689747315972
1778,578.7827280889626,0.6087689747315972
1779,578.7827280889626,0.6087689747315972
1780,578.7827280889626,0.6087689747315972
1781,578.7827280889626,0.6087689747315972
1783,579.7926506614826,0.6025198417530377
1784,579.7926506614826,0.6025198417530377
1785,579.7926506614826,0.6025198417530377
1786,579.7926506614826,0.6025198417530377
1787,579.7926506614826,0.6025198417530377
1789,523.2658047155169,0.49422490513589207
1790,523.2658047155169,0.49422490513589207
1791,523.2658047155169,0.49422490513589207
1792,523.2658047155169,0.49422490513589207
1793,523.2658047155169,0.49422490513589207
1795,526.09727174582,0.5006578289752722
1796,526.09727174582,0.5006578289752722
1797,526.09727174582,0.5006578289752722
1798,526.09727174582,0.5006578289752722
1799,526.09727174582,0.5006578289752722
1804,677.3065138227712,0.8394792142784675
1805,654.4502099819877,0.77056740882182
1806,676.4219785371133,0.8692771520426522
1807,677.3065138227712,0.8394792142784675
1808,654.4502099819877,0.77056740882182
1809,676.4219785371133,0.8692771520426522
1835,817.5758747821417,0.985924715257551
1836,827.3677658632982,0.8968332238785841
1837,832.853552492902,0.9061883385540114
1838,878.2914287821906,0.992105453590864
1839,866.4106489302942,0.982893952285934
1840,872.4184856895661,0.975660062081563
1841,783.3437197818616,0.9902265818971049
1842,838.7060088681279,1.007873574076053
1843,865.482517808663,0.982190235131013
1844,791.8955582788285,0.783171571518511
1845,749.1700019265526,0.997360159114735
1846,817.5758747821417,0.985924715257551
1847,817.5758747821417,0.985924715257551
1848,817.5758747821417,0.985924715257551
1849,817.5758747821417,0.985924715257551
1850,817.5758747821417,0.985924715257551
1851,817.5758747821417,0.985924715257551
1852,827.3677658632982,0.8968332238785841
1853,827.3677658632982,0.8968332238785841
1854,827.3677658632982,0.8968332238785841
1855,827.3677658632982,0.8968332238785841
1856,827.3677658632982,0.8968332238785841
1857,827.3677658632982,0.8968332238785841
1858,832.853552492902,0.9061883385540114
1859,832.853552492902,0.9061883385540114
1860,832.853552492902,0.9061883385540114
1861,832.853552492902,0.9061883385540114
1862,832.853552492902,0.9061883385540114
1863,832.853552492902,0.9061883385540114
1864,878.2914287821906,0.992105453590864
1865,878.2914287821906,0.992105453590864
1866,878.2914287821906,0.992105453590864
1867,878.2914287821906,0.992105453590864
1868,878.2914287821906,0.992105453590864
1869,878.2914287821906,0.992105453590864
1870,866.4106489302942,0.982893952285934
1871,866.4106489302942,0.982893952285934
1872,866.4106489302942,0.982893952285934
1873,866.4106489302942,0.982893952285934
1874,866.4106489302942,0.982893952285934
1875,866.4106489302942,0.982893952285934
1876,872.4184856895661,0.975660062081563
1877,872.4184856895661,0.975660062081563
1878,872.4184856895661,0.975660062081563
1879,872.4184856895661,0.975660062081563
1880,872.4184856895661,0.975660062081563
1881,872.4184856895661,0.975660062081563
1882,783.3437197818616,0.9902265818971049
1883,783.3437197818616,0.9902265818971049
1884,783.3437197818616,0.9902265818971049
1885,783.3437197818616,0.9902265818971049
1886,783.3437197818616,0.9902265818971049
1887,783.3437197818616,0.9902265818971049
1888,838.7060088681279,1.007873574076053
1889,838.7060088681279,1.007873574076053
1890,838.7060088681279,1.007873574076053
1891,838.7060088681279,1.007873574076053
1892,865.482517808663,0.982190235131013
1893,865.482517808663,0.982190235131013
1894,865.482517808663,0.982190235131013
1895,865.482517808663,0.982190235131013
1896,865.482517808663,0.982190235131013
1897,865.482517808663,0.982190235131013
1898,791.8955582788285,0.783171571518511
1965,429.82697859364714,0.7645841738952883
1966,469.9342442986668,0.6908394041404692
1967,578.7223962804862,0.947357263022579
1968,560.9615152585224,0.9618703008663835
1969,538.9269562404276,0.7853494643558113
1970,526.4586664362957,0.7274688854859279
1971,475.0897582025472,0.7195318623463065
1972,477.25997202066185,0.6850492583027793
1979,602.5400524949839,1.2145775113977848
1980,587.9670593942856,1.2131333678729965
1981,592.1196381312853,1.156877299306323
1982,698.0127415499239,1.0580694997867988
1983,717.7949201938217,1.0364437639437185
1984,548.450814083414,0.9168450422117338
1986,603.8562257690724,0.9815401146563495
1988,579.4695306524003,1.1301215385118968
1990,556.9652820951521,1.0926211558486523
1992,645.3397640821632,1.0835377126703523
1995,587.9670593942856,1.2131333678729965
2114,578.3673332657396,0.7122098538903876
2115,578.3673332657396,0.7122098538903876
2117,578.3673332657396,0.7122098538903876
2118,578.3673332657396,0.7122098538903876
2119,578.3673332657396,0.7122098538903876
2120,578.3673332657396,0.7122098538903876
2121,578.3673332657396,0.7122098538903876
2122,578.3673332657396,0.7122098538903876
2123,564.8872624016236,0.7288569164049532
2124,564.8872624016236,0.7288569164049532
2126,564.8872624016236,0.7288569164049532
2127,564.8872624016236,0.7288569164049532
2128,564.8872624016236,0.7288569164049532
2129,564.8872624016236,0.7288569164049532
2130,564.8872624016236,0.7288569164049532
2131,564.8872624016236,0.7288569164049532
2132,546.9433027448525,0.7985955123107115
2133,540.4017160895958,0.8272584590538421
2134,476.1099384339201,0.8502274367202577
2135,461.2892039380999,0.7917617691433236
2136,457.7866740876133,0.6478284693388185
2137,495.2948188535684,0.7525928033808216
2139,544.8026369139593,0.7404362760043941
2149,512.1299418560338,0.5605055900250338
2227,571.0814494312831,0.83118426638206
2234,582.0920212367935,0.7183819192004942
2237,605.9578224891951,0.8076068263779048
2244,647.0311201073295,0.7965376483410516
2260,624.8816359798574,0.7840509047474268
2261,657.6102030250005,0.7195259004152158
2262,652.3804204123296,0.8951527788177579
2263,627.2546234099227,0.8189933411143009
2264,647.265261375629,0.7936919305109118
2265,676.0859822885841,0.8676060277511413
2266,663.2044834633207,0.8157236228532705
2267,650.3063035307208,0.6250748770789976
2268,640.1110413221044,0.6301201204964088
2269,684.4982640444113,0.7986146498781189
2270,617.6156554586112,0.9336095156745489
2271,651.3969225886812,0.8099303113543158
2272,632.7751754137672,0.7939831908847138
2273,677.9620780364864,0.9060268145379131
2274,645.2784184538714,0.8713606484690071
2275,690.5385178425507,0.9711569819478497
2276,635.7166349085529,1.2322382445470859
2277,680.4527547945175,0.7587772093753218
2278,680.8728207075118,0.7597520684302876
2279,640.2952284059631,0.74776259632492
2280,642.9475029183436,0.8875526440893344
2281,624.8816359798574,0.7840509047474268
2282,657.6102030250005,0.7195259004152158
2283,652.3804204123296,0.8951527788177579
2284,627.2546234099227,0.8189933411143009
2285,647.265261375629,0.7936919305109118
2286,676.0859822885841,0.8676060277511413
2287,663.2044834633207,0.8157236228532705
2288,650.3063035307208,0.6250748770789976
2289,640.1110413221044,0.6301201204964088
2290,684.4982640444113,0.7986146498781189
2291,617.6156554586112,0.9336095156745489
2292,651.3969225886812,0.8099303113543158
2293,632.7751754137672,0.7939831908847138
2294,677.9620780364864,0.9060268145379131
2295,645.2784184538714,0.8713606484690071
2296,690.5385178425507,0.9711569819478497
2297,635.7166349085529,1.2322382445470859
2298,680.4527547945175,0.7587772093753218
2299,680.8728207075118,0.7597520684302876
2300,640.2952284059631,0.74776259632492
2301,642.9475029183436,0.8875526440893344
2302,624.8816359798574,0.7840509047474268
2303,657.6102030250005,0.7195259004152158
2304,652.3804204123296,0.8951527788177579
2305,627.2546234099227,0.8189933411143009
2306,647.265261375629,0.7936919305109118
2307,676.0859822885841,0.8676060277511413
2308,663.2044834633207,0.8157236228532705
2309,650.3063035307208,0.6250748770789976
2310,640.1110413221044,0.6301201204964088
2311,684.4982640444113,0.7986146498781189
2312,617.6156554586112,0.9336095156745489
2313,651.3969225886812,0.8099303113543158
2314,632.7751754137672,0.7939831908847138
2315,677.9620780364864,0.9060268145379131
2316,645.2784184538714,0.8713606484690071
2317,690.5385178425507,0.9711569819478497
2318,635.7166349085529,1.2322382445470859
2319,680.4527547945175,0.7587772093753218
2320,680.8728207075118,0.7597520684302876
2321,640.2952284059631,0.74776259632492
2322,642.9475029183436,0.8875526440893344
2323,624.8816359798574,0.7840509047474268
2324,657.6102030250005,0.7195259004152158
2325,652.3804204123296,0.8951527788177579
2326,627.2546234099227,0.8189933411143009
2327,647.265261375629,0.7936919305109118
2328,676.0859822885841,0.8676060277511413
2329,663.2044834633207,0.8157236228532705
2330,650.3063035307208,0.6250748770789976
2331,640.1110413221044,0.6301201204964088
2332,684.4982640444113,0.7986146498781189
2333,617.6156554586112,0.9336095156745489
2334,651.3969225886812,0.8099303113543158
2335,632.7751754137672,0.7939831908847138
2336,677.9620780364864,0.9060268145379131
2337,645.2784184538714,0.8713606484690071
2338,690.5385178425507,0.9711569819478497
2339,635.7166349085529,1.2322382445470859
2340,680.4527547945175,0.7587772093753218
2341,680.8728207075118,0.7597520684302876
2342,640.2952284059631,0.74776259632492
2343,642.9475029183436,0.8875526440893344
2344,624.8816359798574,0.7840509047474268
2345,657.6102030250005,0.7195259004152158
2346,652.3804204123296,0.8951527788177579
2347,627.2546234099227,0.8189933411143009
2348,647.265261375629,0.7936919305109118
2349,676.0859822885841,0.8676060277511413
2350,663.2044834633207,0.8157236228532705
2351,650.3063035307208,0.6250748770789976
2352,640.1110413221044,0.6301201204964088
2353,684.4982640444113,0.7986146498781189
2354,617.6156554586112,0.9336095156745489
2355,651.3969225886812,0.8099303113543158
2356,632.7751754137672,0.7939831908847138
2357,677.9620780364864,0.9060268145379131
2358,645.2784184538714,0.8713606484690071
2359,690.5385178425507,0.9711569819478497
2360,635.7166349085529,1.2322382445470859
2361,680.4527547945175,0.7587772093753218
2362,680.8728207075118,0.7597520684302876
2363,640.2952284059631,0.74776259632492
2364,642.9475029183436,0.8875526440893344
2365,624.8816359798574,0.7840509047474268
2366,657.6102030250005,0.7195259004152158
2367,652.3804204123296,0.8951527788177579
2368,627.2546234099227,0.8189933411143009
2369,647.265261375629,0.7936919305109118
2370,676.0859822885841,0.8676060277511413
2371,663.2044834633207,0.8157236228532705
2372,650.3063035307208,0.6250748770789976
2373,640.1110413221044,0.6301201204964088
2374,684.4982640444113,0.7986146498781189
2375,617.6156554586112,0.9336095156745489
2376,651.3969225886812,0.8099303113543158
2377,632.7751754137672,0.7939831908847138
2378,677.9620780364864,0.9060268145379131
2379,645.2784184538714,0.8713606484690071
2380,690.5385178425507,0.9711569819478497
2381,635.7166349085529,1.2322382445470859
2382,680.4527547945175,0.7587772093753218
2383,680.8728207075118,0.7597520684302876
2384,640.2952284059631,0.74776259632492
2385,642.9475029183436,0.8875526440893344
2503,508.3011853535984,0.8528547564046858
2504,483.0290727522273,0.7754834942144205
2505,535.7065098388057,0.8684577690707671
2506,522.327032869453,0.7773540164941501
2507,533.017100399089,0.8065127421266811
2508,548.7549161660984,0.842203696342628
2509,585.9994108636071,0.8490728729013712
2555,668.4179840493143,0.9223240735917624
2556,668.4179840493143,0.9223240735917624
2571,496.2477228564479,0.5122570441076122
2732,564.2801768354541,0.739079211227155
2787,522.0745665582016,0.868940274751998
2788,522.0745665582016,0.868940274751998
2789,522.0745665582016,0.868940274751998
2790,522.0745665582016,0.868940274751998
2791,522.0745665582016,0.868940274751998
2792,522.0745665582016,0.868940274751998
2793,522.0745665582016,0.868940274751998
2794,522.0745665582016,0.868940274751998
2795,522.0745665582016,0.868940274751998
2796,522.0745665582016,0.868940274751998
2797,522.0745665582016,0.868940274751998
2798,522.0745665582016,0.868940274751998
2799,634.1871782571027,0.9172795341869439
2800,634.1871782571027,0.9172795341869439
2801,634.1871782571027,0.9172795341869439
2802,634.1871782571027,0.9172795341869439
2803,634.1871782571027,0.9172795341869439
2804,634.1871782571027,0.9172795341869439
2805,634.1871782571027,0.9172795341869439
2806,634.1871782571027,0.9172795341869439
2807,634.1871782571027,0.9172795341869439
2808,634.1871782571027,0.9172795341869439
2809,623.6696125969022,0.9793541943244105
2810,623.6696125969022,0.9793541943244105
2811,623.6696125969022,0.9793541943244105
2812,623.6696125969022,0.9793541943244105
2813,623.6696125969022,0.9793541943244105
2814,623.6696125969022,0.9793541943244105
2815,623.6696125969022,0.9793541943244105
2816,623.6696125969022,0.9793541943244105
2817,623.6696125969022,0.9793541943244105
2818,623.6696125969022,0.9793541943244105
2819,623.6696125969022,0.9793541943244105
2820,623.6696125969022,0.9793541943244105
2821,623.6696125969022,0.9793541943244105
2822,623.6696125969022,0.9793541943244105
2823,623.6696125969022,0.9793541943244105
2824,623.6696125969022,0.9793541943244105
2825,623.6696125969022,0.9793541943244105
2826,623.6696125969022,0.9793541943244105
2827,623.6696125969022,0.9793541943244105
2828,623.6696125969022,0.9793541943244105
2829,623.6696125969022,0.9793541943244105
2830,623.6696125969022,0.9793541943244105
2831,620.9321574635609,0.9545021201079188
2832,620.9321574635609,0.9545021201079188
2833,620.9321574635609,0.9545021201079188
2834,620.9321574635609,0.9545021201079188
2835,620.9321574635609,0.9545021201079188
2836,620.9321574635609,0.9545021201079188
2837,620.9321574635609,0.9545021201079188
2838,620.9321574635609,0.9545021201079188
2839,620.9321574635609,0.9545021201079188
2964,604.8701466790027,0.4484889172681247
2970,608.7863736277764,0.47420213974846104
2976,619.4278141935431,0.5529366403124838
2979,642.4465166318361,0.49163251281299275
2982,643.1522847608533,0.43378094716318966
2984,629.40940952433,0.6741274590775824
2985,629.40940952433,0.6741274590775824
2992,582.3695623562182,0.9234067013946496
2993,582.3695623562182,0.9234067013946496
2994,582.3695623562182,0.9234067013946496
2995,582.3695623562182,0.9234067013946496
2996,582.3695623562182,0.9234067013946496
3042,579.8981644201704,0.9134442174876919
3182,779.7352111914629,0.8371437108873561
3186,815.6756691273478,0.9929971670189086
3187,758.7653399530341,0.9123904994070952
3210,834.9411628823692,0.8695296058675193
3215,697.8691440166589,0.7920121531710482
3216,803.5099425693911,0.8166177071255308
3226,795.2992019231956,0.8582495008798281
3252,704.4574816027781,1.0424305303666617
3253,675.5747146180433,1.0973090309607882
3254,734.0270823601976,1.015973680006546
3274,722.1300169553324,1.07433515797889
3275,739.2495155441295,1.0499492185781207
3283,828.26904381379,0.9065658123829912
3285,829.1058560337607,0.9064413421506886
3290,838.0112278732835,0.8133185816083112
3302,778.9359522598268,0.786108392569552
3304,756.2114465422866,0.9980152851453582
3334,725.9545866163792,1.013762377697778
3335,720.2712889417523,1.1160317466034466
3368,601.6574781179172,0.9844007278275662
3405,534.6585128937005,0.8529116423492621
3407,534.6585128937005,0.8529116423492621
3413,490.59104491285086,0.7201506480281856
3415,490.59104491285086,0.7201506480281856
3466,503.7413467767595,0.723692659259125
3467,503.7413467767595,0.723692659259125
3468,503.7413467767595,0.723692659259125
3469,503.7413467767595,0.723692659259125
3470,503.7413467767595,0.723692659259125
3471,503.7413467767595,0.723692659259125
3490,692.8737756348143,1.020915364457664
3491,692.8737756348143,1.020915364457664
3492,692.8737756348143,1.020915364457664
3493,692.8737756348143,1.020915364457664
3494,692.8737756348143,1.020915364457664
3495,692.8737756348143,1.020915364457664
3496,692.8737756348143,1.020915364457664
3497,692.8737756348143,1.020915364457664
3498,692.8737756348143,1.020915364457664
3499,692.8737756348143,1.020915364457664
3500,692.8737756348143,1.020915364457664
3632,524.3654246497346,0.9444389373390806
3637,524.3654246497346,0.9444389373390806
3662,560.8064428600152,0.8928501433660058
3663,530.5115543640118,0.8576934746437475
3664,579.3334132453404,0.8523717007259175
3665,596.4966762929762,0.8653574488375809
3666,559.0681284842981,0.7087749983313639
3667,602.843129837698,0.9182367706808138
3668,614.0563263813457,0.9064921946839825
3669,556.9201398053839,0.7627824382217788
3670,545.4259486060649,0.9565779607217478
3671,589.6600857789902,0.8731902652085295
3672,564.2553721339287,0.6824471492216048
3673,590.5777462627427,0.8875184230678927
3674,607.3401561173846,0.9009464593790166
3675,570.679532774242,0.7355081466328237
3676,621.8781759206238,0.9069627158782363
3677,645.4451089044693,0.9342276782178977
3678,567.4663499788405,0.9058956118164725
3679,571.8115025019017,0.8403699813903326
3680,574.1529170222185,0.8969015161145013
3681,738.7128633128053,0.948790505284048
3682,599.8644118441997,1.014829113227881
3683,643.2641534841242,0.9448738620797572
3684,609.181051953189,1.0761922781615556
3685,615.9929898604945,1.0217152640479936
3686,719.837139841598,0.9861181762387816
3687,623.4171812050174,1.0192133078551902
3688,622.6120918472061,1.006154042644876
3689,635.7838656654067,0.8709508727188067
3690,675.7100690410751,1.0004290836416958
3691,584.9214170482309,0.9025532775155525
3692,698.5243380447159,0.9621410563854806
3723,506.4604399983852,0.743835672270595
3724,643.4306183434182,0.9700067503592428
3725,607.555778937408,0.662759429990144
3726,569.6176448133789,0.9115831600377475
3727,506.4604399983852,0.743835672270595
3728,643.4306183434182,0.9700067503592428
3729,607.555778937408,0.662759429990144
3730,569.6176448133789,0.9115831600377475
3731,506.4604399983852,0.743835672270595
3732,643.4306183434182,0.9700067503592428
3733,607.555778937408,0.662759429990144
3734,569.6176448133789,0.9115831600377475
3791,500.4777807244156,1.0649188464102872
3792,560.6039974771713,0.8979593738630409
3793,590.6461972510712,1.1971012640510055
3794,606.5525429280318,1.0583351115883144
3795,608.744477776211,0.9708189178744355
3796,500.4777807244156,1.0649188464102872
3797,560.6039974771713,0.8979593738630409
3798,590.6461972510712,1.1971012640510055
3799,606.5525429280318,1.0583351115883144
3800,608.744477776211,0.9708189178744355
3801,500.4777807244156,1.0649188464102872
3802,560.6039974771713,0.8979593738630409
3803,590.6461972510712,1.1971012640510055
3804,606.5525429280318,1.0583351115883144
3805,608.744477776211,0.9708189178744355
3859,596.4255129554593,1.0538640173759302
3860,736.4354020081869,0.9579140463768169
3861,727.9793612229544,0.7816603174447971
3862,722.4618337296902,0.9784444258913099
3867,596.4255129554593,1.0538640173759302
3868,736.4354020081869,0.9579140463768169
3869,727.9793612229544,0.7816603174447971
3870,722.4618337296902,0.9784444258913099
3876,559.7872253337147,0.9911009544142433
3877,576.2369269398154,0.9489377181853582
3878,612.998473913643,1.1333735164712178
3879,624.9343089221155,1.0488305584135682
3880,638.2703397612323,0.8452307810609909
3922,530.9179154342052,0.7967688295487143
3923,530.9179154342052,0.7967688295487143
3924,530.9179154342052,0.7967688295487143
3925,530.9179154342052,0.7967688295487143
3926,530.9179154342052,0.7967688295487143
3927,530.9179154342052,0.7967688295487143
3928,530.9179154342052,0.7967688295487143
3929,530.9179154342052,0.7967688295487143
3930,533.7785579894962,0.794865538980993
3931,533.7785579894962,0.794865538980993
3932,533.7785579894962,0.794865538980993
3933,533.7785579894962,0.794865538980993
3934,533.7785579894962,0.794865538980993
3935,533.7785579894962,0.794865538980993
3936,533.7785579894962,0.794865538980993
3937,533.7785579894962,0.794865538980993
3977,765.5013729818754,0.7666031987852526
3978,765.5013729818754,0.7666031987852526
3979,765.5013729818754,0.7666031987852526
3980,765.5013729818754,0.7666031987852526
3981,765.5013729818754,0.7666031987852526
3982,765.5013729818754,0.7666031987852526
3983,765.5013729818754,0.7666031987852526
3985,767.8524189542568,0.6911690011579905
3986,767.8524189542568,0.6911690011579905
3987,767.8524189542568,0.6911690011579905
3988,767.8524189542568,0.6911690011579905
3989,767.8524189542568,0.6911690011579905
3990,767.8524189542568,0.6911690011579905
3991,767.8524189542568,0.6911690011579905
3993,777.2704524360171,0.7631604680357731
3994,777.2704524360171,0.7631604680357731
3995,777.2704524360171,0.7631604680357731
3996,777.2704524360171,0.7631604680357731
3997,777.2704524360171,0.7631604680357731
3998,777.2704524360171,0.7631604680357731
3999,777.2704524360171,0.7631604680357731
4001,780.9157251470546,0.7779403520336359
4002,780.9157251470546,0.7779403520336359
4003,780.9157251470546,0.7779403520336359
4004,780.9157251470546,0.7779403520336359
4005,780.9157251470546,0.7779403520336359
4006,780.9157251470546,0.7779403520336359
4007,780.9157251470546,0.7779403520336359
4031,656.8588326291163,0.765762354557149
4032,685.0066582215043,0.9558714791670493
4037,656.8588326291163,0.765762354557149
4038,685.0066582215043,0.9558714791670493
4138,562.0285191439544,0.7470121338541624
4139,566.4716904011063,0.7643064826679072
4140,561.6973909887446,0.782655262200338
4141,558.1165679499321,0.7528922307309764
4142,549.2081220994577,0.7185322139041647
4143,606.3622847556453,0.9470797981514263
4144,602.5070151604674,0.72508712890637
4145,590.1460038229536,0.7812911520885226
4146,595.4960590764274,0.895724747565274
4183,563.8946352245492,0.9309706707631331
4184,563.8946352245492,0.9309706707631331
4185,563.8946352245492,0.9309706707631331
4186,563.8946352245492,0.9309706707631331
4187,563.8946352245492,0.9309706707631331
4188,563.8946352245492,0.9309706707631331
4189,563.8946352245492,0.9309706707631331
4190,563.8946352245492,0.9309706707631331
4191,563.8946352245492,0.9309706707631331
4192,563.8946352245492,0.9309706707631331
4193,602.7894112551473,0.8923280150092004
4194,602.7894112551473,0.8923280150092004
4195,602.7894112551473,0.8923280150092004
4196,602.7894112551473,0.8923280150092004
4197,602.7894112551473,0.8923280150092004
4198,602.7894112551473,0.8923280150092004
4199,602.7894112551473,0.8923280150092004
4200,602.7894112551473,0.8923280150092004
4201,602.7894112551473,0.8923280150092004
4202,602.7894112551473,0.8923280150092004
4203,588.7651987788928,0.938408171767767
4204,588.7651987788928,0.938408171767767
4205,588.7651987788928,0.938408171767767
4206,588.7651987788928,0.938408171767767
4207,588.7651987788928,0.938408171767767
4208,588.7651987788928,0.938408171767767
4209,588.7651987788928,0.938408171767767
4210,588.7651987788928,0.938408171767767
4211,588.7651987788928,0.938408171767767
4212,588.7651987788928,0.938408171767767
4213,573.5080141210843,0.9086726788757091
4214,573.5080141210843,0.9086726788757091
4215,573.5080141210843,0.9086726788757091
4216,573.5080141210843,0.9086726788757091
4217,573.5080141210843,0.9086726788757091
4218,573.5080141210843,0.9086726788757091
4219,573.5080141210843,0.9086726788757091
4220,573.5080141210843,0.9086726788757091
4221,573.5080141210843,0.9086726788757091
4222,573.5080141210843,0.9086726788757091
4223,551.9415713177547,0.8990080812630737
4224,551.9415713177547,0.8990080812630737
4225,551.9415713177547,0.8990080812630737
4226,551.9415713177547,0.8990080812630737
4227,551.9415713177547,0.8990080812630737
4228,551.9415713177547,0.8990080812630737
4229,551.9415713177547,0.8990080812630737
4230,551.9415713177547,0.8990080812630737
4231,551.9415713177547,0.8990080812630737
4232,551.9415713177547,0.8990080812630737
4233,563.8946352245492,0.9309706707631331
4234,602.7894112551473,0.8923280150092004
4235,588.7651987788928,0.938408171767767
4236,573.5080141210843,0.9086726788757091
4237,551.9415713177547,0.8990080812630737
4238,563.8946352245492,0.9309706707631331
4239,602.7894112551473,0.8923280150092004
4240,588.7651987788928,0.938408171767767
4241,573.5080141210843,0.9086726788757091
4242,551.9415713177547,0.8990080812630737
4355,654.0767938075595,0.9705067857228546
4356,654.0767938075595,0.9705067857228546
4358,654.0767938075595,0.9705067857228546
4359,654.0767938075595,0.9705067857228546
4368,653.685179632881,0.9568388239168366
4374,520.1300301287993,0.7387895090009421
4375,520.1300301287993,0.7387895090009421
4376,520.1300301287993,0.7387895090009421
4377,520.1300301287993,0.7387895090009421
4378,520.1300301287993,0.7387895090009421
4379,520.1300301287993,0.7387895090009421
4380,520.1300301287993,0.7387895090009421
4381,520.1300301287993,0.7387895090009421
4382,520.1300301287993,0.7387895090009421
4383,520.1300301287993,0.7387895090009421
4384,520.1300301287993,0.7387895090009421
4385,520.1300301287993,0.7387895090009421
4431,517.2215200004333,0.7635080125975536
4432,501.2303732788708,0.7334406087786367
4433,515.7073885047985,0.7803732204173824
4434,532.2786734265155,0.9317795576318131
4435,500.36982675927743,0.7328943633951758
4436,526.927184020204,0.758003876452429
4444,699.325818034859,0.5113380323542939
4445,699.325818034859,0.5113380323542939
4447,699.325818034859,0.5113380323542939
4448,699.325818034859,0.5113380323542939
4598,523.8985487964742,0.7998887274788024
4599,540.2320853939957,0.7318715766226179
4600,545.0388618803353,0.7284339941334409
4601,527.4695928761963,0.7731129370997163
4602,531.380381441609,0.7581585625549154
4603,540.8159953547673,0.7042789587556451
4604,521.7553212720718,0.8125340214463173
4605,532.0801099855026,0.734993548159955
4606,541.2418980325273,0.7310597393896643
4607,529.5675234282522,0.7873014508840964
4625,611.0259817038009,0.5583927736066725
4639,494.5963368525479,0.5206616377686879
4647,494.5963368525479,0.5206616377686879
4648,517.302807772989,0.624761531270691
4649,512.9119031342473,0.7433708825701082
4650,512.9119031342473,0.7433708825701082
4651,512.9119031342473,0.7433708825701082
4652,512.9119031342473,0.7433708825701082
4653,512.8803146150879,0.7432893627651538
4654,512.8803146150879,0.7432893627651538
4655,512.8803146150879,0.7432893627651538
4656,512.8803146150879,0.7432893627651538
4657,513.5162388412542,0.7373743425709303
4658,513.5162388412542,0.7373743425709303
4659,513.5162388412542,0.7373743425709303
4660,513.5162388412542,0.7373743425709303
4661,441.89253255124186,0.6619446195897952
4684,593.0570672793276,0.7647794728805041
4685,606.5026729755871,0.7847734398207256
4694,540.3777373207795,1.0651453384637075
4695,540.3777373207795,1.0651453384637075
4696,540.3777373207795,1.0651453384637075
4697,540.3777373207795,1.0651453384637075
4698,540.3777373207795,1.0651453384637075
4699,540.3777373207795,1.0651453384637075
4700,540.3777373207795,1.0651453384637075
4701,524.7568871320003,1.1422851625347987
4702,524.7568871320003,1.1422851625347987
4703,524.7568871320003,1.1422851625347987
4704,524.7568871320003,1.1422851625347987
4705,524.7568871320003,1.1422851625347987
4706,524.7568871320003,1.1422851625347987
4707,524.7568871320003,1.1422851625347987
4708,495.3031000861226,1.005930780943486
4709,733.2344421580591,0.9676893272441373
4716,733.2344421580591,0.9676893272441373
4717,733.2344421580591,0.9676893272441373
4718,733.2344421580591,0.9676893272441373
4719,733.2344421580591,0.9676893272441373
4720,733.2344421580591,0.9676893272441373
4721,733.2344421580591,0.9676893272441373
4722,733.2344421580591,0.9676893272441373
4723,733.2344421580591,0.9676893272441373
4724,733.2344421580591,0.9676893272441373
4727,476.93787105587603,0.48682061577800034
4730,559.6415444698448,0.6933726344251137
4777,585.6698903538818,0.866248742481306
4813,602.5072169846729,0.5803317035435501
4814,602.5072169846729,0.5803317035435501
4815,602.5072169846729,0.5803317035435501
4816,602.5072169846729,0.5803317035435501
4817,602.5072169846729,0.5803317035435501
4820,634.0786607894968,0.7351945612136415
4821,634.0786607894968,0.7351945612136415
4822,634.0786607894968,0.7351945612136415
4823,634.0786607894968,0.7351945612136415
4824,634.0786607894968,0.7351945612136415
4827,657.8034507568201,0.8426855685944042
4828,657.8034507568201,0.8426855685944042
4829,657.8034507568201,0.8426855685944042
4830,657.8034507568201,0.8426855685944042
4831,657.8034507568201,0.8426855685944042
4834,629.8743999925042,0.7395856202448826
4835,629.8743999925042,0.7395856202448826
4836,629.8743999925042,0.7395856202448826
4837,629.8743999925042,0.7395856202448826
4838,629.8743999925042,0.7395856202448826
4841,655.1425759840353,0.7802648520377884
4842,655.1425759840353,0.7802648520377884
4843,655.1425759840353,0.7802648520377884
4844,655.1425759840353,0.7802648520377884
4845,655.1425759840353,0.7802648520377884
4848,644.9578645694196,0.8027630277239032
4849,644.9578645694196,0.8027630277239032
4850,644.9578645694196,0.8027630277239032
4851,644.9578645694196,0.8027630277239032
4852,644.9578645694196,0.8027630277239032
4879,527.4489403055151,0.8293887061449612
4880,527.4489403055151,0.8293887061449612
4882,527.4489403055151,0.8293887061449612
4883,527.4489403055151,0.8293887061449612
4884,527.4489403055151,0.8293887061449612
4887,527.4489403055151,0.8293887061449612
4888,527.4489403055151,0.8293887061449612
4890,559.020626103072,0.9671335804655997
4958,526.2650422452302,0.7812389052765134
4959,520.1746855889841,0.732290430610443
4960,520.1746855889841,0.732290430610443
4961,520.1746855889841,0.732290430610443
4962,520.1746855889841,0.732290430610443
4963,520.1746855889841,0.732290430610443
4964,520.1746855889841,0.732290430610443
4965,520.1746855889841,0.732290430610443
4966,520.1746855889841,0.732290430610443
4967,520.1746855889841,0.732290430610443
4968,520.1746855889841,0.732290430610443
4969,520.1746855889841,0.732290430610443
4970,520.1746855889841,0.732290430610443
4971,520.1746855889841,0.732290430610443
4972,520.1746855889841,0.732290430610443
4973,538.298053105854,0.8611224246796831
4975,538.298053105854,0.8611224246796831
4976,538.298053105854,0.8611224246796831
4977,538.298053105854,0.8611224246796831
4980,538.298053105854,0.8611224246796831
4982,538.298053105854,0.8611224246796831
4996,548.5844413132116,0.9962188200897517
4997,563.8349832830836,1.0208289336948209
4998,559.2692896168749,1.0275835243963156
4999,530.5585041958312,0.8662681779222285
5000,491.32987837324947,0.7128478170051452
5001,548.5844413132116,0.9962188200897517
5002,563.8349832830836,1.0208289336948209
5003,559.2692896168749,1.0275835243963156
5004,530.5585041958312,0.8662681779222285
5005,491.32987837324947,0.7128478170051452
5040,543.243721946366,0.9729404236597443
5043,543.243721946366,0.9729404236597443
5046,543.243721946366,0.9729404236597443
5074,681.898855770575,0.6709987594267378
5143,656.5351198331342,0.6807370910037828
5211,649.3841061000282,0.7486827254599133
5280,545.0485136417205,0.721218281349521
5281,545.0485136417205,0.721218281349521
5282,545.0485136417205,0.721218281349521
5283,545.0485136417205,0.721218281349521
5284,545.0485136417205,0.721218281349521
5285,545.0485136417205,0.721218281349521
5286,545.0485136417205,0.721218281349521
5287,545.0485136417205,0.721218281349521
5288,545.0485136417205,0.721218281349521
5289,545.0485136417205,0.721218281349521
5290,545.0485136417205,0.721218281349521
5291,545.0485136417205,0.721218281349521
5292,545.0485136417205,0.721218281349521
5293,545.0485136417205,0.721218281349521
5294,545.0485136417205,0.721218281349521
5358,591.8086930827191,0.704572901378662
5359,591.8086930827191,0.704572901378662
5360,591.8086930827191,0.704572901378662
5361,591.8086930827191,0.704572901378662
5362,591.8086930827191,0.704572901378662
5363,591.8086930827191,0.704572901378662
5364,591.8086930827191,0.704572901378662
5365,591.8086930827191,0.704572901378662
5366,591.8086930827191,0.704572901378662
5367,591.8086930827191,0.704572901378662
5368,601.7980437789904,0.4775126592126446
5369,601.7980437789904,0.4775126592126446
5370,601.7980437789904,0.4775126592126446
5371,601.7980437789904,0.4775126592126446
5372,601.7980437789904,0.4775126592126446
5373,601.7980437789904,0.4775126592126446
5449,615.9024339685491,0.6395755281087728
5450,615.9024339685491,0.6395755281087728
5451,615.9024339685491,0.6395755281087728
5452,615.9024339685491,0.6395755281087728
5453,615.9024339685491,0.6395755281087728
5454,615.9024339685491,0.6395755281087728
5455,615.9024339685491,0.6395755281087728
5456,615.9024339685491,0.6395755281087728
5457,615.9024339685491,0.6395755281087728
5458,615.9024339685491,0.6395755281087728
5459,615.9024339685491,0.6395755281087728
5460,615.9024339685491,0.6395755281087728
5461,615.9024339685491,0.6395755281087728
5462,615.9024339685491,0.6395755281087728
5463,715.201101934244,0.6099227650061017
5464,715.201101934244,0.6099227650061017
5465,715.201101934244,0.6099227650061017
5466,715.201101934244,0.6099227650061017
5467,715.201101934244,0.6099227650061017
5468,715.201101934244,0.6099227650061017
5469,715.201101934244,0.6099227650061017
5470,715.201101934244,0.6099227650061017
5471,715.201101934244,0.6099227650061017
5472,715.201101934244,0.6099227650061017
5473,715.201101934244,0.6099227650061017
5474,715.201101934244,0.6099227650061017
5475,715.201101934244,0.6099227650061017
5476,715.201101934244,0.6099227650061017
5515,498.96876810164144,0.4490234888161438
5577,509.7701934919892,0.9078514297303516
5578,509.7701934919892,0.9078514297303516
5579,509.7701934919892,0.9078514297303516
5599,742.0104863712337,0.8052351828220509
5600,738.9876657372465,0.7680111120253736
5601,679.5122140461444,0.8601898558664537
5602,757.3402699725987,0.7982805494110556
5603,728.054187006596,0.8034801315516635
5604,686.8567655691886,0.8562880496577843
5605,735.8909771924725,0.8078265018611999
5606,749.3799502421205,0.7766042333926685
5607,696.8375980910099,0.8645196430385805
5608,698.0198461506993,0.8367162897540383
5609,742.0104863712337,0.8052351828220509
5610,738.9876657372465,0.7680111120253736
5611,679.5122140461444,0.8601898558664537
5612,757.3402699725987,0.7982805494110556
5613,728.054187006596,0.8034801315516635
5614,686.8567655691886,0.8562880496577843
5615,735.8909771924725,0.8078265018611999
5616,749.3799502421205,0.7766042333926685
5617,696.8375980910099,0.8645196430385805
5618,698.0198461506993,0.8367162897540383
5619,742.0104863712337,0.8052351828220509
5620,738.9876657372465,0.7680111120253736
5621,679.5122140461444,0.8601898558664537
5622,757.3402699725987,0.7982805494110556
5623,728.054187006596,0.8034801315516635
5624,686.8567655691886,0.8562880496577843
5625,735.8909771924725,0.8078265018611999
5626,749.3799502421205,0.7766042333926685
5627,696.8375980910099,0.8645196430385805
5628,698.0198461506993,0.8367162897540383
5629,742.0104863712337,0.8052351828220509
5630,738.9876657372465,0.7680111120253736
5631,679.5122140461444,0.8601898558664537
5632,757.3402699725987,0.7982805494110556
5633,728.054187006596,0.8034801315516635
5634,686.8567655691886,0.8562880496577843
5635,735.8909771924725,0.8078265018611999
5636,749.3799502421205,0.7766042333926685
5637,696.8375980910099,0.8645196430385805
5638,698.0198461506993,0.8367162897540383
5662,593.3438947733403,0.9223514823967701
5663,526.3351137697035,0.7340166021619813
5664,1133.5632510957735,1.0003692280594119
5665,1135.1313307073676,1.0003692280594119
5672,779.1000749929563,0.8907815140623498
5673,779.5041141820365,0.8871984437150808
5678,768.872816890603,0.7690952547021721
5682,782.9070172093316,0.8219740804708862
5684,781.0010006220741,0.8468277602902083
5685,783.6780809982524,0.8575472952485702
5686,786.5098884654369,0.9029355808755322
5687,765.3691615795628,0.9295920181183672
5689,783.1466742387744,0.8313036980052937
5691,787.8690438091534,0.8842809739993249
5693,770.5011931086669,0.8292099921409531
5694,739.3742218030238,0.8441660925278072
5697,754.136271315326,0.7588424923870879
5699,747.3127126756166,0.8129037295554751
5700,820.5402945427801,0.9245776100200396
5701,760.9693980415095,0.7760214762083859
5702,711.1171078627597,0.8650175629576156
5743,604.3539243598523,0.6136033423386155
5745,604.3539243598523,0.6136033423386155
5746,604.3539243598523,0.6136033423386155
5747,604.3539243598523,0.6136033423386155
5748,604.3539243598523,0.6136033423386155
5749,604.3539243598523,0.6136033423386155
5750,604.3539243598523,0.6136033423386155
5751,604.3539243598523,0.6136033423386155
5752,604.3539243598523,0.6136033423386155
5753,604.3539243598523,0.6136033423386155
5754,604.3539243598523,0.6136033423386155
5756,604.3539243598523,0.6136033423386155
5757,604.3539243598523,0.6136033423386155
5758,604.3539243598523,0.6136033423386155
5759,604.3539243598523,0.6136033423386155
5760,604.3539243598523,0.6136033423386155
5761,604.3539243598523,0.6136033423386155
5762,604.3539243598523,0.6136033423386155
5763,604.3539243598523,0.6136033423386155
5764,617.3484117412479,0.9352423175729502
5765,617.3484117412479,0.9352423175729502
5766,617.3484117412479,0.9352423175729502
5767,617.3484117412479,0.9352423175729502
5768,617.3484117412479,0.9352423175729502
5769,617.3484117412479,0.9352423175729502
5770,617.3484117412479,0.9352423175729502
5783,563.0638022757602,0.49459947118219466
5785,563.0638022757602,0.49459947118219466
5787,563.0638022757602,0.49459947118219466
5788,563.0638022757602,0.49459947118219466
5790,621.4302607860309,0.7972773024507296
5792,621.4302607860309,0.7972773024507296
5794,621.4302607860309,0.7972773024507296
5795,621.4302607860309,0.7972773024507296
5797,557.8529525603965,0.7572300061379582
5799,557.8529525603965,0.7572300061379582
5801,557.8529525603965,0.7572300061379582
5803,570.3372724669789,0.7905330013221528
5805,570.3372724669789,0.7905330013221528
5807,570.3372724669789,0.7905330013221528
5857,451.9970648466882,0.6567980739822883
5858,451.9970648466882,0.6567980739822883
5859,451.9970648466882,0.6567980739822883
5860,451.9970648466882,0.6567980739822883
5861,451.9970648466882,0.6567980739822883
5862,451.9970648466882,0.6567980739822883
5863,451.9970648466882,0.6567980739822883
5864,451.9970648466882,0.6567980739822883
5875,486.332924892547,0.6242815257058588
5876,486.332924892547,0.6242815257058588
5877,486.332924892547,0.6242815257058588
5878,486.332924892547,0.6242815257058588
5879,486.332924892547,0.6242815257058588
5880,486.332924892547,0.6242815257058588
5881,486.332924892547,0.6242815257058588
5882,486.332924892547,0.6242815257058588
5883,486.332924892547,0.6242815257058588
5884,486.332924892547,0.6242815257058588
5892,666.170645295482,0.6676113572149093
5893,666.170645295482,0.6676113572149093
5894,666.170645295482,0.6676113572149093
5895,666.170645295482,0.6676113572149093
5896,666.170645295482,0.6676113572149093
5897,666.170645295482,0.6676113572149093
5911,675.0657650296255,0.9584725667906384
5933,606.1861656438077,0.6502717713404739
5934,606.1861656438077,0.6502717713404739
5935,606.1861656438077,0.6502717713404739
5936,606.1861656438077,0.6502717713404739
5937,606.1861656438077,0.6502717713404739
5938,606.1861656438077,0.6502717713404739
5939,606.1861656438077,0.6502717713404739
5940,606.1861656438077,0.6502717713404739
5941,606.1861656438077,0.6502717713404739
5942,606.1861656438077,0.6502717713404739
5943,606.1861656438077,0.6502717713404739
5944,606.1861656438077,0.6502717713404739
5945,606.1861656438077,0.6502717713404739
5946,709.0589806205664,0.8583330346430195
5947,709.0589806205664,0.8583330346430195
5948,709.0589806205664,0.8583330346430195
5949,709.0589806205664,0.8583330346430195
5950,709.0589806205664,0.8583330346430195
5951,709.0589806205664,0.8583330346430195
5952,709.0589806205664,0.8583330346430195
5953,709.0589806205664,0.8583330346430195
5954,709.0589806205664,0.8583330346430195
5955,709.0589806205664,0.8583330346430195
5956,709.0589806205664,0.8583330346430195
5957,712.7977522171449,0.8746339015834592
5958,712.7977522171449,0.8746339015834592
5959,712.7977522171449,0.8746339015834592
5960,712.7977522171449,0.8746339015834592
5961,712.7977522171449,0.8746339015834592
5962,712.7977522171449,0.8746339015834592
5963,712.7977522171449,0.8746339015834592
5964,712.7977522171449,0.8746339015834592
5965,712.7977522171449,0.8746339015834592
5966,712.7977522171449,0.8746339015834592
5967,712.7977522171449,0.8746339015834592
5968,705.1141972663193,0.9646856950002993
5969,705.1141972663193,0.9646856950002993
5970,705.1141972663193,0.9646856950002993
5971,705.1141972663193,0.9646856950002993
5972,705.1141972663193,0.9646856950002993
5973,705.1141972663193,0.9646856950002993
5974,705.1141972663193,0.9646856950002993
5975,705.1141972663193,0.9646856950002993
5976,705.1141972663193,0.9646856950002993
5977,705.1141972663193,0.9646856950002993
5978,705.1141972663193,0.9646856950002993
6040,628.3176998721473,0.9169223374136952
6041,628.3176998721473,0.9169223374136952
6042,628.3176998721473,0.9169223374136952
6043,628.3176998721473,0.9169223374136952
6044,628.3176998721473,0.9169223374136952
6045,628.3176998721473,0.9169223374136952
6046,870.8748886559373,1.0001014455487005
6047,870.8748886559373,1.0001014455487005
6048,870.8748886559373,1.0001014455487005
6049,870.8748886559373,1.0001014455487005
6050,870.8748886559373,1.0001014455487005
6051,870.8748886559373,1.0001014455487005
6052,870.8748886559373,1.0001014455487005
6053,870.8748886559373,1.0001014455487005
6054,870.8748886559373,1.0001014455487005
6055,870.8748886559373,1.0001014455487005
6056,870.8748886559373,1.0001014455487005
6057,870.8748886559373,1.0001014455487005
6058,870.8748886559373,1.0001014455487005
6059,870.8748886559373,1.0001014455487005
6060,870.8748886559373,1.0001014455487005
6061,870.8748886559373,1.0001014455487005
6062,870.8748886559373,1.0001014455487005
6063,870.8748886559373,1.0001014455487005
6064,870.8748886559373,1.0001014455487005
6065,870.8748886559373,1.0001014455487005
6066,870.8748886559373,1.0001014455487005
6067,870.8748886559373,1.0001014455487005
6121,710.1797288723409,0.9137049476170906
6123,717.690442675113,0.9114563018991145
6125,731.5992985509688,0.9166609390114617
6127,675.6639094968449,0.948159516158506
6206,596.1483458565831,1.1078521539728858
6207,622.552787434695,1.1229964558018846
6208,610.7864201875049,1.140129719867062
6209,644.781116569993,1.13683889648128
6210,596.1483458565831,1.1078521539728858
6211,622.552787434695,1.1229964558018846
6212,610.7864201875049,1.140129719867062
6213,644.781116569993,1.13683889648128
6214,582.1239198397441,0.9630043624491982
6215,582.1752445501531,0.9908755084508951
6216,582.1239198397441,0.9630043624491982
6217,582.1752445501531,0.9908755084508951
6218,537.1158409564011,1.1960119096348827
6219,548.1961134273373,1.1694219982021798
6220,538.7701098876595,1.082724982621188
6221,550.3942874674449,1.1711162021506984
6222,537.1158409564011,1.1960119096348827
6223,548.1961134273373,1.1694219982021798
6224,538.7701098876595,1.082724982621188
6225,550.3942874674449,1.1711162021506984
6226,537.1158409564011,1.1960119096348827
6227,548.1961134273373,1.1694219982021798
6228,538.7701098876595,1.082724982621188
6229,550.3942874674449,1.1711162021506984
6230,537.1158409564011,1.1960119096348827
6231,548.1961134273373,1.1694219982021798
6232,538.7701098876595,1.082724982621188
6233,550.3942874674449,1.1711162021506984
6248,594.0715083675416,0.8498334372117716
6249,590.010044995913,0.8428810313231738
6259,520.5507579005098,0.8410360835917254
6260,566.174138177458,0.8259610953999384
6261,520.5507579005098,0.8410360835917254
6262,566.174138177458,0.8259610953999384
6263,520.5507579005098,0.8410360835917254
6264,566.174138177458,0.8259610953999384
6265,520.5507579005098,0.8410360835917254
6266,566.174138177458,0.8259610953999384
6267,520.5507579005098,0.8410360835917254
6268,566.174138177458,0.8259610953999384
6270,593.9097389170541,0.9735858948989868
6271,607.5728905045412,0.9616474582003028
6272,665.5477334364083,0.9605938800235828
6273,605.9968655792205,1.0002174093251015
6278,569.5839390866279,0.9594227595985909
6279,594.3511765526584,1.071187966152978
6280,569.5839390866279,0.9594227595985909
6281,594.3511765526584,1.071187966152978
6282,589.5894010804938,0.8513229170992054
6283,611.068110021818,0.8917418699451238
6284,589.5894010804938,0.8513229170992054
6285,611.068110021818,0.8917418699451238
6286,642.5006649040785,0.8656930005780774
6287,619.7964098841713,0.9207294126083052
6288,618.2222666178096,1.1293617364202158
6289,615.4274792576887,1.1351765531288103
6290,615.0265494884288,1.1335283491324855
6291,614.976363357373,1.13499615092403
6292,617.5641624345573,1.1343846653540266
6293,594.4262147977217,1.1245277696067761
6294,618.2222666178096,1.1293617364202158
6295,615.4274792576887,1.1351765531288103
6296,615.0265494884288,1.1335283491324855
6297,614.976363357373,1.13499615092403
6298,617.5641624345573,1.1343846653540266
6299,594.4262147977217,1.1245277696067761
6306,592.5068736178863,1.171309226010925
6307,591.7946583677422,1.2403307266318735
6308,637.6582564444461,1.0017546735755365
6309,628.5470124727163,1.13656598077953
6310,679.7606653498265,1.0944810650555472
6311,657.2463383484187,1.1974918205554752
6312,592.5068736178863,1.171309226010925
6313,591.7946583677422,1.2403307266318735
6314,637.6582564444461,1.0017546735755365
6315,628.5470124727163,1.13656598077953
6316,679.7606653498265,1.0944810650555472
6317,657.2463383484187,1.1974918205554752
6318,592.5068736178863,1.171309226010925
6319,591.7946583677422,1.2403307266318735
6320,637.6582564444461,1.0017546735755365
6321,628.5470124727163,1.13656598077953
6351,555.4617398775771,0.9000217076435786
6352,638.0936673580736,1.0454548515366215
6353,555.4617398775771,0.9000217076435786
6354,638.0936673580736,1.0454548515366215
6355,555.4617398775771,0.9000217076435786
6356,555.4617398775771,0.9000217076435786
6357,555.4617398775771,0.9000217076435786
6358,555.4617398775771,0.9000217076435786
6359,555.4617398775771,0.9000217076435786
6360,555.4617398775771,0.9000217076435786
6361,555.4617398775771,0.9000217076435786
6362,555.4617398775771,0.9000217076435786
6363,555.4617398775771,0.9000217076435786
6364,555.4617398775771,0.9000217076435786
6365,555.4617398775771,0.9000217076435786
6366,555.4617398775771,0.9000217076435786
6367,555.4617398775771,0.9000217076435786
6368,638.0936673580736,1.0454548515366215
6369,638.0936673580736,1.0454548515366215
6370,638.0936673580736,1.0454548515366215
6371,638.0936673580736,1.0454548515366215
6372,638.0936673580736,1.0454548515366215
6373,638.0936673580736,1.0454548515366215
6374,638.0936673580736,1.0454548515366215
6375,638.0936673580736,1.0454548515366215
6376,638.0936673580736,1.0454548515366215
6377,638.0936673580736,1.0454548515366215
6378,638.0936673580736,1.0454548515366215
6379,638.0936673580736,1.0454548515366215
6380,640.3512777028504,1.0213968617092295
6381,640.3512777028504,1.0213968617092295
6382,640.3512777028504,1.0213968617092295
6383,640.3512777028504,1.0213968617092295
6384,640.3512777028504,1.0213968617092295
6385,640.3512777028504,1.0213968617092295
6401,555.0430789047291,0.856952426804408
6402,555.0430789047291,0.856952426804408
6403,555.0430789047291,0.856952426804408
6404,555.0430789047291,0.856952426804408
6405,555.0430789047291,0.856952426804408
6406,555.0430789047291,0.856952426804408
6407,550.0815245477919,0.867704210174606
6408,550.0815245477919,0.867704210174606
6409,550.0815245477919,0.867704210174606
6410,550.0815245477919,0.867704210174606
6411,550.0815245477919,0.867704210174606
6412,550.0815245477919,0.867704210174606
6416,574.7656146777098,1.0118991815462777
6417,574.7656146777098,1.0118991815462777
6418,574.7656146777098,1.0118991815462777
6419,574.7656146777098,1.0118991815462777
6421,570.6185647091402,0.9676597534686784
6422,570.6185647091402,0.9676597534686784
6423,570.6185647091402,0.9676597534686784
6424,570.6185647091402,0.9676597534686784
6426,670.901970847165,1.0794088862388171
6427,670.901970847165,1.0794088862388171
6428,670.901970847165,1.0794088862388171
6429,670.901970847165,1.0794088862388171
6430,574.7656146777098,1.0118991815462777
6431,570.6185647091402,0.9676597534686784
6432,670.901970847165,1.0794088862388171
6440,561.5708568214299,0.6421386284340695
6445,576.0532173316672,0.5636083567667476
6446,609.9917017059671,0.8372762205146971
6447,659.8502555152734,0.8872322850035153
6448,651.746199117963,1.1974881166868976
6459,555.0059665012714,1.00895263922534
6460,555.0059665012714,1.00895263922534
6461,555.0059665012714,1.00895263922534
6462,564.7878426146957,1.0203392645156506
6463,564.7878426146957,1.0203392645156506
6464,564.7878426146957,1.0203392645156506
6465,593.573560326926,0.915455324866179
6466,593.573560326926,0.915455324866179
6467,593.573560326926,0.915455324866179
6468,649.846840884728,0.8903259792214928
6469,649.846840884728,0.8903259792214928
6470,649.846840884728,0.8903259792214928
6476,535.2364197843956,1.0752640479202211
6477,607.294081992285,1.1342300466376956
6478,565.4231680592164,1.167743678100984
6479,533.9756033980501,1.1528229058474395
6480,566.5138949523191,1.1131085500348745
6481,529.2028825684799,0.8191332025751643
6482,566.5138949523191,1.1131085500348745
6483,529.2028825684799,0.8191332025751643
6487,665.1776689203746,0.652776793764539
6500,644.1133743362004,1.161028932283823
6501,651.4266640535423,1.047202001033721
6502,644.1133743362004,1.161028932283823
6503,651.4266640535423,1.047202001033721
6504,520.4393688223672,0.780753666689809
6505,569.9561742531001,1.014174938959375
6506,661.9161682777512,0.9947979586090365
6507,612.343636600764,0.9648475273663268
6508,548.450814083414,0.9168450422117338
6509,548.450814083414,0.9168450422117338
6510,520.4393688223672,0.780753666689809
6511,569.9561742531001,1.014174938959375
6512,661.9161682777512,0.9947979586090365
6513,612.343636600764,0.9648475273663268
6526,645.3397640821632,1.0835377126703523
6536,506.606956002242,1.114304650640318
6537,511.38564724595074,1.1131957796739615
6538,506.37559281462694,1.1125788913779417
6539,511.2564373667151,1.113666433098087
6540,671.3416235007712,1.0107944822067414
6541,600.2482366451462,0.932892965955646
6542,667.3459366430245,1.0261603647353323
6543,657.6665426464829,1.0041061012727377
6548,585.727618353034,0.9727349034327384
6549,612.5522640494992,0.9962855246168278
6550,585.727618353034,0.9727349034327384
6551,612.5522640494992,0.9962855246168278
6552,539.1264594365267,1.1088878034047551
6553,566.4230497245696,0.8933239022693917
6554,611.7059557577089,1.0339199583788665
6555,539.1264594365267,1.1088878034047551
6556,566.4230497245696,0.8933239022693917
6557,611.7059557577089,1.0339199583788665
6558,539.1264594365267,1.1088878034047551
6559,566.4230497245696,0.8933239022693917
6560,611.7059557577089,1.0339199583788665
6561,539.1264594365267,1.1088878034047551
6562,566.4230497245696,0.8933239022693917
6563,611.7059557577089,1.0339199583788665
6564,519.0312444397352,0.9939513281402577
6565,569.4979551134832,1.0208354526218981
6566,554.8278159515304,1.042938684925796
6567,519.0312444397352,0.9939513281402577
6568,569.4979551134832,1.0208354526218981
6569,554.8278159515304,1.042938684925796
6571,594.1348248650501,0.74709313965609
6590,603.8333604789634,1.0609703535539616
6591,603.8333604789634,1.0609703535539616
6614,525.7079279244092,1.0827102782113758
6621,622.2982926012196,1.015909673558663
6622,622.2982926012196,1.015909673558663
6623,622.2982926012196,1.015909673558663
6624,622.2982926012196,1.015909673558663
6625,569.6674629049917,1.1196029573768056
6627,569.6674629049917,1.1196029573768056
6628,569.6674629049917,1.1196029573768056
6629,569.6674629049917,1.1196029573768056
6630,577.5709437025688,1.1037200561145655
6632,577.5709437025688,1.1037200561145655
6633,577.5709437025688,1.1037200561145655
6634,577.5709437025688,1.1037200561145655
6635,547.6576282983688,0.941600501734298
6636,600.6285439544242,1.020350419964316
6637,622.1256585009879,1.122977866172166
6638,634.9848244472746,1.1807267191809028
6639,523.6682895731135,1.2008410703589734
6640,547.6576282983688,0.941600501734298
6641,600.6285439544242,1.020350419964316
6642,622.1256585009879,1.122977866172166
6643,634.9848244472746,1.1807267191809028
6644,523.6682895731135,1.2008410703589734
6645,547.6576282983688,0.941600501734298
6646,600.6285439544242,1.020350419964316
6647,622.1256585009879,1.122977866172166
6648,634.9848244472746,1.1807267191809028
6649,523.6682895731135,1.2008410703589734
6650,547.6576282983688,0.941600501734298
6651,600.6285439544242,1.020350419964316
6652,622.1256585009879,1.122977866172166
6653,634.9848244472746,1.1807267191809028
6654,523.6682895731135,1.2008410703589734
6655,547.6576282983688,0.941600501734298
6656,600.6285439544242,1.020350419964316
6657,622.1256585009879,1.122977866172166
6658,634.9848244472746,1.1807267191809028
6659,523.6682895731135,1.2008410703589734
6662,552.48613409738,0.8083709306152405
6663,552.48613409738,0.8083709306152405
6664,552.48613409738,0.8083709306152405
6665,552.48613409738,0.8083709306152405
6666,552.48613409738,0.8083709306152405
6667,548.4689789368772,0.9483777742642886
6668,548.4689789368772,0.9483777742642886
6669,548.4689789368772,0.9483777742642886
6670,548.4689789368772,0.9483777742642886
6671,548.4689789368772,0.9483777742642886
6672,614.7502079689929,0.751376144282855
6673,614.7502079689929,0.751376144282855
6674,614.7502079689929,0.751376144282855
6675,614.7502079689929,0.751376144282855
6676,614.7502079689929,0.751376144282855
6677,631.1028750783136,0.955373082007504
6678,631.1028750783136,0.955373082007504
6679,631.1028750783136,0.955373082007504
6680,631.1028750783136,0.955373082007504
6681,631.1028750783136,0.955373082007504
6682,552.48613409738,0.8083709306152405
6683,548.4689789368772,0.9483777742642886
6684,614.7502079689929,0.751376144282855
6685,631.1028750783136,0.955373082007504
6686,552.48613409738,0.8083709306152405
6687,548.4689789368772,0.9483777742642886
6688,614.7502079689929,0.751376144282855
6689,631.1028750783136,0.955373082007504
6704,641.165028870221,0.9849959899460183
6705,684.2437571690907,0.9775482772088839
6706,647.3219257774376,1.0059855224946346
6707,641.165028870221,0.9849959899460183
6708,684.2437571690907,0.9775482772088839
6709,647.3219257774376,1.0059855224946346
6713,522.6529520202312,1.2168241564098181
6714,522.6529520202312,1.2168241564098181
6716,522.6529520202312,1.2168241564098181
6717,522.8367055515519,1.2154385447403775
6718,522.8367055515519,1.2154385447403775
6720,522.8367055515519,1.2154385447403775
6729,560.3624784879551,0.8500499343209358
6731,560.3624784879551,0.8500499343209358
6732,497.80639312364895,0.7513906257318503
6733,497.80639312364895,0.7513906257318503
6738,609.4800924246298,1.096282452511581
6739,558.3012918033514,1.2104437538241062
6740,561.8551302236591,0.9712400572193067
6741,609.4800924246298,1.096282452511581
6742,558.3012918033514,1.2104437538241062
6743,561.8551302236591,0.9712400572193067
6747,530.0133619995611,1.080893604297979
6748,512.1740141788603,1.0979014379802714
6749,530.0133619995611,1.080893604297979
6750,512.1740141788603,1.0979014379802714
6751,524.1757998388209,0.9538725568814337
6752,524.1757998388209,0.9538725568814337
6753,524.1757998388209,0.9538725568814337
6754,524.1757998388209,0.9538725568814337
6755,524.1757998388209,0.9538725568814337
6756,524.1757998388209,0.9538725568814337
6757,524.1757998388209,0.9538725568814337
6758,513.9775465292417,0.9276598852484983
6759,513.9775465292417,0.9276598852484983
6760,513.9775465292417,0.9276598852484983
6761,513.9775465292417,0.9276598852484983
6762,513.9775465292417,0.9276598852484983
6763,513.9775465292417,0.9276598852484983
6764,513.9775465292417,0.9276598852484983
6765,548.2995622245944,0.8497338137192887
6766,548.2995622245944,0.8497338137192887
6767,548.2995622245944,0.8497338137192887
6768,548.2995622245944,0.8497338137192887
6769,548.2995622245944,0.8497338137192887
6770,548.2995622245944,0.8497338137192887
6771,548.2995622245944,0.8497338137192887
6779,518.8498436868194,1.1601976726666985
6780,491.23445867267606,1.1904067328690062
6781,561.3858711548019,1.138479663403417
6782,493.94477233608467,1.0077971704215951
6783,563.4780351201978,1.1367396892454078
6784,492.69766270045295,0.9912532386262982
6785,488.99072745339123,0.9480166948911029
6786,566.5426171729621,0.9057601345730891
6788,566.5426171729621,0.9057601345730891
6789,566.5426171729621,0.9057601345730891
6790,578.9603600704769,0.959677638850603
6792,578.9603600704769,0.959677638850603
6793,578.9603600704769,0.959677638850603
6794,566.5426171729621,0.9057601345730891
6795,578.9603600704769,0.959677638850603
6798,503.8697308823295,1.1383716532492538
6800,503.8697308823295,1.1383716532492538
6801,503.8697308823295,1.1383716532492538
6802,503.8697308823295,1.1383716532492538
6803,503.8697308823295,1.1383716532492538
6804,498.40959031021873,1.1166979042505067
6806,498.40959031021873,1.1166979042505067
6807,498.40959031021873,1.1166979042505067
6808,498.40959031021873,1.1166979042505067
6809,498.40959031021873,1.1166979042505067
6851,579.0023221656913,0.6132362622653841
6856,579.0023221656913,0.6132362622653841
6877,533.6593764573746,0.9415949119621319
6878,533.6593764573746,0.9415949119621319
6880,533.6593764573746,0.9415949119621319
6881,533.6593764573746,0.9415949119621319
6882,533.6593764573746,0.9415949119621319
6886,592.5900720597484,0.9029009143489466
6887,592.5900720597484,0.9029009143489466
6888,592.5900720597484,0.9029009143489466
6890,592.5900720597484,0.9029009143489466
6891,592.5900720597484,0.9029009143489466
6893,592.5900720597484,0.9029009143489466
6896,628.4167042770747,0.8516132855091665
6897,628.4167042770747,0.8516132855091665
6898,628.4167042770747,0.8516132855091665
6900,628.4167042770747,0.8516132855091665
6901,628.4167042770747,0.8516132855091665
6903,628.4167042770747,0.8516132855091665
6904,628.4167042770747,0.8516132855091665
6938,473.48286062915184,1.034727727744817
6939,473.48286062915184,1.034727727744817
6940,473.48286062915184,1.034727727744817
6941,473.48286062915184,1.034727727744817
6942,565.9265924085452,1.2435880074330155
6943,565.9265924085452,1.2435880074330155
6944,565.9265924085452,1.2435880074330155
6945,565.9265924085452,1.2435880074330155
6946,508.97552328074886,1.2043234492332093
6947,508.97552328074886,1.2043234492332093
6948,508.97552328074886,1.2043234492332093
6949,508.97552328074886,1.2043234492332093
6950,599.7805306855612,1.235741419586132
6951,599.7805306855612,1.235741419586132
6952,599.7805306855612,1.235741419586132
6953,599.7805306855612,1.235741419586132
6958,551.9394063876405,0.8341927025137987
6959,556.8784025813067,0.8374160918315082
6960,506.5770543733165,1.0521047469524876
6961,524.9417792482222,1.040877305404684
6962,521.8946356211652,1.0908272603970544
6963,506.5770543733165,1.0521047469524876
6964,524.9417792482222,1.040877305404684
6965,521.8946356211652,1.0908272603970544
6990,583.8444257109787,0.8527957889826657
7008,508.0040698488007,0.8571158876389725
7009,508.0040698488007,0.8571158876389725
7011,608.4199613274941,1.04740327801158
7012,608.4199613274941,1.04740327801158
7013,508.0040698488007,0.8571158876389725
7014,608.4199613274941,1.04740327801158
7028,618.5318363118437,0.8498926544228391
7029,618.5318363118437,0.8498926544228391
7030,618.5318363118437,0.8498926544228391
7031,618.5318363118437,0.8498926544228391
7032,618.5318363118437,0.8498926544228391
7033,618.5318363118437,0.8498926544228391
7034,618.5318363118437,0.8498926544228391
7035,618.5318363118437,0.8498926544228391
7036,618.5318363118437,0.8498926544228391
7037,618.5318363118437,0.8498926544228391
7038,548.6897747066844,1.0106786475494762
7039,548.6897747066844,1.0106786475494762
7040,548.6897747066844,1.0106786475494762
7041,548.6897747066844,1.0106786475494762
7042,548.6897747066844,1.0106786475494762
7043,548.6897747066844,1.0106786475494762
7045,548.6897747066844,1.0106786475494762
7046,548.6897747066844,1.0106786475494762
7047,548.6897747066844,1.0106786475494762
7048,548.6897747066844,1.0106786475494762
7050,600.7632374040516,0.9127070414090919
7051,600.7632374040516,0.9127070414090919
7052,600.7632374040516,0.9127070414090919
7053,600.7632374040516,0.9127070414090919
7054,600.7632374040516,0.9127070414090919
7055,600.7632374040516,0.9127070414090919
7056,600.7632374040516,0.9127070414090919
7058,600.7632374040516,0.9127070414090919
7059,600.7632374040516,0.9127070414090919
7060,600.7632374040516,0.9127070414090919
7061,556.9253581069732,1.120001697293532
7062,556.9253581069732,1.120001697293532
7063,556.9253581069732,1.120001697293532
7064,556.9253581069732,1.120001697293532
7065,556.9253581069732,1.120001697293532
7066,556.9253581069732,1.120001697293532
7067,556.9253581069732,1.120001697293532
7069,556.9253581069732,1.120001697293532
7070,556.9253581069732,1.120001697293532
7071,556.9253581069732,1.120001697293532
7072,543.1654349409002,1.1105632535491914
7073,543.1654349409002,1.1105632535491914
7074,543.1654349409002,1.1105632535491914
7075,543.1654349409002,1.1105632535491914
7076,543.1654349409002,1.1105632535491914
7077,543.1654349409002,1.1105632535491914
7078,543.1654349409002,1.1105632535491914
7079,543.1654349409002,1.1105632535491914
7081,543.1654349409002,1.1105632535491914
7082,543.1654349409002,1.1105632535491914
7103,553.13803969536,1.0787850880940668
7104,586.8421574711009,1.1213620104408513
7105,564.523682631488,0.9419632364085859
7106,608.2349567080155,1.031488076155589
7107,553.13803969536,1.0787850880940668
7108,586.8421574711009,1.1213620104408513
7109,564.523682631488,0.9419632364085859
7110,608.2349567080155,1.031488076155589
7124,666.5403494361725,0.5990632509594764
7133,522.694899160734,0.890332899600695
7134,604.9041009736836,0.9023035702196918
7136,480.4525309936875,0.8566943190243714
7141,460.3237742566474,0.9318876189796198
7144,526.4620019848685,0.997976079923187
7280,644.6776183891944,0.8932728622052027
7289,656.2235083758012,0.9492195616917153
7290,656.2235083758012,0.9492195616917153
7291,656.2235083758012,0.9492195616917153
7292,656.2235083758012,0.9492195616917153
7293,656.2235083758012,0.9492195616917153
7294,656.2235083758012,0.9492195616917153
7295,656.2235083758012,0.9492195616917153
7296,656.2235083758012,0.9492195616917153
7297,656.2235083758012,0.9492195616917153
7298,656.2235083758012,0.9492195616917153
7321,637.1027996665134,0.9136319875921972
7322,637.1027996665134,0.9136319875921972
7345,553.8844889185299,0.884871237149568
7346,553.8844889185299,0.884871237149568
7347,553.8844889185299,0.884871237149568
7348,553.8844889185299,0.884871237149568
7349,553.8844889185299,0.884871237149568
7350,553.8844889185299,0.884871237149568
7351,553.8844889185299,0.884871237149568
7352,553.8844889185299,0.884871237149568
7353,553.8844889185299,0.884871237149568
7354,553.8844889185299,0.884871237149568
7355,553.8844889185299,0.884871237149568
7356,553.8844889185299,0.884871237149568
7357,553.8844889185299,0.884871237149568
7358,553.8844889185299,0.884871237149568
7359,553.7642966776245,0.8530776177038748
7360,553.7642966776245,0.8530776177038748
7361,553.7642966776245,0.8530776177038748
7362,553.7642966776245,0.8530776177038748
7363,553.7642966776245,0.8530776177038748
7364,553.7642966776245,0.8530776177038748
7365,553.7642966776245,0.8530776177038748
7366,553.7642966776245,0.8530776177038748
7367,553.7642966776245,0.8530776177038748
7368,553.7642966776245,0.8530776177038748
7369,553.7642966776245,0.8530776177038748
7370,553.7642966776245,0.8530776177038748
7371,553.7642966776245,0.8530776177038748
7372,553.7642966776245,0.8530776177038748
7373,564.6841381849221,0.8304434440980484
7374,564.6841381849221,0.8304434440980484
7375,564.6841381849221,0.8304434440980484
7376,564.6841381849221,0.8304434440980484
7377,564.6841381849221,0.8304434440980484
7378,564.6841381849221,0.8304434440980484
7379,564.6841381849221,0.8304434440980484
7380,564.6841381849221,0.8304434440980484
7381,564.6841381849221,0.8304434440980484
7382,564.6841381849221,0.8304434440980484
7383,564.6841381849221,0.8304434440980484
7384,564.6841381849221,0.8304434440980484
7385,564.6841381849221,0.8304434440980484
7386,564.6841381849221,0.8304434440980484
7387,563.3941796124926,0.8139129848030818
7388,563.3941796124926,0.8139129848030818
7389,563.3941796124926,0.8139129848030818
7390,563.3941796124926,0.8139129848030818
7391,563.3941796124926,0.8139129848030818
7392,563.3941796124926,0.8139129848030818
7393,563.3941796124926,0.8139129848030818
7394,563.3941796124926,0.8139129848030818
7395,563.3941796124926,0.8139129848030818
7396,563.3941796124926,0.8139129848030818
7397,563.3941796124926,0.8139129848030818
7398,563.3941796124926,0.8139129848030818
7399,563.3941796124926,0.8139129848030818
7400,563.3941796124926,0.8139129848030818
7467,821.7072992783005,0.9300447963295331
7468,821.7072992783005,0.9300447963295331
7530,718.4222906925736,0.8083033578314951
7531,718.4222906925736,0.8083033578314951
7535,656.0360359199708,0.7660424825043531
7537,689.094757006264,0.7725272496143099
7538,689.094757006264,0.7725272496143099
7542,662.3116363329827,0.7591808260348848
7543,662.3116363329827,0.7591808260348848
7544,662.3116363329827,0.7591808260348848
7546,622.8199217605633,0.7019758479184388
7548,601.0648833539867,0.7121522225554089
7551,661.2271460128255,0.774406533522482
7552,661.2271460128255,0.774406533522482
7553,661.2271460128255,0.774406533522482
7555,623.2194226863038,0.7051843906495863
7557,598.7367029430955,0.7116490161585627
7559,638.555638059746,0.7818355942878952
7560,638.555638059746,0.7818355942878952
7561,638.555638059746,0.7818355942878952
7563,599.566700786369,0.7214580589474882
7566,676.4949527380289,0.7639424741099818
7567,676.4949527380289,0.7639424741099818
7569,764.3690260421794,0.9131434386642667
7570,775.9937732151703,0.932365593403709
7571,761.3747683915149,0.9068524419860591
7572,770.5507247061346,0.9219248788432937
7573,768.5643919200303,0.9128263927770002
7574,782.1027899977634,0.92981363462181
7575,784.3127363653571,0.9298649497292959
7576,782.9055468127333,0.928935538665949
7577,764.3690260421794,0.9131434386642667
7578,775.9937732151703,0.932365593403709
7579,761.3747683915149,0.9068524419860591
7580,770.5507247061346,0.9219248788432937
7581,768.5643919200303,0.9128263927770002
7582,782.1027899977634,0.92981363462181
7583,784.3127363653571,0.9298649497292959
7584,782.9055468127333,0.928935538665949
7629,591.8601517000059,0.7120393323103277
7631,610.8101762614194,0.9305745243791299
7632,658.4089584892831,0.889084278398199
7636,657.119484014328,0.9207282721321223
7652,583.9511267993174,0.6849169873752708
7653,637.411941641187,0.8647331338129955
7654,637.411941641187,0.8647331338129955
7679,605.7019966713626,1.0085675829019816
7685,635.2394208710149,0.9821841944224408
7764,601.6709962356257,0.6148682383956772
7765,645.1734530208917,0.8082889757643642
7766,621.7965302905645,0.7511791254051772
7767,638.5161649200365,0.8168526074391562
7768,612.5133122776409,0.5376214750892434
7769,655.8501676122817,0.7650092985732482
7770,616.6588224804153,0.6230653513619043
7771,652.7799370651895,0.7119315408027531
7772,632.4528153247337,0.5562554435663916
7773,569.3896631194342,0.6191276595862817
7774,622.0717221077555,0.8374332240269478
7775,616.8657328468796,0.8302789136833663
7776,591.1297334404694,0.9810223972920497
7777,597.6552453778868,0.7495453989214299
7778,630.9686940858502,0.9011871313189426
7779,618.6750815251505,0.8861519790515594
7780,601.6709962356257,0.6148682383956772
7781,645.1734530208917,0.8082889757643642
7782,621.7965302905645,0.7511791254051772
7783,638.5161649200365,0.8168526074391562
7784,612.5133122776409,0.5376214750892434
7785,655.8501676122817,0.7650092985732482
7786,616.6588224804153,0.6230653513619043
7787,652.7799370651895,0.7119315408027531
7788,632.4528153247337,0.5562554435663916
7789,569.3896631194342,0.6191276595862817
7790,622.0717221077555,0.8374332240269478
7791,616.8657328468796,0.8302789136833663
7792,591.1297334404694,0.9810223972920497
7793,597.6552453778868,0.7495453989214299
7794,630.9686940858502,0.9011871313189426
7795,618.6750815251505,0.8861519790515594
7813,645.1734530208917,0.8082889757643642
7814,621.7965302905645,0.7511791254051772
7815,638.5161649200365,0.8168526074391562
7816,612.5133122776409,0.5376214750892434
7817,655.8501676122817,0.7650092985732482
7818,616.6588224804153,0.6230653513619043
7819,652.7799370651895,0.7119315408027531
7820,632.4528153247337,0.5562554435663916
7821,569.3896631194342,0.6191276595862817
7822,622.0717221077555,0.8374332240269478
7823,616.8657328468796,0.8302789136833663
7824,591.1297334404694,0.9810223972920497
7825,597.6552453778868,0.7495453989214299
7826,630.9686940858502,0.9011871313189426
7827,618.6750815251505,0.8861519790515594
7828,601.6709962356257,0.6148682383956772
7829,645.1734530208917,0.8082889757643642
7830,621.7965302905645,0.7511791254051772
7831,638.5161649200365,0.8168526074391562
7832,612.5133122776409,0.5376214750892434
7833,655.8501676122817,0.7650092985732482
7834,616.6588224804153,0.6230653513619043
7835,652.7799370651895,0.7119315408027531
7836,632.4528153247337,0.5562554435663916
7837,569.3896631194342,0.6191276595862817
7838,622.0717221077555,0.8374332240269478
7839,616.8657328468796,0.8302789136833663
7840,591.1297334404694,0.9810223972920497
7841,597.6552453778868,0.7495453989214299
7842,630.9686940858502,0.9011871313189426
7843,618.6750815251505,0.8861519790515594
7856,629.3892450876579,0.9799354733781452
7861,607.9263541388252,1.0181899081233796
7863,607.9263541388252,1.0181899081233796
7864,607.9263541388252,1.0181899081233796
7865,607.9263541388252,1.0181899081233796
7889,522.408357698919,1.0877100598258334
7894,522.408357698919,1.0877100598258334
7895,522.408357698919,1.0877100598258334
7896,522.408357698919,1.0877100598258334
7897,522.408357698919,1.0877100598258334
7898,549.4066681130952,0.5728089680085415
7903,549.4066681130952,0.5728089680085415
7904,549.4066681130952,0.5728089680085415
7905,549.4066681130952,0.5728089680085415
7906,549.4066681130952,0.5728089680085415
7907,522.408357698919,1.0877100598258334
7908,549.4066681130952,0.5728089680085415
7928,670.7336754612402,0.6923996560896533
7937,541.518243114473,1.18994221478942
7938,519.6489010792623,1.228158551164599
7939,591.4562995004677,1.154513783168884
7940,572.0450169150314,1.140314040394777
7941,670.7336754612402,0.6923996560896533
7942,619.3752471783049,1.0634821149700366
7943,665.0430192633689,0.8616337816806967
8143,503.5806731650835,0.8009665373206785
8153,613.5092726263921,0.7019346090173613
8154,597.7053926183255,0.7637415086439171
8155,613.5092726263921,0.7019346090173613
8156,597.7053926183255,0.7637415086439171
8157,613.5092726263921,0.7019346090173613
8158,597.7053926183255,0.7637415086439171
8159,613.5092726263921,0.7019346090173613
8160,597.7053926183255,0.7637415086439171
8165,509.4744409884695,0.6882988336769451
8166,512.5103951825126,0.8009094096938092
8167,614.3964702410615,1.0450180676881526
8168,621.4824175926747,1.0146276876474931
8169,509.4744409884695,0.6882988336769451
8170,512.5103951825126,0.8009094096938092
8171,614.3964702410615,1.0450180676881526
8172,621.4824175926747,1.0146276876474931
8173,476.940161953399,1.0097493464483414
8174,476.940161953399,1.0097493464483414
8175,476.940161953399,1.0097493464483414
8177,476.940161953399,1.0097493464483414
8178,476.940161953399,1.0097493464483414
8179,521.8645514856108,0.8727692791644399
8180,521.8645514856108,0.8727692791644399
8181,521.8645514856108,0.8727692791644399
8183,521.8645514856108,0.8727692791644399
8184,521.8645514856108,0.8727692791644399
8185,523.7584368426227,1.219918716153252
8186,523.7584368426227,1.219918716153252
8187,523.7584368426227,1.219918716153252
8189,523.7584368426227,1.219918716153252
8190,523.7584368426227,1.219918716153252
8242,586.1090483290926,0.6585952420582633
8243,586.1090483290926,0.6585952420582633
8244,586.1090483290926,0.6585952420582633
8245,586.1090483290926,0.6585952420582633
8246,586.1090483290926,0.6585952420582633
8247,586.1090483290926,0.6585952420582633
8248,586.1090483290926,0.6585952420582633
8249,586.1090483290926,0.6585952420582633
8250,586.1090483290926,0.6585952420582633
8251,586.1090483290926,0.6585952420582633
8283,555.9453861468133,0.8608536460995845
8284,555.9453861468133,0.8608536460995845
8290,527.5682682530253,1.0052341426297713
8291,527.5682682530253,1.0052341426297713
8292,527.5682682530253,1.0052341426297713
8294,527.5682682530253,1.0052341426297713
8295,567.7867507009394,0.9081033654087041
8296,567.7867507009394,0.9081033654087041
8297,567.7867507009394,0.9081033654087041
8299,567.7867507009394,0.9081033654087041
8300,537.1068648520085,0.9335531798545333
8301,537.1068648520085,0.9335531798545333
8302,537.1068648520085,0.9335531798545333
8304,537.1068648520085,0.9335531798545333
8305,547.8730237359514,0.8746430151979282
8306,547.8730237359514,0.8746430151979282
8307,547.8730237359514,0.8746430151979282
8309,547.8730237359514,0.8746430151979282
8310,567.323805920684,0.8941456580022713
8311,567.323805920684,0.8941456580022713
8312,567.323805920684,0.8941456580022713
8314,567.323805920684,0.8941456580022713
8315,570.299108473435,0.9245255377756834
8316,570.299108473435,0.9245255377756834
8317,570.299108473435,0.9245255377756834
8319,570.299108473435,0.9245255377756834
8320,522.3716769356191,0.6324970929981311
8321,522.3716769356191,0.6324970929981311
8322,522.3716769356191,0.6324970929981311
8324,522.3716769356191,0.6324970929981311
8325,545.3612809424711,0.8617066072009221
8326,545.3612809424711,0.8617066072009221
8327,545.3612809424711,0.8617066072009221
8329,545.3612809424711,0.8617066072009221
8330,489.8626352662688,0.5337231164750527
8331,489.8626352662688,0.5337231164750527
8332,489.8626352662688,0.5337231164750527
8334,489.8626352662688,0.5337231164750527
8335,595.5637707217513,0.8442593155220198
8336,595.5637707217513,0.8442593155220198
8337,595.5637707217513,0.8442593155220198
8339,595.5637707217513,0.8442593155220198
8417,627.1044136745072,0.6219949246725691
8418,641.3947065591376,0.800141955827754
8419,627.9511776769771,0.7388086746619204
8420,622.7218625998046,0.8833526263283056
8421,627.1044136745072,0.6219949246725691
8422,641.3947065591376,0.800141955827754
8423,627.9511776769771,0.7388086746619204
8424,622.7218625998046,0.8833526263283056
8426,518.7421741362612,1.0918952518033769
8427,518.7421741362612,1.0918952518033769
8428,518.7421741362612,1.0918952518033769
8430,518.7421741362612,1.0918952518033769
8431,518.7421741362612,1.0918952518033769
8432,518.7421741362612,1.0918952518033769
8435,630.4485307291799,1.031873217265289
8436,630.4485307291799,1.031873217265289
8437,630.4485307291799,1.031873217265289
8439,630.4485307291799,1.031873217265289
8440,630.4485307291799,1.031873217265289
8441,630.4485307291799,1.031873217265289
8444,628.436164947213,0.9615004645767224
8445,628.436164947213,0.9615004645767224
8446,628.436164947213,0.9615004645767224
8448,628.436164947213,0.9615004645767224
8449,628.436164947213,0.9615004645767224
8450,628.436164947213,0.9615004645767224
8453,630.4261747686412,1.0318112327980862
8454,630.4261747686412,1.0318112327980862
8455,630.4261747686412,1.0318112327980862
8457,630.4261747686412,1.0318112327980862
8458,630.4261747686412,1.0318112327980862
8459,630.4261747686412,1.0318112327980862
8463,483.1528562832303,0.6791144936201355
8464,483.1528562832303,0.6791144936201355
8468,509.75484926754643,0.651431733725323
8469,509.75484926754643,0.651431733725323
8473,543.3896173319948,0.8870364183898161
8474,543.3896173319948,0.8870364183898161
8557,748.2523585354442,0.908779727460748
8558,748.2523585354442,0.908779727460748
8559,748.2523585354442,0.908779727460748
8560,748.2523585354442,0.908779727460748
8561,748.2523585354442,0.908779727460748
8562,748.2523585354442,0.908779727460748
8580,581.3304796837789,1.092574040961496
8581,548.3132140779994,0.7124640311643696
8582,548.3132140779994,0.7124640311643696
8585,675.5857737751951,0.6950665134911055
8586,675.5857737751951,0.6950665134911055
8587,675.5857737751951,0.6950665134911055
8591,658.5686444775665,0.5398153425865423
8592,658.5686444775665,0.5398153425865423
8596,655.138725372783,0.6636933165948657
8597,655.138725372783,0.6636933165948657
8598,500.0358455961528,1.0905268701500186
8599,542.6295610736331,0.9622790406687958
8600,587.1953496707138,0.8253484126652834
8601,513.6280599566611,1.1479970716301429
8603,484.5355607402751,0.7844671233544818
8605,494.82228013120607,0.6662992999906658
8607,504.4207786601081,0.6889173579609859
8618,546.9099839893297,1.0139470949689562
8619,564.6760923046875,0.9953397767489306
8620,619.6824962903597,1.0318715675863734
8621,636.0236081281815,0.9469954927454054
8622,597.519194136856,1.0444110254943186
8623,488.45158108898977,0.9524554663034959
8630,546.9099839893297,1.0139470949689562
8631,546.9099839893297,1.0139470949689562
8632,546.9099839893297,1.0139470949689562
8633,546.9099839893297,1.0139470949689562
8634,546.9099839893297,1.0139470949689562
8635,546.9099839893297,1.0139470949689562
8636,546.9099839893297,1.0139470949689562
8637,546.9099839893297,1.0139470949689562
8638,546.9099839893297,1.0139470949689562
8639,546.9099839893297,1.0139470949689562
8640,564.6760923046875,0.9953397767489306
8641,564.6760923046875,0.9953397767489306
8642,564.6760923046875,0.9953397767489306
8643,564.6760923046875,0.9953397767489306
8644,564.6760923046875,0.9953397767489306
8645,564.6760923046875,0.9953397767489306
8646,564.6760923046875,0.9953397767489306
8647,564.6760923046875,0.9953397767489306
8648,564.6760923046875,0.9953397767489306
8649,564.6760923046875,0.9953397767489306
8650,619.6824962903597,1.0318715675863734
8651,619.6824962903597,1.0318715675863734
8652,619.6824962903597,1.0318715675863734
8653,619.6824962903597,1.0318715675863734
8654,619.6824962903597,1.0318715675863734
8655,619.6824962903597,1.0318715675863734
8656,619.6824962903597,1.0318715675863734
8657,619.6824962903597,1.0318715675863734
8658,619.6824962903597,1.0318715675863734
8659,619.6824962903597,1.0318715675863734
8660,636.0236081281815,0.9469954927454054
8661,636.0236081281815,0.9469954927454054
8662,636.0236081281815,0.9469954927454054
8663,636.0236081281815,0.9469954927454054
8664,636.0236081281815,0.9469954927454054
8665,636.0236081281815,0.9469954927454054
8666,636.0236081281815,0.9469954927454054
8667,636.0236081281815,0.9469954927454054
8668,636.0236081281815,0.9469954927454054
8669,636.0236081281815,0.9469954927454054
8670,597.519194136856,1.0444110254943186
8671,597.519194136856,1.0444110254943186
8672,597.519194136856,1.0444110254943186
8673,597.519194136856,1.0444110254943186
8674,597.519194136856,1.0444110254943186
8675,597.519194136856,1.0444110254943186
8676,597.519194136856,1.0444110254943186
8677,597.519194136856,1.0444110254943186
8678,597.519194136856,1.0444110254943186
8679,597.519194136856,1.0444110254943186
8680,488.45158108898977,0.9524554663034959
8681,488.45158108898977,0.9524554663034959
8682,488.45158108898977,0.9524554663034959
8683,488.45158108898977,0.9524554663034959
8684,488.45158108898977,0.9524554663034959
8685,488.45158108898977,0.9524554663034959
8686,488.45158108898977,0.9524554663034959
8687,488.45158108898977,0.9524554663034959
8688,488.45158108898977,0.9524554663034959
8689,488.45158108898977,0.9524554663034959
8690,532.3204667212783,0.7361420928923527
8691,532.3204667212783,0.7361420928923527
8692,532.3204667212783,0.7361420928923527
8716,621.4534087563244,0.7262199675301756
8717,621.4534087563244,0.7262199675301756
8718,621.4534087563244,0.7262199675301756
8719,621.4534087563244,0.7262199675301756
8720,621.4534087563244,0.7262199675301756
8721,621.4534087563244,0.7262199675301756
8722,621.4534087563244,0.7262199675301756
8723,621.4534087563244,0.7262199675301756
8724,621.4534087563244,0.7262199675301756
8725,621.4534087563244,0.7262199675301756
8726,621.4534087563244,0.7262199675301756
8727,621.4534087563244,0.7262199675301756
8728,621.4534087563244,0.7262199675301756
8729,621.4534087563244,0.7262199675301756
8730,621.4534087563244,0.7262199675301756
8731,621.4534087563244,0.7262199675301756
8732,621.4534087563244,0.7262199675301756
8733,621.4534087563244,0.7262199675301756
8734,621.4534087563244,0.7262199675301756
8735,654.7875422794172,0.6765304613602502
8736,654.7875422794172,0.6765304613602502
8737,654.7875422794172,0.6765304613602502
8738,654.7875422794172,0.6765304613602502
8739,654.7875422794172,0.6765304613602502
8740,654.7875422794172,0.6765304613602502
8741,654.7875422794172,0.6765304613602502
8742,654.7875422794172,0.6765304613602502
8743,654.7875422794172,0.6765304613602502
8744,654.7875422794172,0.6765304613602502
8745,654.7875422794172,0.6765304613602502
8746,654.7875422794172,0.6765304613602502
8747,654.7875422794172,0.6765304613602502
8748,654.7875422794172,0.6765304613602502
8749,654.7875422794172,0.6765304613602502
8750,654.7875422794172,0.6765304613602502
8751,654.7875422794172,0.6765304613602502
8752,654.7875422794172,0.6765304613602502
8829,570.7032885939243,1.021062090957884
8830,570.7032885939243,1.021062090957884
8831,570.7032885939243,1.021062090957884
8832,570.7032885939243,1.021062090957884
8833,570.7032885939243,1.021062090957884
8834,570.7032885939243,1.021062090957884
8835,570.7032885939243,1.021062090957884
8836,570.7032885939243,1.021062090957884
8837,570.7032885939243,1.021062090957884
8838,569.0758628315091,0.8758999053494396
8839,569.0758628315091,0.8758999053494396
8840,569.0758628315091,0.8758999053494396
8841,569.0758628315091,0.8758999053494396
8842,569.0758628315091,0.8758999053494396
8843,569.0758628315091,0.8758999053494396
8844,569.0758628315091,0.8758999053494396
8845,569.0758628315091,0.8758999053494396
8846,563.7367344254503,1.02936254114671
8847,563.7367344254503,1.02936254114671
8848,563.7367344254503,1.02936254114671
8849,563.7367344254503,1.02936254114671
8850,563.7367344254503,1.02936254114671
8851,563.7367344254503,1.02936254114671
8852,563.7367344254503,1.02936254114671
8853,563.7367344254503,1.02936254114671
8854,563.7367344254503,1.02936254114671
8855,577.6360106516845,0.8924417094031054
8856,577.6360106516845,0.8924417094031054
8857,577.6360106516845,0.8924417094031054
8858,577.6360106516845,0.8924417094031054
8859,577.6360106516845,0.8924417094031054
8860,577.6360106516845,0.8924417094031054
8861,577.6360106516845,0.8924417094031054
8862,577.6360106516845,0.8924417094031054
8863,577.6360106516845,0.8924417094031054
8864,571.0920866978273,0.6038727772815813
8865,571.0920866978273,0.6038727772815813
8866,571.0920866978273,0.6038727772815813
8867,571.0920866978273,0.6038727772815813
8868,571.0920866978273,0.6038727772815813
8869,571.0920866978273,0.6038727772815813
8870,532.2203937389144,0.9290520593774958
8871,532.2203937389144,0.9290520593774958
8872,532.2203937389144,0.9290520593774958
8873,532.2203937389144,0.9290520593774958
8874,532.2203937389144,0.9290520593774958
8875,532.2203937389144,0.9290520593774958
8876,532.2203937389144,0.9290520593774958
8877,532.2203937389144,0.9290520593774958
8878,532.2203937389144,0.9290520593774958
8879,537.1531229831545,0.793217611647205
8880,537.1531229831545,0.793217611647205
8881,537.1531229831545,0.793217611647205
8882,537.1531229831545,0.793217611647205
8883,537.1531229831545,0.793217611647205
8884,590.0947462409673,0.9929594183392555
8885,590.0947462409673,0.9929594183392555
8886,590.0947462409673,0.9929594183392555
8887,590.0947462409673,0.9929594183392555
8888,590.0947462409673,0.9929594183392555
8889,590.0947462409673,0.9929594183392555
8890,590.0947462409673,0.9929594183392555
8891,590.0947462409673,0.9929594183392555
8892,590.0947462409673,0.9929594183392555
8893,584.2834786267573,1.0084724908232705
8894,584.2834786267573,1.0084724908232705
8895,584.2834786267573,1.0084724908232705
8896,584.2834786267573,1.0084724908232705
8897,584.2834786267573,1.0084724908232705
8898,584.2834786267573,1.0084724908232705
8899,584.2834786267573,1.0084724908232705
8900,584.2834786267573,1.0084724908232705
8901,584.2834786267573,1.0084724908232705
8902,584.2834786267573,1.0084724908232705
8903,583.4578677943642,0.6035853079519127
8904,583.4578677943642,0.6035853079519127
8905,583.4578677943642,0.6035853079519127
8906,583.4578677943642,0.6035853079519127
8907,583.4578677943642,0.6035853079519127
8915,578.2366689069352,0.934799910047071
8916,578.2366689069352,0.934799910047071
8917,578.2366689069352,0.934799910047071
8918,578.2366689069352,0.934799910047071
8919,578.2366689069352,0.934799910047071
8920,578.2366689069352,0.934799910047071
8921,578.2366689069352,0.934799910047071
8922,578.2366689069352,0.934799910047071
8923,578.2366689069352,0.934799910047071
8924,578.2366689069352,0.934799910047071
8925,563.0638022757602,0.49459947118219466
8926,563.0638022757602,0.49459947118219466
8927,563.0638022757602,0.49459947118219466
8928,563.0638022757602,0.49459947118219466
8929,563.0638022757602,0.49459947118219466
8930,563.0638022757602,0.49459947118219466
8931,563.0638022757602,0.49459947118219466
8932,563.0638022757602,0.49459947118219466
8933,563.0638022757602,0.49459947118219466
8934,563.0638022757602,0.49459947118219466
8935,632.0256865213614,0.639405941267303
8936,632.0256865213614,0.639405941267303
8937,632.0256865213614,0.639405941267303
8938,632.0256865213614,0.639405941267303
8939,632.0256865213614,0.639405941267303
8940,632.0256865213614,0.639405941267303
8941,632.0256865213614,0.639405941267303
8942,632.0256865213614,0.639405941267303
8943,632.0256865213614,0.639405941267303
8944,632.0256865213614,0.639405941267303
8945,588.8379015148698,0.5489401086184041
8946,588.8379015148698,0.5489401086184041
8947,588.8379015148698,0.5489401086184041
8948,588.8379015148698,0.5489401086184041
8949,588.8379015148698,0.5489401086184041
8950,588.8379015148698,0.5489401086184041
8951,588.8379015148698,0.5489401086184041
8952,588.8379015148698,0.5489401086184041
8953,588.8379015148698,0.5489401086184041
8954,588.8379015148698,0.5489401086184041
8955,597.1433366644314,0.613648371812253
8956,597.1433366644314,0.613648371812253
8957,597.1433366644314,0.613648371812253
8958,597.1433366644314,0.613648371812253
8959,597.1433366644314,0.613648371812253
8960,597.1433366644314,0.613648371812253
8961,597.1433366644314,0.613648371812253
8962,597.1433366644314,0.613648371812253
8963,597.1433366644314,0.613648371812253
8964,597.1433366644314,0.613648371812253
8984,606.7089102009526,1.163046010491301
8985,606.7089102009526,1.163046010491301
8986,606.7089102009526,1.163046010491301
8987,606.7089102009526,1.163046010491301
8988,606.7089102009526,1.163046010491301
8989,596.3504514791045,1.1167894196629768
8990,596.3504514791045,1.1167894196629768
8991,596.3504514791045,1.1167894196629768
8992,596.3504514791045,1.1167894196629768
8993,596.3504514791045,1.1167894196629768
9016,592.9622143429665,0.7662453575789139
9017,633.8671894018387,0.7924946358262066
9018,566.4033376060565,0.5531013174911086
9019,593.7790910870169,0.5192961463057204
9020,610.7786582914993,0.7020482369124545
9021,628.0732211149617,0.7301623274417729
9022,601.8534716551828,0.7343480566828984
9023,537.6813946419303,0.6853296982226481
9024,642.1232212341964,0.7983174431237114
9025,592.9622143429665,0.7662453575789139
9026,633.8671894018387,0.7924946358262066
9027,566.4033376060565,0.5531013174911086
9028,593.7790910870169,0.5192961463057204
9029,610.7786582914993,0.7020482369124545
9030,628.0732211149617,0.7301623274417729
9031,601.8534716551828,0.7343480566828984
9032,537.6813946419303,0.6853296982226481
9033,642.1232212341964,0.7983174431237114
9034,592.9622143429665,0.7662453575789139
9035,633.8671894018387,0.7924946358262066
9036,566.4033376060565,0.5531013174911086
9037,593.7790910870169,0.5192961463057204
9038,610.7786582914993,0.7020482369124545
9039,628.0732211149617,0.7301623274417729
9040,601.8534716551828,0.7343480566828984
9041,537.6813946419303,0.6853296982226481
9042,642.1232212341964,0.7983174431237114
9043,592.9622143429665,0.7662453575789139
9044,633.8671894018387,0.7924946358262066
9045,566.4033376060565,0.5531013174911086
9046,593.7790910870169,0.5192961463057204
9047,610.7786582914993,0.7020482369124545
9048,628.0732211149617,0.7301623274417729
9049,601.8534716551828,0.7343480566828984
9050,537.6813946419303,0.6853296982226481
9051,642.1232212341964,0.7983174431237114
9052,508.3011853535984,0.8528547564046858
9054,508.3011853535984,0.8528547564046858
9055,508.3011853535984,0.8528547564046858
9056,483.0290727522273,0.7754834942144205
9058,483.0290727522273,0.7754834942144205
9059,483.0290727522273,0.7754834942144205
9060,535.7065098388057,0.8684577690707671
9062,535.7065098388057,0.8684577690707671
9063,535.7065098388057,0.8684577690707671
9065,522.327032869453,0.7773540164941501
9066,522.327032869453,0.7773540164941501
9067,533.017100399089,0.8065127421266811
9069,533.017100399089,0.8065127421266811
9070,533.017100399089,0.8065127421266811
9071,548.7549161660984,0.842203696342628
9073,548.7549161660984,0.842203696342628
9074,548.7549161660984,0.842203696342628
9076,585.9994108636071,0.8490728729013712
9077,585.9994108636071,0.8490728729013712
9099,712.4022173783851,0.8101950209175138
9100,742.0104863712337,0.8052351828220509
9124,500.60976160373747,0.6118876476900352
9180,652.9356783935864,0.9636589683345553
9211,828.5145018980104,0.8770121243561915
9212,828.5145018980104,0.8770121243561915
9213,828.5145018980104,0.8770121243561915
9225,686.1803889669872,0.5187638794987868
9228,683.7835733281715,0.549222235126344
9229,683.7835733281715,0.549222235126344
9230,683.7835733281715,0.549222235126344
9231,683.7835733281715,0.549222235126344
9242,689.1724141610235,0.53684354594948
9248,719.86188661456,0.5271640601533895
9250,522.0034639565414,0.8642302717116168
9251,532.0539550624925,0.8885705546599588
9252,534.2640948435347,0.8675442106393028
9253,543.601676321013,0.8609328400872982
9254,562.4305272302533,0.9416730827357049
9255,522.3718808013141,0.9420936233080722
9256,543.4686169845864,0.996783294871019
9257,567.4526288713872,0.9462107856750526
9258,562.1662280450123,0.9500281312424428
9259,602.2537798950464,0.977067030616314
9260,522.0034639565414,0.8642302717116168
9261,532.0539550624925,0.8885705546599588
9262,534.2640948435347,0.8675442106393028
9263,543.601676321013,0.8609328400872982
9264,562.4305272302533,0.9416730827357049
9265,522.3718808013141,0.9420936233080722
9266,543.4686169845864,0.996783294871019
9267,567.4526288713872,0.9462107856750526
9268,562.1662280450123,0.9500281312424428
9269,602.2537798950464,0.977067030616314
9270,684.2930209830012,0.8983111752504114
9271,684.2930209830012,0.8983111752504114
9272,684.2930209830012,0.8983111752504114
9273,684.2930209830012,0.8983111752504114
9274,684.2930209830012,0.8983111752504114
9275,684.2930209830012,0.8983111752504114
9276,684.2930209830012,0.8983111752504114
9277,684.2930209830012,0.8983111752504114
9278,684.2930209830012,0.8983111752504114
9279,684.2930209830012,0.8983111752504114
9280,684.2930209830012,0.8983111752504114
9281,684.2930209830012,0.8983111752504114
9282,711.8557146133667,0.9012152756213678
9283,711.8557146133667,0.9012152756213678
9284,711.8557146133667,0.9012152756213678
9285,711.8557146133667,0.9012152756213678
9286,711.8557146133667,0.9012152756213678
9287,711.8557146133667,0.9012152756213678
9288,711.8557146133667,0.9012152756213678
9289,711.8557146133667,0.9012152756213678
9290,711.8557146133667,0.9012152756213678
9291,711.8557146133667,0.9012152756213678
9292,711.8557146133667,0.9012152756213678
9293,711.8557146133667,0.9012152756213678
9301,697.0075484214224,0.5569803903070483
9302,550.42029189808,0.7259338726695559
9303,551.477532592477,0.8799268301966363
9304,549.9442562446928,0.7176688518562212
9305,537.9788263734324,0.6501418264190505
9306,557.7495619478475,0.7746131233859728
9307,561.3681567723565,0.710873130339958
9308,548.713008216983,0.6594333527672513
9309,524.7400987636992,0.7320706356023541
9319,505.5258462246967,0.9006139265850656
9323,525.2402369408164,0.8157871365689618
9324,525.2402369408164,0.8157871365689618
9325,525.2402369408164,0.8157871365689618
9326,525.2402369408164,0.8157871365689618
9327,525.2402369408164,0.8157871365689618
9328,530.5604173090726,0.8861869287259119
9329,530.5604173090726,0.8861869287259119
9330,530.5604173090726,0.8861869287259119
9331,530.5604173090726,0.8861869287259119
9332,530.5604173090726,0.8861869287259119
9333,536.3184953102848,0.868100690403804
9334,536.3184953102848,0.868100690403804
9335,536.3184953102848,0.868100690403804
9336,536.3184953102848,0.868100690403804
9337,533.9810397899154,0.7500405303043052
9338,533.9810397899154,0.7500405303043052
9339,533.9810397899154,0.7500405303043052
9340,533.9810397899154,0.7500405303043052
9341,533.9810397899154,0.7500405303043052
9342,501.42076304331556,0.8650711308059673
9343,501.42076304331556,0.8650711308059673
9344,501.42076304331556,0.8650711308059673
9345,501.42076304331556,0.8650711308059673
9346,501.42076304331556,0.8650711308059673
9347,510.81613699902204,0.8048917192836409
9348,510.81613699902204,0.8048917192836409
9349,510.81613699902204,0.8048917192836409
9350,510.81613699902204,0.8048917192836409
9351,510.81613699902204,0.8048917192836409
9357,795.9756646728957,0.9784668116716733
9360,814.4221176583432,0.990799157440954
9366,742.3328106571801,0.881341289568165
9369,762.1018124318399,0.907709948311874
9370,611.3052617343734,0.5805379878999091
9373,611.3052617343734,0.5805379878999091
9375,611.3052617343734,0.5805379878999091
9376,611.3052617343734,0.5805379878999091
9377,611.3052617343734,0.5805379878999091
9378,611.3052617343734,0.5805379878999091
9379,607.0637585702118,0.7373958396008508
9380,607.0637585702118,0.7373958396008508
9382,607.0637585702118,0.7373958396008508
9383,607.0637585702118,0.7373958396008508
9384,607.0637585702118,0.7373958396008508
9385,607.0637585702118,0.7373958396008508
9386,607.0637585702118,0.7373958396008508
9387,607.0637585702118,0.7373958396008508
9388,627.3816961786708,0.8377249489670773
9389,627.3816961786708,0.8377249489670773
9391,627.3816961786708,0.8377249489670773
9392,627.3816961786708,0.8377249489670773
9393,627.3816961786708,0.8377249489670773
9394,627.3816961786708,0.8377249489670773
9395,627.3816961786708,0.8377249489670773
9396,627.3816961786708,0.8377249489670773
9397,596.7115747127648,0.8046804635365011
9398,596.7115747127648,0.8046804635365011
9399,596.7115747127648,0.8046804635365011
9400,596.7115747127648,0.8046804635365011
9401,596.7115747127648,0.8046804635365011
9402,596.7115747127648,0.8046804635365011
9403,596.7115747127648,0.8046804635365011
9404,596.7115747127648,0.8046804635365011
9405,596.7115747127648,0.8046804635365011
9410,465.83675503748174,0.8630905783350504
9412,509.25471738561254,0.9321176771532782
9427,599.1853406975333,0.7121139704690942
9464,564.4782457819589,0.781872333912206
9465,606.1994751302915,0.784917069145604
9466,578.1469024580518,0.8070385421073256
9467,617.2992841139461,0.802279719013629
9468,602.7493771726887,0.7120044779689216
9469,564.4782457819589,0.781872333912206
9470,606.1994751302915,0.784917069145604
9471,578.1469024580518,0.8070385421073256
9472,617.2992841139461,0.802279719013629
9473,602.7493771726887,0.7120044779689216
9474,564.4782457819589,0.781872333912206
9475,606.1994751302915,0.784917069145604
9476,578.1469024580518,0.8070385421073256
9477,617.2992841139461,0.802279719013629
9478,602.7493771726887,0.7120044779689216
9479,564.4782457819589,0.781872333912206
9480,606.1994751302915,0.784917069145604
9481,578.1469024580518,0.8070385421073256
9482,617.2992841139461,0.802279719013629
9483,602.7493771726887,0.7120044779689216
9484,564.4782457819589,0.781872333912206
9485,606.1994751302915,0.784917069145604
9486,578.1469024580518,0.8070385421073256
9487,617.2992841139461,0.802279719013629
9488,602.7493771726887,0.7120044779689216
9489,564.4782457819589,0.781872333912206
9490,606.1994751302915,0.784917069145604
9491,578.1469024580518,0.8070385421073256
9492,617.2992841139461,0.802279719013629
9493,602.7493771726887,0.7120044779689216
9494,564.4782457819589,0.781872333912206
9495,606.1994751302915,0.784917069145604
9496,578.1469024580518,0.8070385421073256
9497,617.2992841139461,0.802279719013629
9498,602.7493771726887,0.7120044779689216
9499,639.868542119938,0.982742518989283
9500,639.868542119938,0.982742518989283
9501,639.868542119938,0.982742518989283
9502,639.868542119938,0.982742518989283
9503,639.868542119938,0.982742518989283
9504,639.868542119938,0.982742518989283
9505,639.868542119938,0.982742518989283
9506,639.868542119938,0.982742518989283
9507,639.868542119938,0.982742518989283
9508,639.868542119938,0.982742518989283
9509,639.868542119938,0.982742518989283
9510,639.868542119938,0.982742518989283
9511,639.868542119938,0.982742518989283
9512,639.868542119938,0.982742518989283
9530,671.0606401116431,0.5313433846628153
9531,671.0606401116431,0.5313433846628153
9532,671.0606401116431,0.5313433846628153
9533,671.0606401116431,0.5313433846628153
9534,671.0606401116431,0.5313433846628153
9535,671.0606401116431,0.5313433846628153
9536,671.0606401116431,0.5313433846628153
9537,671.0606401116431,0.5313433846628153
9561,662.0721888289759,0.7755368668274295
9562,662.0721888289759,0.7755368668274295
9563,662.0721888289759,0.7755368668274295
9564,662.0721888289759,0.7755368668274295
9565,662.0721888289759,0.7755368668274295
9566,662.0721888289759,0.7755368668274295
9691,543.8163493344999,1.1184042677570172
9697,553.0644354779271,0.8625853157871155
9698,553.0644354779271,0.8625853157871155
9699,553.0644354779271,0.8625853157871155
9700,553.0644354779271,0.8625853157871155
9701,553.0644354779271,0.8625853157871155
9702,553.0644354779271,0.8625853157871155
9703,553.0644354779271,0.8625853157871155
9704,553.0644354779271,0.8625853157871155
9705,553.0644354779271,0.8625853157871155
9724,548.6170413274705,0.7264618549049813
9728,570.6977735856789,0.7036291774378518
9731,548.6170413274705,0.7264618549049813
9736,653.0246324343245,0.7910631808291309
9737,653.0246324343245,0.7910631808291309
9738,653.0246324343245,0.7910631808291309
9739,653.0246324343245,0.7910631808291309
9740,730.8335279405251,0.9132270573943437
9741,730.8335279405251,0.9132270573943437
9742,730.8335279405251,0.9132270573943437
9743,730.8335279405251,0.9132270573943437
9775,646.5158632812515,0.6281300275121386
9785,646.5158632812515,0.6281300275121386
9789,570.1314952159898,1.0611934387636381
9790,570.1314952159898,1.0611934387636381
9791,570.1314952159898,1.0611934387636381
9792,570.1314952159898,1.0611934387636381
9793,570.1314952159898,1.0611934387636381
9794,570.1314952159898,1.0611934387636381
9795,607.0496444767866,0.9129423623428092
9796,597.7628228760877,0.8861632252169633
9797,623.6001069349346,0.8815001818304762
9854,546.2320660569142,0.7402240239175895
9855,546.2320660569142,0.7402240239175895
9856,546.2320660569142,0.7402240239175895
9857,546.2320660569142,0.7402240239175895
9858,546.2320660569142,0.7402240239175895
9859,546.2320660569142,0.7402240239175895
9860,546.2320660569142,0.7402240239175895
9861,546.2320660569142,0.7402240239175895
9862,546.2320660569142,0.7402240239175895
9863,601.5149719783184,1.0041694656263118
9864,601.5149719783184,1.0041694656263118
9865,601.5149719783184,1.0041694656263118
9866,601.5149719783184,1.0041694656263118
9867,601.5149719783184,1.0041694656263118
9868,601.5149719783184,1.0041694656263118
9869,601.5149719783184,1.0041694656263118
9870,601.5149719783184,1.0041694656263118
9871,601.5149719783184,1.0041694656263118
9872,601.5149719783184,1.0041694656263118
9873,601.5149719783184,1.0041694656263118
9874,601.5149719783184,1.0041694656263118
9875,601.5149719783184,1.0041694656263118
9876,601.5149719783184,1.0041694656263118
9877,601.5149719783184,1.0041694656263118
9878,589.4250838922806,0.7344761694248627
9879,589.4250838922806,0.7344761694248627
9880,589.4250838922806,0.7344761694248627
9881,589.4250838922806,0.7344761694248627
9882,589.4250838922806,0.7344761694248627
9883,589.4250838922806,0.7344761694248627
9884,589.4250838922806,0.7344761694248627
9885,589.4250838922806,0.7344761694248627
9886,589.4250838922806,0.7344761694248627
9887,589.4250838922806,0.7344761694248627
9888,589.4250838922806,0.7344761694248627
9889,589.4250838922806,0.7344761694248627
9896,559.3633444331762,0.8486012562919232
9905,544.1539597259392,0.9473455900901463
9912,544.3344312225311,0.9477379639346859
9919,607.0852776468328,0.844769572065335
9920,748.4756670272257,0.9659401864546576
9921,745.7749794416893,0.9655006630351041
9923,533.8546188943827,0.8321694437847327
9925,624.6430156111269,0.9129859760569536
9927,593.8607443549049,0.7776433107099874
9974,553.9209691371925,0.9053214653925874
9975,553.9209691371925,0.9053214653925874
9977,598.2938030112056,0.8455565079345938
9978,598.2938030112056,0.8455565079345938
9981,579.5974567873834,0.8707223328605049
9982,579.5974567873834,0.8707223328605049
9985,602.6014135839122,0.8432312372395836
9986,602.6014135839122,0.8432312372395836
9996,611.5717591165338,0.8420889594187795
9997,616.602719972336,0.8420128959879778
9998,632.8327437831827,0.904600304994123
10008,576.647494987712,0.939504181298306
10009,576.647494987712,0.939504181298306
10011,569.2305225096741,0.9013232124273831
10023,512.4629990587507,0.7027826949645744
10024,512.4629990587507,0.7027826949645744
10028,785.4714477208805,0.6991130003058387
10029,785.4714477208805,0.6991130003058387
10030,785.4714477208805,0.6991130003058387
10031,785.4714477208805,0.6991130003058387
10032,785.4714477208805,0.6991130003058387
10033,785.4714477208805,0.6991130003058387
10034,785.4714477208805,0.6991130003058387
10035,785.4714477208805,0.6991130003058387
10036,785.4714477208805,0.6991130003058387
10067,618.9999288478209,0.9306391373332124
10068,618.9999288478209,0.9306391373332124
10069,618.9999288478209,0.9306391373332124
10070,618.9999288478209,0.9306391373332124
10071,618.9999288478209,0.9306391373332124
10072,618.9999288478209,0.9306391373332124
10073,618.9999288478209,0.9306391373332124
10074,640.7306496352514,0.9572863729375385
10075,640.7306496352514,0.9572863729375385
10076,640.7306496352514,0.9572863729375385
10077,640.7306496352514,0.9572863729375385
10078,640.7306496352514,0.9572863729375385
10079,640.7306496352514,0.9572863729375385
10080,640.7306496352514,0.9572863729375385
10081,648.0039969459013,0.921649180128743
10082,648.0039969459013,0.921649180128743
10083,648.0039969459013,0.921649180128743
10084,648.0039969459013,0.921649180128743
10085,648.0039969459013,0.921649180128743
10086,648.0039969459013,0.921649180128743
10087,648.0039969459013,0.921649180128743
10088,623.5421883604281,0.8881296226786797
10089,623.5421883604281,0.8881296226786797
10090,623.5421883604281,0.8881296226786797
10091,623.5421883604281,0.8881296226786797
10092,623.5421883604281,0.8881296226786797
10093,643.0145329434482,0.9271010967553557
10094,643.0145329434482,0.9271010967553557
10095,643.0145329434482,0.9271010967553557
10096,643.0145329434482,0.9271010967553557
10097,643.0145329434482,0.9271010967553557
10098,654.5890260382753,0.8872164956552275
10099,654.5890260382753,0.8872164956552275
10100,654.5890260382753,0.8872164956552275
10101,654.5890260382753,0.8872164956552275
10102,654.5890260382753,0.8872164956552275
10103,531.114180881006,1.0613297331251195
10104,580.3601797285764,0.8639302236911857
10129,660.1206665802729,0.7703477243809013
10130,660.1206665802729,0.7703477243809013
10138,691.4954646259886,0.807475942896462
10139,691.4954646259886,0.807475942896462
10162,592.5234746142409,0.8374966173418201
10163,594.4741310116618,0.971567171968303
10164,674.0897547379215,0.9852163775388867
10277,706.5779053807937,0.5566468222489027
10278,706.5779053807937,0.5566468222489027
10279,706.5779053807937,0.5566468222489027
10280,706.5779053807937,0.5566468222489027
10281,706.5779053807937,0.5566468222489027
10282,706.5779053807937,0.5566468222489027
10283,706.5779053807937,0.5566468222489027
10284,706.5779053807937,0.5566468222489027
10285,727.1503425986019,0.7195273049552211
10286,727.1503425986019,0.7195273049552211
10287,727.1503425986019,0.7195273049552211
10288,727.1503425986019,0.7195273049552211
10289,727.1503425986019,0.7195273049552211
10290,727.1503425986019,0.7195273049552211
10291,727.1503425986019,0.7195273049552211
10292,727.1503425986019,0.7195273049552211
10293,706.9232126011979,0.6887755247185957
10294,706.9232126011979,0.6887755247185957
10295,706.9232126011979,0.6887755247185957
10296,706.9232126011979,0.6887755247185957
10297,706.9232126011979,0.6887755247185957
10298,706.9232126011979,0.6887755247185957
10299,706.9232126011979,0.6887755247185957
10300,706.9232126011979,0.6887755247185957
10329,393.436295615386,0.5624343833010734
10330,393.436295615386,0.5624343833010734
10331,393.436295615386,0.5624343833010734
10332,393.436295615386,0.5624343833010734
10333,393.436295615386,0.5624343833010734
10334,393.436295615386,0.5624343833010734
10379,598.9288035560021,0.8983199878594141
10380,638.2838406675752,0.9094128824423731
10381,566.7777830642298,0.8363935401001104
10382,603.3860901321924,0.8712656000137098
10383,661.8522338130748,0.9355844344142388
10384,681.4382788747239,0.9341032539514176
10385,604.4070957619153,0.6715747692659217
10386,604.4070957619153,0.6715747692659217
10387,604.4070957619153,0.6715747692659217
10388,604.4070957619153,0.6715747692659217
10389,604.4070957619153,0.6715747692659217
10390,604.4070957619153,0.6715747692659217
10391,604.4070957619153,0.6715747692659217
10392,604.4070957619153,0.6715747692659217
10393,604.4070957619153,0.6715747692659217
10394,587.6273577354198,0.6640559787720739
10395,587.6273577354198,0.6640559787720739
10396,587.6273577354198,0.6640559787720739
10397,587.6273577354198,0.6640559787720739
10398,587.6273577354198,0.6640559787720739
10399,587.6273577354198,0.6640559787720739
10400,587.6273577354198,0.6640559787720739
10401,587.6273577354198,0.6640559787720739
10402,587.6273577354198,0.6640559787720739
10403,635.0797395897749,0.6965935138010042
10404,635.0797395897749,0.6965935138010042
10405,635.0797395897749,0.6965935138010042
10406,635.0797395897749,0.6965935138010042
10407,635.0797395897749,0.6965935138010042
10408,635.0797395897749,0.6965935138010042
10409,635.0797395897749,0.6965935138010042
10410,629.267307081415,0.7736324817537923
10411,629.267307081415,0.7736324817537923
10412,629.267307081415,0.7736324817537923
10413,629.267307081415,0.7736324817537923
10414,629.267307081415,0.7736324817537923
10415,629.267307081415,0.7736324817537923
10416,629.267307081415,0.7736324817537923
10417,629.267307081415,0.7736324817537923
10418,629.267307081415,0.7736324817537923
10419,657.4622374762848,0.6693145531651163
10420,657.4622374762848,0.6693145531651163
10421,657.4622374762848,0.6693145531651163
10422,657.4622374762848,0.6693145531651163
10423,657.4622374762848,0.6693145531651163
10424,657.4622374762848,0.6693145531651163
10425,657.4622374762848,0.6693145531651163
10426,657.4622374762848,0.6693145531651163
10427,657.4622374762848,0.6693145531651163
10428,686.1979572215253,0.6830972386631369
10429,686.1979572215253,0.6830972386631369
10430,686.1979572215253,0.6830972386631369
10431,686.1979572215253,0.6830972386631369
10432,686.1979572215253,0.6830972386631369
10433,686.1979572215253,0.6830972386631369
10434,686.1979572215253,0.6830972386631369
10435,686.1979572215253,0.6830972386631369
10436,686.1979572215253,0.6830972386631369
10452,470.64612650452455,0.8219554700981917
10453,470.64612650452455,0.8219554700981917
10454,470.64612650452455,0.8219554700981917
10455,470.64612650452455,0.8219554700981917
10456,470.64612650452455,0.8219554700981917
10457,470.64612650452455,0.8219554700981917
10458,470.64612650452455,0.8219554700981917
10459,470.64612650452455,0.8219554700981917
10460,470.64612650452455,0.8219554700981917
10468,618.7713592813317,0.7894055778165481
10479,578.4429697704483,0.934339041592911
10480,578.4429697704483,0.934339041592911
10481,578.4429697704483,0.934339041592911
10482,578.4429697704483,0.934339041592911
10483,578.4429697704483,0.934339041592911
10484,578.4429697704483,0.934339041592911
10485,578.4429697704483,0.934339041592911
10486,578.4429697704483,0.934339041592911
10487,578.4429697704483,0.934339041592911
10488,578.4429697704483,0.934339041592911
10489,582.0360276277092,0.9323073722856571
10490,582.0360276277092,0.9323073722856571
10491,582.0360276277092,0.9323073722856571
10492,582.0360276277092,0.9323073722856571
10493,582.0360276277092,0.9323073722856571
10494,582.0360276277092,0.9323073722856571
10495,582.0360276277092,0.9323073722856571
10496,582.0360276277092,0.9323073722856571
10497,582.0360276277092,0.9323073722856571
10498,582.0360276277092,0.9323073722856571
10512,579.0825946497589,0.773719002745882
10513,598.9562131068313,0.8384471702353662
10514,630.9368783298901,0.8581860847908269
10574,660.0449542233705,0.8863591585342745
10575,660.0449542233705,0.8863591585342745
10576,660.0449542233705,0.8863591585342745
10577,660.0449542233705,0.8863591585342745
10578,660.0449542233705,0.8863591585342745
10589,709.7340084266802,0.9850098161660286
10590,709.7340084266802,0.9850098161660286
10591,709.7340084266802,0.9850098161660286
10592,709.7340084266802,0.9850098161660286
10593,709.7340084266802,0.9850098161660286
10604,724.4763628008707,0.8861886248962958
10605,724.4763628008707,0.8861886248962958
10606,724.4763628008707,0.8861886248962958
10607,724.4763628008707,0.8861886248962958
10608,724.4763628008707,0.8861886248962958
10609,746.8705393646032,0.9184758916613831
10610,746.8705393646032,0.9184758916613831
10611,746.8705393646032,0.9184758916613831
10612,746.8705393646032,0.9184758916613831
10613,746.8705393646032,0.9184758916613831
10624,747.1815264281712,0.9680277110205469
10625,747.1815264281712,0.9680277110205469
10626,747.1815264281712,0.9680277110205469
10627,747.1815264281712,0.9680277110205469
10628,747.1815264281712,0.9680277110205469
10629,786.0376145273644,0.9722095012726122
10630,786.0376145273644,0.9722095012726122
10631,786.0376145273644,0.9722095012726122
10632,786.0376145273644,0.9722095012726122
10633,786.0376145273644,0.9722095012726122
10682,634.5960423744028,0.9286514002069561
10683,632.427480495985,0.9296522572357357
10684,638.9841846938513,0.9337354618742497
10685,641.2737085869928,0.9188913883531011
10686,636.301453373773,0.9301709338709228
10687,634.6756900783117,0.930771044328774
10688,641.1529480628808,0.9351229489928417
10689,643.2412288414585,0.9171024366955212
10690,548.478958271826,0.6522183295596482
10691,548.478958271826,0.6522183295596482
10692,548.478958271826,0.6522183295596482
10693,548.478958271826,0.6522183295596482
10694,548.478958271826,0.6522183295596482
10695,548.478958271826,0.6522183295596482
10696,548.478958271826,0.6522183295596482
10697,548.478958271826,0.6522183295596482
10698,548.478958271826,0.6522183295596482
10699,548.478958271826,0.6522183295596482
10700,548.478958271826,0.6522183295596482
10701,548.478958271826,0.6522183295596482
10702,548.478958271826,0.6522183295596482
10703,548.478958271826,0.6522183295596482
10704,548.478958271826,0.6522183295596482
10705,548.478958271826,0.6522183295596482
10706,548.478958271826,0.6522183295596482
10707,548.478958271826,0.6522183295596482
10708,548.478958271826,0.6522183295596482
10709,548.478958271826,0.6522183295596482
10710,548.478958271826,0.6522183295596482
10711,548.478958271826,0.6522183295596482
10712,548.478958271826,0.6522183295596482
10713,548.478958271826,0.6522183295596482
10714,548.478958271826,0.6522183295596482
10715,548.478958271826,0.6522183295596482
10716,548.478958271826,0.6522183295596482
10717,548.478958271826,0.6522183295596482
10718,545.7335108922967,0.6515286080754693
10719,545.7335108922967,0.6515286080754693
10720,545.7335108922967,0.6515286080754693
10721,545.7335108922967,0.6515286080754693
10722,545.7335108922967,0.6515286080754693
10723,545.7335108922967,0.6515286080754693
10724,545.7335108922967,0.6515286080754693
10725,545.7335108922967,0.6515286080754693
10726,545.7335108922967,0.6515286080754693
10727,545.7335108922967,0.6515286080754693
10728,545.7335108922967,0.6515286080754693
10729,545.7335108922967,0.6515286080754693
10730,545.7335108922967,0.6515286080754693
10731,545.7335108922967,0.6515286080754693
10732,545.7335108922967,0.6515286080754693
10733,545.7335108922967,0.6515286080754693
10734,545.7335108922967,0.6515286080754693
10735,545.7335108922967,0.6515286080754693
10736,545.7335108922967,0.6515286080754693
10737,545.7335108922967,0.6515286080754693
10738,545.7335108922967,0.6515286080754693
10739,545.7335108922967,0.6515286080754693
10740,545.7335108922967,0.6515286080754693
10741,545.7335108922967,0.6515286080754693
10742,545.7335108922967,0.6515286080754693
10743,545.7335108922967,0.6515286080754693
10744,545.7335108922967,0.6515286080754693
10745,545.7335108922967,0.6515286080754693
10746,544.0438426270952,0.6490412304950016
10747,544.0438426270952,0.6490412304950016
10748,544.0438426270952,0.6490412304950016
10749,544.0438426270952,0.6490412304950016
10750,544.0438426270952,0.6490412304950016
10751,544.0438426270952,0.6490412304950016
10752,544.0438426270952,0.6490412304950016
10753,544.0438426270952,0.6490412304950016
10754,544.0438426270952,0.6490412304950016
10755,544.0438426270952,0.6490412304950016
10756,544.0438426270952,0.6490412304950016
10757,544.0438426270952,0.6490412304950016
10758,544.0438426270952,0.6490412304950016
10759,544.0438426270952,0.6490412304950016
10760,544.0438426270952,0.6490412304950016
10761,544.0438426270952,0.6490412304950016
10762,544.0438426270952,0.6490412304950016
10763,544.0438426270952,0.6490412304950016
10764,544.0438426270952,0.6490412304950016
10765,544.0438426270952,0.6490412304950016
10766,544.0438426270952,0.6490412304950016
10767,544.0438426270952,0.6490412304950016
10768,544.0438426270952,0.6490412304950016
10769,544.0438426270952,0.6490412304950016
10770,544.0438426270952,0.6490412304950016
10771,544.0438426270952,0.6490412304950016
10772,544.0438426270952,0.6490412304950016
10773,544.0438426270952,0.6490412304950016
10828,688.0701947162997,0.8679181475384267
10829,688.0701947162997,0.8679181475384267
10830,688.0701947162997,0.8679181475384267
10831,688.0701947162997,0.8679181475384267
10832,688.0701947162997,0.8679181475384267
10833,688.0701947162997,0.8679181475384267
10834,688.0701947162997,0.8679181475384267
10835,688.0701947162997,0.8679181475384267
10836,679.5632576430316,0.8718854863359422
10837,679.5632576430316,0.8718854863359422
10838,679.5632576430316,0.8718854863359422
10839,679.5632576430316,0.8718854863359422
10840,679.5632576430316,0.8718854863359422
10841,679.5632576430316,0.8718854863359422
10842,679.5632576430316,0.8718854863359422
10843,679.5632576430316,0.8718854863359422
10878,624.4194634054262,0.8870254024218418
10879,624.4194634054262,0.8870254024218418
10882,575.2133114017242,0.7080221448730661
10883,575.2133114017242,0.7080221448730661
10884,575.2133114017242,0.7080221448730661
10885,575.2133114017242,0.7080221448730661
10886,575.2133114017242,0.7080221448730661
10887,575.2133114017242,0.7080221448730661
10888,575.2133114017242,0.7080221448730661
10889,575.2133114017242,0.7080221448730661
10890,575.2133114017242,0.7080221448730661
10891,575.2133114017242,0.7080221448730661
10892,575.2133114017242,0.7080221448730661
10893,575.2133114017242,0.7080221448730661
10894,575.2133114017242,0.7080221448730661
10895,575.2133114017242,0.7080221448730661
10896,575.2133114017242,0.7080221448730661
10897,575.2133114017242,0.7080221448730661
10898,575.2133114017242,0.7080221448730661
10899,540.1098887344813,0.689027604080841
10900,540.1098887344813,0.689027604080841
10901,540.1098887344813,0.689027604080841
10902,540.1098887344813,0.689027604080841
10903,540.1098887344813,0.689027604080841
10904,540.1098887344813,0.689027604080841
10905,540.1098887344813,0.689027604080841
10906,540.1098887344813,0.689027604080841
10907,540.1098887344813,0.689027604080841
10908,540.1098887344813,0.689027604080841
10909,540.1098887344813,0.689027604080841
10910,540.1098887344813,0.689027604080841
10911,540.1098887344813,0.689027604080841
10912,540.1098887344813,0.689027604080841
10913,540.1098887344813,0.689027604080841
10914,540.1098887344813,0.689027604080841
10915,540.1098887344813,0.689027604080841
10916,534.2804468112816,0.715867256718818
10917,534.2804468112816,0.715867256718818
10918,534.2804468112816,0.715867256718818
10919,534.2804468112816,0.715867256718818
10920,534.2804468112816,0.715867256718818
10921,534.2804468112816,0.715867256718818
10922,534.2804468112816,0.715867256718818
10923,534.2804468112816,0.715867256718818
10924,534.2804468112816,0.715867256718818
10925,534.2804468112816,0.715867256718818
10926,534.2804468112816,0.715867256718818
10927,534.2804468112816,0.715867256718818
10928,534.2804468112816,0.715867256718818
10929,534.2804468112816,0.715867256718818
10930,534.2804468112816,0.715867256718818
10931,534.2804468112816,0.715867256718818
10932,534.2804468112816,0.715867256718818
10933,535.9732957740778,0.7080653211540642
10934,535.9732957740778,0.7080653211540642
10935,535.9732957740778,0.7080653211540642
10936,535.9732957740778,0.7080653211540642
10937,535.9732957740778,0.7080653211540642
10938,535.9732957740778,0.7080653211540642
10939,535.9732957740778,0.7080653211540642
10940,535.9732957740778,0.7080653211540642
10941,535.9732957740778,0.7080653211540642
10942,535.9732957740778,0.7080653211540642
10943,535.9732957740778,0.7080653211540642
10944,535.9732957740778,0.7080653211540642
10945,535.9732957740778,0.7080653211540642
10946,535.9732957740778,0.7080653211540642
10947,535.9732957740778,0.7080653211540642
10948,535.9732957740778,0.7080653211540642
10949,535.9732957740778,0.7080653211540642
10950,546.1494521808963,0.8230756111699588
10951,546.1494521808963,0.8230756111699588
10952,546.1494521808963,0.8230756111699588
10953,546.1494521808963,0.8230756111699588
10954,546.1494521808963,0.8230756111699588
10955,546.1494521808963,0.8230756111699588
10956,546.1494521808963,0.8230756111699588
10957,546.1494521808963,0.8230756111699588
10958,546.1494521808963,0.8230756111699588
10959,546.1494521808963,0.8230756111699588
10960,546.1494521808963,0.8230756111699588
10961,546.1494521808963,0.8230756111699588
10962,546.1494521808963,0.8230756111699588
10963,546.1494521808963,0.8230756111699588
10964,546.1494521808963,0.8230756111699588
10965,546.1494521808963,0.8230756111699588
10966,546.1494521808963,0.8230756111699588
10967,591.3949009489315,0.6531801023530016
10968,591.3949009489315,0.6531801023530016
10969,591.3949009489315,0.6531801023530016
10970,591.3949009489315,0.6531801023530016
10971,591.3949009489315,0.6531801023530016
10972,591.3949009489315,0.6531801023530016
10973,591.3949009489315,0.6531801023530016
10974,591.3949009489315,0.6531801023530016
10975,591.3949009489315,0.6531801023530016
10976,591.3949009489315,0.6531801023530016
10977,591.3949009489315,0.6531801023530016
10978,591.3949009489315,0.6531801023530016
10979,591.3949009489315,0.6531801023530016
10980,591.3949009489315,0.6531801023530016
10981,591.3949009489315,0.6531801023530016
10982,591.3949009489315,0.6531801023530016
10983,591.3949009489315,0.6531801023530016
10985,574.1429304216368,0.5595716412944909
10987,574.1429304216368,0.5595716412944909
10988,574.1429304216368,0.5595716412944909
10991,595.9674953123756,0.576086682407698
10993,595.9674953123756,0.576086682407698
10994,595.9674953123756,0.576086682407698
11013,607.0176154762024,0.8657040992815909
11029,665.8660964518516,0.8595774394482109
11031,665.8660964518516,0.8595774394482109
11068,805.6803461806055,0.9583000496134424
11069,811.8765032124875,0.9571241734478284
11070,812.1017809221175,0.955318487151412
11071,826.4299018656674,0.9540205778849824
11072,800.5399687604249,0.9536765724554566
11073,804.7099280703887,0.9534778312247065
11074,806.593591508414,0.9515125852800432
11075,819.9836947564556,0.951545302124204
11076,788.3764218759553,0.9551132508532342
11077,791.3040206558842,0.9559299155754459
11078,797.6416682107147,0.9532118462867353
11079,808.7928526789215,0.9541482964217451
11120,626.2547344508464,0.9359652283968738
11133,437.2529064278647,0.5782074309087892
11165,540.3777373207795,1.0651453384637075
11166,540.3777373207795,1.0651453384637075
11167,540.3777373207795,1.0651453384637075
11168,540.3777373207795,1.0651453384637075
11169,540.3777373207795,1.0651453384637075
11170,540.3777373207795,1.0651453384637075
11171,540.3777373207795,1.0651453384637075
11177,493.87321453753884,0.9059774970212657
11178,493.87321453753884,0.9059774970212657
11180,493.87321453753884,0.9059774970212657
11181,493.87321453753884,0.9059774970212657
11182,493.87321453753884,0.9059774970212657
11183,493.87321453753884,0.9059774970212657
11186,489.4047740610667,0.8923368965665825
11187,489.4047740610667,0.8923368965665825
11189,489.4047740610667,0.8923368965665825
11190,489.4047740610667,0.8923368965665825
11191,489.4047740610667,0.8923368965665825
11192,489.4047740610667,0.8923368965665825
11195,486.45001809469113,0.6615313468605195
11196,486.45001809469113,0.6615313468605195
11198,486.45001809469113,0.6615313468605195
11199,486.45001809469113,0.6615313468605195
11200,486.45001809469113,0.6615313468605195
11201,486.45001809469113,0.6615313468605195
11204,468.8793691861707,0.6184133058005551
11205,468.8793691861707,0.6184133058005551
11207,468.8793691861707,0.6184133058005551
11208,468.8793691861707,0.6184133058005551
11209,468.8793691861707,0.6184133058005551
11210,468.8793691861707,0.6184133058005551
11212,458.79610330255844,0.7753219039605501
11213,458.79610330255844,0.7753219039605501
11214,458.79610330255844,0.7753219039605501
11215,458.79610330255844,0.7753219039605501
11216,458.79610330255844,0.7753219039605501
11217,458.79610330255844,0.7753219039605501
11218,454.9833677227103,0.7563995366121268
11224,461.0508219183131,0.6314537459415512
11230,499.2451624580555,1.0914318279364388
11236,635.9565940281348,0.6376339401553064
11237,635.9565940281348,0.6376339401553064
11238,635.9565940281348,0.6376339401553064
11239,635.9565940281348,0.6376339401553064
11240,635.9565940281348,0.6376339401553064
11241,635.9565940281348,0.6376339401553064
11242,635.9565940281348,0.6376339401553064
11243,635.9565940281348,0.6376339401553064
11244,635.9565940281348,0.6376339401553064
11245,635.9565940281348,0.6376339401553064
11246,635.9565940281348,0.6376339401553064
11247,635.9565940281348,0.6376339401553064
11248,629.0311767313716,0.7488423222541208
11249,629.0311767313716,0.7488423222541208
11250,629.0311767313716,0.7488423222541208
11251,629.0311767313716,0.7488423222541208
11252,629.0311767313716,0.7488423222541208
11253,629.0311767313716,0.7488423222541208
11254,629.0311767313716,0.7488423222541208
11255,629.0311767313716,0.7488423222541208
11256,629.0311767313716,0.7488423222541208
11257,629.0311767313716,0.7488423222541208
11258,629.0311767313716,0.7488423222541208
11259,629.0311767313716,0.7488423222541208
11260,636.5753782432189,0.6372478151787949
11261,636.5753782432189,0.6372478151787949
11262,636.5753782432189,0.6372478151787949
11263,636.5753782432189,0.6372478151787949
11264,636.5753782432189,0.6372478151787949
11265,636.5753782432189,0.6372478151787949
11266,636.5753782432189,0.6372478151787949
11267,636.5753782432189,0.6372478151787949
11268,636.5753782432189,0.6372478151787949
11269,636.5753782432189,0.6372478151787949
11270,636.5753782432189,0.6372478151787949
11271,636.5753782432189,0.6372478151787949
11272,636.7696720290171,0.6540896545837549
11273,636.7696720290171,0.6540896545837549
11274,636.7696720290171,0.6540896545837549
11275,636.7696720290171,0.6540896545837549
11276,636.7696720290171,0.6540896545837549
11277,636.7696720290171,0.6540896545837549
11278,636.7696720290171,0.6540896545837549
11279,636.7696720290171,0.6540896545837549
11280,636.7696720290171,0.6540896545837549
11281,636.7696720290171,0.6540896545837549
11282,636.7696720290171,0.6540896545837549
11283,636.7696720290171,0.6540896545837549
11284,634.0018793429781,0.6097814849519446
11285,634.0018793429781,0.6097814849519446
11286,634.0018793429781,0.6097814849519446
11287,634.0018793429781,0.6097814849519446
11288,634.0018793429781,0.6097814849519446
11289,634.0018793429781,0.6097814849519446
11290,634.0018793429781,0.6097814849519446
11291,634.0018793429781,0.6097814849519446
11292,634.0018793429781,0.6097814849519446
11293,634.0018793429781,0.6097814849519446
11294,629.3174028976179,0.6321538020527933
11295,629.3174028976179,0.6321538020527933
11296,629.3174028976179,0.6321538020527933
11297,629.3174028976179,0.6321538020527933
11298,629.3174028976179,0.6321538020527933
11299,629.3174028976179,0.6321538020527933
11300,629.3174028976179,0.6321538020527933
11301,629.3174028976179,0.6321538020527933
11302,629.3174028976179,0.6321538020527933
11303,629.3174028976179,0.6321538020527933
11304,629.3174028976179,0.6321538020527933
11305,629.3174028976179,0.6321538020527933
11306,617.0180484918569,0.656589745862256
11307,617.0180484918569,0.656589745862256
11308,617.0180484918569,0.656589745862256
11309,617.0180484918569,0.656589745862256
11310,617.0180484918569,0.656589745862256
11311,617.0180484918569,0.656589745862256
11312,617.0180484918569,0.656589745862256
11313,617.0180484918569,0.656589745862256
11314,617.0180484918569,0.656589745862256
11315,617.0180484918569,0.656589745862256
11316,617.0180484918569,0.656589745862256
11317,617.0180484918569,0.656589745862256
11318,602.5748934388397,0.7166555950053656
11319,602.5748934388397,0.7166555950053656
11320,602.5748934388397,0.7166555950053656
11321,602.5748934388397,0.7166555950053656
11322,602.5748934388397,0.7166555950053656
11323,602.5748934388397,0.7166555950053656
11324,602.5748934388397,0.7166555950053656
11325,602.5748934388397,0.7166555950053656
11326,602.5748934388397,0.7166555950053656
11327,602.5748934388397,0.7166555950053656
11328,602.5748934388397,0.7166555950053656
11329,602.5748934388397,0.7166555950053656
11330,635.1252562828995,0.6490735016157623
11331,635.1252562828995,0.6490735016157623
11332,635.1252562828995,0.6490735016157623
11333,635.1252562828995,0.6490735016157623
11334,635.1252562828995,0.6490735016157623
11335,635.1252562828995,0.6490735016157623
11336,635.1252562828995,0.6490735016157623
11337,635.1252562828995,0.6490735016157623
11338,635.1252562828995,0.6490735016157623
11339,635.1252562828995,0.6490735016157623
11340,635.1252562828995,0.6490735016157623
11341,701.7410143234772,0.9364428454327962
11342,701.7410143234772,0.9364428454327962
11343,701.7410143234772,0.9364428454327962
11344,701.7410143234772,0.9364428454327962
11345,701.7410143234772,0.9364428454327962
11346,701.7410143234772,0.9364428454327962
11347,701.7410143234772,0.9364428454327962
11348,701.7410143234772,0.9364428454327962
11349,701.7410143234772,0.9364428454327962
11350,733.2872417038885,0.7454197129008353
11351,733.2872417038885,0.7454197129008353
11352,733.2872417038885,0.7454197129008353
11353,733.2872417038885,0.7454197129008353
11354,733.2872417038885,0.7454197129008353
11355,734.7086903352441,0.7005532230340704
11356,734.7086903352441,0.7005532230340704
11357,734.7086903352441,0.7005532230340704
11358,734.7086903352441,0.7005532230340704
11359,734.7086903352441,0.7005532230340704
11399,564.1625300498365,0.8329810232843124
11400,564.1625300498365,0.8329810232843124
11401,564.1625300498365,0.8329810232843124
11402,564.1625300498365,0.8329810232843124
11403,564.1625300498365,0.8329810232843124
11404,564.1625300498365,0.8329810232843124
11405,564.1625300498365,0.8329810232843124
11420,493.84344082375424,0.8326900733879505
11421,493.84344082375424,0.8326900733879505
11422,493.84344082375424,0.8326900733879505
11423,493.84344082375424,0.8326900733879505
11424,493.84344082375424,0.8326900733879505
11425,493.84344082375424,0.8326900733879505
11426,493.84344082375424,0.8326900733879505
11427,493.84344082375424,0.8326900733879505
11444,451.8519302586586,1.0024050423645197
11448,450.5376583510844,0.8251797452826264
11451,439.34066494486297,0.9970655216371004
11456,597.3796570504992,1.0710772810677416
11457,604.371147224674,1.0834975450253117
11458,608.4299896477596,1.0628507441600354
11459,604.7439375699496,1.0689624753548503
11460,608.5466047443506,1.0341614477772938
11461,603.1560354789151,1.0820539559144033
11462,611.438770496142,1.0955047192969012
11463,611.3722754280684,1.0758893121268231
11464,590.1428196362316,1.0698349687030588
11465,591.7686820930039,1.0507646700732391
11466,596.7729404497624,1.0849164221107732
11467,597.9829517375249,1.0690462281776045
11468,599.8151179448402,1.0974372227513745
11469,599.9708295780406,1.0625419269694227
11470,592.2442834507641,1.0727297581897222
11471,595.5918254479602,1.0550199269053095
11472,603.6224735605178,1.107163465970448
11473,607.3362701960355,1.0844642428488327
11474,591.1196674814652,1.0744360709172132
11475,597.6780814410344,1.029721070084483
11476,599.5362614030914,1.0142566020174197
11477,601.1799213741003,1.0540448735114691
11478,607.9520431035645,1.0766258012115162
11479,603.3907616271524,1.0676982297559348
11480,602.3602605371884,1.0647421013123146
11481,609.9046162377418,1.0798029749986906
11482,608.1404827571512,1.0751455603945788
11483,620.354657900404,1.0480915874449677
11484,629.0019599547904,1.058209122884269
11485,627.6439902212005,1.0558121792205186
11486,606.6045686226396,1.0819468512247183
11487,614.762369055604,1.0923883067433655
11488,610.4113286712483,1.0831734962512742
11489,612.2272586218971,1.0963514567479762
11490,623.3796122570513,1.1034762842970771
11491,616.2471062532177,1.0931237887150596
11492,542.5519017302232,0.8602301240364962
11493,542.5519017302232,0.8602301240364962
11494,542.5519017302232,0.8602301240364962
11495,542.5519017302232,0.8602301240364962
11496,542.5519017302232,0.8602301240364962
11497,542.5519017302232,0.8602301240364962
11498,542.5519017302232,0.8602301240364962
11499,542.5519017302232,0.8602301240364962
11500,542.5519017302232,0.8602301240364962
11501,542.5519017302232,0.8602301240364962
11502,542.5519017302232,0.8602301240364962
11503,642.8253413285672,0.8254375608272242
11504,642.8253413285672,0.8254375608272242
11505,642.8253413285672,0.8254375608272242
11506,642.8253413285672,0.8254375608272242
11507,642.8253413285672,0.8254375608272242
11508,642.8253413285672,0.8254375608272242
11509,642.8253413285672,0.8254375608272242
11510,642.8253413285672,0.8254375608272242
11511,649.0493143218032,0.8689293800610851
11512,649.0493143218032,0.8689293800610851
11513,649.0493143218032,0.8689293800610851
11514,649.0493143218032,0.8689293800610851
11515,649.0493143218032,0.8689293800610851
11516,649.0493143218032,0.8689293800610851
11517,649.0493143218032,0.8689293800610851
11518,649.0493143218032,0.8689293800610851
11519,665.6788301009246,0.776803878684758
11520,665.6788301009246,0.776803878684758
11521,665.6788301009246,0.776803878684758
11522,665.6788301009246,0.776803878684758
11523,665.6788301009246,0.776803878684758
11524,665.6788301009246,0.776803878684758
11525,665.6788301009246,0.776803878684758
11526,665.6788301009246,0.776803878684758
11545,544.9236375321593,0.7321351409447434
11548,544.9236375321593,0.7321351409447434
11568,590.6545302906077,0.9526315326779264
11570,608.7087950258671,0.9427574405580383
11574,681.9989702173284,0.7378407751893092
11577,686.2458796294244,0.6885845551413545
11580,684.3504447555396,0.7676974971550398
11581,561.1136100431652,1.0103509257047578
11582,581.7900726339531,1.0799520899492303
11583,560.9879188374375,0.8669954373172069
11584,527.4209309348478,0.6490242227449593
11585,527.4209309348478,0.6490242227449593
11586,527.4209309348478,0.6490242227449593
11587,527.4209309348478,0.6490242227449593
11588,527.4209309348478,0.6490242227449593
11589,527.4209309348478,0.6490242227449593
11590,527.4209309348478,0.6490242227449593
11591,527.4209309348478,0.6490242227449593
11592,527.4209309348478,0.6490242227449593
11593,527.4209309348478,0.6490242227449593
11595,523.0882069258109,0.5259692754668259
11596,523.0882069258109,0.5259692754668259
11598,523.0882069258109,0.5259692754668259
11599,523.0882069258109,0.5259692754668259
11600,523.0882069258109,0.5259692754668259
11601,523.0882069258109,0.5259692754668259
11603,523.0882069258109,0.5259692754668259
11661,691.231633001497,0.9212477908941215
11662,691.231633001497,0.9212477908941215
11663,691.231633001497,0.9212477908941215
11664,691.231633001497,0.9212477908941215
11665,691.231633001497,0.9212477908941215
11666,691.231633001497,0.9212477908941215
11667,691.231633001497,0.9212477908941215
11668,691.231633001497,0.9212477908941215
11669,691.231633001497,0.9212477908941215
11670,691.231633001497,0.9212477908941215
11671,691.231633001497,0.9212477908941215
11672,691.231633001497,0.9212477908941215
11673,691.231633001497,0.9212477908941215
11674,691.231633001497,0.9212477908941215
11675,691.231633001497,0.9212477908941215
11676,691.231633001497,0.9212477908941215
11677,691.231633001497,0.9212477908941215
11678,691.231633001497,0.9212477908941215
11705,470.3359050641291,0.9272424191765825
11706,493.59588947283805,0.8068078173392151
11713,543.9304284520645,0.8956526368949991
11714,543.9304284520645,0.8956526368949991
11715,543.9304284520645,0.8956526368949991
11716,543.9304284520645,0.8956526368949991
11717,543.9304284520645,0.8956526368949991
11718,543.9304284520645,0.8956526368949991
11719,543.9304284520645,0.8956526368949991
11720,543.9304284520645,0.8956526368949991
11721,783.86547630938,0.9591395879834985
11722,783.86547630938,0.9591395879834985
11723,783.86547630938,0.9591395879834985
11724,784.4808804456418,0.9585943679571037
11725,784.4808804456418,0.9585943679571037
11726,784.4808804456418,0.9585943679571037
11727,802.2857015900552,0.9680802434724177
11728,802.2857015900552,0.9680802434724177
11729,802.2857015900552,0.9680802434724177
11730,801.3636976157909,0.9678328175384507
11731,801.3636976157909,0.9678328175384507
11732,801.3636976157909,0.9678328175384507
11733,808.9023817929568,0.9696619627437528
11734,808.9023817929568,0.9696619627437528
11735,808.9023817929568,0.9696619627437528
11736,807.9497353232148,0.969483674830969
11737,807.9497353232148,0.969483674830969
11738,807.9497353232148,0.969483674830969
11739,644.0600662318136,0.8193675036328827
11740,644.0600662318136,0.8193675036328827
11759,502.58233301537496,0.8833907353619674
11821,630.3624795296919,0.4055379427370029
11834,593.159762277226,1.0087356824303653
11835,604.4829207039364,0.9852895357276426
11871,619.6538514997923,0.6204912397424736
11872,619.6538514997923,0.6204912397424736
11873,619.6538514997923,0.6204912397424736
11876,620.8204983134615,0.7024330207220845
11877,620.8204983134615,0.7024330207220845
11878,620.8204983134615,0.7024330207220845
11881,620.9157650627931,0.635492045706076
11882,620.9157650627931,0.635492045706076
11883,620.9157650627931,0.635492045706076
11901,515.4968599050321,0.6783637026140474
11902,605.9907605533277,0.9555940623864554
11903,617.2996305135002,0.9594186662311226
11904,612.6483126608961,0.9578685602136323
11905,614.965595564182,0.9529465906923964
11906,631.8413568542189,0.9514249104000296
11907,493.5796368513702,0.5284706482264474
11933,604.7341927056887,0.4980831751731394
11935,604.7341927056887,0.4980831751731394
11936,604.7341927056887,0.4980831751731394
11937,604.7341927056887,0.4980831751731394
11939,604.7341927056887,0.4980831751731394
11949,616.6314638838476,0.4089225819505381
11951,616.6314638838476,0.4089225819505381
11952,616.6314638838476,0.4089225819505381
11953,616.6314638838476,0.4089225819505381
11955,616.6314638838476,0.4089225819505381
11989,489.0497315589904,0.8089828350749075
11998,489.0497315589904,0.8089828350749075
11999,489.0497315589904,0.8089828350749075
12000,489.0497315589904,0.8089828350749075
12001,489.0497315589904,0.8089828350749075
12002,489.0497315589904,0.8089828350749075
12003,591.4589393511299,0.7454602977954984
12004,598.2295076955188,0.7720312179115316
12021,538.8293869204475,0.9316350381145533
12022,538.8293869204475,0.9316350381145533
12025,498.99462279407135,1.0814464286323706
12026,498.99462279407135,1.0814464286323706
12027,498.99462279407135,1.0814464286323706
12028,498.99462279407135,1.0814464286323706
12029,498.99462279407135,1.0814464286323706
12030,498.99462279407135,1.0814464286323706
12031,498.99462279407135,1.0814464286323706
12032,498.99462279407135,1.0814464286323706
12033,498.99462279407135,1.0814464286323706
12034,498.99462279407135,1.0814464286323706
12035,498.99462279407135,1.0814464286323706
12036,498.99462279407135,1.0814464286323706
12037,498.99462279407135,1.0814464286323706
12038,498.99462279407135,1.0814464286323706
12039,498.99462279407135,1.0814464286323706
12040,498.99462279407135,1.0814464286323706
12041,498.99462279407135,1.0814464286323706
12042,498.99462279407135,1.0814464286323706
12043,498.99462279407135,1.0814464286323706
12044,498.99462279407135,1.0814464286323706
12045,493.72378366645887,1.17961691155305
12046,493.72378366645887,1.17961691155305
12047,493.72378366645887,1.17961691155305
12048,493.72378366645887,1.17961691155305
12049,493.72378366645887,1.17961691155305
12050,493.72378366645887,1.17961691155305
12051,493.72378366645887,1.17961691155305
12052,493.72378366645887,1.17961691155305
12053,493.72378366645887,1.17961691155305
12054,493.72378366645887,1.17961691155305
12055,493.72378366645887,1.17961691155305
12056,493.72378366645887,1.17961691155305
12057,493.72378366645887,1.17961691155305
12058,493.72378366645887,1.17961691155305
12059,493.72378366645887,1.17961691155305
12060,493.72378366645887,1.17961691155305
12061,493.72378366645887,1.17961691155305
12062,493.72378366645887,1.17961691155305
12063,493.72378366645887,1.17961691155305
12064,493.72378366645887,1.17961691155305
12065,502.98350459319454,1.181334141375562
12066,502.98350459319454,1.181334141375562
12067,502.98350459319454,1.181334141375562
12068,502.98350459319454,1.181334141375562
12069,502.98350459319454,1.181334141375562
12070,502.98350459319454,1.181334141375562
12071,502.98350459319454,1.181334141375562
12072,502.98350459319454,1.181334141375562
12073,502.98350459319454,1.181334141375562
12074,502.98350459319454,1.181334141375562
12075,502.98350459319454,1.181334141375562
12076,502.98350459319454,1.181334141375562
12077,502.98350459319454,1.181334141375562
12078,502.98350459319454,1.181334141375562
12079,502.98350459319454,1.181334141375562
12080,502.98350459319454,1.181334141375562
12081,502.98350459319454,1.181334141375562
12082,502.98350459319454,1.181334141375562
12083,502.98350459319454,1.181334141375562
12084,502.98350459319454,1.181334141375562
12116,637.9990500721697,0.8557092983966308
12117,637.9990500721697,0.8557092983966308
12118,637.9990500721697,0.8557092983966308
12119,637.9990500721697,0.8557092983966308
12124,696.5692705014611,1.0392683514177525
12125,696.5692705014611,1.0392683514177525
12126,696.5692705014611,1.0392683514177525
12131,586.2340909500792,0.5980795018425089
12132,586.2340909500792,0.5980795018425089
12133,586.2340909500792,0.5980795018425089
12138,820.5475942813243,0.9967143603622921
12139,820.5475942813243,0.9967143603622921
12140,820.5475942813243,0.9967143603622921
12141,820.5475942813243,0.9967143603622921
12142,820.5475942813243,0.9967143603622921
12143,820.5475942813243,0.9967143603622921
12144,820.5475942813243,0.9967143603622921
12145,820.5475942813243,0.9967143603622921
12146,820.5475942813243,0.9967143603622921
12147,820.5475942813243,0.9967143603622921
12148,820.5475942813243,0.9967143603622921
12149,820.5475942813243,0.9967143603622921
12150,820.5475942813243,0.9967143603622921
12151,820.5475942813243,0.9967143603622921
12152,820.5475942813243,0.9967143603622921
12153,820.5475942813243,0.9967143603622921
12154,820.5475942813243,0.9967143603622921
12162,646.1030182179637,1.0180201179208757
12170,605.9673023485003,0.5547995286095104
12171,605.9673023485003,0.5547995286095104
12186,670.6180869884604,0.4198464326522904
12187,670.6180869884604,0.4198464326522904
12202,646.2818558560041,0.439388471435865
12203,646.2818558560041,0.439388471435865
12245,573.225013509237,0.7770896345703664
12246,573.225013509237,0.7770896345703664
12247,573.225013509237,0.7770896345703664
12248,573.225013509237,0.7770896345703664
12249,556.3094125073353,0.7760046893787963
12250,500.3834951806956,0.8335686306940105
12251,500.3834951806956,0.8335686306940105
12252,500.3834951806956,0.8335686306940105
12253,500.3834951806956,0.8335686306940105
12254,500.3834951806956,0.8335686306940105
12255,500.3834951806956,0.8335686306940105
12256,500.3834951806956,0.8335686306940105
12257,500.3834951806956,0.8335686306940105
12258,500.3834951806956,0.8335686306940105
12259,500.3834951806956,0.8335686306940105
12260,500.3834951806956,0.8335686306940105
12261,500.3834951806956,0.8335686306940105
12262,500.3834951806956,0.8335686306940105
12263,500.3834951806956,0.8335686306940105
12264,500.3834951806956,0.8335686306940105
12265,500.3834951806956,0.8335686306940105
12370,577.7898628810161,0.9687058247338158
12371,570.1315117000267,1.1777429182338173
12372,505.38502815306333,0.892649888404478
12373,534.9024477300887,1.2426129066456042
12374,510.57434477119244,1.179521528154559
12375,564.2975871477222,1.1279975023198652
12376,518.3201881321354,1.2733341316756965
12377,727.1777525360831,0.9772639490586112
12378,734.3051319814019,0.9716902233524825
12379,734.1187370742947,0.9764120889831102
12380,763.985511105395,0.9930796631373735
12381,778.2994017415438,0.9973735769533528
12382,787.9051735770615,0.999004938953167
12383,782.2295552418423,0.9992158267601392
12384,774.6115569829767,0.9990777120873835
12385,771.0179424875455,0.9991480877694354
12386,780.0901178440865,0.9940948041509532
12387,774.6880564162839,0.9937692026275059
12388,780.1137448086074,0.9974632882177645
12389,850.6665032211442,1.000180893942447
12390,778.8845706151144,0.9963387058285826
12391,760.8661936851231,0.9958015069675925
12392,761.7722288355492,0.9969262024013399
12393,766.8087899394937,0.996193595439756
12397,605.7019966713626,1.0085675829019816
12399,635.2394208710149,0.9821841944224408
12402,641.6796269695653,0.9836091956005024
12406,591.6361815930193,1.085676840622317
12410,576.2203889433732,1.1274016952178947
12411,496.3831380397331,0.8846324068969353
12461,556.0717293298268,1.0614983268660287
12462,556.0717293298268,1.0614983268660287
12463,556.0717293298268,1.0614983268660287
12465,556.0717293298268,1.0614983268660287
12467,556.0717293298268,1.0614983268660287
12470,547.650002516935,1.0114480369846732
12471,547.650002516935,1.0114480369846732
12474,547.650002516935,1.0114480369846732
12480,527.896595961003,0.9294823557431824
12481,527.896595961003,0.9294823557431824
12482,527.896595961003,0.9294823557431824
12494,510.0832442400843,0.9017864282074743
12495,515.7257336278194,0.960429964861331
12496,470.51682910097315,1.1043040800711577
12497,539.6115567873509,1.036780905264489
12498,548.1256392031232,1.1180463511504557
12499,547.5329865337183,1.2202414543109774
12500,579.0685570102982,1.109797377685831
12501,513.8504782255693,1.1870603247201885
12502,533.8974261003855,0.8773101778242414
12503,533.8974261003855,0.8773101778242414
12504,533.8974261003855,0.8773101778242414
12505,533.8974261003855,0.8773101778242414
12506,533.8974261003855,0.8773101778242414
12507,533.8974261003855,0.8773101778242414
12508,533.8974261003855,0.8773101778242414
12509,533.8974261003855,0.8773101778242414
12510,533.8974261003855,0.8773101778242414
12522,581.3442098294053,1.0372965714771998
12523,597.5435624172377,1.035376319672942
12524,634.7741096588783,1.0718428656458543
12525,607.1874606292996,1.1160432916252283
12526,631.0717170342814,1.101960022854341
12527,663.4298623288539,1.1728305293588774
12565,635.1180756588133,0.9558862941496253
12566,587.5276350315243,1.0932485813579091
12567,589.9704490455556,1.1024505745943558
12568,586.7087812901965,1.1223044300295788
12569,475.1193965911847,0.799258554083181
12570,508.81371728367276,0.8075415960609673
12571,588.3120789420348,0.9131310652288724
12572,586.8125872396487,1.0033538386433234
12573,588.3978053009507,1.110168322835627
12574,598.391077165508,0.9269308495883612
12575,601.2706926944471,0.9759913589945194
12576,610.5320765453587,0.9454544031536161
12577,595.778020896869,0.9215042738614252
12578,596.8041976449937,0.9185162960379805
12579,599.1465213527988,0.9064810945908082
12580,596.8474646054186,0.936165947618584
12581,568.4463127336488,0.7500242321123245
12588,673.7768654648945,0.755202342175729
12595,720.2782862710083,0.4802609695325606
12602,722.1370255209353,0.546879888174486
12609,771.7121228045208,0.8632534504554336
12727,507.50357774395087,0.5501708030044387
12728,507.50357774395087,0.5501708030044387
12746,712.4594294677411,0.948203185683292
12747,720.758785237668,0.9494177174504886
12748,482.57453251755396,0.6342191269735202
12749,528.3415499729342,0.878486290382612
12750,574.1515979901967,0.8669089833306851
12751,697.8480680695175,0.9508226830070721
12752,712.4594294677411,0.948203185683292
12753,720.758785237668,0.9494177174504886
12754,482.57453251755396,0.6342191269735202
12755,528.3415499729342,0.878486290382612
12756,574.1515979901967,0.8669089833306851
12757,697.8480680695175,0.9508226830070721
12758,712.4594294677411,0.948203185683292
12759,720.758785237668,0.9494177174504886
12769,700.4846484340981,0.8831092797506738
12771,700.4846484340981,0.8831092797506738
12772,740.7628339798468,0.8812765514692734
12773,740.7628339798468,0.8812765514692734
12774,740.7628339798468,0.8812765514692734
12802,716.8425151380923,0.8546116074632604
12805,716.8425151380923,0.8546116074632604
12817,484.3409612625286,1.0719819694837367
12818,472.1002933792832,1.1325443800657484
12819,498.92908308572885,1.2222705675215462
12820,552.8256938597247,1.1183136376166822
12821,515.628662540184,1.1816978681724035
12822,483.12101537477986,1.1417108915585097
12823,513.1309811101729,1.1057539780403358
12824,492.2090688164637,1.1731971890915918
12830,824.9717036892748,0.8638262747529616
12832,871.3397899745657,0.8735366825368308
12839,668.5895356388909,0.5625532146427681
12840,687.916131563033,0.7764717676578186
12841,708.2587479016491,0.8339946155248927
12842,662.3860457620181,0.7864886984487349
12844,694.5367797451512,0.8515370415972581
12848,687.916131563033,0.7764717676578186
12850,662.3860457620181,0.7864886984487349
12855,540.8893216297897,0.8084510372473903
12856,540.8893216297897,0.8084510372473903
12857,540.8893216297897,0.8084510372473903
12858,540.8893216297897,0.8084510372473903
12879,507.8854276460076,0.9403519481348145
12881,507.8854276460076,0.9403519481348145
12889,539.466986348711,0.8966230894000865
12891,539.466986348711,0.8966230894000865
12918,746.6811408204826,0.49036578088935856
12922,730.9980845764205,0.663023882682581
12926,766.6376532015918,0.6486426001710499
12930,751.6807684075894,0.5930882536048367
12934,748.0283116966436,0.6402683527582084
12938,735.5409347346857,0.5868040256220629
12942,738.5117712662379,0.67177362963344
12946,759.7805227960725,0.7523307640344592
12950,753.943976350004,0.8123447350201047
12952,752.792365897734,0.8112916224145208
12954,752.792365897734,0.8112916224145208
12967,623.1542251083986,1.036878816296916
12968,618.6323377561473,1.0471496825227846
12969,587.0677171436242,1.1113942428719463
12970,581.1812812360963,1.1525854998819005
12971,493.8185135676566,1.0794346736734532
12972,619.7398683030203,0.9389297954832823
12979,603.2688610245287,0.7410913799747362
12980,570.0729776433816,0.6581968008404147
12981,592.6469694183926,0.6982238465774908
12982,594.4656459782086,0.7962534915218955
12983,594.4656459782086,0.7962534915218955
12984,594.4656459782086,0.7962534915218955
12985,594.4656459782086,0.7962534915218955
12986,594.4656459782086,0.7962534915218955
12987,594.4656459782086,0.7962534915218955
12988,594.4656459782086,0.7962534915218955
12989,594.4656459782086,0.7962534915218955
12990,594.4656459782086,0.7962534915218955
12991,594.4656459782086,0.7962534915218955
12992,594.4656459782086,0.7962534915218955
12993,594.4656459782086,0.7962534915218955
12995,557.8529525603965,0.7572300061379582
12997,557.8529525603965,0.7572300061379582
12998,557.8529525603965,0.7572300061379582
12999,557.8529525603965,0.7572300061379582
13001,537.1276795943173,0.6938660083339921
13003,537.1276795943173,0.6938660083339921
13004,537.1276795943173,0.6938660083339921
13005,537.1276795943173,0.6938660083339921
13007,570.3372724669789,0.7905330013221528
13009,570.3372724669789,0.7905330013221528
13010,570.3372724669789,0.7905330013221528
13011,570.3372724669789,0.7905330013221528
13015,564.1687881975129,0.6852080406947619
13016,527.5553639326374,0.6789641544327438
13022,628.5364006365643,0.7348882864540811
13023,593.7610935598686,0.5838801976681066
13024,565.1616673534627,0.6133179021727688
13025,563.0437053181639,0.629000008144781
13026,556.8723539522193,0.6099634196970307
13027,607.3121776950229,0.6116148968198457
13033,503.15769497258003,0.6668253213415174
13038,552.5828913975881,0.632224039400655
13042,527.5553639326374,0.6789641544327438
13048,628.5364006365643,0.7348882864540811
13049,593.7610935598686,0.5838801976681066
13050,565.1616673534627,0.6133179021727688
13051,563.0437053181639,0.629000008144781
13052,556.8723539522193,0.6099634196970307
13054,490.1895105009141,0.5233534933179984
13084,535.4090734515808,0.8478508404574076
13085,538.5432891190065,0.7753123324588218
13086,654.6251358829657,0.8247446398496711
13087,688.8929251845645,0.8871225591486566
13088,687.3977045242237,0.8873537276770005
13089,717.3646796559046,0.946510012106853
13090,718.9736708660311,0.9969778057043901
13091,719.0291579808681,0.9969787493836139
13092,840.2892824575142,1.0003452121463896
13093,826.130974100707,1.0003041647685276
13094,846.1253716699595,1.0003301170206114
13095,651.4672018361782,0.8255216287849976
13096,651.0315641678268,0.8341050591006421
13097,601.3979542820518,0.8587141634530916
13098,576.6384532632645,0.6888177813999203
13099,576.6384532632645,0.6888177813999203
13100,576.6384532632645,0.6888177813999203
13101,576.6384532632645,0.6888177813999203
13102,576.6384532632645,0.6888177813999203
13103,576.6384532632645,0.6888177813999203
13104,576.6384532632645,0.6888177813999203
13105,576.6384532632645,0.6888177813999203
13106,576.6384532632645,0.6888177813999203
13107,576.6384532632645,0.6888177813999203
13108,576.6384532632645,0.6888177813999203
13109,576.6384532632645,0.6888177813999203
13110,576.6384532632645,0.6888177813999203
13111,576.6384532632645,0.6888177813999203
13112,576.6384532632645,0.6888177813999203
13123,414.35940043101084,0.580072318876012
13126,414.35940043101084,0.580072318876012
13127,414.35940043101084,0.580072318876012
13128,414.35940043101084,0.580072318876012
13129,414.35940043101084,0.580072318876012
13130,430.48005913506177,0.694250152902399
13131,430.48005913506177,0.694250152902399
13132,430.48005913506177,0.694250152902399
13133,713.5775549057176,0.8438998127922894
13134,848.8943942512939,0.8943100810152578
13135,740.9958791360931,0.914185114851376
13136,874.111675947373,0.9557967119805504
13147,744.4726713590915,0.9234616987391995
13148,746.4911156839347,0.9564300141406545
13149,763.0261719826653,0.9612540186356182
13150,754.5551346081422,0.9565939043684968
13151,765.5071073294308,0.9509988045067024
13152,778.8257045653675,0.9713837725334191
13153,765.5112411057736,0.9631558148705869
13154,783.1433611952674,0.9664167373978749
13155,779.7910242539033,0.9759089387470041
13156,792.8052483902256,0.9777736614610706
13157,787.1483038977856,0.976185143929386
13158,797.3640694504288,0.9751839050083153
13159,805.2764625868103,0.982244458795893
13160,795.7119884617275,0.9790328194479656
13175,573.1495199021945,1.0761976046046353
13176,583.6898069008087,1.0926092860796548
13180,613.3876130937848,0.8295548738570491
13181,613.3876130937848,0.8295548738570491
13182,613.3876130937848,0.8295548738570491
13183,613.3876130937848,0.8295548738570491
13184,613.3876130937848,0.8295548738570491
13185,613.3876130937848,0.8295548738570491
13186,613.3876130937848,0.8295548738570491
13187,613.3876130937848,0.8295548738570491
13188,613.3876130937848,0.8295548738570491
13189,613.3876130937848,0.8295548738570491
13202,460.08191154627633,0.8167456621618108
13216,626.3414064164823,0.9294450416092663
13219,626.3414064164823,0.9294450416092663
13251,634.8024878223138,0.7224014769138872
13252,712.8951470380537,0.843639029678739
13253,658.2154272142267,0.8624629274628012
13254,590.4401116738907,0.8990476317765788
13255,633.5269464925117,0.8210984688606788
13256,676.8330824765798,0.7413184704976097
13281,747.2824679897999,0.9543746479429881
13282,747.2824679897999,0.9543746479429881
13283,747.2824679897999,0.9543746479429881
13284,747.2824679897999,0.9543746479429881
13285,747.2824679897999,0.9543746479429881
13286,747.2824679897999,0.9543746479429881
13287,747.2824679897999,0.9543746479429881
13288,747.2824679897999,0.9543746479429881
13289,747.2824679897999,0.9543746479429881
13295,519.4018557469782,0.7835207663365692
13296,519.4018557469782,0.7835207663365692
13297,519.4018557469782,0.7835207663365692
13298,519.4018557469782,0.7835207663365692
13323,559.7343265347972,0.6038014548660031
13326,542.3122916791748,1.0454383591889713
13327,542.3122916791748,1.0454383591889713
13328,542.3122916791748,1.0454383591889713
13329,542.3122916791748,1.0454383591889713
13330,542.3122916791748,1.0454383591889713
13331,542.3122916791748,1.0454383591889713
13332,542.3122916791748,1.0454383591889713
13333,542.3122916791748,1.0454383591889713
13334,542.3122916791748,1.0454383591889713
13335,542.3122916791748,1.0454383591889713
13336,572.6464026946828,0.8915425172306519
13337,572.6464026946828,0.8915425172306519
13338,572.6464026946828,0.8915425172306519
13339,572.6464026946828,0.8915425172306519
13340,572.6464026946828,0.8915425172306519
13341,572.6464026946828,0.8915425172306519
13342,572.6464026946828,0.8915425172306519
13343,572.6464026946828,0.8915425172306519
13344,572.6464026946828,0.8915425172306519
13345,572.6464026946828,0.8915425172306519
13346,600.1676441127939,0.9055991709709609
13347,600.1676441127939,0.9055991709709609
13348,600.1676441127939,0.9055991709709609
13349,600.1676441127939,0.9055991709709609
13350,600.1676441127939,0.9055991709709609
13351,600.1676441127939,0.9055991709709609
13352,600.1676441127939,0.9055991709709609
13353,600.1676441127939,0.9055991709709609
13354,600.1676441127939,0.9055991709709609
13355,600.1676441127939,0.9055991709709609
13356,574.1462307688926,0.8849576256231146
13357,574.1462307688926,0.8849576256231146
13358,574.1462307688926,0.8849576256231146
13359,574.1462307688926,0.8849576256231146
13360,574.1462307688926,0.8849576256231146
13361,574.1462307688926,0.8849576256231146
13362,574.1462307688926,0.8849576256231146
13363,574.1462307688926,0.8849576256231146
13364,574.1462307688926,0.8849576256231146
13365,574.1462307688926,0.8849576256231146
13366,601.8362907233168,0.9037191862675554
13367,601.8362907233168,0.9037191862675554
13368,601.8362907233168,0.9037191862675554
13369,601.8362907233168,0.9037191862675554
13370,601.8362907233168,0.9037191862675554
13371,601.8362907233168,0.9037191862675554
13372,601.8362907233168,0.9037191862675554
13373,601.8362907233168,0.9037191862675554
13374,601.8362907233168,0.9037191862675554
13375,601.8362907233168,0.9037191862675554
13502,643.3582357157186,1.1266731757807447
13507,699.4085821807664,0.7721046434416086
13508,699.4085821807664,0.7721046434416086
13509,699.4085821807664,0.7721046434416086
13510,699.4085821807664,0.7721046434416086
13511,699.4085821807664,0.7721046434416086
13512,699.4085821807664,0.7721046434416086
13513,699.4085821807664,0.7721046434416086
13514,699.4085821807664,0.7721046434416086
13515,699.4085821807664,0.7721046434416086
13516,699.4085821807664,0.7721046434416086
13517,699.4085821807664,0.7721046434416086
13518,699.4085821807664,0.7721046434416086
13519,699.4085821807664,0.7721046434416086
13520,679.0035691116458,0.7619673070679069
13521,679.0035691116458,0.7619673070679069
13522,679.0035691116458,0.7619673070679069
13523,679.0035691116458,0.7619673070679069
13524,679.0035691116458,0.7619673070679069
13525,679.0035691116458,0.7619673070679069
13526,679.0035691116458,0.7619673070679069
13527,679.0035691116458,0.7619673070679069
13528,679.0035691116458,0.7619673070679069
13529,679.0035691116458,0.7619673070679069
13530,679.0035691116458,0.7619673070679069
13531,679.0035691116458,0.7619673070679069
13532,679.0035691116458,0.7619673070679069
13533,663.0831966421957,0.7132673828777152
13534,663.0831966421957,0.7132673828777152
13535,663.0831966421957,0.7132673828777152
13536,663.0831966421957,0.7132673828777152
13537,663.0831966421957,0.7132673828777152
13538,663.0831966421957,0.7132673828777152
13539,663.0831966421957,0.7132673828777152
13540,663.0831966421957,0.7132673828777152
13541,663.0831966421957,0.7132673828777152
13542,663.0831966421957,0.7132673828777152
13543,663.0831966421957,0.7132673828777152
13544,663.0831966421957,0.7132673828777152
13545,663.0831966421957,0.7132673828777152
13643,565.4782321551672,0.6670717122284828
13644,637.7338185563647,0.7786111058584043
13645,573.0111816913306,0.6162717839152996
13646,625.9993243045296,0.7529970920361944
13647,652.6023321037703,0.8749018651535672
13648,687.7719703388964,0.9741176045158324
13649,687.7719703388964,0.9741176045158324
13650,687.7719703388964,0.9741176045158324
13651,687.7719703388964,0.9741176045158324
13652,687.7719703388964,0.9741176045158324
13653,687.7719703388964,0.9741176045158324
13654,687.7719703388964,0.9741176045158324
13655,687.7719703388964,0.9741176045158324
13656,687.7719703388964,0.9741176045158324
13657,687.7719703388964,0.9741176045158324
13658,687.7719703388964,0.9741176045158324
13659,687.7719703388964,0.9741176045158324
13660,687.7719703388964,0.9741176045158324
13661,687.7719703388964,0.9741176045158324
13662,687.7719703388964,0.9741176045158324
13663,542.0119722757598,0.7968809337140577
13664,542.0119722757598,0.7968809337140577
13665,594.0819535904399,0.7576084323172418
13666,594.0819535904399,0.7576084323172418
13667,530.5309177664964,0.7703909506945209
13668,530.5309177664964,0.7703909506945209
13669,557.0879718275087,0.9479092980089029
13670,557.0879718275087,0.9479092980089029
13671,756.7467073793814,0.9557756186374413
13672,756.7467073793814,0.9557756186374413
13673,753.4312379241519,0.9558944077692305
13674,753.4312379241519,0.9558944077692305
13675,751.9705552016796,0.9245460582330662
13676,751.9705552016796,0.9245460582330662
13677,755.0341683443968,0.9608571706272623
13678,755.0341683443968,0.9608571706272623
13679,760.7794328270213,0.9566877372251117
13680,760.7794328270213,0.9566877372251117
13687,625.3040946802706,0.767816169123282
13688,625.3040946802706,0.767816169123282
13689,625.3040946802706,0.767816169123282
13690,625.3040946802706,0.767816169123282
13692,622.7766107035698,0.6787567907878123
13693,583.2899791819657,0.6921495704498336
13694,606.4690782958089,0.730495262135902
13695,606.4690782958089,0.730495262135902
13696,606.4690782958089,0.730495262135902
13697,606.4690782958089,0.730495262135902
13699,544.855216267821,0.6923648770316191
13700,544.855216267821,0.6923648770316191
13701,544.855216267821,0.6923648770316191
13702,544.855216267821,0.6923648770316191
13704,594.4153465505893,0.6163410960048245
13705,594.4153465505893,0.6163410960048245
13706,594.4153465505893,0.6163410960048245
13707,594.4153465505893,0.6163410960048245
13709,587.8991912826136,0.6828067626138731
13710,587.8991912826136,0.6828067626138731
13711,587.8991912826136,0.6828067626138731
13712,587.8991912826136,0.6828067626138731
13714,625.3040946802706,0.767816169123282
13715,622.7766107035698,0.6787567907878123
13716,583.2899791819657,0.6921495704498336
13717,606.4690782958089,0.730495262135902
13718,544.855216267821,0.6923648770316191
13719,594.4153465505893,0.6163410960048245
13720,587.8991912826136,0.6828067626138731
13744,626.1361755282154,1.0527514123154265
13745,645.1323918465904,1.0245354556160027
13746,626.1361755282154,1.0527514123154265
13747,645.1323918465904,1.0245354556160027
13748,669.6270403737144,1.0057669935622313
13749,676.6385250055703,0.998247340941723
13750,670.7176790544212,1.006808098779924
13751,677.4293484760746,1.0084341575584923
13752,712.7719784761921,1.0045158524042475
13753,688.269551108842,1.0074328566795843
13759,584.4880499906354,1.0453177853517421
13760,584.4880499906354,1.0453177853517421
13761,584.4880499906354,1.0453177853517421
13762,584.4880499906354,1.0453177853517421
13763,584.4880499906354,1.0453177853517421
13764,584.4880499906354,1.0453177853517421
13765,584.4880499906354,1.0453177853517421
13766,584.4880499906354,1.0453177853517421
13767,584.4880499906354,1.0453177853517421
13768,584.4880499906354,1.0453177853517421
13769,584.4880499906354,1.0453177853517421
13770,584.4880499906354,1.0453177853517421
13771,548.3325105781696,1.068590742279892
13772,548.3325105781696,1.068590742279892
13773,548.3325105781696,1.068590742279892
13774,548.3325105781696,1.068590742279892
13775,548.3325105781696,1.068590742279892
13776,548.3325105781696,1.068590742279892
13777,548.3325105781696,1.068590742279892
13778,548.3325105781696,1.068590742279892
13779,548.3325105781696,1.068590742279892
13780,548.3325105781696,1.068590742279892
13781,548.3325105781696,1.068590742279892
13782,548.3325105781696,1.068590742279892
13783,648.1628809054718,0.9458284055623026
13784,648.1628809054718,0.9458284055623026
13801,526.5331764601707,0.9090954187833351
13802,533.8516560711935,1.1940765908767919
13803,543.2181105680407,1.202980853493763
13804,575.9628996360955,1.1015991358560029
13863,754.2006684818019,0.9891342977659758
13864,814.0187060354485,0.9201009386337211
13865,808.6466110310255,0.8824057297675396
13866,832.5204503442985,0.8831876692560889
13867,635.789325143569,0.6739203929343095
13868,636.1740375711246,0.6962281149529724
13869,637.5729883298413,0.7095774487647188
13870,640.5836084523689,0.7154020103980896
13871,644.2629889822788,0.7611174151621772
13872,645.6354193153977,0.7496889239380957
13873,649.9834217198503,0.7483019799826541
13874,651.646332734647,0.7698827167950786
13875,649.286969276104,0.7552963072588559
13876,654.3714789151128,0.7275365530778621
13877,655.0071701250961,0.6894597566454528
13878,629.927945071219,0.7363173830411481
13879,662.3079200937577,0.7444581949610577
13880,623.6207532666031,0.6320389648608857
13881,633.0440936328969,0.6503242158290852
13882,635.789325143569,0.6739203929343095
13883,636.1740375711246,0.6962281149529724
13884,637.5729883298413,0.7095774487647188
13885,640.5836084523689,0.7154020103980896
13886,644.2629889822788,0.7611174151621772
13887,645.6354193153977,0.7496889239380957
13888,649.9834217198503,0.7483019799826541
13889,623.6207532666031,0.6320389648608857
13890,633.0440936328969,0.6503242158290852
13940,590.036520267583,0.7536047839785783
13996,510.1316862619842,0.7317479113386582
13997,585.3747081773878,0.9211834003818195
13998,570.6191564774342,0.8961447983524831
13999,558.528358704336,0.9763550173476683
14000,588.8101831344436,1.0032672261105156
14001,585.319444101733,0.9678760499696094
14046,560.8710678963319,0.904440143116672
14047,560.8710678963319,0.904440143116672
14048,560.8710678963319,0.904440143116672
14049,560.8710678963319,0.904440143116672
14050,537.564983836912,0.852479010975354
14051,537.564983836912,0.852479010975354
14052,537.564983836912,0.852479010975354
14053,537.564983836912,0.852479010975354
14060,490.98828594866814,0.6855212596371834
14061,490.98828594866814,0.6855212596371834
14119,530.5778644242794,0.8926980519907559
14120,596.0637228248061,0.8565421276450322
14121,566.4274263633181,0.8867183732737423
14170,557.018868409883,0.7695451822931781
14178,553.7036207257479,1.0737970643556047
14179,553.7036207257479,1.0737970643556047
14180,553.7036207257479,1.0737970643556047
14181,553.7036207257479,1.0737970643556047
14182,553.7036207257479,1.0737970643556047
14183,555.1076716798102,1.0730073719115414
14184,555.1076716798102,1.0730073719115414
14185,555.1076716798102,1.0730073719115414
14186,555.1076716798102,1.0730073719115414
14187,555.1076716798102,1.0730073719115414
14192,631.8785354368164,0.9227529749731571
14193,631.8785354368164,0.9227529749731571
14194,631.8785354368164,0.9227529749731571
14195,631.8785354368164,0.9227529749731571
14196,631.8785354368164,0.9227529749731571
14197,631.8785354368164,0.9227529749731571
14198,631.8785354368164,0.9227529749731571
14199,631.8785354368164,0.9227529749731571
14200,631.8785354368164,0.9227529749731571
14207,592.9232038792043,0.9112241443379125
14208,585.7887960184408,0.9299496156015088
14209,621.6131877799072,0.8626852494266748
14210,627.4430780323021,0.8823666906982011
14220,521.1058285871588,0.7546042407433515
14221,521.1058285871588,0.7546042407433515
14222,521.1058285871588,0.7546042407433515
14223,521.1058285871588,0.7546042407433515
14224,521.1058285871588,0.7546042407433515
14233,581.2623076067364,0.8340022651561108
14234,581.2623076067364,0.8340022651561108
14253,478.1778793932232,0.9436868602874251
14254,461.6654358601136,0.9404090899786082
14255,443.6772666041629,0.7952221915146325
14256,485.3393389829076,0.5559977043220677
14257,577.2783361862902,0.8863676861860905
14258,498.47294737128607,0.6266258656773751
14301,478.1778793932232,0.9436868602874251
14302,461.6654358601136,0.9404090899786082
14303,443.6772666041629,0.7952221915146325
14304,485.3393389829076,0.5559977043220677
14305,577.2783361862902,0.8863676861860905
14306,498.47294737128607,0.6266258656773751
14310,761.8196337698446,0.7784126781671502
14311,830.0859325102798,0.9087259994228662
14312,869.4063543016956,0.96228469943648
14351,714.5941222917413,0.9981569511043092
14352,764.9036759797154,0.9995061625228816
14353,764.9036759797154,0.9995061625228816
14354,764.9036759797154,0.9995061625228816
14355,764.9036759797154,0.9995061625228816
14356,764.9036759797154,0.9995061625228816
14357,764.9036759797154,0.9995061625228816
14358,764.9036759797154,0.9995061625228816
14359,764.9036759797154,0.9995061625228816
14360,764.9036759797154,0.9995061625228816
14361,764.9036759797154,0.9995061625228816
14362,764.9036759797154,0.9995061625228816
14363,764.9036759797154,0.9995061625228816
14364,542.8682527577272,1.0638983153821542
14374,528.5072702933228,0.9423182555292529
14375,526.1557437812558,0.9448354263301333
14376,528.8554743616426,0.9461552455394195
14377,526.7062746017241,0.9403817682827474
14405,823.5051407557107,0.9163616864789947
14406,822.4472793213063,0.9212874045759234
14408,609.9376051474388,0.5480216443061016
14409,609.9376051474388,0.5480216443061016
14410,609.9376051474388,0.5480216443061016
14411,609.9376051474388,0.5480216443061016
14412,609.9376051474388,0.5480216443061016
14413,609.9376051474388,0.5480216443061016
14414,609.9376051474388,0.5480216443061016
14415,609.9376051474388,0.5480216443061016
14416,609.9376051474388,0.5480216443061016
14417,609.9376051474388,0.5480216443061016
14418,609.9376051474388,0.5480216443061016
14419,609.9376051474388,0.5480216443061016
14420,609.9376051474388,0.5480216443061016
14421,609.9376051474388,0.5480216443061016
14422,609.9376051474388,0.5480216443061016
14423,630.5783914751228,1.0363044253536091
14434,541.9879546057091,0.8658289064534919
14436,559.1387489020653,0.7935293455658401
14441,627.9115609568789,0.6293924130075489
14442,627.9115609568789,0.6293924130075489
14443,627.9115609568789,0.6293924130075489
14444,627.9115609568789,0.6293924130075489
14445,627.9115609568789,0.6293924130075489
14446,627.9115609568789,0.6293924130075489
14447,627.9115609568789,0.6293924130075489
14448,702.2352220255491,0.6993692746350413
14449,702.2352220255491,0.6993692746350413
14450,702.2352220255491,0.6993692746350413
14451,702.2352220255491,0.6993692746350413
14452,702.2352220255491,0.6993692746350413
14453,702.2352220255491,0.6993692746350413
14454,702.2352220255491,0.6993692746350413
14455,562.540523072393,0.6044751162354833
14456,636.7614245624934,0.6894973093288921
14500,632.5305576901231,0.8561169422079877
14501,632.5305576901231,0.8561169422079877
14502,632.5305576901231,0.8561169422079877
14503,632.5305576901231,0.8561169422079877
14504,636.2773207475515,0.8501941852196653
14509,800.1210309426376,0.8687646452310038
14512,857.3360506164835,0.9524234164787304
14513,567.3786010880737,0.9703620445335543
14514,567.3786010880737,0.9703620445335543
14515,567.3786010880737,0.9703620445335543
14516,567.3786010880737,0.9703620445335543
14517,567.3786010880737,0.9703620445335543
14525,579.5149036270986,0.7579247283566021
14526,577.897072665744,0.8383238240484918
14527,590.6886535006063,0.8730182941225939
14548,598.6140896397883,0.7635730729949493
14549,598.6140896397883,0.7635730729949493
14550,598.6140896397883,0.7635730729949493
14551,598.6140896397883,0.7635730729949493
14552,598.6140896397883,0.7635730729949493
14553,598.6140896397883,0.7635730729949493
14554,598.6140896397883,0.7635730729949493
14555,598.6140896397883,0.7635730729949493
14556,598.6140896397883,0.7635730729949493
14557,598.6140896397883,0.7635730729949493
14558,578.02253643594,0.7265063684207372
14559,578.02253643594,0.7265063684207372
14560,578.02253643594,0.7265063684207372
14561,578.02253643594,0.7265063684207372
14562,578.02253643594,0.7265063684207372
14563,578.02253643594,0.7265063684207372
14564,578.02253643594,0.7265063684207372
14565,578.02253643594,0.7265063684207372
14566,578.02253643594,0.7265063684207372
14567,578.02253643594,0.7265063684207372
14568,658.2846338367144,0.7153642798762518
14569,658.2846338367144,0.7153642798762518
14570,658.2846338367144,0.7153642798762518
14571,658.2846338367144,0.7153642798762518
14572,658.2846338367144,0.7153642798762518
14573,658.2846338367144,0.7153642798762518
14574,658.2846338367144,0.7153642798762518
14575,658.2846338367144,0.7153642798762518
14576,658.2846338367144,0.7153642798762518
14577,658.2846338367144,0.7153642798762518
14578,622.1529044631997,0.7563745205307987
14579,622.1529044631997,0.7563745205307987
14580,622.1529044631997,0.7563745205307987
14581,622.1529044631997,0.7563745205307987
14582,622.1529044631997,0.7563745205307987
14583,622.1529044631997,0.7563745205307987
14584,622.1529044631997,0.7563745205307987
14585,622.1529044631997,0.7563745205307987
14586,622.1529044631997,0.7563745205307987
14587,622.1529044631997,0.7563745205307987
14588,622.0649428513427,0.9412692776111911
14589,622.0649428513427,0.9412692776111911
14590,622.0649428513427,0.9412692776111911
14591,622.0649428513427,0.9412692776111911
14592,622.0649428513427,0.9412692776111911
14593,622.0649428513427,0.9412692776111911
14594,622.0649428513427,0.9412692776111911
14595,622.0649428513427,0.9412692776111911
14596,622.0649428513427,0.9412692776111911
14597,622.0649428513427,0.9412692776111911
14598,666.5327605656745,0.8373348543222662
14599,666.5327605656745,0.8373348543222662
14600,666.5327605656745,0.8373348543222662
14601,666.5327605656745,0.8373348543222662
14602,666.5327605656745,0.8373348543222662
14603,666.5327605656745,0.8373348543222662
14604,666.5327605656745,0.8373348543222662
14605,666.5327605656745,0.8373348543222662
14606,666.5327605656745,0.8373348543222662
14607,666.5327605656745,0.8373348543222662
14608,691.1522717548354,0.6637396452469464
14609,691.1522717548354,0.6637396452469464
14610,691.1522717548354,0.6637396452469464
14611,691.1522717548354,0.6637396452469464
14612,691.1522717548354,0.6637396452469464
14613,691.1522717548354,0.6637396452469464
14614,691.1522717548354,0.6637396452469464
14615,691.1522717548354,0.6637396452469464
14616,691.1522717548354,0.6637396452469464
14617,691.1522717548354,0.6637396452469464
14634,572.8383416149021,0.9196413203875372
14635,592.5992910471957,0.7624929792801909
14636,585.6154259643811,0.7577603231764911
14637,569.8632602636008,0.9222037267958276
14638,583.2271099620197,0.9000781255704147
14639,578.58597339568,0.9498414456401045
14640,558.2124794855356,0.9804258118146192
14641,569.541170861296,0.915940575949661
14642,569.326405744251,0.9181460176950718
14643,591.5584217072516,0.9615698146497464
14644,569.8066873783615,0.9808655642611177
14645,583.0111311236903,0.9377168249416595
14646,623.5054774086641,0.8782097800166513
14647,600.726738266776,0.8110226186953403
14648,585.6154259643811,0.7577603231764911
14649,585.6154259643811,0.7577603231764911
14650,585.6154259643811,0.7577603231764911
14651,585.6154259643811,0.7577603231764911
14652,585.6154259643811,0.7577603231764911
14689,680.3959187424382,0.6827924925505344
14690,680.3959187424382,0.6827924925505344
14691,680.3959187424382,0.6827924925505344
14692,680.3959187424382,0.6827924925505344
14693,680.3959187424382,0.6827924925505344
14694,680.3959187424382,0.6827924925505344
14695,680.3959187424382,0.6827924925505344
14696,680.3959187424382,0.6827924925505344
14697,680.3959187424382,0.6827924925505344
14698,680.3959187424382,0.6827924925505344
14699,680.3959187424382,0.6827924925505344
14700,680.3959187424382,0.6827924925505344
14701,680.3959187424382,0.6827924925505344
14712,569.3660045481699,0.9068291456400708
14713,569.3660045481699,0.9068291456400708
14714,569.3660045481699,0.9068291456400708
14715,569.3660045481699,0.9068291456400708
14716,569.3660045481699,0.9068291456400708
14717,569.3660045481699,0.9068291456400708
14718,569.3660045481699,0.9068291456400708
14719,569.3660045481699,0.9068291456400708
14720,569.3660045481699,0.9068291456400708
14721,569.3660045481699,0.9068291456400708
14722,569.3660045481699,0.9068291456400708
14723,569.3660045481699,0.9068291456400708
14724,569.3660045481699,0.9068291456400708
14725,569.3660045481699,0.9068291456400708
14726,569.3660045481699,0.9068291456400708
14727,569.3660045481699,0.9068291456400708
14728,569.3660045481699,0.9068291456400708
14729,569.3660045481699,0.9068291456400708
14730,569.3660045481699,0.9068291456400708
14731,569.3660045481699,0.9068291456400708
14732,536.7076561969064,1.037873307727617
14733,559.4945355471273,1.0291975283385693
14734,542.4495358313484,0.9866794664306868
14735,567.2123773924943,0.9702179257420482
14736,536.7076561969064,1.037873307727617
14737,559.4945355471273,1.0291975283385693
14738,542.4495358313484,0.9866794664306868
14739,567.2123773924943,0.9702179257420482
14740,535.909900744091,1.1250004612504163
14741,518.8327163891366,1.1343865227100016
14742,538.4240059739307,1.1284027841929338
14743,521.5265563188977,1.1359497482853007
14744,535.748776139685,1.1285492877316226
14745,518.7416317059694,1.1362452194028876
14746,555.3272810304096,1.02932960449046
14747,557.6662431113893,1.030444126678804
14748,556.3962771223689,1.0299516613591364
14754,754.9022283634376,1.0396697351826418
14755,742.5236185729233,1.035877141892917
14756,763.1425617819502,0.8471989010878688
14757,787.4522149664393,0.9675503119306336
14758,685.9359981482144,1.147618610467394
14759,754.9022283634376,1.0396697351826418
14760,742.5236185729233,1.035877141892917
14761,763.1425617819502,0.8471989010878688
14762,787.4522149664393,0.9675503119306336
14763,685.9359981482144,1.147618610467394
14766,582.6511499143081,0.9995158370207914
14789,531.0388483347749,1.0118514508054355
14790,519.2137304506028,1.0556925257515868
14791,534.4580302405824,1.0917351097232761
14792,559.3001632692653,1.0767417836355984
14793,531.0388483347749,1.0118514508054355
14794,519.2137304506028,1.0556925257515868
14795,534.4580302405824,1.0917351097232761
14796,559.3001632692653,1.0767417836355984
14810,821.2801114759104,1.0550750701385176
14811,808.4876996665773,0.9850893902034659
14812,761.6798513375355,0.8648443399597211
14813,781.6922605635453,0.8726241438049254
14814,748.1327709316772,0.8113646598612919
14815,758.3224314202406,0.8309495658574955
14816,821.2801114759104,1.0550750701385176
14817,808.4876996665773,0.9850893902034659
14818,761.6798513375355,0.8648443399597211
14819,781.6922605635453,0.8726241438049254
14820,748.1327709316772,0.8113646598612919
14821,758.3224314202406,0.8309495658574955
14841,564.8614827911846,1.1411386895943938
14842,550.0635769734706,1.1493549209427365
14843,536.2484309779992,1.1192881929805851
14844,528.1684247745522,0.9679669758878966
14845,525.4894520802588,0.8572440688182115
14846,529.7847699841063,0.8970499467103045
14847,547.9104926890916,0.9272197923099655
14848,543.2096135598151,0.9064458736016708
14849,546.4514783576321,0.9280014490384132
14850,559.8105131195696,0.952669106103974
14851,571.6801660575253,0.9997527563037355
14852,605.6043180660273,0.8402096509617619
14853,554.5665176899104,0.8931579342968033
14854,525.4894520802588,0.8572440688182115
14855,529.7847699841063,0.8970499467103045
14856,547.9104926890916,0.9272197923099655
14857,543.2096135598151,0.9064458736016708
14858,546.4514783576321,0.9280014490384132
14859,559.8105131195696,0.952669106103974
14860,571.6801660575253,0.9997527563037355
14861,605.6043180660273,0.8402096509617619
14862,554.5665176899104,0.8931579342968033
14892,645.5046739082622,1.0621916800407512
14893,633.6610129374563,1.057423451692879
14894,643.5069617497104,1.0455414671782604
14895,645.5046739082622,1.0621916800407512
14896,633.6610129374563,1.057423451692879
14897,643.5069617497104,1.0455414671782604
14898,560.6685934924317,0.8545629814601607
14899,560.6685934924317,0.8545629814601607
14900,560.6685934924317,0.8545629814601607
14901,560.6685934924317,0.8545629814601607
14902,560.6685934924317,0.8545629814601607
14903,560.6685934924317,0.8545629814601607
14904,529.0776955057522,0.7896198525522657
14905,529.0776955057522,0.7896198525522657
14906,529.0776955057522,0.7896198525522657
14907,529.0776955057522,0.7896198525522657
14908,529.0776955057522,0.7896198525522657
14909,529.0776955057522,0.7896198525522657
14910,633.0878162471987,0.6235700020715618
14911,641.7597417591156,0.6058044236289979
14912,643.2945496504273,0.6359464177273753
14913,606.1861656438077,0.6502717713404739
14914,633.0878162471987,0.6235700020715618
14915,641.7597417591156,0.6058044236289979
14916,643.2945496504273,0.6359464177273753
14917,606.1861656438077,0.6502717713404739
14918,633.0878162471987,0.6235700020715618
14919,641.7597417591156,0.6058044236289979
14920,643.2945496504273,0.6359464177273753
14921,606.1861656438077,0.6502717713404739
14922,633.0878162471987,0.6235700020715618
14923,641.7597417591156,0.6058044236289979
14924,643.2945496504273,0.6359464177273753
14925,606.1861656438077,0.6502717713404739
14926,633.0878162471987,0.6235700020715618
14927,641.7597417591156,0.6058044236289979
14928,643.2945496504273,0.6359464177273753
14929,606.1861656438077,0.6502717713404739
14950,630.802005552558,1.087991254851123
14951,661.7710412542253,1.0175893010630008
14952,630.802005552558,1.087991254851123
14953,661.7710412542253,1.0175893010630008
14956,539.6863873972462,0.9296220740166168
14957,581.0648480288345,0.9210743233986195
14958,614.5059814613379,0.967439786129295
14959,622.1841119334767,1.0106301142371543
14960,614.0133839878628,1.037533698243224
14961,539.6863873972462,0.9296220740166168
14962,581.0648480288345,0.9210743233986195
14963,614.5059814613379,0.967439786129295
14964,622.1841119334767,1.0106301142371543
14965,614.0133839878628,1.037533698243224
14967,651.7395709962907,0.548834605733467
14969,677.9173046713265,0.7626200218300168
14971,649.0535522262485,0.81676134738905
14973,680.1205367982163,0.7818629103701737
15024,530.8729406755081,0.9492986058388461
15029,530.8729406755081,0.9492986058388461
15030,519.4430546440346,0.9172281834423357
15031,519.4430546440346,0.9172281834423357
15032,519.4430546440346,0.9172281834423357
15033,519.4430546440346,0.9172281834423357
15034,519.4430546440346,0.9172281834423357
15035,519.4430546440346,0.9172281834423357
15036,519.4430546440346,0.9172281834423357
15037,519.4430546440346,0.9172281834423357
15049,577.1066791763162,1.0635029782258656
15050,567.4503377247723,1.108441921367744
15069,513.9113519736276,1.2583785793732338
15070,502.93091457635285,1.2558029374811848
15071,513.9113519736276,1.2583785793732338
15072,502.93091457635285,1.2558029374811848
15084,556.2550943617625,0.9430909293370198
15087,556.2550943617625,0.9430909293370198
15089,569.5754648687715,0.9518177475548015
15090,624.5291027997954,0.8054465399054617
15092,566.834551861709,0.935169264644796
15099,621.5845124687561,0.5015703925650888
15100,596.0000719201195,0.632603443641365
15102,643.0123188864548,0.41468213642912477
15154,524.1150093644465,0.8111290851549273
15155,524.1150093644465,0.8111290851549273
15156,524.1150093644465,0.8111290851549273
15157,524.1150093644465,0.8111290851549273
15158,524.1150093644465,0.8111290851549273
15159,524.1150093644465,0.8111290851549273
15160,524.1150093644465,0.8111290851549273
15161,524.1150093644465,0.8111290851549273
15162,524.1150093644465,0.8111290851549273
15163,524.1150093644465,0.8111290851549273
15164,526.5198654221224,0.8997151942834807
15165,526.5198654221224,0.8997151942834807
15166,526.5198654221224,0.8997151942834807
15167,526.5198654221224,0.8997151942834807
15168,526.5198654221224,0.8997151942834807
15169,526.5198654221224,0.8997151942834807
15170,526.5198654221224,0.8997151942834807
15171,526.5198654221224,0.8997151942834807
15172,526.5198654221224,0.8997151942834807
15173,526.5198654221224,0.8997151942834807
15174,535.2373375252914,0.8057346564284952
15175,535.2373375252914,0.8057346564284952
15176,535.2373375252914,0.8057346564284952
15177,535.2373375252914,0.8057346564284952
15178,535.2373375252914,0.8057346564284952
15179,535.2373375252914,0.8057346564284952
15180,535.2373375252914,0.8057346564284952
15181,535.2373375252914,0.8057346564284952
15182,535.2373375252914,0.8057346564284952
15183,535.2373375252914,0.8057346564284952
15184,577.8298647305578,0.8179881644381979
15185,618.2144081357712,0.7728699802459388
15186,593.1028034753214,0.9485314605255761
15187,593.1028034753214,0.9485314605255761
15188,593.1028034753214,0.9485314605255761
15189,593.1028034753214,0.9485314605255761
15190,592.8546256025063,0.9339767975119764
15191,592.8546256025063,0.9339767975119764
15192,592.8546256025063,0.9339767975119764
15193,592.8546256025063,0.9339767975119764
15194,589.1629530808889,0.9411860489707147
15195,589.1629530808889,0.9411860489707147
15196,589.1629530808889,0.9411860489707147
15197,589.1629530808889,0.9411860489707147
15198,586.4212119903756,0.9191708243166319
15199,586.4212119903756,0.9191708243166319
15200,586.4212119903756,0.9191708243166319
15201,586.4212119903756,0.9191708243166319
15202,603.0064513780867,0.9010285545414356
15203,603.0064513780867,0.9010285545414356
15204,603.0064513780867,0.9010285545414356
15205,603.0064513780867,0.9010285545414356
15206,602.7342747499825,0.8921425376343566
15207,602.7342747499825,0.8921425376343566
15208,602.7342747499825,0.8921425376343566
15209,602.7342747499825,0.8921425376343566
15216,590.085006340711,0.5001192010283348
15217,590.085006340711,0.5001192010283348
15218,590.085006340711,0.5001192010283348
15223,642.5609651349583,0.5845417177983994
15224,642.5609651349583,0.5845417177983994
15225,642.5609651349583,0.5845417177983994
15230,580.0491327327601,0.7333082548320449
15231,580.0491327327601,0.7333082548320449
15232,580.0491327327601,0.7333082548320449
15237,616.2931462712949,0.8224340289930733
15238,616.2931462712949,0.8224340289930733
15239,616.2931462712949,0.8224340289930733
15245,573.0532792974807,1.221480353965832
15246,594.2407074959306,1.1152463394390897
15247,577.0607462148191,1.2631501294430687
15248,609.2656969586454,1.1352169681858522
15253,718.2181891496814,0.9819361995098752
15254,718.2181891496814,0.9819361995098752
15255,718.2181891496814,0.9819361995098752
15256,718.2181891496814,0.9819361995098752
15257,718.2181891496814,0.9819361995098752
15258,718.2181891496814,0.9819361995098752
15259,718.2181891496814,0.9819361995098752
15260,718.2181891496814,0.9819361995098752
15261,546.5425539601841,1.168421443081309
15262,534.5269267943812,1.1588865193516695
15263,545.6507716853532,0.9931180926857806
15264,545.6507716853532,0.9931180926857806
15265,545.6507716853532,0.9931180926857806
15266,545.6507716853532,0.9931180926857806
15267,545.6507716853532,0.9931180926857806
15268,540.7402045022613,0.9984265674460014
15269,540.7402045022613,0.9984265674460014
15270,540.7402045022613,0.9984265674460014
15271,540.7402045022613,0.9984265674460014
15272,540.7402045022613,0.9984265674460014
15292,697.9149875368511,0.88464332032798
15293,663.6253724082775,0.9049832169586329
15294,634.649239873321,0.9210887487475365
15345,550.1804819668231,0.7213379402749885
15346,608.6846673099402,0.7129027339474064
15347,569.9621158451364,0.6419131611413602
15348,691.2428351283835,0.7318353315723306
15349,696.6842918607699,0.6614362391217955
15350,704.1166322955759,0.6997028163474777
15351,638.698814477644,0.8450178088261633
15352,667.1447989539417,0.788447916883289
15353,714.1249800253963,0.9930384384517208
15354,705.1188330707163,0.8848743944555675
15355,614.008371662728,0.7327613668297898
15356,558.6595032487595,0.6829786027626439
15357,543.6359417987351,0.724468813491844
15358,741.5823068465368,0.7861615648129145
15359,680.9714317409455,0.8213646802997978
15360,716.5623264874714,0.8356012356670972
15361,731.9733773509323,0.7696254260432489
15362,763.814944976424,0.787661852479974
15363,733.2530627799322,0.7151604185959844
15364,786.4880191609082,0.7432607675233722
15365,784.680273963583,0.6945103101330533
15366,781.1454744934194,0.7388878194624409
15367,777.5639695304865,0.7897536476929365
15368,742.3614722483267,0.9931308155981972
15369,789.9736633572874,0.8524845158030062
15370,768.9893954313454,0.7300582546485748
15371,734.1711274438717,0.7818744481513308
15372,728.7751017094267,0.8056220537812722
15381,539.0323321082062,0.9119942176211002
15382,568.7249856582338,0.9298192520799631
15383,575.0117952188954,0.898226843077388
15412,602.2262417083053,0.9114338790026828
15413,584.9356357996759,0.9466191664091856
15414,562.2784332940558,0.9665516294313599
15415,579.1129721221397,0.580254215747529
15416,628.4275483334768,0.9934015826340812
15417,594.9529141965968,0.9931433118997854
15418,615.6351280650409,1.0308934815753976
15419,615.6351280650409,1.0308934815753976
15424,674.2712476088243,1.0227321513350807
15430,599.2826483585197,1.109158954594002
15431,599.2826483585197,1.109158954594002
15432,599.2826483585197,1.109158954594002
15433,596.5805322666052,1.1409413379708715
15434,596.5805322666052,1.1409413379708715
15435,596.5805322666052,1.1409413379708715
15436,588.0245637563064,1.222095864010413
15437,588.0245637563064,1.222095864010413
15438,588.0245637563064,1.222095864010413
15439,597.283692650921,1.1058456582943397
15440,597.283692650921,1.1058456582943397
15441,597.283692650921,1.1058456582943397
15443,527.1948935414284,0.7400222176077436
15478,610.5904756097029,1.061136418821306
15479,604.4294595358095,1.0594258490919586
15480,667.6612301674568,1.0905729321685547
15481,662.255222083675,1.093848023351709
15490,831.032543932468,1.0337446436000066
15491,831.032543932468,1.0337446436000066
15492,830.6912226406258,1.015857268798257
15493,830.6912226406258,1.015857268798257
15497,878.7442906401571,1.0060991016399128
15511,740.1224420296501,0.8449094655091974
15512,740.1224420296501,0.8449094655091974
15514,710.339020987547,0.7904252501955937
15515,710.339020987547,0.7904252501955937
15517,722.3406554910339,0.9474106693540439
15518,722.3406554910339,0.9474106693540439
15520,661.0997398820464,0.9687995776168001
15521,661.0997398820464,0.9687995776168001
15523,579.6150683066211,0.9902140016887945
15524,579.6150683066211,0.9902140016887945
15526,714.1705658728855,0.817071938551192
15527,714.1705658728855,0.817071938551192
15529,618.8189324472074,0.598807521720181
15530,618.8189324472074,0.598807521720181
15532,664.1305518425982,1.0228345863514294
15533,664.1305518425982,1.0228345863514294
15553,549.4896954103147,0.9637921434808752
15554,563.9639717678176,0.9862638322517933
15555,509.3493050984296,1.0517291606315642
15556,510.75611756438917,1.0579131177663401
15557,512.9899065527692,1.0600978005624788
15558,526.3902501057773,1.0992958273274493
15559,528.1082819319956,1.1012783201985026
15560,563.734102517448,1.117326898854892
15561,563.734102517448,1.117326898854892
15562,515.3163807296892,0.7815487344403492
15563,527.1058022173095,0.8060100099582819
15564,523.3223950966618,0.8091753696471129
15565,539.221357263307,0.7779978572622628
15566,558.0373941602415,0.8197906639527166
15567,549.5946910674105,0.7889407872897892
15568,540.6655657237552,0.7664261531444384
15569,534.4670032451141,0.7913692611606116
15570,555.0430789047291,0.856952426804408
15571,555.0430789047291,0.856952426804408
15572,555.0430789047291,0.856952426804408
15573,555.0430789047291,0.856952426804408
15574,555.0430789047291,0.856952426804408
15576,550.0815245477919,0.867704210174606
15577,550.0815245477919,0.867704210174606
15578,550.0815245477919,0.867704210174606
15579,550.0815245477919,0.867704210174606
15580,550.0815245477919,0.867704210174606
15584,628.3095520295774,0.6128242213201555
15585,628.3095520295774,0.6128242213201555
15586,628.3095520295774,0.6128242213201555
15589,665.4950195780651,1.0008997761359932
15594,683.3999562028072,0.697326456591948
15600,669.9577958026696,1.0656319324383126
15601,669.9577958026696,1.0656319324383126
15629,577.6547471933746,0.8802905155284044
15630,528.5687599009264,1.2608870767813694
15631,568.4226293807985,1.1380933127993307
15632,588.49220850232,1.0235483770307194
15633,707.5124116794096,0.9952857693548538
15639,577.6547471933746,0.8802905155284044
15640,528.5687599009264,1.2608870767813694
15641,568.4226293807985,1.1380933127993307
15642,588.49220850232,1.0235483770307194
15643,707.5124116794096,0.9952857693548538
15644,577.6547471933746,0.8802905155284044
15645,528.5687599009264,1.2608870767813694
15646,568.4226293807985,1.1380933127993307
15647,588.49220850232,1.0235483770307194
15648,707.5124116794096,0.9952857693548538
15649,577.6547471933746,0.8802905155284044
15650,528.5687599009264,1.2608870767813694
15651,568.4226293807985,1.1380933127993307
15652,588.49220850232,1.0235483770307194
15653,707.5124116794096,0.9952857693548538
15654,577.6547471933746,0.8802905155284044
15655,528.5687599009264,1.2608870767813694
15656,568.4226293807985,1.1380933127993307
15657,588.49220850232,1.0235483770307194
15658,707.5124116794096,0.9952857693548538
15659,577.6547471933746,0.8802905155284044
15660,528.5687599009264,1.2608870767813694
15661,568.4226293807985,1.1380933127993307
15662,588.49220850232,1.0235483770307194
15663,707.5124116794096,0.9952857693548538
15664,577.6547471933746,0.8802905155284044
15665,528.5687599009264,1.2608870767813694
15666,568.4226293807985,1.1380933127993307
15668,577.6547471933746,0.8802905155284044
15669,528.5687599009264,1.2608870767813694
15670,568.4226293807985,1.1380933127993307
15671,608.2700712303379,1.1096425607042568
15672,588.49220850232,1.0235483770307194
15673,707.5124116794096,0.9952857693548538
15674,521.7577494864711,1.004051667520867
15675,542.2194361757656,1.0459360598131262
15676,553.4182784039212,1.0100774570056992
15677,537.0350751627038,1.10179803743243
15680,537.0350751627038,1.10179803743243
15681,537.0350751627038,1.10179803743243
15682,537.0350751627038,1.10179803743243
15683,537.0350751627038,1.10179803743243
15684,554.6762452331783,1.1657271436424674
15685,554.6762452331783,1.1657271436424674
15686,554.6762452331783,1.1657271436424674
15687,554.6762452331783,1.1657271436424674
15688,583.3647256686266,1.1029053383166298
15689,583.3647256686266,1.1029053383166298
15690,583.3647256686266,1.1029053383166298
15691,583.3647256686266,1.1029053383166298
15725,596.1483458565831,1.1078521539728858
15726,596.1483458565831,1.1078521539728858
15727,596.1483458565831,1.1078521539728858
15732,571.272830935708,0.6964823172458772
15733,614.1265205894354,1.1531511190439652
15734,551.4658294724936,1.175813580333544
15735,537.5586130341401,1.1398741739208398
15736,618.813277843031,1.1444881074605713
15737,618.813277843031,1.1444881074605713
15738,618.813277843031,1.1444881074605713
15739,618.813277843031,1.1444881074605713
15740,565.0388005461803,1.0745909942040885
15741,565.0388005461803,1.0745909942040885
15742,565.0388005461803,1.0745909942040885
15743,565.0388005461803,1.0745909942040885
15744,642.5387072023356,1.1811190321569707
15745,642.5387072023356,1.1811190321569707
15746,642.5387072023356,1.1811190321569707
15747,642.5387072023356,1.1811190321569707
15751,535.5647930583374,1.17715695282745
15752,557.0373023687966,1.0531492640735278
15753,551.4658294724936,1.175813580333544
15754,582.2731750881475,1.1043564543789595
15755,539.0282160125672,1.1496720668246572
15756,539.0282160125672,1.1496720668246572
15757,539.0282160125672,1.1496720668246572
15758,570.3419625409535,1.1381044581668491
15759,570.3419625409535,1.1381044581668491
15760,570.3419625409535,1.1381044581668491
15762,553.6376573497149,0.9207664494940606
15771,553.6376573497149,0.9207664494940606
15772,582.8063004823837,1.0963752634835116
15773,640.8235846902164,1.0143101754489299
15774,572.3545393267947,1.058763409051903
15775,582.8063004823837,1.0963752634835116
15776,582.8063004823837,1.0963752634835116
15777,582.8063004823837,1.0963752634835116
15778,582.8063004823837,1.0963752634835116
15779,565.0160072362828,1.1673636762857438
15780,582.8063004823837,1.0963752634835116
15781,640.8235846902164,1.0143101754489299
15782,539.0282160125672,1.1496720668246572
15783,572.3545393267947,1.058763409051903
15785,732.6869357088948,1.000971260621902
15787,736.0707931495109,0.9974720377528343
15789,742.3995048932384,0.9989692072573698
15790,736.0707931495109,0.9974720377528343
15791,736.0707931495109,0.9974720377528343
15792,736.0707931495109,0.9974720377528343
15793,578.0621027794639,1.0931447981578961
15794,578.0621027794639,1.0931447981578961
15795,578.0621027794639,1.0931447981578961
15796,575.6877999313159,1.0958911885919058
15797,575.6877999313159,1.0958911885919058
15798,575.6877999313159,1.0958911885919058
15799,570.7247780626393,1.0957522763898486
15800,570.7247780626393,1.0957522763898486
15801,570.7247780626393,1.0957522763898486
15810,590.624034570893,1.1388566305375118
15811,613.7118161098563,1.1632714747111343
15812,640.1475234062585,1.1198363975018526
15813,700.7258690096886,1.1148390245677944
15814,724.6109245453401,1.1188913497056476
15815,700.7258690096886,1.1148390245677944
15816,724.6109245453401,1.1188913497056476
15821,589.6557870603517,1.2235720378236674
15822,589.6557870603517,1.2235720378236674
15823,589.6557870603517,1.2235720378236674
15824,681.1691960599413,1.030537505632599
15825,681.1691960599413,1.030537505632599
15826,681.1691960599413,1.030537505632599
15827,615.8555820017268,1.1777206417229211
15828,615.8555820017268,1.1777206417229211
15829,615.8555820017268,1.1777206417229211
15830,730.4276573240732,0.9576342087372647
15831,730.4276573240732,0.9576342087372647
15832,730.4276573240732,0.9576342087372647
15833,539.0282160125672,1.1496720668246572
15834,565.0160072362828,1.1673636762857438
15835,619.6116613118695,1.1193806247606348
15836,574.2682121202209,1.1630115104093424
15837,565.0160072362828,1.1673636762857438
15838,619.6116613118695,1.1193806247606348
15839,574.2682121202209,1.1630115104093424
15846,566.0928048539681,1.0448241626274257
15847,618.1291641375094,0.9968048579062126
15848,586.0241276663696,0.8637018989100056
15849,612.8496086023068,0.9650963401606433
15850,618.1291641375094,0.9968048579062126
15851,590.0809029683229,1.081800031173704
15852,566.1963466094179,0.9967474477178967
15853,566.0928048539681,1.0448241626274257
15854,586.0241276663696,0.8637018989100056
15855,586.0241276663696,0.8637018989100056
15856,586.0241276663696,0.8637018989100056
15857,586.0241276663696,0.8637018989100056
15858,586.0241276663696,0.8637018989100056
15859,586.0241276663696,0.8637018989100056
15860,586.0241276663696,0.8637018989100056
15861,612.8496086023068,0.9650963401606433
15862,612.8496086023068,0.9650963401606433
15863,612.8496086023068,0.9650963401606433
15864,612.8496086023068,0.9650963401606433
15865,612.8496086023068,0.9650963401606433
15866,612.8496086023068,0.9650963401606433
15867,612.8496086023068,0.9650963401606433
15868,618.1291641375094,0.9968048579062126
15869,618.1291641375094,0.9968048579062126
15870,618.1291641375094,0.9968048579062126
15871,618.1291641375094,0.9968048579062126
15872,618.1291641375094,0.9968048579062126
15873,618.1291641375094,0.9968048579062126
15874,590.0809029683229,1.081800031173704
15875,590.0809029683229,1.081800031173704
15876,590.0809029683229,1.081800031173704
15877,590.0809029683229,1.081800031173704
15878,590.0809029683229,1.081800031173704
15879,590.0809029683229,1.081800031173704
15880,590.0809029683229,1.081800031173704
15881,566.1963466094179,0.9967474477178967
15882,566.1963466094179,0.9967474477178967
15883,566.1963466094179,0.9967474477178967
15884,566.1963466094179,0.9967474477178967
15885,566.1963466094179,0.9967474477178967
15886,566.1963466094179,0.9967474477178967
15887,566.1963466094179,0.9967474477178967
15888,566.0928048539681,1.0448241626274257
15889,566.0928048539681,1.0448241626274257
15890,566.0928048539681,1.0448241626274257
15891,566.0928048539681,1.0448241626274257
15892,566.0928048539681,1.0448241626274257
15893,566.0928048539681,1.0448241626274257
15894,562.1267901867008,1.070041290291496
15895,554.1311812129139,1.0707657540476792
15896,573.3898353721868,1.069122365183953
15897,562.1267901867008,1.070041290291496
15898,554.1311812129139,1.0707657540476792
15899,573.3898353721868,1.069122365183953
15900,562.1267901867008,1.070041290291496
15901,554.1311812129139,1.0707657540476792
15902,573.3898353721868,1.069122365183953
15903,574.4491289423657,1.0849758467574682
15904,590.1809135421255,1.1369508880050092
15905,541.5586071315977,1.1435695017407697
15906,558.8439886310927,1.1747180239133723
15907,563.4017708192739,1.1648577407611063
15908,544.3299235746692,1.1251230821843423
15909,563.4017708192739,1.1648577407611063
15910,563.4017708192739,1.1648577407611063
15911,544.3299235746692,1.1251230821843423
15912,544.3299235746692,1.1251230821843423
15913,583.5810442072649,1.1171474279070925
15914,619.1039455909225,1.1355074741709208
15915,582.2899474290707,1.1295790741847012
15916,615.0474208874676,1.1174434235816508
15917,581.5234266101379,0.9716365564752723
15919,550.7156335072449,0.9842093457711223
15921,545.2955223526484,0.9516748195089606
15923,581.5234266101379,0.9716365564752723
15924,550.7156335072449,0.9842093457711223
15925,545.2955223526484,0.9516748195089606
15937,567.769223793656,1.180833656163931
15938,567.769223793656,1.180833656163931
15939,570.5186978263854,1.1794275317991092
15940,570.5186978263854,1.1794275317991092
15941,620.3055040529962,1.1135434778604063
15942,620.3055040529962,1.1135434778604063
15943,620.3055040529962,1.1135434778604063
15944,620.3055040529962,1.1135434778604063
15945,639.7918419762535,1.1507556716794292
15946,618.5351665114467,1.215731317322322
15947,631.1373568713489,1.0756708059215505
15948,551.3473598612586,1.0154070431001254
15949,639.7918419762535,1.1507556716794292
15950,618.5351665114467,1.215731317322322
15951,631.1373568713489,1.0756708059215505
15952,551.3473598612586,1.0154070431001254
15957,578.9569483394752,1.2354997797229044
15958,590.8273849531395,1.2287947718167613
15959,584.4381488777759,1.1709105496831156
15960,545.1519045117536,1.190557327807684
15961,575.2572161333156,0.9073113923629661
15967,594.6038394109506,1.0371417596299768
15968,586.7531510644574,1.0449173336290403
15969,577.2329826877823,1.0785975580802782
15973,591.0387339780993,1.041340289590698
15974,551.316699448828,0.8793162822024054
15975,531.9529545609295,1.2128998277120737
15976,582.5859113400531,0.9951950702445002
15977,604.4538961992871,1.0919436525147728
15978,626.7385009812731,0.9715537219466064
15979,547.870408594722,1.208589020513909
15980,605.6934196232428,1.203680269075024
15981,547.870408594722,1.208589020513909
15982,605.6934196232428,1.203680269075024
15983,547.870408594722,1.208589020513909
15984,547.870408594722,1.208589020513909
15985,547.870408594722,1.208589020513909
15986,547.870408594722,1.208589020513909
15987,605.6934196232428,1.203680269075024
15988,605.6934196232428,1.203680269075024
15989,605.6934196232428,1.203680269075024
15990,605.6934196232428,1.203680269075024
15991,573.0532792974807,1.221480353965832
15992,577.1576933022926,1.2328923139739043
15993,581.6574609304766,1.2438305564944283
15994,624.6201376460475,1.11902216541365
15995,625.2299060827511,1.1284051168722506
15996,624.6201376460475,1.11902216541365
15997,625.2299060827511,1.1284051168722506
15998,599.733655481693,1.2112228171055146
16000,599.733655481693,1.2112228171055146
16001,548.9127509690869,1.175120168148759
16002,548.9127509690869,1.175120168148759
16003,548.9127509690869,1.175120168148759
16004,628.0096280469846,1.203303595123494
16005,557.6335222125026,0.9040794834955801
16006,577.7667932120386,0.9377544821666546
16007,586.9771324278993,0.9053844011316695
16011,563.8842491478898,1.1071744987806693
16012,564.6136184810825,1.130977433035505
16013,611.1519699552437,1.1051874290303352
16014,612.4539695918916,1.122642559124913
16015,563.8842491478898,1.1071744987806693
16016,564.6136184810825,1.130977433035505
16017,611.1519699552437,1.1051874290303352
16018,612.4539695918916,1.122642559124913
16019,563.8842491478898,1.1071744987806693
16020,564.6136184810825,1.130977433035505
16021,611.1519699552437,1.1051874290303352
16022,612.4539695918916,1.122642559124913
16023,671.5650847045249,0.911127331034525
16024,687.2837271106704,0.89644371962707
16025,684.3671343743856,0.9339271262317475
16026,671.5650847045249,0.911127331034525
16027,687.2837271106704,0.89644371962707
16028,684.3671343743856,0.9339271262317475
16029,491.32086194919475,1.0898190043546179
16030,593.367022243189,1.203913307310986
16031,579.3367767390954,1.1309570016498451
16032,593.367022243189,1.203913307310986
16033,579.3367767390954,1.1309570016498451
16034,593.367022243189,1.203913307310986
16035,579.3367767390954,1.1309570016498451
16040,597.1541226949297,1.0865038066390627
16041,594.6174131853771,1.086753388223677
16044,544.9902577284483,1.0783553402073236
16045,590.2044341289661,1.0750461284040378
16046,622.8151817876785,1.0725859430680789
16047,668.8295061551552,0.8819959495812872
16048,668.6089536446801,0.88209859592676
16051,582.0047942638203,1.0313084935272054
16052,555.2010511268584,1.0243214030188394
16053,500.7989597065372,1.0449123514284344
16057,598.0031838497453,1.1640127918894518
16058,582.0776047772245,1.163383743127095
16059,627.2852264783892,1.0262499050838143
16060,622.7054732300254,1.0502197344839035
16061,627.2852264783892,1.0262499050838143
16062,622.7054732300254,1.0502197344839035
16063,627.2852264783892,1.0262499050838143
16064,622.7054732300254,1.0502197344839035
16065,539.51957012955,1.1487176346134051
16066,541.5586071315977,1.1435695017407697
16067,536.36112737338,1.145338561277292
16068,556.2422751317564,1.1533574399899549
16073,585.292978952903,1.0145108017582054
16074,591.4276335378311,1.013897569706355
16075,587.5604256329747,1.0301920194656997
16076,575.6487998875734,1.0667206367814213
16077,596.1483458565831,1.1078521539728858
16078,622.552787434695,1.1229964558018846
16079,610.7864201875049,1.140129719867062
16080,644.781116569993,1.13683889648128
16081,571.3347488738829,1.20999873549104
16082,585.9189218706834,1.1077178530608878
16083,623.3513913263362,1.1028912077115902
16084,550.6429591522055,1.2545260172934332
16085,637.0870520076392,1.176342726937855
16086,571.3347488738829,1.20999873549104
16087,585.9189218706834,1.1077178530608878
16088,623.3513913263362,1.1028912077115902
16089,550.6429591522055,1.2545260172934332
16090,637.0870520076392,1.176342726937855
16091,571.3347488738829,1.20999873549104
16092,585.9189218706834,1.1077178530608878
16093,623.3513913263362,1.1028912077115902
16094,550.6429591522055,1.2545260172934332
16095,637.0870520076392,1.176342726937855
16096,571.3347488738829,1.20999873549104
16097,585.9189218706834,1.1077178530608878
16098,623.3513913263362,1.1028912077115902
16099,550.6429591522055,1.2545260172934332
16100,637.0870520076392,1.176342726937855
16101,571.3347488738829,1.20999873549104
16102,585.9189218706834,1.1077178530608878
16103,623.3513913263362,1.1028912077115902
16104,550.6429591522055,1.2545260172934332
16105,637.0870520076392,1.176342726937855
16106,660.0706075714902,0.9822518150296505
16107,660.0706075714902,0.9822518150296505
16108,660.0706075714902,0.9822518150296505
16109,660.0706075714902,0.9822518150296505
16110,660.0706075714902,0.9822518150296505
16111,662.4541497234618,0.9778228264024387
16112,662.4541497234618,0.9778228264024387
16113,662.4541497234618,0.9778228264024387
16114,662.4541497234618,0.9778228264024387
16115,662.4541497234618,0.9778228264024387
16116,576.5346771567417,0.7811507194294371
16117,621.2832387370178,0.9953163905582894
16118,575.626325231899,0.9411817728182335
16119,609.110541111939,1.0467796956833468
16123,608.1486726119704,0.9989029585445421
16124,608.7199659688254,0.980548690373065
16127,608.1486726119704,0.9989029585445421
16128,608.7199659688254,0.980548690373065
16134,579.5442978349828,0.8799110717185606
16135,579.5442978349828,0.8799110717185606
16136,579.5442978349828,0.8799110717185606
16137,559.2468237845326,1.2057567609632325
16142,588.7716645680362,0.7976285403361472
16143,588.7716645680362,0.7976285403361472
16144,588.7716645680362,0.7976285403361472
16145,581.6226316578214,0.9694119451465544
16146,581.6226316578214,0.9694119451465544
16147,581.6226316578214,0.9694119451465544
16148,559.2468237845326,1.2057567609632325
16149,585.727618353034,0.9727349034327384
16150,585.727618353034,0.9727349034327384
16151,585.727618353034,0.9727349034327384
16152,612.5522640494992,0.9962855246168278
16153,612.5522640494992,0.9962855246168278
16154,612.5522640494992,0.9962855246168278
16155,549.97723850104,1.0901327957789728
16169,606.0070252514797,0.9603957381934163
16170,606.0070252514797,0.9603957381934163
16171,606.0070252514797,0.9603957381934163
16172,606.0070252514797,0.9603957381934163
16173,592.7576215564087,0.9268556224676743
16174,592.7576215564087,0.9268556224676743
16175,592.7576215564087,0.9268556224676743
16176,592.7576215564087,0.9268556224676743
16177,612.1973582516632,1.051172870354258
16178,612.1973582516632,1.051172870354258
16179,612.1973582516632,1.051172870354258
16180,612.1973582516632,1.051172870354258
16181,577.2769075819427,1.1188895746730108
16182,577.2769075819427,1.1188895746730108
16183,550.4405219468732,1.1316375682261608
16184,550.4405219468732,1.1316375682261608
16185,528.6327388413908,1.1044058091653453
16186,528.6327388413908,1.1044058091653453
16196,555.5903297294877,0.8298114852593077
16197,555.5903297294877,0.8298114852593077
16199,553.8386045258501,0.8008317886439444
16200,553.8386045258501,0.8008317886439444
16201,569.6860919017629,0.8890094900131993
16202,569.6860919017629,0.8890094900131993
16203,569.6860919017629,0.8890094900131993
16204,571.2024648763157,0.8782019787980633
16205,571.2024648763157,0.8782019787980633
16206,571.2024648763157,0.8782019787980633
16207,582.8413851592768,1.2024315678700006
16208,555.5903297294877,0.8298114852593077
16209,553.8386045258501,0.8008317886439444
16210,582.8413851592768,1.2024315678700006
16211,611.5123488973408,0.9253107440344
16212,611.5123488973408,0.9253107440344
16213,611.5123488973408,0.9253107440344
16214,611.5123488973408,0.9253107440344
16215,611.5123488973408,0.9253107440344
16216,611.5123488973408,0.9253107440344
16217,611.5123488973408,0.9253107440344
16218,611.5123488973408,0.9253107440344
16219,611.5123488973408,0.9253107440344
16220,611.5123488973408,0.9253107440344
16221,611.5123488973408,0.9253107440344
16222,611.5123488973408,0.9253107440344
16223,611.5123488973408,0.9253107440344
16224,611.5123488973408,0.9253107440344
16225,611.5123488973408,0.9253107440344
16226,611.5123488973408,0.9253107440344
16227,611.5123488973408,0.9253107440344
16228,611.5123488973408,0.9253107440344
16229,611.5123488973408,0.9253107440344
16230,611.5123488973408,0.9253107440344
16231,611.5123488973408,0.9253107440344
16232,611.5123488973408,0.9253107440344
16233,611.5123488973408,0.9253107440344
16234,611.5123488973408,0.9253107440344
16235,611.5123488973408,0.9253107440344
16236,611.5123488973408,0.9253107440344
16237,611.5123488973408,0.9253107440344
16238,611.5123488973408,0.9253107440344
16239,611.5123488973408,0.9253107440344
16240,611.5123488973408,0.9253107440344
16241,611.5123488973408,0.9253107440344
16242,611.5123488973408,0.9253107440344
16243,611.5123488973408,0.9253107440344
16244,611.5123488973408,0.9253107440344
16245,611.5123488973408,0.9253107440344
16246,611.5123488973408,0.9253107440344
16247,611.5123488973408,0.9253107440344
16248,611.5123488973408,0.9253107440344
16249,611.5123488973408,0.9253107440344
16250,611.5123488973408,0.9253107440344
16251,611.5123488973408,0.9253107440344
16252,611.5123488973408,0.9253107440344
16253,611.5123488973408,0.9253107440344
16254,611.5123488973408,0.9253107440344
16255,611.5123488973408,0.9253107440344
16256,611.5123488973408,0.9253107440344
16257,611.5123488973408,0.9253107440344
16258,611.5123488973408,0.9253107440344
16259,611.5123488973408,0.9253107440344
16260,611.5123488973408,0.9253107440344
16261,611.5123488973408,0.9253107440344
16262,611.5123488973408,0.9253107440344
16263,611.5123488973408,0.9253107440344
16264,611.5123488973408,0.9253107440344
16265,611.5123488973408,0.9253107440344
16266,611.5123488973408,0.9253107440344
16267,611.5123488973408,0.9253107440344
16268,611.5123488973408,0.9253107440344
16269,611.5123488973408,0.9253107440344
16270,611.5123488973408,0.9253107440344
16271,611.5123488973408,0.9253107440344
16272,611.5123488973408,0.9253107440344
16273,611.5123488973408,0.9253107440344
16274,611.5123488973408,0.9253107440344
16275,611.5123488973408,0.9253107440344
16276,611.5123488973408,0.9253107440344
16277,611.5123488973408,0.9253107440344
16278,611.5123488973408,0.9253107440344
16279,611.5123488973408,0.9253107440344
16280,611.5123488973408,0.9253107440344
16281,611.5123488973408,0.9253107440344
16282,611.5123488973408,0.9253107440344
16283,611.5123488973408,0.9253107440344
16284,611.5123488973408,0.9253107440344
16285,611.5123488973408,0.9253107440344
16286,611.5123488973408,0.9253107440344
16287,611.5123488973408,0.9253107440344
16288,611.5123488973408,0.9253107440344
16289,611.5123488973408,0.9253107440344
16290,611.5123488973408,0.9253107440344
16291,611.5123488973408,0.9253107440344
16292,611.5123488973408,0.9253107440344
16293,611.5123488973408,0.9253107440344
16294,611.5123488973408,0.9253107440344
16295,611.5123488973408,0.9253107440344
16296,611.5123488973408,0.9253107440344
16297,611.5123488973408,0.9253107440344
16298,611.5123488973408,0.9253107440344
16299,611.5123488973408,0.9253107440344
16300,611.5123488973408,0.9253107440344
16301,611.5123488973408,0.9253107440344
16302,611.5123488973408,0.9253107440344
16303,611.5123488973408,0.9253107440344
16304,611.5123488973408,0.9253107440344
16305,611.5123488973408,0.9253107440344
16306,611.5123488973408,0.9253107440344
16307,611.5123488973408,0.9253107440344
16308,611.5123488973408,0.9253107440344
16309,611.5123488973408,0.9253107440344
16310,611.5123488973408,0.9253107440344
16311,611.5123488973408,0.9253107440344
16312,611.5123488973408,0.9253107440344
16313,611.5123488973408,0.9253107440344
16314,611.5123488973408,0.9253107440344
16315,611.5123488973408,0.9253107440344
16316,611.5123488973408,0.9253107440344
16317,611.5123488973408,0.9253107440344
16318,611.5123488973408,0.9253107440344
16319,611.5123488973408,0.9253107440344
16320,611.5123488973408,0.9253107440344
16321,611.5123488973408,0.9253107440344
16322,611.5123488973408,0.9253107440344
16323,611.5123488973408,0.9253107440344
16324,611.5123488973408,0.9253107440344
16325,611.5123488973408,0.9253107440344
16326,611.5123488973408,0.9253107440344
16327,611.5123488973408,0.9253107440344
16328,611.5123488973408,0.9253107440344
16329,611.5123488973408,0.9253107440344
16330,611.5123488973408,0.9253107440344
16331,611.5123488973408,0.9253107440344
16332,611.5123488973408,0.9253107440344
16333,611.5123488973408,0.9253107440344
16334,611.5123488973408,0.9253107440344
16335,611.5123488973408,0.9253107440344
16336,611.5123488973408,0.9253107440344
16337,611.5123488973408,0.9253107440344
16338,611.5123488973408,0.9253107440344
16339,611.5123488973408,0.9253107440344
16340,611.5123488973408,0.9253107440344
16341,611.5123488973408,0.9253107440344
16342,611.5123488973408,0.9253107440344
16343,611.5123488973408,0.9253107440344
16344,611.5123488973408,0.9253107440344
16345,611.5123488973408,0.9253107440344
16346,611.5123488973408,0.9253107440344
16347,611.5123488973408,0.9253107440344
16348,611.5123488973408,0.9253107440344
16349,611.5123488973408,0.9253107440344
16350,611.5123488973408,0.9253107440344
16351,611.5123488973408,0.9253107440344
16352,611.5123488973408,0.9253107440344
16353,611.5123488973408,0.9253107440344
16354,611.5123488973408,0.9253107440344
16355,611.5123488973408,0.9253107440344
16356,611.5123488973408,0.9253107440344
16357,611.5123488973408,0.9253107440344
16358,611.5123488973408,0.9253107440344
16359,611.5123488973408,0.9253107440344
16360,611.5123488973408,0.9253107440344
16361,611.5123488973408,0.9253107440344
16362,611.5123488973408,0.9253107440344
16363,611.5123488973408,0.9253107440344
16364,611.5123488973408,0.9253107440344
16365,611.5123488973408,0.9253107440344
16366,611.5123488973408,0.9253107440344
16367,611.5123488973408,0.9253107440344
16368,611.5123488973408,0.9253107440344
16369,611.5123488973408,0.9253107440344
16370,611.5123488973408,0.9253107440344
16371,611.5123488973408,0.9253107440344
16372,611.5123488973408,0.9253107440344
16373,611.5123488973408,0.9253107440344
16374,611.5123488973408,0.9253107440344
16375,611.5123488973408,0.9253107440344
16376,611.5123488973408,0.9253107440344
16377,611.5123488973408,0.9253107440344
16378,611.5123488973408,0.9253107440344
16379,611.5123488973408,0.9253107440344
16380,611.5123488973408,0.9253107440344
16381,611.5123488973408,0.9253107440344
16382,611.5123488973408,0.9253107440344
16383,611.5123488973408,0.9253107440344
16384,611.5123488973408,0.9253107440344
16385,611.5123488973408,0.9253107440344
16386,611.5123488973408,0.9253107440344
16387,611.5123488973408,0.9253107440344
16388,611.5123488973408,0.9253107440344
16389,611.5123488973408,0.9253107440344
16390,611.5123488973408,0.9253107440344
16391,611.5123488973408,0.9253107440344
16392,611.5123488973408,0.9253107440344
16393,611.5123488973408,0.9253107440344
16394,611.5123488973408,0.9253107440344
16395,611.5123488973408,0.9253107440344
16396,611.5123488973408,0.9253107440344
16397,611.5123488973408,0.9253107440344
16398,611.5123488973408,0.9253107440344
16399,611.5123488973408,0.9253107440344
16400,611.5123488973408,0.9253107440344
16401,611.5123488973408,0.9253107440344
16402,611.5123488973408,0.9253107440344
16403,611.5123488973408,0.9253107440344
16404,611.5123488973408,0.9253107440344
16405,611.5123488973408,0.9253107440344
16406,611.5123488973408,0.9253107440344
16407,611.5123488973408,0.9253107440344
16408,611.5123488973408,0.9253107440344
16409,611.5123488973408,0.9253107440344
16410,611.5123488973408,0.9253107440344
16411,611.5123488973408,0.9253107440344
16412,611.5123488973408,0.9253107440344
16413,611.5123488973408,0.9253107440344
16414,611.5123488973408,0.9253107440344
16415,611.5123488973408,0.9253107440344
16416,611.5123488973408,0.9253107440344
16417,611.5123488973408,0.9253107440344
16418,611.5123488973408,0.9253107440344
16419,611.5123488973408,0.9253107440344
16420,611.5123488973408,0.9253107440344
16421,611.5123488973408,0.9253107440344
16422,611.5123488973408,0.9253107440344
16423,611.5123488973408,0.9253107440344
16424,611.5123488973408,0.9253107440344
16425,611.5123488973408,0.9253107440344
16426,611.5123488973408,0.9253107440344
16427,611.5123488973408,0.9253107440344
16428,611.5123488973408,0.9253107440344
16429,611.5123488973408,0.9253107440344
16430,611.5123488973408,0.9253107440344
16431,611.5123488973408,0.9253107440344
16432,611.5123488973408,0.9253107440344
16433,611.5123488973408,0.9253107440344
16434,611.5123488973408,0.9253107440344
16435,611.5123488973408,0.9253107440344
16436,611.5123488973408,0.9253107440344
16437,611.5123488973408,0.9253107440344
16438,611.5123488973408,0.9253107440344
16439,611.5123488973408,0.9253107440344
16440,611.5123488973408,0.9253107440344
16441,611.5123488973408,0.9253107440344
16442,611.5123488973408,0.9253107440344
16443,611.5123488973408,0.9253107440344
16444,611.5123488973408,0.9253107440344
16445,611.5123488973408,0.9253107440344
16446,611.5123488973408,0.9253107440344
16447,611.5123488973408,0.9253107440344
16448,611.5123488973408,0.9253107440344
16449,611.5123488973408,0.9253107440344
16450,611.5123488973408,0.9253107440344
16451,611.5123488973408,0.9253107440344
16452,611.5123488973408,0.9253107440344
16453,611.5123488973408,0.9253107440344
16454,611.5123488973408,0.9253107440344
16455,611.5123488973408,0.9253107440344
16456,611.5123488973408,0.9253107440344
16457,611.5123488973408,0.9253107440344
16458,611.5123488973408,0.9253107440344
16459,611.5123488973408,0.9253107440344
16460,611.5123488973408,0.9253107440344
16461,611.5123488973408,0.9253107440344
16462,611.5123488973408,0.9253107440344
16463,611.5123488973408,0.9253107440344
16464,611.5123488973408,0.9253107440344
16465,611.5123488973408,0.9253107440344
16466,611.5123488973408,0.9253107440344
16467,611.5123488973408,0.9253107440344
16468,611.5123488973408,0.9253107440344
16469,611.5123488973408,0.9253107440344
16470,611.5123488973408,0.9253107440344
16471,611.5123488973408,0.9253107440344
16472,611.5123488973408,0.9253107440344
16473,611.5123488973408,0.9253107440344
16474,611.5123488973408,0.9253107440344
16475,611.5123488973408,0.9253107440344
16476,611.5123488973408,0.9253107440344
16477,611.5123488973408,0.9253107440344
16478,611.5123488973408,0.9253107440344
16479,611.5123488973408,0.9253107440344
16480,611.5123488973408,0.9253107440344
16481,611.5123488973408,0.9253107440344
16482,611.5123488973408,0.9253107440344
16483,611.5123488973408,0.9253107440344
16484,611.5123488973408,0.9253107440344
16485,611.5123488973408,0.9253107440344
16486,611.5123488973408,0.9253107440344
16487,611.5123488973408,0.9253107440344
16488,611.5123488973408,0.9253107440344
16489,611.5123488973408,0.9253107440344
16490,611.5123488973408,0.9253107440344
16491,611.5123488973408,0.9253107440344
16492,611.5123488973408,0.9253107440344
16493,611.5123488973408,0.9253107440344
16494,611.5123488973408,0.9253107440344
16495,611.5123488973408,0.9253107440344
16496,611.5123488973408,0.9253107440344
16497,611.5123488973408,0.9253107440344
16498,611.5123488973408,0.9253107440344
16499,611.5123488973408,0.9253107440344
16500,611.5123488973408,0.9253107440344
16501,611.5123488973408,0.9253107440344
16502,611.5123488973408,0.9253107440344
16503,611.5123488973408,0.9253107440344
16504,611.5123488973408,0.9253107440344
16505,611.5123488973408,0.9253107440344
16506,611.5123488973408,0.9253107440344
16507,611.5123488973408,0.9253107440344
16508,611.5123488973408,0.9253107440344
16509,611.5123488973408,0.9253107440344
16510,611.5123488973408,0.9253107440344
16511,611.5123488973408,0.9253107440344
16512,611.5123488973408,0.9253107440344
16513,611.5123488973408,0.9253107440344
16514,611.5123488973408,0.9253107440344
16515,611.5123488973408,0.9253107440344
16516,611.5123488973408,0.9253107440344
16517,611.5123488973408,0.9253107440344
16518,611.5123488973408,0.9253107440344
16519,611.5123488973408,0.9253107440344
16520,611.5123488973408,0.9253107440344
16521,611.5123488973408,0.9253107440344
16522,611.5123488973408,0.9253107440344
16523,611.5123488973408,0.9253107440344
16524,611.5123488973408,0.9253107440344
16525,611.5123488973408,0.9253107440344
16526,611.5123488973408,0.9253107440344
16527,611.5123488973408,0.9253107440344
16528,611.5123488973408,0.9253107440344
16529,611.5123488973408,0.9253107440344
16530,611.5123488973408,0.9253107440344
16531,611.5123488973408,0.9253107440344
16532,611.5123488973408,0.9253107440344
16533,611.5123488973408,0.9253107440344
16534,611.5123488973408,0.9253107440344
16535,611.5123488973408,0.9253107440344
16536,611.5123488973408,0.9253107440344
16537,611.5123488973408,0.9253107440344
16538,611.5123488973408,0.9253107440344
16539,611.5123488973408,0.9253107440344
16540,611.5123488973408,0.9253107440344
16541,611.5123488973408,0.9253107440344
16542,611.5123488973408,0.9253107440344
16543,611.5123488973408,0.9253107440344
16544,611.5123488973408,0.9253107440344
16545,611.5123488973408,0.9253107440344
16547,654.9948835974413,0.9432513073489537
16568,698.7720791247496,0.8984386899305603
16569,721.9159792509984,0.9343782874155326
16570,773.0062772968342,0.9289632049455484
16571,767.6891374996629,0.9588743901194976
16572,761.0139773848315,0.9378848561591504
16573,775.9334692080681,0.9657657687170984
16574,789.4526830555608,0.9618989828090283
16601,679.8362484055946,1.0320734273699643
16615,630.8381111866959,0.8063908230029396
16616,629.1931358835918,1.068093861225818
16617,579.8095057546983,1.0109812842650672
16618,599.5522637648232,0.9125781887825063
16620,681.8039837997921,0.877579519662224
16621,686.1948701313229,1.0730393546098544
16622,757.4667820656975,0.9701000669248032
16623,720.2214717263618,0.9691337330808446
16625,811.6510316962458,0.9538020640295142
16644,755.5315733889374,0.8731023869676489
16645,593.8210970228461,1.014641250786798
16646,600.7307859331519,1.0190572499448778
16647,615.2622720826828,1.0228753806082893
16648,686.8116914425112,0.9744796132081742
16652,716.6755352475038,1.084809326901673
16661,627.8310365454784,0.705574650098427
16662,627.8310365454784,0.705574650098427
16663,627.8310365454784,0.705574650098427
16664,627.8310365454784,0.705574650098427
16665,627.8310365454784,0.705574650098427
16666,627.8310365454784,0.705574650098427
16667,627.8310365454784,0.705574650098427
16668,627.8310365454784,0.705574650098427
16669,627.8310365454784,0.705574650098427
16670,629.6842774478865,0.8397690002625617
16671,629.6842774478865,0.8397690002625617
16672,629.6842774478865,0.8397690002625617
16673,629.6842774478865,0.8397690002625617
16674,629.6842774478865,0.8397690002625617
16675,629.6842774478865,0.8397690002625617
16676,629.6842774478865,0.8397690002625617
16677,629.6842774478865,0.8397690002625617
16678,629.6842774478865,0.8397690002625617
16700,545.6693622677421,0.6896648479802653
16701,545.6693622677421,0.6896648479802653
16702,545.6693622677421,0.6896648479802653
16703,545.6693622677421,0.6896648479802653
16704,545.6693622677421,0.6896648479802653
16705,545.6693622677421,0.6896648479802653
16706,545.6693622677421,0.6896648479802653
16707,545.6693622677421,0.6896648479802653
16708,597.0861243211809,0.9402503246442813
16709,597.0861243211809,0.9402503246442813
16710,597.0861243211809,0.9402503246442813
16711,597.0861243211809,0.9402503246442813
16712,597.0861243211809,0.9402503246442813
16713,597.0861243211809,0.9402503246442813
16714,597.0861243211809,0.9402503246442813
16715,597.0861243211809,0.9402503246442813
16716,597.0861243211809,0.9402503246442813
16717,597.0861243211809,0.9402503246442813
16718,597.0861243211809,0.9402503246442813
16719,597.0861243211809,0.9402503246442813
16720,597.0861243211809,0.9402503246442813
16721,597.0861243211809,0.9402503246442813
16722,597.0861243211809,0.9402503246442813
16723,627.7236095401264,0.9576682238821992
16724,627.7236095401264,0.9576682238821992
16725,627.7236095401264,0.9576682238821992
16726,627.7236095401264,0.9576682238821992
16727,627.7236095401264,0.9576682238821992
16728,627.7236095401264,0.9576682238821992
16729,627.7236095401264,0.9576682238821992
16730,627.7236095401264,0.9576682238821992
16731,627.7236095401264,0.9576682238821992
16732,627.7236095401264,0.9576682238821992
16733,627.7236095401264,0.9576682238821992
16734,627.7236095401264,0.9576682238821992
16735,627.7236095401264,0.9576682238821992
16736,627.7236095401264,0.9576682238821992
16737,627.7236095401264,0.9576682238821992
16738,630.8628595912394,0.8757836297042072
16739,630.8628595912394,0.8757836297042072
16740,630.8628595912394,0.8757836297042072
16741,630.8628595912394,0.8757836297042072
16742,630.8628595912394,0.8757836297042072
16743,630.8628595912394,0.8757836297042072
16744,630.8628595912394,0.8757836297042072
16745,630.8628595912394,0.8757836297042072
16746,630.8628595912394,0.8757836297042072
16747,630.8628595912394,0.8757836297042072
16748,630.8628595912394,0.8757836297042072
16749,630.8628595912394,0.8757836297042072
16750,630.8628595912394,0.8757836297042072
16751,630.8628595912394,0.8757836297042072
16752,630.8628595912394,0.8757836297042072
16753,605.8473784611343,0.9247171090267765
16754,605.8473784611343,0.9247171090267765
16755,605.8473784611343,0.9247171090267765
16756,605.8473784611343,0.9247171090267765
16757,605.8473784611343,0.9247171090267765
16758,605.8473784611343,0.9247171090267765
16759,605.8473784611343,0.9247171090267765
16760,605.8473784611343,0.9247171090267765
16761,605.8473784611343,0.9247171090267765
16762,605.8473784611343,0.9247171090267765
16763,605.8473784611343,0.9247171090267765
16764,605.8473784611343,0.9247171090267765
16765,605.8473784611343,0.9247171090267765
16766,605.8473784611343,0.9247171090267765
16767,605.8473784611343,0.9247171090267765
16768,643.2906843427977,0.956725870239647
16769,643.2906843427977,0.956725870239647
16770,643.2906843427977,0.956725870239647
16771,643.2906843427977,0.956725870239647
16772,643.2906843427977,0.956725870239647
16773,643.2906843427977,0.956725870239647
16774,643.2906843427977,0.956725870239647
16775,643.2906843427977,0.956725870239647
16776,643.2906843427977,0.956725870239647
16777,643.2906843427977,0.956725870239647
16778,608.831797408086,0.7065836397575206
16779,608.831797408086,0.7065836397575206
16780,608.831797408086,0.7065836397575206
16781,608.831797408086,0.7065836397575206
16782,645.6205635985363,0.7999062698355877
16783,645.6205635985363,0.7999062698355877
16784,645.6205635985363,0.7999062698355877
16785,645.6205635985363,0.7999062698355877
16786,632.2940859374324,0.809043340091793
16787,632.2940859374324,0.809043340091793
16788,632.2940859374324,0.809043340091793
16789,632.2940859374324,0.809043340091793
16801,638.1317788382005,1.0817596003151884
16802,632.7335122553193,1.0857271974100668
16803,620.5419712856337,1.079986469245676
16811,532.2040415680101,0.825747942392659
16812,656.4866631588925,1.0461541710347415
16813,532.2040415680101,0.825747942392659
16814,656.4866631588925,1.0461541710347415
16853,568.8280496957813,0.6489196961782862
16854,568.8280496957813,0.6489196961782862
16855,568.8280496957813,0.6489196961782862
16856,568.8280496957813,0.6489196961782862
16857,568.8280496957813,0.6489196961782862
16858,568.8280496957813,0.6489196961782862
16859,568.8280496957813,0.6489196961782862
16860,568.8280496957813,0.6489196961782862
16861,568.8280496957813,0.6489196961782862
16862,568.8280496957813,0.6489196961782862
16863,568.8280496957813,0.6489196961782862
16864,568.8280496957813,0.6489196961782862
16865,546.0450802300593,0.9729735197928853
16866,464.27869659458986,0.9024528207374696
16867,419.2081784662862,0.8425060602512127
16868,410.5403457747661,0.8291662728077394
16869,411.0423008044562,0.8251371572671091
16870,415.38489245506753,0.8370000738121443
16871,423.33744830428475,0.8453453839829174
16872,427.58006301022215,0.8606777507480046
16873,1003.2894374364819,1.0003691687389376
16874,1156.523193808152,1.0003692280594119
16875,1010.4194445516721,1.000369196721119
16876,640.0851119192024,0.6791214286380023
16878,640.0851119192024,0.6791214286380023
16879,640.0851119192024,0.6791214286380023
16893,621.821391215226,0.5197890125918172
16906,607.8488806470182,0.6875578641826738
16908,607.8488806470182,0.6875578641826738
16972,1177.8929459731316,1.0003692280594119
16973,1177.8929459731316,1.0003692280594119
16974,494.58381517223904,0.8097594723500849
16975,538.7247083743648,0.6780049651048399
16976,558.0212174287062,0.6702695362309148
16977,558.4741208229394,0.6735835833844226
16978,603.8739588045177,0.7609328218313363
16979,516.5303289885674,0.7471813324375002
16980,528.6300796143765,0.718992547699012
16981,530.2774544281543,0.7483696342047583
16982,540.583576129932,0.6819716943767749
16983,486.1977879971678,0.8676940946495465
16984,538.7247083743648,0.6780049651048399
16985,558.0212174287062,0.6702695362309148
16986,558.4741208229394,0.6735835833844226
16987,603.8739588045177,0.7609328218313363
16988,516.5303289885674,0.7471813324375002
16989,528.6300796143765,0.718992547699012
16990,530.2774544281543,0.7483696342047583
16991,540.583576129932,0.6819716943767749
16992,486.1977879971678,0.8676940946495465
16993,508.82435492281286,0.9243499768212097
16994,422.2021242330605,0.8072028550832675
16995,565.3230264881498,0.9572467742862474
16996,430.847046836778,0.7989698076793236
16997,503.54579945265505,0.9026419689405678
16998,437.65097388345225,0.7698658256763182
16999,529.6413414053235,0.9072770694537664
17000,525.6910296084062,0.9366185076984067
17001,492.4632556398891,0.863588333474951
17002,434.8818353733152,0.7991184321435447
17003,458.77039075781227,0.8692301361622918
17004,534.7521130446507,0.8467286672053004
17005,443.2912414569555,0.7361546721721896
17006,433.7599717340902,0.7842554021513284
17007,716.8018018214552,0.9781561479877772
17008,490.70072163717174,0.8567289492982921
17009,559.5513429859153,0.865781176228003
17010,510.2788529928187,0.9001561551476267
17011,478.2992523655797,0.7888888623532562
17012,485.24485693422525,0.8099591468070799
17013,550.1340819780628,0.8717779228627736
17014,466.002313683597,0.7903445932324381
17015,489.290435854616,0.8528764129785432
17016,488.48203669931314,0.8516689452887902
17017,466.08971374013265,0.7900184805757706
17018,524.217024951004,0.902253018070162
17019,510.36175602854973,0.809211492179059
17022,622.5145681945507,1.1178372060707598
17023,604.6293403498103,1.0998998759339895
17030,533.5854559737911,0.9850781497187988
17031,533.6846227678187,0.9794304111560783
17032,538.8663579442026,0.9785834693703382
17033,533.9746978867904,0.981876919278662
17034,531.4156202510912,0.983229874990578
17035,531.0427055604957,0.9862236040472556
17044,619.1739124301463,0.9238664530372558
17045,615.0473656524266,0.858477729979219
17046,607.6498438096808,0.9513126174987621
17047,607.1143476702833,0.8454751173005659
17048,620.6750196499049,0.8100771066287992
17049,644.9000137479363,0.9549317713122591
17050,666.0402763996871,0.9041813537663083
17051,627.6294696786385,0.897958730657817
17052,644.9000137479363,0.9549317713122591
17053,644.9000137479363,0.9549317713122591
17054,644.9000137479363,0.9549317713122591
17055,644.9000137479363,0.9549317713122591
17056,644.9000137479363,0.9549317713122591
17057,666.0402763996871,0.9041813537663083
17058,666.0402763996871,0.9041813537663083
17059,666.0402763996871,0.9041813537663083
17060,666.0402763996871,0.9041813537663083
17061,666.0402763996871,0.9041813537663083
17070,522.9078845771128,0.713436574121602
17085,553.9593239761639,0.7848709122234029
17091,573.0987686980028,1.0053961933144246
17092,588.6444836092851,1.2329292968236856
17093,573.0987686980028,1.0053961933144246
17096,534.3257302860394,1.0338182220362353
17098,534.488736965664,1.0334654229029205
17099,540.5796597849871,1.0007082211868792
17100,534.3257302860394,1.0338182220362353
17101,564.8986466930413,1.0159991866128404
17106,505.8480960984222,1.282063913770299
17107,505.8480960984222,1.282063913770299
17108,505.8480960984222,1.282063913770299
17131,532.5873492739586,1.2286505573657656
17132,536.7973900880888,1.226366591927457
17141,568.5917467352058,1.1694662813961556
17142,576.532675687055,1.17928591248542
17143,588.1637695819611,1.200125442939989
17144,573.5495804945889,1.206100476425695
17145,606.0972834079514,1.1953711824234277
17157,579.3702653707417,1.091051064295372
17158,499.62328355983925,0.8020508256807078
17159,613.3747137495438,1.069649961872792
17160,493.6113355323706,0.7783363476213594
17161,515.3131792520288,0.8483922610004015
17162,623.0761386686963,1.1245797134792181
17163,569.8988204510572,1.0927162248069746
17164,570.5558020123476,0.943861218007656
17165,550.270600576402,0.9471549422757085
17166,649.9981791813298,1.1116380364583947
17167,630.9925123699932,1.15841008523526
17168,526.2390993551103,0.8543074128417283
17169,526.2390993551103,0.8543074128417283
17170,526.2390993551103,0.8543074128417283
17171,526.2390993551103,0.8543074128417283
17172,526.2390993551103,0.8543074128417283
17173,526.2390993551103,0.8543074128417283
17174,526.2390993551103,0.8543074128417283
17175,526.2390993551103,0.8543074128417283
17176,526.2390993551103,0.8543074128417283
17177,526.2390993551103,0.8543074128417283
17178,526.2390993551103,0.8543074128417283
17179,526.2390993551103,0.8543074128417283
17180,510.63554381044173,0.9419637144249804
17181,510.63554381044173,0.9419637144249804
17182,510.63554381044173,0.9419637144249804
17183,510.63554381044173,0.9419637144249804
17184,510.63554381044173,0.9419637144249804
17185,510.63554381044173,0.9419637144249804
17186,510.63554381044173,0.9419637144249804
17187,510.63554381044173,0.9419637144249804
17188,510.63554381044173,0.9419637144249804
17189,510.63554381044173,0.9419637144249804
17190,510.63554381044173,0.9419637144249804
17191,510.63554381044173,0.9419637144249804
17192,494.4187333642262,0.8662483647951655
17193,494.4187333642262,0.8662483647951655
17194,494.4187333642262,0.8662483647951655
17195,494.4187333642262,0.8662483647951655
17196,494.4187333642262,0.8662483647951655
17197,494.4187333642262,0.8662483647951655
17198,494.4187333642262,0.8662483647951655
17199,494.4187333642262,0.8662483647951655
17200,494.4187333642262,0.8662483647951655
17201,494.4187333642262,0.8662483647951655
17202,494.4187333642262,0.8662483647951655
17203,494.4187333642262,0.8662483647951655
17204,492.3809668464156,0.8303482385049588
17205,492.3809668464156,0.8303482385049588
17206,492.3809668464156,0.8303482385049588
17207,492.3809668464156,0.8303482385049588
17208,492.3809668464156,0.8303482385049588
17209,492.3809668464156,0.8303482385049588
17210,492.3809668464156,0.8303482385049588
17211,492.3809668464156,0.8303482385049588
17212,492.3809668464156,0.8303482385049588
17213,492.3809668464156,0.8303482385049588
17214,492.3809668464156,0.8303482385049588
17215,492.3809668464156,0.8303482385049588
17216,527.5181155660582,1.0411345457781764
17217,527.5181155660582,1.0411345457781764
17218,527.5181155660582,1.0411345457781764
17219,527.5181155660582,1.0411345457781764
17220,527.5181155660582,1.0411345457781764
17221,527.5181155660582,1.0411345457781764
17222,527.5181155660582,1.0411345457781764
17223,527.5181155660582,1.0411345457781764
17224,527.5181155660582,1.0411345457781764
17225,527.5181155660582,1.0411345457781764
17226,527.5181155660582,1.0411345457781764
17227,527.5181155660582,1.0411345457781764
17228,526.3954308059672,1.0380763032044689
17229,526.3954308059672,1.0380763032044689
17230,526.3954308059672,1.0380763032044689
17231,526.3954308059672,1.0380763032044689
17232,526.3954308059672,1.0380763032044689
17233,526.3954308059672,1.0380763032044689
17234,526.3954308059672,1.0380763032044689
17235,526.3954308059672,1.0380763032044689
17236,526.3954308059672,1.0380763032044689
17237,526.3954308059672,1.0380763032044689
17238,526.3954308059672,1.0380763032044689
17239,526.3954308059672,1.0380763032044689
17240,553.2704110801513,1.129827364544187
17241,553.2704110801513,1.129827364544187
17242,553.2704110801513,1.129827364544187
17243,553.2704110801513,1.129827364544187
17244,553.2704110801513,1.129827364544187
17245,553.2704110801513,1.129827364544187
17246,553.2704110801513,1.129827364544187
17247,553.2704110801513,1.129827364544187
17248,553.2704110801513,1.129827364544187
17249,553.2704110801513,1.129827364544187
17250,553.2704110801513,1.129827364544187
17251,553.2704110801513,1.129827364544187
17259,544.018350884909,1.0685813626807383
17274,541.4718620957051,1.2315789671318562
17275,513.9438948643124,1.110782135278503
17276,498.4494436151392,0.9782559735473082
17277,580.0503781940706,1.2411504324989675
17278,509.10505103897106,1.1911822635011897
17279,520.7784181415904,1.181882782374101
17280,508.6381627253776,1.2032456843368404
17288,570.488323768206,0.9911640838062638
17289,545.7413954723422,1.1961398982766702
17290,536.3594627139273,1.19476466788144
17291,570.488323768206,0.9911640838062638
17292,545.7413954723422,1.1961398982766702
17293,536.3594627139273,1.19476466788144
17294,570.488323768206,0.9911640838062638
17295,545.7413954723422,1.1961398982766702
17296,536.3594627139273,1.19476466788144
17297,736.1295377249576,0.967630011419743
17298,628.9533788327213,1.067513166502557
17299,761.3500107400339,0.972395890979166
17300,825.3267627904834,0.9643908728217622
17301,736.1295377249576,0.967630011419743
17302,628.9533788327213,1.067513166502557
17303,761.3500107400339,0.972395890979166
17304,825.3267627904834,0.9643908728217622
17305,651.3762531174274,1.0311568282949009
17306,668.7018610505365,1.057556676887057
17307,668.7018610505365,1.057556676887057
17318,627.5380171518339,1.094035448332749
17319,669.2819415418176,1.038993871500373
17320,651.898296170146,1.0985323800011906
17331,656.4199248215336,1.0553920381445896
17332,649.4197804628421,1.1921264431820273
17333,698.7607851484447,0.8696644054840695
17334,662.1993337044337,0.6633198381358816
17335,694.4076252099447,0.8757201696044823
17336,669.3126319412494,0.7214169633646157
17365,637.3710119489775,0.8975307106277716
17366,632.1536730265123,0.889920830386531
17367,644.1072146816293,0.8551589907525272
17368,614.911723164275,0.8081481917855082
17369,630.9405103784892,0.8843323123433768
17370,647.0499440592591,0.8387159050037631
17371,645.4541724239942,0.9652369787488024
17372,646.0159156965299,0.8257827937454785
17373,625.954406153074,0.7438904156582258
17374,639.4171003088497,0.7868826743005535
17375,646.2784911427357,0.8036458066027354
17376,648.4455891214902,0.8343293637066246
17377,650.2211909437312,0.8871399249360701
17378,654.8296091725272,0.8462806652291072
17379,638.7955107308223,1.0054347599656008
17380,643.6018691922324,1.0189946821072973
17381,662.1437274534225,1.1268997571177608
17382,640.3620138110267,0.8391233989598879
17383,631.6347131204059,0.8302274013436386
17384,674.1692818911094,0.7863169480892417
17385,657.3620943014034,0.7945557578926896
17406,671.1574022461916,0.8201858357380195
17407,1178.7405149165625,1.0003692280594119
17411,686.6507203309761,1.0172614530837838
17412,686.6507203309761,1.0172614530837838
17413,712.9029548791588,1.0462619833488542
17414,714.4037958973371,1.0663097511780946
17415,763.8527297547644,1.0423556813354438
17416,720.9726081870066,1.0893596057382915
17417,739.1779630760795,1.0512562720274126
17418,786.8567361373832,1.0295840817440503
17419,669.9499867980701,1.0919027420527565
17424,701.9544403274123,1.0016071904761126
17425,642.0149855851697,1.0870813181410395
17426,642.0149855851697,1.0870813181410395
17427,721.7469376822673,1.005985342704725
17464,705.62335064035,0.6780578018251959
17465,705.62335064035,0.6780578018251959
17466,740.5031890581619,0.6642270225401656
17467,740.5031890581619,0.6642270225401656
17474,620.0215715051387,0.9196878921249052
17544,614.8749035119149,0.9130799326789797
17545,614.8749035119149,0.9130799326789797
17546,614.8749035119149,0.9130799326789797
17605,733.2553942171394,0.802396930056598
17606,816.8019448609334,0.9676578615065359
17607,655.1442425542066,0.7424109314127973
17608,785.8628185026703,0.9616700559432463
17609,838.8485491783558,0.9899380883189024
17644,519.3430679479357,0.5164973276391338
17645,519.3430679479357,0.5164973276391338
17646,519.3430679479357,0.5164973276391338
17647,519.3430679479357,0.5164973276391338
17648,519.3430679479357,0.5164973276391338
17674,822.7544807067741,0.9303840113202119
17675,838.9746374878384,0.925939426688682
17695,763.9587815841729,0.9258962495361878
17696,763.9587815841729,0.9258962495361878
17698,642.9529329234003,0.8736720913736622
17699,642.9529329234003,0.8736720913736622
17700,642.9529329234003,0.8736720913736622
17702,630.0640216596803,0.9055953807742994
17703,630.0640216596803,0.9055953807742994
17704,630.0640216596803,0.9055953807742994
17706,603.0044251479537,0.6555133962007607
17707,603.0044251479537,0.6555133962007607
17709,608.1635552480598,0.9299570346591464
17710,608.1635552480598,0.9299570346591464
17711,608.1635552480598,0.9299570346591464
17870,813.6461641010515,1.0016153978001965
17871,832.4254728715542,1.0010178168880515
17898,645.8300853731199,1.2546079216458268
17899,713.4312580490041,1.1735758546743766
17900,717.243733334199,1.1180075953160942
17901,770.7699167143709,1.0424072287114332
17902,645.8300853731199,1.2546079216458268
17903,713.4312580490041,1.1735758546743766
17904,717.243733334199,1.1180075953160942
17905,770.7699167143709,1.0424072287114332
17906,645.8300853731199,1.2546079216458268
17907,713.4312580490041,1.1735758546743766
17908,717.243733334199,1.1180075953160942
17909,770.7699167143709,1.0424072287114332
17910,645.8300853731199,1.2546079216458268
17911,713.4312580490041,1.1735758546743766
17912,717.243733334199,1.1180075953160942
17913,770.7699167143709,1.0424072287114332
17914,645.8300853731199,1.2546079216458268
17915,713.4312580490041,1.1735758546743766
17916,717.243733334199,1.1180075953160942
17917,770.7699167143709,1.0424072287114332
17918,579.4382324412516,0.8237366766575157
17919,573.1975741487718,0.8633346337837393
17920,614.1201755876136,0.883199163120934
17921,602.3172145784396,0.9261269568144519
17922,617.219231533606,0.9917943460695686
17923,619.3138610333704,0.9978831490362605
17998,571.5413470587969,1.0967813370307509
17999,558.8764715717446,1.0795774606331512
18000,593.3775957984584,1.1036115988442035
18001,575.7852537600841,1.0977200212348126
18002,574.431429383671,1.1083624200404494
18003,542.2500473399834,1.055222415082687
18004,548.0509883967292,1.0692912787323468
18005,563.232596626836,1.0610208030870611
18006,590.2587041633703,1.0769290601968988
18007,552.1497916812483,1.0382331485790788
18008,571.5413470587969,1.0967813370307509
18009,558.8764715717446,1.0795774606331512
18010,593.3775957984584,1.1036115988442035
18011,575.7852537600841,1.0977200212348126
18012,574.431429383671,1.1083624200404494
18013,542.2500473399834,1.055222415082687
18014,548.0509883967292,1.0692912787323468
18015,563.232596626836,1.0610208030870611
18016,590.2587041633703,1.0769290601968988
18017,552.1497916812483,1.0382331485790788
18018,571.5413470587969,1.0967813370307509
18019,558.8764715717446,1.0795774606331512
18020,593.3775957984584,1.1036115988442035
18021,575.7852537600841,1.0977200212348126
18022,574.431429383671,1.1083624200404494
18023,542.2500473399834,1.055222415082687
18024,548.0509883967292,1.0692912787323468
18025,563.232596626836,1.0610208030870611
18026,590.2587041633703,1.0769290601968988
18027,552.1497916812483,1.0382331485790788
18028,571.5413470587969,1.0967813370307509
18029,558.8764715717446,1.0795774606331512
18030,593.3775957984584,1.1036115988442035
18031,575.7852537600841,1.0977200212348126
18032,574.431429383671,1.1083624200404494
18033,542.2500473399834,1.055222415082687
18034,548.0509883967292,1.0692912787323468
18035,563.232596626836,1.0610208030870611
18036,590.2587041633703,1.0769290601968988
18037,552.1497916812483,1.0382331485790788
18050,516.1142744576523,0.5264940434866903
18051,516.1142744576523,0.5264940434866903
18052,525.0564418247405,0.4965770485536338
18083,529.9058768268186,0.6787230164229782
18084,529.9058768268186,0.6787230164229782
18086,529.9058768268186,0.6787230164229782
18087,529.9058768268186,0.6787230164229782
18088,529.9058768268186,0.6787230164229782
18094,516.1142744576523,0.5264940434866903
18095,516.1142744576523,0.5264940434866903
18097,516.1142744576523,0.5264940434866903
18193,525.4834223123253,0.9167695485449319
18194,525.4834223123253,0.9167695485449319
18195,525.4834223123253,0.9167695485449319
18196,525.4834223123253,0.9167695485449319
18197,525.4834223123253,0.9167695485449319
18198,525.4834223123253,0.9167695485449319
18199,533.9042058293011,0.7979451285141522
18200,533.9042058293011,0.7979451285141522
18202,533.9042058293011,0.7979451285141522
18203,533.9042058293011,0.7979451285141522
18204,533.9042058293011,0.7979451285141522
18205,579.2921276402303,0.9584157440413235
18206,579.2921276402303,0.9584157440413235
18208,579.2921276402303,0.9584157440413235
18209,579.2921276402303,0.9584157440413235
18210,579.2921276402303,0.9584157440413235
18211,586.2659635950649,1.0964069123207603
18212,586.2659635950649,1.0964069123207603
18214,586.2659635950649,1.0964069123207603
18215,586.2659635950649,1.0964069123207603
18216,586.2659635950649,1.0964069123207603
18217,619.4460168689127,0.9126777820816806
18218,619.4460168689127,0.9126777820816806
18220,619.4460168689127,0.9126777820816806
18221,619.4460168689127,0.9126777820816806
18222,619.4460168689127,0.9126777820816806
18223,608.6927116400889,0.9823966184944182
18224,608.6927116400889,0.9823966184944182
18226,608.6927116400889,0.9823966184944182
18227,608.6927116400889,0.9823966184944182
18228,608.6927116400889,0.9823966184944182
18229,514.480013424748,0.7410077701884379
18230,514.480013424748,0.7410077701884379
18232,514.480013424748,0.7410077701884379
18233,514.480013424748,0.7410077701884379
18234,514.480013424748,0.7410077701884379
18235,547.3028367851789,0.7243280219091786
18236,547.3028367851789,0.7243280219091786
18238,547.3028367851789,0.7243280219091786
18239,547.3028367851789,0.7243280219091786
18240,547.3028367851789,0.7243280219091786
18241,615.5930997010853,0.8310802725515678
18242,615.5930997010853,0.8310802725515678
18244,615.5930997010853,0.8310802725515678
18245,615.5930997010853,0.8310802725515678
18246,615.5930997010853,0.8310802725515678
18247,628.7948985978026,1.0892800427327933
18248,628.7948985978026,1.0892800427327933
18250,628.7948985978026,1.0892800427327933
18251,628.7948985978026,1.0892800427327933
18252,628.7948985978026,1.0892800427327933
18253,659.283540201006,0.8309939142253943
18254,659.283540201006,0.8309939142253943
18256,659.283540201006,0.8309939142253943
18257,659.283540201006,0.8309939142253943
18258,659.283540201006,0.8309939142253943
18259,650.6956770386241,0.9656818060139698
18260,650.6956770386241,0.9656818060139698
18262,650.6956770386241,0.9656818060139698
18263,650.6956770386241,0.9656818060139698
18264,650.6956770386241,0.9656818060139698
18265,525.4834223123253,0.9167695485449319
18266,533.9042058293011,0.7979451285141522
18267,579.2921276402303,0.9584157440413235
18268,586.2659635950649,1.0964069123207603
18269,619.4460168689127,0.9126777820816806
18270,608.6927116400889,0.9823966184944182
18271,514.480013424748,0.7410077701884379
18272,547.3028367851789,0.7243280219091786
18273,615.5930997010853,0.8310802725515678
18274,628.7948985978026,1.0892800427327933
18275,659.283540201006,0.8309939142253943
18276,650.6956770386241,0.9656818060139698
18300,528.379395827167,1.0131807666922579
18301,546.7217860225376,1.052743612463896
18302,563.4926311125753,1.0173220434768342
18303,491.3399995430492,1.187468138120352
18304,522.3689195219544,1.126499606061
18305,550.4145723903632,1.0975949793287012
18306,531.2296045143389,1.1033283518474821
18307,558.7378280140128,1.077342367094544
18308,548.700970314248,1.0612284742325047
18309,574.8357118646187,1.04134970502784
18310,565.0134418941423,1.029881008046272
18311,589.1280201306633,1.0161763555373775
18312,579.7511555225104,1.0108631410375777
18313,603.583465536379,1.0009169613567988
18314,711.3704710989075,0.9992249084223183
18315,726.3419119656522,0.997241582234395
18316,623.0055032327591,1.0092797378810443
18317,522.3689195219544,1.126499606061
18318,550.4145723903632,1.0975949793287012
18319,531.2296045143389,1.1033283518474821
18320,558.7378280140128,1.077342367094544
18321,548.700970314248,1.0612284742325047
18322,574.8357118646187,1.04134970502784
18323,565.0134418941423,1.029881008046272
18324,589.1280201306633,1.0161763555373775
18325,579.7511555225104,1.0108631410375777
18326,603.583465536379,1.0009169613567988
18327,711.3704710989075,0.9992249084223183
18328,726.3419119656522,0.997241582234395
18329,623.0055032327591,1.0092797378810443
18363,582.3764566626613,1.018779057017599
18364,582.3764566626613,1.018779057017599
18365,582.3764566626613,1.018779057017599
18366,613.0680560225981,1.09612435999871
18367,613.0680560225981,1.09612435999871
18368,613.0680560225981,1.09612435999871
18369,582.3764566626613,1.018779057017599
18370,613.0680560225981,1.09612435999871
18372,572.1981057322099,0.8125456557790796
18382,572.1981057322099,0.8125456557790796
18392,572.1981057322099,0.8125456557790796
18402,572.1981057322099,0.8125456557790796
18411,572.1981057322099,0.8125456557790796
18414,563.9594422242917,0.7329227431179449
18415,532.8677368459691,0.6794347415579458
18416,584.1831109921259,0.8975242279024754
18417,493.36458940674714,1.1322374943128841
18418,486.68748324366646,0.922563317053249
18419,502.8737600074452,1.2274161789583353
18420,548.6820692051627,0.9813734954840901
18421,565.7935248783984,1.0411046716819223
18422,482.31187390414544,0.6553994687946482
18425,606.3025202358984,0.9263443417934403
18432,588.8134943472954,1.090434925508092
18433,575.6551306124405,0.7093137367727985
18434,521.4215173144771,1.1364910014068554
18435,524.2595475512665,1.2171673921350963
18436,549.5372974061493,1.1842172499878503
18437,573.4101795198186,1.0989469383434698
18438,609.6182101757204,0.981894535210029
18439,647.2604003165653,0.9592715772183018
18440,588.8134943472954,1.090434925508092
18441,575.6551306124405,0.7093137367727985
18442,606.3025202358984,0.9263443417934403
18443,521.4215173144771,1.1364910014068554
18444,524.2595475512665,1.2171673921350963
18445,549.5372974061493,1.1842172499878503
18446,647.2604003165653,0.9592715772183018
18447,588.8134943472954,1.090434925508092
18448,575.6551306124405,0.7093137367727985
18449,606.3025202358984,0.9263443417934403
18450,573.4101795198186,1.0989469383434698
18451,609.6182101757204,0.981894535210029
18452,588.8134943472954,1.090434925508092
18453,575.6551306124405,0.7093137367727985
18454,606.3025202358984,0.9263443417934403
18455,521.4215173144771,1.1364910014068554
18456,524.2595475512665,1.2171673921350963
18457,549.5372974061493,1.1842172499878503
18458,573.4101795198186,1.0989469383434698
18459,609.6182101757204,0.981894535210029
18460,647.2604003165653,0.9592715772183018
18461,588.8134943472954,1.090434925508092
18462,575.6551306124405,0.7093137367727985
18463,606.3025202358984,0.9263443417934403
18464,521.4215173144771,1.1364910014068554
18465,524.2595475512665,1.2171673921350963
18466,549.5372974061493,1.1842172499878503
18467,573.4101795198186,1.0989469383434698
18468,609.6182101757204,0.981894535210029
18469,647.2604003165653,0.9592715772183018
18470,588.8134943472954,1.090434925508092
18471,575.6551306124405,0.7093137367727985
18472,588.8134943472954,1.090434925508092
18473,575.6551306124405,0.7093137367727985
18474,606.3025202358984,0.9263443417934403
18490,670.536368611177,0.9432899326312992
18491,612.956350245235,0.9371177466572677
18492,632.2126100738944,0.9592379397403861
18493,667.7204901306402,0.9130509015902127
18518,569.1589657636232,0.8274549339069915
18528,597.2443635270869,1.0419123836073196
18548,577.8820011480723,1.2219354330913086
18549,609.3324496307432,1.1564179494564808
18550,557.9350599722163,1.2235283047016057
18551,606.5848956766628,1.1225992630199688
18552,576.8773784848164,1.221324459527501
18553,606.2203916852886,1.165702379839802
18554,596.860851793241,0.9725457119935177
18555,598.5489673152106,0.9384090488716582
18564,577.8820011480723,1.2219354330913086
18565,609.3324496307432,1.1564179494564808
18566,557.9350599722163,1.2235283047016057
18567,606.5848956766628,1.1225992630199688
18568,576.8773784848164,1.221324459527501
18569,606.2203916852886,1.165702379839802
18570,596.860851793241,0.9725457119935177
18571,598.5489673152106,0.9384090488716582
18611,585.8471696368437,0.8014093212955663
18612,631.8566126351184,0.8795400502151041
18614,649.9582284507043,0.84285295204142
18615,682.149790071136,0.904051209475806
18616,598.354035252007,0.6212049483910815
18619,620.1446336679162,0.9029296029520903
18621,599.953819558386,0.8076549299375811
18622,616.3210514377002,0.953725805011207
18624,597.7752588944433,0.7065748222145924
18628,597.6399607958356,0.9107995315879254
18630,588.7450317814213,0.6896677728844207
18649,495.9020139998571,1.0720214930653453
18650,497.8319417458559,1.134886446733292
18651,536.8487287804872,0.8264653815876314
18652,536.8487287804872,0.8264653815876314
18654,536.8487287804872,0.8264653815876314
18655,536.8487287804872,0.8264653815876314
18660,615.806802149375,0.5316836925281835
18661,615.806802149375,0.5316836925281835
18668,592.7989991976779,0.741406964928494
18697,768.6794408840265,0.9012124862327495
18699,852.0085581344371,1.0006275739629067
18700,852.0085581344371,1.0006275739629067
18701,852.0085581344371,1.0006275739629067
18702,861.6243990827886,0.999131322083483
18703,861.6243990827886,0.999131322083483
18704,861.6243990827886,0.999131322083483
18705,865.7921857936045,1.0019399409867753
18706,865.7921857936045,1.0019399409867753
18707,865.7921857936045,1.0019399409867753
18708,768.6794408840265,0.9012124862327495
18709,768.6794408840265,0.9012124862327495
18710,768.6794408840265,0.9012124862327495
18711,723.0543536313912,0.9558320581606111
18712,745.547901091327,1.0094930483402795
18713,718.1772308933969,0.9724049997599017
18714,748.3778515748816,0.9488052098191841
18715,751.3907645442978,0.9799971296229866
18716,718.1772308933969,0.9724049997599017
18717,718.1772308933969,0.9724049997599017
18718,718.1772308933969,0.9724049997599017
18719,718.1772308933969,0.9724049997599017
18721,718.1772308933969,0.9724049997599017
18723,723.0543536313912,0.9558320581606111
18724,723.0543536313912,0.9558320581606111
18725,748.3778515748816,0.9488052098191841
18726,748.3778515748816,0.9488052098191841
18727,751.3907645442978,0.9799971296229866
18728,751.3907645442978,0.9799971296229866
18747,579.4586172622477,0.7924422051120108
18748,579.4586172622477,0.7924422051120108
18749,579.4586172622477,0.7924422051120108
18750,579.4586172622477,0.7924422051120108
18751,579.4586172622477,0.7924422051120108
18752,579.4586172622477,0.7924422051120108
18777,641.8445993774255,0.7685393394897073
18778,641.8445993774255,0.7685393394897073
18779,641.8445993774255,0.7685393394897073
18780,641.8445993774255,0.7685393394897073
18782,641.8445993774255,0.7685393394897073
18783,671.2080515950198,0.7069642624027906
18784,671.2080515950198,0.7069642624027906
18785,671.2080515950198,0.7069642624027906
18786,671.2080515950198,0.7069642624027906
18788,671.2080515950198,0.7069642624027906
18789,671.8025145155069,0.7610109529586994
18790,671.8025145155069,0.7610109529586994
18791,671.8025145155069,0.7610109529586994
18792,671.8025145155069,0.7610109529586994
18794,671.8025145155069,0.7610109529586994
18795,659.8856935539865,0.4656714829277054
18796,659.8856935539865,0.4656714829277054
18797,659.8856935539865,0.4656714829277054
18798,659.8856935539865,0.4656714829277054
18800,659.8856935539865,0.4656714829277054
18801,712.8612119513293,0.7543952306750461
18802,712.8612119513293,0.7543952306750461
18803,712.8612119513293,0.7543952306750461
18804,712.8612119513293,0.7543952306750461
18806,712.8612119513293,0.7543952306750461
18807,641.8445993774255,0.7685393394897073
18808,671.2080515950198,0.7069642624027906
18809,671.8025145155069,0.7610109529586994
18810,659.8856935539865,0.4656714829277054
18811,712.8612119513293,0.7543952306750461
18986,586.0151118198035,0.9941610144432871
18987,629.3284453232324,0.9433354193116891
18988,642.5794046730283,0.95540348489844
18989,593.9431551202097,1.0185388465083245
19053,545.9299532495256,0.6799715779603148
19055,625.4193141406023,0.8219832174411518
19057,591.074046385861,0.7967281781757146
19059,590.4078664095435,0.7201378486421173
19069,589.4312055793223,0.809887173368161
19072,606.0504396909332,0.7242633308702152
19073,606.0504396909332,0.7242633308702152
19079,659.6211433664628,1.0389586454491295
19084,635.8413570978541,0.9915169914227664
19085,627.6318935263886,0.9925635376891182
19086,660.4386058903548,0.9953116215290616
19087,627.3579133607861,0.9926081731984113
19088,631.6462166706685,0.9926020541774715
19108,595.7356720121038,0.8690563202936066
19109,614.4416076094337,0.8937735361850442
19110,589.4891589759048,1.0109842858633131
19112,582.6203183326984,0.5609860692155098
19114,641.5992817021182,0.6803854483069284
19116,673.4650874931201,0.7114969441794118
19120,641.5992817021182,0.6803854483069284
19122,673.4650874931201,0.7114969441794118
19125,616.0088318317328,0.8907999199043457
19126,620.1088904881606,0.7636243429697289
19129,659.4136770140656,0.5906696390737572
19130,633.3243372069314,0.6054127313138964
19132,663.2897068318555,0.8917569296633505
19138,616.0088318317328,0.8907999199043457
19144,680.0417611467271,0.9389698455739346
19145,663.2897068318555,0.8917569296633505
19146,681.703761880455,0.9329296182086247
19147,683.858915266933,0.9457384239776574
19148,671.4685029739555,0.9727570912719937
19149,676.7370185670605,0.9800881058931183
19158,621.1249257943451,0.846179246327089
19159,580.3550235404642,0.8683597407611634
19160,644.5137745695749,0.9275035386212738
19161,622.9335892764793,0.9495916181379855
19162,637.8866360457762,0.958940598822793
19163,631.8384526296808,0.9982061472103871
19164,603.656919786125,0.976418345766267
19165,618.20620342669,0.9213904466224017
19166,612.0859589501023,0.9414414476191084
19167,678.4306662300079,1.0595216901387725
19168,638.3715609344082,0.9907481862890675
19169,671.2577094452352,0.9938350080595643
19172,627.6699299268583,0.9465039602916735
19173,609.1943665749118,1.0226358112440221
19174,606.4219489706627,0.878535378884107
19177,668.349606579804,1.084207252288198
19179,660.0338024457914,0.9991516127120872
19181,613.313971479024,0.9687715542613203
19183,618.7344449539518,0.9367603269030256
19184,659.7914008065084,1.0734014450919145
19185,653.170493188385,0.9869117210080873
19186,555.3372367219546,0.9265537585654234
19187,566.5335884254961,0.8824804545148073
19188,566.6556155467607,0.870794682557416
19189,600.8538097264482,0.8277954052073514
19190,615.3702938480495,0.8185987793489012
19191,610.5659030385063,0.8079997541060141
19192,559.6801111348051,0.8586713264795977
19193,619.991897578325,0.8118729898250401
19194,618.7640104579343,0.9708098452149753
19195,597.7360496716019,1.0211265612424514
19196,584.4173434179107,0.8909685296650873
19197,585.8139461738342,0.9091661848979598
19198,663.3380734219918,1.0892252592961236
19199,648.7354763637851,0.9899356664463266
19219,489.35704271125013,0.9605600475469139
19220,468.68385805140673,0.8904452533806453
19221,484.26503895854944,0.9807767200805884
19222,456.8956110539024,0.9536392045130047
19223,468.0397002276504,0.9126931254450341
19224,463.10567168734906,0.8437642844767197
19225,489.7372553873289,0.9746590302476328
19226,491.7506901169358,0.8909204584717051
19243,780.5617753506039,0.9709281356344304
19287,656.3349682056405,0.8983340364656693
19288,656.3170645274379,0.8983300909528152
19289,657.7402968391842,0.8977673453916186
19296,647.7139390959036,1.0832742848798689
19297,647.7442343148971,1.0834097371317744
19298,647.7357442513025,1.0835263178855008
19299,652.7098320602738,0.8616808093385084
19300,630.5007655818932,0.7790082699424181
19301,631.2979109244692,0.7821784224829571
19302,706.3102895729725,1.0591225547469278
19303,704.0644903708819,1.0601091563673788
19304,703.053218447811,1.0611975849865953
19305,653.5107014391938,1.1308778144919551
19306,658.3721637500049,1.1234009887343468
19307,663.5130272586333,1.11427212690392
19308,636.5576508024438,0.9215452670009037
19309,625.3004213990838,0.8791211947536035
19310,625.7901991284768,0.8809248794343285
19311,695.4884596836118,1.0613850681454677
19312,694.5237675635998,1.0614297187009663
19313,695.4854769750004,1.0614750922944045
19314,647.7139390959036,1.0832742848798689
19315,647.7442343148971,1.0834097371317744
19316,647.7357442513025,1.0835263178855008
19317,652.7098320602738,0.8616808093385084
19318,630.5007655818932,0.7790082699424181
19319,631.2979109244692,0.7821784224829571
19320,706.3102895729725,1.0591225547469278
19321,704.0644903708819,1.0601091563673788
19322,703.053218447811,1.0611975849865953
19325,806.2967378934045,1.0585762663537768
19328,801.1517608064249,0.6224920466240851
19388,629.6299647348724,1.0323501493694474
19389,624.7511700858242,0.9827652695255156
19390,620.7894241672022,0.9591850285923755
19391,627.1095270429744,0.9261359856871659
19392,628.3166352633738,0.9704073414331909
19393,627.8036015089729,0.8951954461071163
19394,771.0536395115296,0.9805381551900335
19395,789.750007367275,0.9895844734053102
19396,612.6877792487737,1.0266851331836866
19397,740.007763992834,1.0122955559246662
19412,545.5691526016742,0.6366617089809529
19413,601.2532861734311,0.6963077473298128
19414,531.8893114459498,0.6729322926054688
19415,614.5767477890283,0.7727498624870284
19416,602.9137679351938,0.581812953954133
19417,599.1880329799981,0.6711143401829015
19418,618.583967072754,0.7003275337387523
19419,616.8300343977766,0.8066913782256175
19420,578.3263116771893,0.6689971488159342
19421,713.6225956882013,0.9368993542022208
19422,720.5867304437085,0.9351600196058236
19423,676.0355605448317,0.9323406070415623
19424,693.7137191521853,0.8601367634590243
19425,653.9484198258319,0.9145703015456386
19426,618.9443800515133,0.8810058607619952
19427,635.4010396695323,0.844761304708474
19428,688.3670175151877,0.8552093827890472
19438,515.5163385180745,0.7319503347743517
19444,726.7983835707435,1.011266635853719
19466,648.861733346276,0.8467860322264774
19467,651.5245966764551,0.7997187113334397
19468,667.6709557747483,0.8093752734395638
19469,691.6901480926073,0.8373265903308366
19470,740.7266635181717,0.9142919951085604
19471,664.2862509816091,0.5444039417990865
19472,604.2046276221882,0.52436428495087
19473,723.2726700176984,0.8152075739263029
19474,634.0379877248649,0.8639293935788963
19475,668.2496406528896,0.8073894353307127
19476,647.4754142178509,0.8102410705278458
19477,627.8906507965171,0.8296011071684598
19478,632.081472457744,0.8278611705905718
19479,627.0578788262641,0.8263363457315801
19480,627.7180980706895,0.8156250857529272
19481,634.1350190868229,0.7958815802285136
19482,641.7522204204222,0.7918903476468013
19483,684.2142012548559,0.7990308101213563
19484,661.6589583074591,0.8005990246729535
19485,643.8199275585949,0.8166136978286673
19486,641.8140082608485,0.8193410888717096
19487,642.1953714721446,0.8072670053315651
19492,655.7534735988897,0.7837305805623191
19494,684.2142012548559,0.7990308101213563
19510,684.6446735134714,1.0720987213128614
19517,630.6835945758639,1.0144366387988724
19518,695.7526266853903,0.8613386383794798
19519,642.6169226280048,1.0865872621142096
19520,615.173146727498,1.0490454384291166
19521,693.6972584335189,0.8705877003415214
19522,630.4530291416062,1.1006401859164527
19523,630.6835945758639,1.0144366387988724
19524,695.7526266853903,0.8613386383794798
19525,642.6169226280048,1.0865872621142096
19526,615.173146727498,1.0490454384291166
19527,693.6972584335189,0.8705877003415214
19528,630.4530291416062,1.1006401859164527
19529,630.6835945758639,1.0144366387988724
19530,695.7526266853903,0.8613386383794798
19531,642.6169226280048,1.0865872621142096
19532,615.173146727498,1.0490454384291166
19533,693.6972584335189,0.8705877003415214
19534,630.4530291416062,1.1006401859164527
19535,645.8984211319934,0.8400751272368692
19536,702.778402729122,0.7824313480819524
19537,632.063586022458,0.712618942320329
19538,639.4318404800988,0.7210712761641669
19539,655.5983987240323,0.6867404637822019
19540,646.989785032122,0.7090198010423221
19541,682.6271241431631,0.7321355596737319
19542,672.9951366553684,0.7425002102030498
19543,620.4094476863406,0.7279788660812919
19544,656.0573041024637,0.7240562348895423
19545,528.8488269023344,0.686458233943595
19546,610.3943246441953,0.7210886047685767
19547,580.6445121156952,0.7380457238421007
19549,644.7924035747421,1.0514835873644794
19550,644.7924035747421,1.0514835873644794
19551,644.7924035747421,1.0514835873644794
19552,644.7924035747421,1.0514835873644794
19553,644.7924035747421,1.0514835873644794
19555,644.7421359355149,1.0514886358985864
19556,644.7421359355149,1.0514886358985864
19557,644.7421359355149,1.0514886358985864
19558,644.7421359355149,1.0514886358985864
19559,644.7421359355149,1.0514886358985864
19560,697.9177365163249,1.0205424193120791
19561,697.4562897094321,1.0214629176068124
19562,682.1377726018864,1.014991139693001
19563,682.096905579792,1.0149844644922679
19570,821.236454426783,0.9940775290259563
19577,821.236454426783,0.9940775290259563
19596,535.284506536927,0.5931699386598062
19603,669.7935839537474,1.0132819259579064
19604,669.7935839537474,1.0132819259579064
19606,669.7935839537474,1.0132819259579064
19607,669.7935839537474,1.0132819259579064
19608,628.910799829589,1.2114569865540548
19609,628.910799829589,1.2114569865540548
19611,628.910799829589,1.2114569865540548
19612,628.910799829589,1.2114569865540548
19613,573.9829931043192,1.1107668446993415
19614,573.9829931043192,1.1107668446993415
19616,573.9829931043192,1.1107668446993415
19617,573.9829931043192,1.1107668446993415
19618,621.3163603370958,1.0763348918705749
19619,621.3163603370958,1.0763348918705749
19621,621.3163603370958,1.0763348918705749
19622,621.3163603370958,1.0763348918705749
19623,717.5974901783524,0.9237462386515366
19624,717.5974901783524,0.9237462386515366
19626,717.5974901783524,0.9237462386515366
19627,717.5974901783524,0.9237462386515366
19633,611.9930211791351,1.1139071639037397
19634,675.1742401607792,1.006571863369445
19638,619.825806867041,0.9736864380100468
19639,606.7845323153377,0.9510846085817302
19640,699.2770289780298,0.9671035074176012
19641,648.8752126945891,0.9391961718632652
19656,641.5992817021182,0.6803854483069284
19657,673.4650874931201,0.7114969441794118
19676,512.1803268651967,0.9273977121339124
19680,476.44769671784076,1.0058099407026229
19684,554.000738422455,0.711893709064344
19696,928.3841259877602,0.9919802615512594
19697,891.9771778838519,0.994032609791522
19698,905.1093928408552,0.9938942335781991
19699,803.8026630914312,0.5571188023633795
19700,861.3042421160035,0.9692955793647565
19701,755.0230497088955,0.634956277058685
19702,905.1093928408552,0.9938942335781991
19703,905.1093928408552,0.9938942335781991
19704,905.1093928408552,0.9938942335781991
19710,561.9503745937789,1.1826948592182704
19721,510.48703785978853,0.9832628336320698
19729,427.49525528913875,0.835036854942727
19730,439.34066494486297,0.9970655216371004
19738,427.49525528913875,0.835036854942727
19739,439.34066494486297,0.9970655216371004
19801,539.6114045191066,0.7812042460254788
19802,537.1504700570894,1.0095438383519628
19803,519.6304348133509,0.7714963921348399
19804,561.4404863872385,0.9435724469658652
19805,525.4554152586664,1.140500541536814
19806,563.3887129902128,1.0801195385999438
19807,562.006468746737,1.028881403630245
19808,522.8507027179888,1.0999682027229891
19809,576.4233547965005,1.1091247156129063
19810,551.3221812627872,1.092930698837625
19811,561.9082622511673,1.0331361313842238
19812,566.283103115702,0.8860025145400767
19813,556.9427141785875,0.810827024834886
19814,579.1083337281996,0.8482246136710634
19815,541.7362314106496,1.048329934042071
19816,480.3493377004605,0.6538755598538987
19905,627.938918525533,0.8992346386539729
19909,618.7280972197758,0.9149105915933764
19912,605.3101551740111,0.9407486834845978
19920,591.1770530109322,0.9128122719436687
19921,591.1770530109322,0.9128122719436687
19922,591.1770530109322,0.9128122719436687
19923,591.1770530109322,0.9128122719436687
19924,591.1770530109322,0.9128122719436687
19925,591.1770530109322,0.9128122719436687
19979,601.4050169519921,0.617218189251347
19980,612.9722291468815,1.004398954481766
19981,612.9722291468815,1.004398954481766
19982,612.9722291468815,1.004398954481766
19983,612.9722291468815,1.004398954481766
19984,612.9722291468815,1.004398954481766
19985,612.9722291468815,1.004398954481766
19986,612.9722291468815,1.004398954481766
19987,612.9722291468815,1.004398954481766
19988,612.9722291468815,1.004398954481766
19989,612.9722291468815,1.004398954481766
19990,612.9722291468815,1.004398954481766
19991,612.9722291468815,1.004398954481766
19992,594.5160646219664,0.9537258511998655
19993,594.5160646219664,0.9537258511998655
19994,594.5160646219664,0.9537258511998655
19995,594.5160646219664,0.9537258511998655
19996,594.5160646219664,0.9537258511998655
19997,594.5160646219664,0.9537258511998655
19998,594.5160646219664,0.9537258511998655
19999,594.5160646219664,0.9537258511998655
20000,594.5160646219664,0.9537258511998655
20001,594.5160646219664,0.9537258511998655
20002,594.5160646219664,0.9537258511998655
20003,594.5160646219664,0.9537258511998655
20004,582.788402584828,0.9342557340293541
20005,582.788402584828,0.9342557340293541
20006,582.788402584828,0.9342557340293541
20007,582.788402584828,0.9342557340293541
20008,582.788402584828,0.9342557340293541
20009,582.788402584828,0.9342557340293541
20010,582.788402584828,0.9342557340293541
20011,582.788402584828,0.9342557340293541
20012,582.788402584828,0.9342557340293541
20013,582.788402584828,0.9342557340293541
20014,582.788402584828,0.9342557340293541
20015,582.788402584828,0.9342557340293541
20020,604.1067415212989,1.136158774850863
20028,645.7685548827877,1.0430040116267256
20034,779.1451099375774,0.8649050468788595
20035,785.1377208617392,0.9005084449533702
20040,825.0272376850659,0.9521622404742327
20041,841.1911679858155,0.9674393485566684
20043,745.9671098933537,0.9747908637565481
20044,604.4722304061254,0.9062365590992206
20045,556.4843941311415,0.6755468726542158
20046,665.3101812702791,0.7953520111672521
20047,678.6433224908633,0.8730488134470469
20048,785.1377208617392,0.9005084449533702
20049,554.046109070117,0.9769133908032007
20050,647.751044975403,0.9026627784599146
20051,665.431590444204,0.8675295453242418
20052,710.7225345409552,1.0152722486509567
20053,665.0361696839491,0.910096848540289
20054,721.5816012665944,0.951766793533573
20064,591.9332889129896,1.0408954549374716
20071,647.751942879049,0.7922204111429836
20072,700.7897941452792,0.7398995864998048
20073,705.3856417888773,0.9365898398886608
20074,717.8056034165024,0.8403002344912975
20097,639.4631299511011,0.6891682471081791
20122,545.0474189444903,1.095820402453243
20123,709.4041181074792,0.9750318636213999
20124,545.0474189444903,1.095820402453243
20125,709.4041181074792,0.9750318636213999
20148,517.0987758820081,0.9960076731795109
20149,526.2528225662118,1.1703325305562216
20164,583.027759602907,0.9254572875849442
20169,586.9365971379657,0.9156694296760597
20184,791.5681659406623,0.860781607592642
20185,791.5681659406623,0.860781607592642
20186,791.5681659406623,0.860781607592642
20187,831.8262277376273,0.9222775598653259
20188,831.8262277376273,0.9222775598653259
20189,831.8262277376273,0.9222775598653259
20194,674.8966251257257,0.8736640177939767
20195,731.0710242842629,0.9313567287415343
20196,783.0241002715732,0.8729474457240038
20197,585.9146660301705,0.794728297245529
20198,599.4679290086729,0.8053993598715512
20199,612.7638466529984,0.9101167001265011
20200,621.9800022749419,0.9229949374956745
20201,607.9379777276399,0.8055970145619605
20202,665.579863710383,0.9367827552081618
20203,634.5421377690678,1.010742905278832
20204,637.6720449300452,0.9781496138385104
20205,614.6189785943523,0.8155028416088471
20206,614.6189785943523,0.8155028416088471
20207,614.6189785943523,0.8155028416088471
20208,614.6189785943523,0.8155028416088471
20217,595.5986740540809,0.8225371141171617
20218,615.0854709096316,0.907905344958009
20219,630.019334319587,0.9222623223571593
20220,629.835681494878,0.9198110300869958
20221,649.4988779226184,0.972642575878093
20222,682.4860321484349,0.7763565493989575
20223,689.6781468385738,0.8856846656211511
20224,703.1145866540644,0.8903773889066873
20225,702.1772234533489,0.8893324965687097
20226,717.917788577815,0.9278138479277482
20227,594.7642618769457,0.8255419895154898
20228,614.3336637690538,0.9100258502569734
20229,629.3163492683517,0.9243316787083524
20230,629.1455343707114,0.9218097965276892
20231,648.8445463781825,0.9741959603301693
20232,680.4943004452969,0.7652573996419784
20233,687.8685393292392,0.8767787770641193
20234,701.2277214571893,0.8834975906794247
20235,701.1825686235585,0.882354495425674
20236,717.1652191541536,0.9226560416455302
