Tag,acquisition_score
1,-0.6495308561202813
2,-0.8524803198531268
3,0.9279949135633115
4,-0.31482681214414854
5,-0.31482681214414854
6,-0.36010297902426214
7,-0.36010297902426214
8,-0.36010297902426214
9,-0.36010297902426214
10,-0.36010297902426214
11,0.2941857915893669
12,0.2941857915893669
13,0.2941857915893669
14,0.2941857915893669
15,0.2941857915893669
16,0.12151015180459102
17,0.12151015180459102
18,0.12151015180459102
19,0.12151015180459102
20,0.3948629822692309
21,0.3948629822692309
22,0.3948629822692309
23,0.3948629822692309
24,0.3948629822692309
25,0.3150960479681362
26,0.3150960479681362
27,0.3150960479681362
28,-0.02876810913899025
29,0.05374219491966864
30,0.5214625277599156
31,-0.6825307787357797
32,-0.07114870507479965
33,0.5783242366515555
34,0.597719374269608
35,0.30647580158413
36,-0.01768240373651786
37,0.597719374269608
38,0.5783242366515555
39,0.30647580158413
40,1.2835529502657113
41,-0.01768240373651786
42,0.597719374269608
43,0.30647580158413
44,1.2835529502657113
45,0.597719374269608
46,0.30647580158413
47,-0.01768240373651786
48,0.597719374269608
49,0.5783242366515555
50,0.30647580158413
51,1.2835529502657113
52,-0.01768240373651786
53,0.597719374269608
54,0.5783242366515555
55,0.30647580158413
56,1.2835529502657113
57,-0.01768240373651786
58,0.597719374269608
59,0.5783242366515555
60,0.30647580158413
61,1.2835529502657113
62,-0.01768240373651786
63,0.597719374269608
64,0.5783242366515555
65,0.30647580158413
66,1.2835529502657113
67,-0.01768240373651786
68,0.597719374269608
69,0.5783242366515555
70,0.30647580158413
71,1.2835529502657113
84,0.10781558447032391
85,0.10781558447032391
86,0.10781558447032391
87,0.10781558447032391
88,0.10781558447032391
89,0.10781558447032391
90,0.10781558447032391
91,0.10781558447032391
92,-0.6651425619861467
93,-0.6651425619861467
94,-0.6651425619861467
95,-0.6651425619861467
96,-0.6651425619861467
97,-0.6651425619861467
100,-1.4355159438301948
101,-1.0086931483249704
102,-0.8372850835446964
103,-0.7018798486978773
105,-1.0329652405229681
106,-0.5104565300543272
109,-0.8604531530728297
110,-1.0030242180138471
118,0.8331031732837553
120,0.8331031732837553
123,0.8331031732837553
164,0.16257073997744684
165,-0.06842875122375577
166,0.16257073997744684
167,-0.06842875122375577
168,0.16257073997744684
169,-0.06842875122375577
170,1.5856514368025283
171,1.5942407211607563
172,1.4667758970734153
173,1.3204329877728789
174,0.22466153177575277
175,1.6425711262918674
176,1.437015235588546
177,2.122887024739282
178,0.8011875461106465
179,-0.5195850404035628
180,1.4937009398683503
181,1.3545099635669808
182,0.7644563058220109
183,0.05374219491966864
184,1.0442642731973126
186,1.0836723674074724
187,1.3601947991074408
188,0.8760311123779901
189,-0.3604871474950388
190,-1.2377236449247728
191,-1.6618613219269578
192,-0.6415475356153414
193,-0.832242588182025
194,-0.3144810225274069
195,-1.772959259099124
196,-1.772959259099124
197,-1.0033424995449622
198,-1.0033424995449622
199,-0.011619589331671953
200,-0.011619589331671953
201,-1.4170658771576907
202,0.28377891949212
203,0.28377891949212
204,0.21475406643271078
205,-1.2377236449247728
206,-1.2377236449247728
207,-0.9432841699823911
208,-0.01768240373651786
209,-0.01768240373651786
210,0.26167113843494616
211,1.0865006021747008
212,1.2557262089646406
213,-1.6618613219269578
214,-1.4089936571438777
215,-1.3883464951243298
216,-1.3123170129395119
217,-1.379448617308772
218,-1.4043708921261842
219,-1.4059910791106962
220,-1.4089936571438777
221,-1.3883464951243298
222,-1.3123170129395119
223,-1.379448617308772
224,-1.4043708921261842
225,-1.4059910791106962
226,-1.4089936571438777
227,-1.3883464951243298
228,-1.3123170129395119
229,-1.379448617308772
230,-1.4043708921261842
231,-1.4059910791106962
232,-1.4089936571438777
233,-1.3883464951243298
234,-1.3123170129395119
235,-1.379448617308772
236,-1.4043708921261842
237,-1.4059910791106962
238,-1.4089936571438777
239,-1.3883464951243298
240,-1.3123170129395119
241,-1.379448617308772
242,-1.4043708921261842
243,-1.4059910791106962
244,-1.4089936571438777
245,-1.3883464951243298
246,-1.3123170129395119
247,-1.379448617308772
248,-1.4043708921261842
249,-1.4059910791106962
250,-1.4089936571438777
251,-1.3883464951243298
252,-1.3123170129395119
253,-1.379448617308772
254,-1.4043708921261842
255,-1.4059910791106962
256,-1.3123170129395119
257,-1.379448617308772
258,-1.4043708921261842
259,-1.4059910791106962
260,-1.4089936571438777
261,-1.3883464951243298
262,-1.3123170129395119
263,-1.379448617308772
264,-1.4043708921261842
265,-1.4059910791106962
266,-1.4043708921261842
267,-1.4089936571438777
268,-1.3883464951243298
269,-1.3123170129395119
270,-1.379448617308772
271,-1.4043708921261842
272,-1.4059910791106962
273,-1.3123170129395119
274,-1.379448617308772
275,-1.4043708921261842
276,-1.4059910791106962
277,0.7779468157831891
278,0.7779468157831891
279,0.7779468157831891
280,0.7779468157831891
281,0.7779468157831891
282,0.7779468157831891
283,0.7779468157831891
284,0.7779468157831891
285,0.7779468157831891
286,0.7779468157831891
287,0.7779468157831891
288,0.7779468157831891
289,0.7779468157831891
290,0.7779468157831891
291,0.7779468157831891
292,0.7779468157831891
293,0.7779468157831891
294,0.7779468157831891
295,-1.1498657751154684
296,-1.1498657751154684
297,-1.1498657751154684
298,-1.1498657751154684
299,-1.1498657751154684
300,-1.1498657751154684
301,-1.1498657751154684
302,-1.1498657751154684
303,-1.1498657751154684
304,-0.3096202876927999
305,-0.3096202876927999
306,-0.3096202876927999
307,-0.3096202876927999
308,-0.3096202876927999
315,-1.6824490014796334
316,-1.6824490014796334
317,-1.6824490014796334
318,-1.6824490014796334
319,-1.760969794154003
320,-1.760969794154003
321,-1.760969794154003
322,-1.760969794154003
323,-1.753715075464469
324,-1.753715075464469
325,-1.753715075464469
326,-1.6824490014796334
327,-1.760969794154003
328,-1.753715075464469
329,-0.9725817904469428
330,0.20185819174319694
331,0.20185819174319694
332,0.20185819174319694
333,0.20185819174319694
334,0.20185819174319694
335,0.20185819174319694
336,0.20185819174319694
337,0.20185819174319694
338,0.20185819174319694
339,0.20185819174319694
340,0.20185819174319694
341,0.20185819174319694
342,0.20185819174319694
343,0.20185819174319694
344,0.20185819174319694
345,0.20185819174319694
346,0.20185819174319694
347,0.20185819174319694
359,-0.6997837096511023
360,-0.6997837096511023
366,0.11110073581590663
368,0.11110073581590663
373,-0.2009445283113231
374,-0.2009445283113231
375,-0.2009445283113231
379,-0.36281537888370674
380,-0.36281537888370674
381,-0.36281537888370674
382,-0.36281537888370674
455,-0.27012647265195067
456,-0.6965276482517675
457,-0.44218071807340603
458,-0.3275173587104836
459,-0.42194625219443344
460,-0.42429305604370554
508,0.15289212660800566
511,-0.8731250036420732
516,-0.8731250036420732
521,-0.8731250036420732
526,-0.8731250036420732
543,-0.8185812626267155
544,-0.8185812626267155
545,-0.8185812626267155
547,-0.867477673166262
548,-0.867477673166262
561,-1.5245162989941543
562,-0.390818171103987
563,-0.6847746076767247
564,-0.4266786521228242
565,-0.8579863650153813
566,-0.7769641846964017
567,-0.7873041340188681
568,-0.867477673166262
569,-0.48579934749205633
570,-1.1110037442130483
571,-0.2185889492455935
572,-0.11055590614805967
573,-0.0505165952437822
574,-0.22879945933767953
575,-0.11082644882072312
576,-0.04034050445883988
577,-1.1623504339592035
578,-0.9411212355479892
579,-0.7955978618625807
580,-0.22879945933767953
581,-0.22879945933767953
582,-0.22879945933767953
583,-0.22879945933767953
584,-0.22879945933767953
585,-0.5994081410438226
586,-0.5994081410438226
587,-0.5994081410438226
654,1.3326794329600704
655,1.3326794329600704
656,1.3326794329600704
657,1.3326794329600704
658,1.3326794329600704
659,1.3326794329600704
660,1.3326794329600704
661,1.3326794329600704
662,-0.10589442510481584
663,-0.10589442510481584
665,-0.10589442510481584
666,-0.10589442510481584
667,-0.10589442510481584
668,-0.10589442510481584
669,-0.10589442510481584
670,-0.0871427360897378
672,-0.0871427360897378
673,-0.0871427360897378
674,-0.0871427360897378
675,-0.0871427360897378
676,-0.0871427360897378
677,-0.0871427360897378
678,0.11146483618773562
679,0.11146483618773562
681,0.11146483618773562
682,0.11146483618773562
683,0.11146483618773562
684,0.11146483618773562
685,0.11146483618773562
686,-0.6116494315593615
687,-0.6116494315593615
688,-0.6116494315593615
689,-0.6116494315593615
690,-0.6116494315593615
691,-0.6116494315593615
692,-0.6116494315593615
693,-0.6116494315593615
694,-0.6116494315593615
695,-0.6116494315593615
696,1.8613348189501988
697,1.8613348189501988
698,1.8613348189501988
699,1.8613348189501988
700,1.8613348189501988
701,1.8613348189501988
702,1.8613348189501988
703,1.8613348189501988
704,1.8613348189501988
705,1.8613348189501988
706,1.2604096737126982
707,1.2604096737126982
708,1.2604096737126982
709,1.2604096737126982
710,1.2604096737126982
711,1.2604096737126982
712,1.2604096737126982
713,1.2604096737126982
714,1.2604096737126982
715,1.2604096737126982
716,1.3171913289771444
717,1.3171913289771444
718,1.3171913289771444
719,1.3171913289771444
720,1.3171913289771444
721,1.3171913289771444
722,1.3171913289771444
723,1.3171913289771444
724,1.3171913289771444
725,1.3171913289771444
726,1.3171913289771444
727,1.3171913289771444
728,1.3171913289771444
729,1.3171913289771444
744,0.12151015180459102
745,0.12151015180459102
746,0.12151015180459102
747,0.12151015180459102
748,0.12151015180459102
749,0.3948629822692309
750,0.3948629822692309
751,0.3948629822692309
752,0.3948629822692309
753,0.3948629822692309
760,0.5400404363601298
777,-0.8063597963677722
908,-0.36010297902426214
909,-0.2609833871866449
986,-0.7879398890448388
987,-0.7879398890448388
989,-0.7879398890448388
990,-0.7879398890448388
991,-0.7879398890448388
1027,0.5563078038731024
1028,0.5563078038731024
1057,-0.4734359830377284
1072,-0.8639312751952809
1073,-0.8639312751952809
1074,-0.8639312751952809
1075,-0.8639312751952809
1076,-0.8639312751952809
1077,-0.8639312751952809
1078,-0.8639312751952809
1079,-0.8639312751952809
1090,-1.326460450575325
1175,0.8538441775269203
1193,-0.3744449100373557
1196,-0.4096506984770661
1197,-0.41432319917088173
1200,-0.33082760299734815
1203,-0.2636869595246157
1232,-0.5889311850101504
1233,-0.5889311850101504
1234,-0.5830454435173307
1235,-0.5830454435173307
1236,-0.5837612432467406
1237,-0.5837612432467406
1238,-0.3555055083215085
1239,-0.3555055083215085
1240,0.007025784947173486
1241,0.007025784947173486
1242,-0.3273427676201199
1243,-0.3273427676201199
1244,-0.6135388445829741
1245,-0.6135388445829741
1246,-0.6126540043461273
1247,-0.6126540043461273
1248,-0.4883129906271132
1249,-0.4883129906271132
1250,-0.42178786579965233
1251,-0.42178786579965233
1252,-0.5996376503770696
1253,-0.5996376503770696
1260,-0.8124362104205899
1262,0.38377916121208566
1263,0.38377916121208566
1264,0.38377916121208566
1295,-0.19628901965005097
1296,0.14103244089388628
1297,0.27971699850063525
1298,0.16074943802134473
1300,-0.27596476145321475
1301,-0.27596476145321475
1302,-0.27596476145321475
1361,1.3182157185431216
1362,1.2999834933744485
1363,2.180998000358368
1364,1.2349407164508215
1365,1.3359763395780908
1366,1.3102770826477381
1367,1.39947075594784
1368,1.2443990555606643
1369,1.3182157185431216
1370,1.2999834933744485
1371,2.180998000358368
1372,1.2349407164508215
1373,1.3359763395780908
1374,1.3102770826477381
1375,1.39947075594784
1376,1.2443990555606643
1377,1.3182157185431216
1378,1.2999834933744485
1379,2.180998000358368
1380,1.2349407164508215
1381,1.3359763395780908
1382,1.3102770826477381
1383,1.39947075594784
1384,1.2443990555606643
1385,1.3182157185431216
1386,1.2999834933744485
1387,2.180998000358368
1388,1.2349407164508215
1389,1.3359763395780908
1390,1.3102770826477381
1391,1.39947075594784
1392,1.2443990555606643
1393,1.3182157185431216
1394,1.2999834933744485
1395,2.180998000358368
1396,1.2349407164508215
1397,1.3359763395780908
1398,1.3102770826477381
1399,1.39947075594784
1400,1.2443990555606643
1401,1.3182157185431216
1402,1.2999834933744485
1403,2.180998000358368
1404,1.2349407164508215
1405,1.3359763395780908
1406,1.3102770826477381
1407,1.39947075594784
1408,1.2443990555606643
1417,1.3182157185431216
1418,1.2999834933744485
1419,2.180998000358368
1420,1.2349407164508215
1421,1.3359763395780908
1422,1.3102770826477381
1423,1.39947075594784
1424,1.2443990555606643
1425,-0.5943591461253418
1426,-0.5943591461253418
1427,-0.5943591461253418
1428,-0.5943591461253418
1429,-0.5943591461253418
1430,-0.5943591461253418
1431,-0.9419448565753026
1432,-0.9419448565753026
1433,-0.9419448565753026
1434,-0.9419448565753026
1488,-0.6651000842981518
1497,-0.7429697396499
1528,-0.510441610108608
1532,-0.19066967288964137
1537,-0.19115259051310046
1538,-0.19115259051310046
1582,-0.5154926171693726
1605,0.23677176192520755
1606,0.23677176192520755
1607,0.23677176192520755
1608,0.23677176192520755
1614,-0.32342289026790166
1615,-0.32342289026790166
1616,-0.32342289026790166
1617,-0.32342289026790166
1629,-1.1066030739418784
1630,-0.5668081817618891
1631,-0.9917097277985778
1632,-0.8772114681752783
1633,-0.9820678317781995
1634,-0.14796693508555117
1635,-0.3501276538798097
1636,0.07531786697844223
1637,-0.5032219292421592
1638,-1.2444389937003921
1639,-0.7686048010409046
1640,-1.1066030739418784
1641,-0.5668081817618891
1642,-0.9917097277985778
1643,-0.9820678317781995
1644,-0.14796693508555117
1645,-0.3501276538798097
1646,0.07531786697844223
1647,-0.5032219292421592
1648,-1.2444389937003921
1649,-0.7686048010409046
1650,-1.1066030739418784
1651,-0.5668081817618891
1652,-0.9917097277985778
1653,-0.8772114681752783
1654,-0.9820678317781995
1655,-0.14796693508555117
1656,-0.3501276538798097
1657,0.07531786697844223
1658,-0.5032219292421592
1659,-1.2444389937003921
1660,-0.7686048010409046
1661,-1.1066030739418784
1662,-0.5668081817618891
1663,-0.9917097277985778
1664,-0.8772114681752783
1665,-0.9820678317781995
1666,-0.14796693508555117
1667,-0.3501276538798097
1668,0.07531786697844223
1669,-0.5032219292421592
1670,-1.2444389937003921
1671,-0.7686048010409046
1687,-0.5884326605702663
1688,-0.5884326605702663
1689,-0.5884326605702663
1690,-0.5884326605702663
1691,-0.5884326605702663
1692,-0.5884326605702663
1693,-0.5871841755530471
1694,-0.5871841755530471
1695,-0.5871841755530471
1696,-0.5871841755530471
1697,-0.5871841755530471
1698,-0.5871841755530471
1699,-0.582803175550628
1700,-0.582803175550628
1701,-0.582803175550628
1702,-0.582803175550628
1703,-0.582803175550628
1704,-0.582803175550628
1705,-0.550913511802331
1706,-0.550913511802331
1707,-0.550913511802331
1708,-0.550913511802331
1709,-0.550913511802331
1710,-0.550913511802331
1711,-0.5329797924557751
1712,-0.5329797924557751
1713,-0.5329797924557751
1714,-0.5329797924557751
1715,-0.5329797924557751
1716,-0.5329797924557751
1717,-1.0377743954940184
1718,-1.0377743954940184
1719,-1.0377743954940184
1720,-1.0377743954940184
1721,-1.0377743954940184
1722,-1.0377743954940184
1723,-1.0174767759849406
1724,-1.0174767759849406
1725,-1.0174767759849406
1726,-1.0174767759849406
1727,-1.0174767759849406
1728,-1.0174767759849406
1729,-1.1586191543215572
1730,-1.1586191543215572
1731,-1.1586191543215572
1732,-1.1586191543215572
1733,-1.1586191543215572
1734,-1.1586191543215572
1735,-1.1547748475283546
1736,-1.1547748475283546
1737,-1.1547748475283546
1738,-1.1547748475283546
1739,-1.1547748475283546
1740,-1.1547748475283546
1741,-0.753335783921693
1742,-0.753335783921693
1743,-0.753335783921693
1744,-0.753335783921693
1745,-0.753335783921693
1747,-1.2786951797823671
1748,-1.2786951797823671
1749,-1.2786951797823671
1750,-1.2786951797823671
1751,-1.2786951797823671
1753,-0.659626832930613
1754,-0.659626832930613
1755,-0.659626832930613
1756,-0.659626832930613
1757,-0.659626832930613
1759,-0.7001949731236414
1760,-0.7001949731236414
1761,-0.7001949731236414
1762,-0.7001949731236414
1763,-0.7001949731236414
1765,-0.6228209467240651
1766,-0.6228209467240651
1767,-0.6228209467240651
1768,-0.6228209467240651
1769,-0.6228209467240651
1771,-0.9979796772034937
1772,-0.9979796772034937
1773,-0.9979796772034937
1774,-0.9979796772034937
1775,-0.9979796772034937
1777,-1.0317819886238984
1778,-1.0317819886238984
1779,-1.0317819886238984
1780,-1.0317819886238984
1781,-1.0317819886238984
1783,-1.0451549092000867
1784,-1.0451549092000867
1785,-1.0451549092000867
1786,-1.0451549092000867
1787,-1.0451549092000867
1789,-1.722250171135518
1790,-1.722250171135518
1791,-1.722250171135518
1792,-1.722250171135518
1793,-1.722250171135518
1795,-1.6851958125498825
1796,-1.6851958125498825
1797,-1.6851958125498825
1798,-1.6851958125498825
1799,-1.6851958125498825
1804,0.2789432979259197
1805,-0.07302510262268413
1806,0.36635901335893434
1807,0.2789432979259197
1808,-0.07302510262268413
1809,0.36635901335893434
1835,1.5785577961387454
1836,1.3601947991074408
1837,1.422311727401293
1838,1.9630526240435697
1839,1.8629109601368974
1840,1.8765402729148413
1841,1.3860085626293568
1842,1.7739838631925513
1843,1.8551373039197654
1844,0.7930600296949437
1845,1.2026237175706949
1846,1.5785577961387454
1847,1.5785577961387454
1848,1.5785577961387454
1849,1.5785577961387454
1850,1.5785577961387454
1851,1.5785577961387454
1852,1.3601947991074408
1853,1.3601947991074408
1854,1.3601947991074408
1855,1.3601947991074408
1856,1.3601947991074408
1857,1.3601947991074408
1858,1.422311727401293
1859,1.422311727401293
1860,1.422311727401293
1861,1.422311727401293
1862,1.422311727401293
1863,1.422311727401293
1864,1.9630526240435697
1865,1.9630526240435697
1866,1.9630526240435697
1867,1.9630526240435697
1868,1.9630526240435697
1869,1.9630526240435697
1870,1.8629109601368974
1871,1.8629109601368974
1872,1.8629109601368974
1873,1.8629109601368974
1874,1.8629109601368974
1875,1.8629109601368974
1876,1.8765402729148413
1877,1.8765402729148413
1878,1.8765402729148413
1879,1.8765402729148413
1880,1.8765402729148413
1881,1.8765402729148413
1882,1.3860085626293568
1883,1.3860085626293568
1884,1.3860085626293568
1885,1.3860085626293568
1886,1.3860085626293568
1887,1.3860085626293568
1888,1.7739838631925513
1889,1.7739838631925513
1890,1.7739838631925513
1891,1.7739838631925513
1892,1.8551373039197654
1893,1.8551373039197654
1894,1.8551373039197654
1895,1.8551373039197654
1896,1.8551373039197654
1897,1.8551373039197654
1898,0.7930600296949437
1965,-1.442958706628594
1966,-1.4311852175604245
1967,0.021607896361894557
1968,-0.040072516817025616
1969,-0.7219976831628523
1970,-0.9771414208128604
1971,-1.3108735923300294
1972,-1.4051343802532528
1979,0.9965342822803172
1980,0.9043700455476972
1981,0.7542717107123402
1982,1.0838056819297894
1983,1.1355099305113874
1984,-0.2554631318690796
1986,0.27919439844760685
1988,0.5949006832213888
1990,0.3428086930483125
1992,0.8461919645890164
1995,0.9043700455476972
2114,-0.7123527609663337
2115,-0.7123527609663337
2117,-0.7123527609663337
2118,-0.7123527609663337
2119,-0.7123527609663337
2120,-0.7123527609663337
2121,-0.7123527609663337
2122,-0.7123527609663337
2123,-0.7416387144263477
2124,-0.7416387144263477
2126,-0.7416387144263477
2127,-0.7416387144263477
2128,-0.7416387144263477
2129,-0.7416387144263477
2130,-0.7416387144263477
2131,-0.7416387144263477
2132,-0.6325477966764453
2133,-0.5826966932543198
2134,-0.8979861469442932
2135,-1.1691028847871732
2136,-1.6381223013121256
2137,-1.0864297129962455
2139,-0.8264287389052147
2149,-1.5829640659559603
2227,-0.3859123730814633
2234,-0.6707367103725456
2237,-0.24947692958266363
2244,-0.03683320792156167
2260,-0.20894364135200036
2261,-0.2128660123513204
2262,0.3022572213384632
2263,-0.08592028648826312
2264,-0.04428106496889578
2265,0.35913682601820307
2266,0.12017474913653367
2267,-0.5507556156350227
2268,-0.5963875890386989
2269,0.19502970291272131
2270,0.21280047768772128
2271,0.031111637638668144
2272,-0.13054562438142084
2273,0.4899962318030394
2274,0.18548648047998703
2275,0.7683527243154094
2276,1.2510851856148957
2277,0.04671040305886576
2278,0.052271432428106945
2279,-0.22915319145054383
2280,0.22185655851870179
2281,-0.20894364135200036
2282,-0.2128660123513204
2283,0.3022572213384632
2284,-0.08592028648826312
2285,-0.04428106496889578
2286,0.35913682601820307
2287,0.12017474913653367
2288,-0.5507556156350227
2289,-0.5963875890386989
2290,0.19502970291272131
2291,0.21280047768772128
2292,0.031111637638668144
2293,-0.13054562438142084
2294,0.4899962318030394
2295,0.18548648047998703
2296,0.7683527243154094
2297,1.2510851856148957
2298,0.04671040305886576
2299,0.052271432428106945
2300,-0.22915319145054383
2301,0.22185655851870179
2302,-0.20894364135200036
2303,-0.2128660123513204
2304,0.3022572213384632
2305,-0.08592028648826312
2306,-0.04428106496889578
2307,0.35913682601820307
2308,0.12017474913653367
2309,-0.5507556156350227
2310,-0.5963875890386989
2311,0.19502970291272131
2312,0.21280047768772128
2313,0.031111637638668144
2314,-0.13054562438142084
2315,0.4899962318030394
2316,0.18548648047998703
2317,0.7683527243154094
2318,1.2510851856148957
2319,0.04671040305886576
2320,0.052271432428106945
2321,-0.22915319145054383
2322,0.22185655851870179
2323,-0.20894364135200036
2324,-0.2128660123513204
2325,0.3022572213384632
2326,-0.08592028648826312
2327,-0.04428106496889578
2328,0.35913682601820307
2329,0.12017474913653367
2330,-0.5507556156350227
2331,-0.5963875890386989
2332,0.19502970291272131
2333,0.21280047768772128
2334,0.031111637638668144
2335,-0.13054562438142084
2336,0.4899962318030394
2337,0.18548648047998703
2338,0.7683527243154094
2339,1.2510851856148957
2340,0.04671040305886576
2341,0.052271432428106945
2342,-0.22915319145054383
2343,0.22185655851870179
2344,-0.20894364135200036
2345,-0.2128660123513204
2346,0.3022572213384632
2347,-0.08592028648826312
2348,-0.04428106496889578
2349,0.35913682601820307
2350,0.12017474913653367
2351,-0.5507556156350227
2352,-0.5963875890386989
2353,0.19502970291272131
2354,0.21280047768772128
2355,0.031111637638668144
2356,-0.13054562438142084
2357,0.4899962318030394
2358,0.18548648047998703
2359,0.7683527243154094
2360,1.2510851856148957
2361,0.04671040305886576
2362,0.052271432428106945
2363,-0.22915319145054383
2364,0.22185655851870179
2365,-0.20894364135200036
2366,-0.2128660123513204
2367,0.3022572213384632
2368,-0.08592028648826312
2369,-0.04428106496889578
2370,0.35913682601820307
2371,0.12017474913653367
2372,-0.5507556156350227
2373,-0.5963875890386989
2374,0.19502970291272131
2375,0.21280047768772128
2376,0.031111637638668144
2377,-0.13054562438142084
2378,0.4899962318030394
2379,0.18548648047998703
2380,0.7683527243154094
2381,1.2510851856148957
2382,0.04671040305886576
2383,0.052271432428106945
2384,-0.22915319145054383
2385,0.22185655851870179
2503,-0.6961498476948602
2504,-1.0889790109634199
2505,-0.4827223266539325
2506,-0.8467446828690812
2507,-0.6916865790790208
2508,-0.4859321179585786
2509,-0.24049446042290296
2555,0.4833000949850986
2556,0.4833000949850986
2571,-1.8286689198286439
2732,-0.7134771085333609
2787,-0.5632291862497552
2788,-0.5632291862497552
2789,-0.5632291862497552
2790,-0.5632291862497552
2791,-0.5632291862497552
2792,-0.5632291862497552
2793,-0.5632291862497552
2794,-0.5632291862497552
2795,-0.5632291862497552
2796,-0.5632291862497552
2797,-0.5632291862497552
2798,-0.5632291862497552
2799,0.26167113843494616
2800,0.26167113843494616
2801,0.26167113843494616
2802,0.26167113843494616
2803,0.26167113843494616
2804,0.26167113843494616
2805,0.26167113843494616
2806,0.26167113843494616
2807,0.26167113843494616
2808,0.26167113843494616
2809,0.3915868925278815
2810,0.3915868925278815
2811,0.3915868925278815
2812,0.3915868925278815
2813,0.3915868925278815
2814,0.3915868925278815
2815,0.3915868925278815
2816,0.3915868925278815
2817,0.3915868925278815
2818,0.3915868925278815
2819,0.3915868925278815
2820,0.3915868925278815
2821,0.3915868925278815
2822,0.3915868925278815
2823,0.3915868925278815
2824,0.3915868925278815
2825,0.3915868925278815
2826,0.3915868925278815
2827,0.3915868925278815
2828,0.3915868925278815
2829,0.3915868925278815
2830,0.3915868925278815
2831,0.29777410998301856
2832,0.29777410998301856
2833,0.29777410998301856
2834,0.29777410998301856
2835,0.29777410998301856
2836,0.29777410998301856
2837,0.29777410998301856
2838,0.29777410998301856
2839,0.29777410998301856
2964,-1.3736653091108753
2970,-1.2700810827524915
2976,-0.9610260269744084
2979,-1.0133380491204942
2982,-1.189137576470939
2984,-0.5238081907147352
2985,-0.5238081907147352
2992,-0.03098991168125889
2993,-0.03098991168125889
2994,-0.03098991168125889
2995,-0.03098991168125889
2996,-0.03098991168125889
3042,-0.07686280765525695
3182,0.8878763364793307
3186,1.5891371846765356
3187,0.995906220140881
3210,1.3207814678294978
3215,0.2549194232492121
3216,0.9670219943457552
3226,1.0471932045898982
3252,1.073905117618351
3253,1.0709416641582197
3254,1.1694542221977113
3274,1.2795148856649003
3275,1.306610404833907
3283,1.3959065189357183
3285,1.4005533282898712
3290,1.1643110169772963
3302,0.7242361973944376
3304,1.2470232779533514
3334,1.1140088291806722
3335,1.3981008713853
3368,0.2748697221961018
3405,-0.5374095599619594
3407,-0.5374095599619594
3413,-1.2156935016910573
3415,-1.2156935016910573
3466,-1.1255590702664313
3467,-1.1255590702664313
3468,-1.1255590702664313
3469,-1.1255590702664313
3470,-1.1255590702664313
3471,-1.1255590702664313
3490,0.9372592171945406
3491,0.9372592171945406
3492,0.9372592171945406
3493,0.9372592171945406
3494,0.9372592171945406
3495,0.9372592171945406
3496,0.9372592171945406
3497,0.9372592171945406
3498,0.9372592171945406
3499,0.9372592171945406
3500,0.9372592171945406
3632,-0.3144810225274069
3637,-0.3144810225274069
3662,-0.2558096188734333
3663,-0.5474752840047823
3664,-0.27032989026085064
3665,-0.1266631027646965
3666,-0.8391449349378082
3667,0.07608734552442069
3668,0.10699348735152989
3669,-0.6839853428048579
3670,-0.15000384604876427
3671,-0.14341414644704054
3672,-0.8898763611895413
3673,-0.09330156206037893
3674,0.04933021685613622
3675,-0.686093024366722
3676,0.15551336537963595
3677,0.3821437411934756
3678,-0.1751441889868512
3679,-0.35293270336610294
3680,-0.162909800569891
3681,0.988556295629249
3682,0.3587818752240983
3683,0.402156316861065
3684,0.6058040669881901
3685,0.47724095592457966
3686,0.9911726842478958
3687,0.5141176292208972
3688,0.46863130390261315
3689,0.1270928259080024
3690,0.7702466397082641
3691,-0.08053811467918527
3692,0.78833536092352
3723,-1.046512268825533
3724,0.4813762075979606
3725,-0.6906571386931977
3726,-0.14450143789490036
3727,-1.046512268825533
3728,0.4813762075979606
3729,-0.6906571386931977
3730,-0.14450143789490036
3731,-1.046512268825533
3732,0.4813762075979606
3733,-0.6906571386931977
3734,-0.14450143789490036
3791,-0.08322989048183738
3792,-0.24112658911724413
3793,0.87059245530719
3794,0.5344162119503324
3795,0.2752352140965022
3796,-0.08322989048183738
3797,-0.24112658911724413
3798,0.87059245530719
3799,0.5344162119503324
3800,0.2752352140965022
3801,-0.08322989048183738
3802,-0.24112658911724413
3803,0.87059245530719
3804,0.5344162119503324
3805,0.2752352140965022
3859,0.4595780173640359
3860,1.0032495393401346
3861,0.40384277520512624
3862,0.9830803914371731
3867,0.4595780173640359
3868,1.0032495393401346
3869,0.40384277520512624
3870,0.9830803914371731
3876,0.04383456227633303
3877,0.011574227342630722
3878,0.8067284985505195
3879,0.61541919356174
3880,0.062005279326471985
3922,-0.7346400395693458
3923,-0.7346400395693458
3924,-0.7346400395693458
3925,-0.7346400395693458
3926,-0.7346400395693458
3927,-0.7346400395693458
3928,-0.7346400395693458
3929,-0.7346400395693458
3930,-0.723354089937813
3931,-0.723354089937813
3932,-0.723354089937813
3933,-0.723354089937813
3934,-0.723354089937813
3935,-0.723354089937813
3936,-0.723354089937813
3937,-0.723354089937813
3977,0.5827110396619699
3978,0.5827110396619699
3979,0.5827110396619699
3980,0.5827110396619699
3981,0.5827110396619699
3982,0.5827110396619699
3983,0.5827110396619699
3985,0.3620887695020516
3986,0.3620887695020516
3987,0.3620887695020516
3988,0.3620887695020516
3989,0.3620887695020516
3990,0.3620887695020516
3991,0.3620887695020516
3993,0.6427982844099065
3994,0.6427982844099065
3995,0.6427982844099065
3996,0.6427982844099065
3997,0.6427982844099065
3998,0.6427982844099065
3999,0.6427982844099065
4001,0.7107257918835648
4002,0.7107257918835648
4003,0.7107257918835648
4004,0.7107257918835648
4005,0.7107257918835648
4006,0.7107257918835648
4007,0.7107257918835648
4031,-0.07348931796398678
4032,0.6875020999411763
4037,-0.07348931796398678
4038,0.6875020999411763
4138,-0.7023340697086384
4139,-0.621780973035921
4140,-0.5933977342037073
4141,-0.7075679976013108
4142,-0.8680954632917931
4143,0.18702338720219552
4144,-0.527054071617546
4145,-0.42649888439986905
4146,-0.03817376306333981
4183,-0.11859281763968257
4184,-0.11859281763968257
4185,-0.11859281763968257
4186,-0.11859281763968257
4187,-0.11859281763968257
4188,-0.11859281763968257
4189,-0.11859281763968257
4190,-0.11859281763968257
4191,-0.11859281763968257
4192,-0.11859281763968257
4193,-0.004868924777823712
4194,-0.004868924777823712
4195,-0.004868924777823712
4196,-0.004868924777823712
4197,-0.004868924777823712
4198,-0.004868924777823712
4199,-0.004868924777823712
4200,-0.004868924777823712
4201,-0.004868924777823712
4202,-0.004868924777823712
4203,0.05417314984777166
4204,0.05417314984777166
4205,0.05417314984777166
4206,0.05417314984777166
4207,0.05417314984777166
4208,0.05417314984777166
4209,0.05417314984777166
4210,0.05417314984777166
4211,0.05417314984777166
4212,0.05417314984777166
4213,-0.13015532095110005
4214,-0.13015532095110005
4215,-0.13015532095110005
4216,-0.13015532095110005
4217,-0.13015532095110005
4218,-0.13015532095110005
4219,-0.13015532095110005
4220,-0.13015532095110005
4221,-0.13015532095110005
4222,-0.13015532095110005
4223,-0.28997516254511724
4224,-0.28997516254511724
4225,-0.28997516254511724
4226,-0.28997516254511724
4227,-0.28997516254511724
4228,-0.28997516254511724
4229,-0.28997516254511724
4230,-0.28997516254511724
4231,-0.28997516254511724
4232,-0.28997516254511724
4233,-0.11859281763968257
4234,-0.004868924777823712
4235,0.05417314984777166
4236,-0.13015532095110005
4237,-0.28997516254511724
4238,-0.11859281763968257
4239,-0.004868924777823712
4240,0.05417314984777166
4241,-0.13015532095110005
4242,-0.28997516254511724
4355,0.5469788233319619
4356,0.5469788233319619
4358,0.5469788233319619
4359,0.5469788233319619
4368,0.5020855439128609
4374,-0.97998192236513
4375,-0.97998192236513
4376,-0.97998192236513
4377,-0.97998192236513
4378,-0.97998192236513
4379,-0.97998192236513
4380,-0.97998192236513
4381,-0.97998192236513
4382,-0.97998192236513
4383,-0.97998192236513
4384,-0.97998192236513
4385,-0.97998192236513
4431,-0.9205504430941533
4432,-1.1103273334481583
4433,-0.8771714999706441
4434,-0.3062741093035183
4435,-1.1172043240563365
4436,-0.8792920108960336
4444,-0.6098300036872191
4445,-0.6098300036872191
4447,-0.6098300036872191
4448,-0.6098300036872191
4598,-0.7671581695372592
4599,-0.8805797706700909
4600,-0.8623610750026629
4601,-0.8290065837508149
4602,-0.8520205732576014
4603,-0.9629406343523383
4604,-0.7406970055170992
4605,-0.919905116901168
4606,-0.877031427039505
4607,-0.7722282032832403
4625,-0.9945901233776915
4639,-1.8124467696706419
4647,-1.8124467696706419
4648,-1.3518675524588868
4649,-1.009147378852452
4650,-1.009147378852452
4651,-1.009147378852452
4652,-1.009147378852452
4653,-1.009591118008814
4654,-1.009591118008814
4655,-1.009591118008814
4656,-1.009591118008814
4657,-1.024174153892631
4658,-1.024174153892631
4659,-1.024174153892631
4660,-1.024174153892631
4661,-1.6898077738461494
4684,-0.4603737638589547
4685,-0.3172611147572942
4694,0.1575094498877897
4695,0.1575094498877897
4696,0.1575094498877897
4697,0.1575094498877897
4698,0.1575094498877897
4699,0.1575094498877897
4700,0.1575094498877897
4701,0.3036100461376333
4702,0.3036100461376333
4703,0.3036100461376333
4704,0.3036100461376333
4705,0.3036100461376333
4706,0.3036100461376333
4707,0.3036100461376333
4708,-0.29794266361762817
4709,1.0144154424934615
4716,1.0144154424934615
4717,1.0144154424934615
4718,1.0144154424934615
4719,1.0144154424934615
4720,1.0144154424934615
4721,1.0144154424934615
4722,1.0144154424934615
4723,1.0144154424934615
4724,1.0144154424934615
4727,-2.0239983338013836
4730,-0.8836304799030967
4777,-0.18902216701401342
4813,-0.9775599931646616
4814,-0.9775599931646616
4815,-0.9775599931646616
4816,-0.9775599931646616
4817,-0.9775599931646616
4820,-0.305665666114573
4821,-0.305665666114573
4822,-0.305665666114573
4823,-0.305665666114573
4824,-0.305665666114573
4827,0.17159347264586466
4828,0.17159347264586466
4829,0.17159347264586466
4830,0.17159347264586466
4831,0.17159347264586466
4834,-0.3172922779664568
4835,-0.3172922779664568
4836,-0.3172922779664568
4837,-0.3172922779664568
4838,-0.3172922779664568
4841,-0.03867955677373969
4842,-0.03867955677373969
4843,-0.03867955677373969
4844,-0.03867955677373969
4845,-0.03867955677373969
4848,-0.029931126059477314
4849,-0.029931126059477314
4850,-0.029931126059477314
4851,-0.029931126059477314
4852,-0.029931126059477314
4879,-0.6539896510751602
4880,-0.6539896510751602
4882,-0.6539896510751602
4883,-0.6539896510751602
4884,-0.6539896510751602
4887,-0.6539896510751602
4888,-0.6539896510751602
4890,-0.03536837332624343
4958,-0.8109634501547615
4959,-0.9999396796209054
4960,-0.9999396796209054
4961,-0.9999396796209054
4962,-0.9999396796209054
4963,-0.9999396796209054
4964,-0.9999396796209054
4965,-0.9999396796209054
4966,-0.9999396796209054
4967,-0.9999396796209054
4968,-0.9999396796209054
4969,-0.9999396796209054
4970,-0.9999396796209054
4971,-0.9999396796209054
4972,-0.9999396796209054
4973,-0.4899608651552716
4975,-0.4899608651552716
4976,-0.4899608651552716
4977,-0.4899608651552716
4980,-0.4899608651552716
4982,-0.4899608651552716
4996,-0.007632554631094246
4997,0.16070477370739034
4998,0.15425958695299335
4999,-0.5205066880229444
5000,-1.233976583287436
5001,-0.007632554631094246
5002,0.16070477370739034
5003,0.15425958695299335
5004,-0.5205066880229444
5005,-1.233976583287436
5040,-0.11220874190629637
5043,-0.11220874190629637
5046,-0.11220874190629637
5074,-0.21777365505599428
5143,-0.34005195883227096
5211,-0.17161172143053988
5280,-0.8847597173748916
5281,-0.8847597173748916
5282,-0.8847597173748916
5283,-0.8847597173748916
5284,-0.8847597173748916
5285,-0.8847597173748916
5286,-0.8847597173748916
5287,-0.8847597173748916
5288,-0.8847597173748916
5289,-0.8847597173748916
5290,-0.8847597173748916
5291,-0.8847597173748916
5292,-0.8847597173748916
5293,-0.8847597173748916
5294,-0.8847597173748916
5358,-0.6552584687541546
5359,-0.6552584687541546
5360,-0.6552584687541546
5361,-0.6552584687541546
5362,-0.6552584687541546
5363,-0.6552584687541546
5364,-0.6552584687541546
5365,-0.6552584687541546
5366,-0.6552584687541546
5367,-0.6552584687541546
5368,-1.3018192468475287
5369,-1.3018192468475287
5370,-1.3018192468475287
5371,-1.3018192468475287
5372,-1.3018192468475287
5373,-1.3018192468475287
5449,-0.7125972605624631
5450,-0.7125972605624631
5451,-0.7125972605624631
5452,-0.7125972605624631
5453,-0.7125972605624631
5454,-0.7125972605624631
5455,-0.7125972605624631
5456,-0.7125972605624631
5457,-0.7125972605624631
5458,-0.7125972605624631
5459,-0.7125972605624631
5460,-0.7125972605624631
5461,-0.7125972605624631
5462,-0.7125972605624631
5463,-0.20751083348573018
5464,-0.20751083348573018
5465,-0.20751083348573018
5466,-0.20751083348573018
5467,-0.20751083348573018
5468,-0.20751083348573018
5469,-0.20751083348573018
5470,-0.20751083348573018
5471,-0.20751083348573018
5472,-0.20751083348573018
5473,-0.20751083348573018
5474,-0.20751083348573018
5475,-0.20751083348573018
5476,-0.20751083348573018
5515,-2.009094528390949
5577,-0.516152049330387
5578,-0.516152049330387
5579,-0.516152049330387
5599,0.5616223100608106
5600,0.42758872702133016
5601,0.3566681454313867
5602,0.632200695515764
5603,0.4722004402893941
5604,0.3887091064602188
5605,0.5328725987649765
5606,0.5168512213732901
5607,0.47437119803884276
5608,0.39495403133595686
5609,0.5616223100608106
5610,0.42758872702133016
5611,0.3566681454313867
5612,0.632200695515764
5613,0.4722004402893941
5614,0.3887091064602188
5615,0.5328725987649765
5616,0.5168512213732901
5617,0.47437119803884276
5618,0.39495403133595686
5619,0.5616223100608106
5620,0.42758872702133016
5621,0.3566681454313867
5622,0.632200695515764
5623,0.4722004402893941
5624,0.3887091064602188
5625,0.5328725987649765
5626,0.5168512213732901
5627,0.47437119803884276
5628,0.39495403133595686
5629,0.5616223100608106
5630,0.42758872702133016
5631,0.3566681454313867
5632,0.632200695515764
5633,0.4722004402893941
5634,0.3887091064602188
5635,0.5328725987649765
5636,0.5168512213732901
5637,0.47437119803884276
5638,0.39495403133595686
5662,0.031746610853909216
5663,-0.9575069300248489
5664,3.524462803863738
5665,3.53389622594668
5672,1.0509867277753941
5673,1.0422661759814853
5678,0.6107490991492712
5682,0.8597467779500918
5684,0.9256298605407203
5685,0.9750962136993634
5686,1.1333893091381968
5687,1.0891686844366326
5689,0.8902241231317496
5691,1.0835090847003903
5693,0.8076340555731296
5694,0.666923375124028
5697,0.49018680498166545
5699,0.617386027791931
5700,1.4054673069253505
5701,0.5847586145978148
5702,0.5618250336407846
5743,-0.8629025386266533
5745,-0.8629025386266533
5746,-0.8629025386266533
5747,-0.8629025386266533
5748,-0.8629025386266533
5749,-0.8629025386266533
5750,-0.8629025386266533
5751,-0.8629025386266533
5752,-0.8629025386266533
5753,-0.8629025386266533
5754,-0.8629025386266533
5756,-0.8629025386266533
5757,-0.8629025386266533
5758,-0.8629025386266533
5759,-0.8629025386266533
5760,-0.8629025386266533
5761,-0.8629025386266533
5762,-0.8629025386266533
5763,-0.8629025386266533
5764,0.21627436235466457
5765,0.21627436235466457
5766,0.21627436235466457
5767,0.21627436235466457
5768,0.21627436235466457
5769,0.21627436235466457
5770,0.21627436235466457
5783,-1.481663371742628
5785,-1.481663371742628
5787,-1.481663371742628
5788,-1.481663371742628
5790,-0.18854366462338235
5792,-0.18854366462338235
5794,-0.18854366462338235
5795,-0.18854366462338235
5797,-0.695653879759889
5799,-0.695653879759889
5801,-0.695653879759889
5803,-0.5169039437410334
5805,-0.5169039437410334
5807,-0.5169039437410334
5857,-1.6450368954051715
5858,-1.6450368954051715
5859,-1.6450368954051715
5860,-1.6450368954051715
5861,-1.6450368954051715
5862,-1.6450368954051715
5863,-1.6450368954051715
5864,-1.6450368954051715
5875,-1.5396733778464988
5876,-1.5396733778464988
5877,-1.5396733778464988
5878,-1.5396733778464988
5879,-1.5396733778464988
5880,-1.5396733778464988
5881,-1.5396733778464988
5882,-1.5396733778464988
5883,-1.5396733778464988
5884,-1.5396733778464988
5892,-0.322935373093735
5893,-0.322935373093735
5894,-0.322935373093735
5895,-0.322935373093735
5896,-0.322935373093735
5897,-0.322935373093735
5911,0.6357936971861569
5933,-0.7377606366806269
5934,-0.7377606366806269
5935,-0.7377606366806269
5936,-0.7377606366806269
5937,-0.7377606366806269
5938,-0.7377606366806269
5939,-0.7377606366806269
5940,-0.7377606366806269
5941,-0.7377606366806269
5942,-0.7377606366806269
5943,-0.7377606366806269
5944,-0.7377606366806269
5945,-0.7377606366806269
5946,0.5286399735460724
5947,0.5286399735460724
5948,0.5286399735460724
5949,0.5286399735460724
5950,0.5286399735460724
5951,0.5286399735460724
5952,0.5286399735460724
5953,0.5286399735460724
5954,0.5286399735460724
5955,0.5286399735460724
5956,0.5286399735460724
5957,0.6018635574457893
5958,0.6018635574457893
5959,0.6018635574457893
5960,0.6018635574457893
5961,0.6018635574457893
5962,0.6018635574457893
5963,0.6018635574457893
5964,0.6018635574457893
5965,0.6018635574457893
5966,0.6018635574457893
5967,0.6018635574457893
5968,0.8358987572318316
5969,0.8358987572318316
5970,0.8358987572318316
5971,0.8358987572318316
5972,0.8358987572318316
5973,0.8358987572318316
5974,0.8358987572318316
5975,0.8358987572318316
5976,0.8358987572318316
5977,0.8358987572318316
5978,0.8358987572318316
6040,0.2252492326254268
6041,0.2252492326254268
6042,0.2252492326254268
6043,0.2252492326254268
6044,0.2252492326254268
6045,0.2252492326254268
6046,1.9433204913434596
6047,1.9433204913434596
6048,1.9433204913434596
6049,1.9433204913434596
6050,1.9433204913434596
6051,1.9433204913434596
6052,1.9433204913434596
6053,1.9433204913434596
6054,1.9433204913434596
6055,1.9433204913434596
6056,1.9433204913434596
6057,1.9433204913434596
6058,1.9433204913434596
6059,1.9433204913434596
6060,1.9433204913434596
6061,1.9433204913434596
6062,1.9433204913434596
6063,1.9433204913434596
6064,1.9433204913434596
6065,1.9433204913434596
6066,1.9433204913434596
6067,1.9433204913434596
6121,0.7077104916266881
6123,0.7458960276751898
6125,0.8457682661981769
6127,0.6072958526745205
6206,0.6259322236778717
6207,0.8319109279602744
6208,0.8144476112640725
6209,1.0087148795968868
6210,0.6259322236778717
6211,0.8319109279602744
6212,0.8144476112640725
6213,1.0087148795968868
6214,0.09076797512525081
6215,0.1778171858215584
6216,0.09076797512525081
6217,0.1778171858215584
6218,0.545168493461512
6219,0.529073395100379
6220,0.20254939540821065
6221,0.5475701004028929
6222,0.545168493461512
6223,0.529073395100379
6224,0.20254939540821065
6225,0.5475701004028929
6226,0.545168493461512
6227,0.529073395100379
6228,0.20254939540821065
6229,0.5475701004028929
6230,0.545168493461512
6231,0.529073395100379
6232,0.20254939540821065
6233,0.5475701004028929
6248,-0.18956644297224656
6249,-0.23563707544396506
6259,-0.6592395673266326
6260,-0.4316898317479768
6261,-0.6592395673266326
6262,-0.4316898317479768
6263,-0.6592395673266326
6264,-0.4316898317479768
6265,-0.6592395673266326
6266,-0.4316898317479768
6267,-0.6592395673266326
6268,-0.4316898317479768
6270,0.19460216809688421
6271,0.23964368079895157
6272,0.5851360392029592
6273,0.3501996760556615
6278,0.0041819622736967155
6279,0.5010145109097172
6280,0.0041819622736967155
6281,0.5010145109097172
6282,-0.21189483423851008
6283,0.04311076437229353
6284,-0.21189483423851008
6285,0.04311076437229353
6286,0.1511369453417962
6287,0.1858343002951333
6288,0.8256689103813485
6289,0.8269525722847113
6290,0.8194110833138559
6291,0.8236772538324023
6292,0.8373421515801284
6293,0.6674698127587481
6294,0.8256689103813485
6295,0.8269525722847113
6296,0.8194110833138559
6297,0.8236772538324023
6298,0.8373421515801284
6299,0.6674698127587481
6306,0.8015162562161995
6307,1.0120400159523788
6308,0.5454559449728816
6309,0.9102026421378664
6310,1.0873227752269194
6311,1.2724682396432059
6312,0.8015162562161995
6313,1.0120400159523788
6314,0.5454559449728816
6315,0.9102026421378664
6316,1.0873227752269194
6317,1.2724682396432059
6318,0.8015162562161995
6319,1.0120400159523788
6320,0.5454559449728816
6321,0.9102026421378664
6351,-0.265643550559129
6352,0.6840788196016335
6353,-0.265643550559129
6354,0.6840788196016335
6355,-0.265643550559129
6356,-0.265643550559129
6357,-0.265643550559129
6358,-0.265643550559129
6359,-0.265643550559129
6360,-0.265643550559129
6361,-0.265643550559129
6362,-0.265643550559129
6363,-0.265643550559129
6364,-0.265643550559129
6365,-0.265643550559129
6366,-0.265643550559129
6367,-0.265643550559129
6368,0.6840788196016335
6369,0.6840788196016335
6370,0.6840788196016335
6371,0.6840788196016335
6372,0.6840788196016335
6373,0.6840788196016335
6374,0.6840788196016335
6375,0.6840788196016335
6376,0.6840788196016335
6377,0.6840788196016335
6378,0.6840788196016335
6379,0.6840788196016335
6380,0.6227872351257562
6381,0.6227872351257562
6382,0.6227872351257562
6383,0.6227872351257562
6384,0.6227872351257562
6385,0.6227872351257562
6401,-0.40220218411568454
6402,-0.40220218411568454
6403,-0.40220218411568454
6404,-0.40220218411568454
6405,-0.40220218411568454
6406,-0.40220218411568454
6407,-0.3985887884969033
6408,-0.3985887884969033
6409,-0.3985887884969033
6410,-0.3985887884969033
6411,-0.3985887884969033
6412,-0.3985887884969033
6416,0.1986713108877334
6417,0.1986713108877334
6418,0.1986713108877334
6419,0.1986713108877334
6421,0.03604130698028821
6422,0.03604130698028821
6423,0.03604130698028821
6424,0.03604130698028821
6426,0.9871221253511825
6427,0.9871221253511825
6428,0.9871221253511825
6429,0.9871221253511825
6430,0.1986713108877334
6431,0.03604130698028821
6432,0.9871221253511825
6440,-1.0314741410327344
6445,-1.1887511303078069
6446,-0.13287253972632715
6447,0.3225449366527789
6448,1.2393683829780062
6459,0.0706288780892872
6460,0.0706288780892872
6461,0.0706288780892872
6462,0.16491314136598006
6463,0.16491314136598006
6464,0.16491314136598006
6465,0.011666069446598551
6466,0.011666069446598551
6467,0.011666069446598551
6468,0.2719934985624812
6469,0.2719934985624812
6470,0.2719934985624812
6476,0.1580711572490086
6477,0.7750770927751837
6478,0.6274865046037962
6479,0.391864505406523
6480,0.4640130351291544
6481,-0.6753552251316162
6482,0.4640130351291544
6483,-0.6753552251316162
6487,-0.37507708395964107
6500,1.079981916601334
6501,0.7697263662358482
6502,1.079981916601334
6503,0.7697263662358482
6504,-0.8475203204725154
6505,0.17682076282314843
6506,0.6697386468767987
6507,0.27830328839204455
6508,-0.2554631318690796
6509,-0.2554631318690796
6510,-0.8475203204725154
6511,0.17682076282314843
6512,0.6697386468767987
6513,0.27830328839204455
6526,0.8461919645890164
6536,0.10734092318246802
6537,0.13263806537933476
6538,0.1005781639776514
6539,0.13332551599585563
6540,0.7762256182515495
6541,0.10608964794699549
6542,0.8000095606343552
6543,0.6731420483061291
6548,0.1427308351230652
6549,0.3773995550604251
6550,0.1427308351230652
6551,0.3773995550604251
6552,0.2861169658609212
6553,-0.22054620067171465
6554,0.48943394555446246
6555,0.2861169658609212
6556,-0.22054620067171465
6557,0.48943394555446246
6558,0.2861169658609212
6559,-0.22054620067171465
6560,0.48943394555446246
6561,0.2861169658609212
6562,-0.22054620067171465
6563,0.48943394555446246
6564,-0.19247873436884605
6565,0.19479297726271738
6566,0.1753283481295726
6567,-0.19247873436884605
6568,0.19479297726271738
6569,0.1753283481295726
6571,-0.5089333946303772
6590,0.5262592488552312
6591,0.5262592488552312
6614,0.12392275241857997
6621,0.4971049440418364
6622,0.4971049440418364
6623,0.4971049440418364
6624,0.4971049440418364
6625,0.5031964717675301
6627,0.5031964717675301
6628,0.5031964717675301
6629,0.5031964717675301
6630,0.5013123935158463
6632,0.5013123935158463
6633,0.5013123935158463
6634,0.5013123935158463
6635,-0.18319104270971884
6636,0.380562207567505
6637,0.829283505197765
6638,1.086368761020659
6639,0.47929855731744764
6640,-0.18319104270971884
6641,0.380562207567505
6642,0.829283505197765
6643,1.086368761020659
6644,0.47929855731744764
6645,-0.18319104270971884
6646,0.380562207567505
6647,0.829283505197765
6648,1.086368761020659
6649,0.47929855731744764
6650,-0.18319104270971884
6651,0.380562207567505
6652,0.829283505197765
6653,1.086368761020659
6654,0.47929855731744764
6655,-0.18319104270971884
6656,0.380562207567505
6657,0.829283505197765
6658,1.086368761020659
6659,0.47929855731744764
6662,-0.5687796256747293
6663,-0.5687796256747293
6664,-0.5687796256747293
6665,-0.5687796256747293
6666,-0.5687796256747293
6667,-0.15721783738535325
6668,-0.15721783738535325
6669,-0.15721783738535325
6670,-0.15721783738535325
6671,-0.15721783738535325
6672,-0.3715836080279066
6673,-0.3715836080279066
6674,-0.3715836080279066
6675,-0.3715836080279066
6676,-0.3715836080279066
6677,0.36167081099209075
6678,0.36167081099209075
6679,0.36167081099209075
6680,0.36167081099209075
6681,0.36167081099209075
6682,-0.5687796256747293
6683,-0.15721783738535325
6684,-0.3715836080279066
6685,0.36167081099209075
6686,-0.5687796256747293
6687,-0.15721783738535325
6688,-0.3715836080279066
6689,0.36167081099209075
6704,0.5143960696739983
6705,0.7503749838627092
6706,0.616758914515598
6707,0.5143960696739983
6708,0.7503749838627092
6709,0.616758914515598
6713,0.5229328636124512
6714,0.5229328636124512
6716,0.5229328636124512
6717,0.5197260139359046
6718,0.5197260139359046
6720,0.5197260139359046
6729,-0.3916830714040115
6731,-0.3916830714040115
6732,-1.075061725681704
6733,-1.075061725681704
6738,0.670127610423365
6739,0.7175329244140307
6740,-0.005536101270243621
6741,0.670127610423365
6742,0.7175329244140307
6743,-0.005536101270243621
6747,0.1441700022959011
6748,0.089781831664271
6749,0.1441700022959011
6750,0.089781831664271
6751,-0.286262522693105
6752,-0.286262522693105
6753,-0.286262522693105
6754,-0.286262522693105
6755,-0.286262522693105
6756,-0.286262522693105
6757,-0.286262522693105
6758,-0.4291932225402125
6759,-0.4291932225402125
6760,-0.4291932225402125
6761,-0.4291932225402125
6762,-0.4291932225402125
6763,-0.4291932225402125
6764,-0.4291932225402125
6765,-0.4652362902725531
6766,-0.4652362902725531
6767,-0.4652362902725531
6768,-0.4652362902725531
6769,-0.4652362902725531
6770,-0.4652362902725531
6771,-0.4652362902725531
6779,0.3238210459908535
6780,0.2517059321402637
6781,0.5121231741872658
6782,-0.3003056695586368
6783,0.5192943001561888
6784,-0.35929611055033917
6785,-0.5161572531444357
6786,-0.18112291183442042
6788,-0.18112291183442042
6789,-0.18112291183442042
6790,0.06138287868864775
6792,0.06138287868864775
6793,0.06138287868864775
6794,-0.18112291183442042
6795,0.06138287868864775
6798,0.1657752390135061
6800,0.1657752390135061
6801,0.1657752390135061
6802,0.1657752390135061
6803,0.1657752390135061
6804,0.06547460078541012
6806,0.06547460078541012
6807,0.06547460078541012
6808,0.06547460078541012
6809,0.06547460078541012
6851,-1.016557860257144
6856,-1.016557860257144
6877,-0.2674206290777345
6878,-0.2674206290777345
6880,-0.2674206290777345
6881,-0.2674206290777345
6882,-0.2674206290777345
6886,-0.03332228089224247
6887,-0.03332228089224247
6888,-0.03332228089224247
6890,-0.03332228089224247
6891,-0.03332228089224247
6893,-0.03332228089224247
6896,0.022590318058903283
6897,0.022590318058903283
6898,0.022590318058903283
6900,0.022590318058903283
6901,0.022590318058903283
6903,0.022590318058903283
6904,0.022590318058903283
6938,-0.33958948966287356
6939,-0.33958948966287356
6940,-0.33958948966287356
6941,-0.33958948966287356
6942,0.8665574144317534
6943,0.8665574144317534
6944,0.8665574144317534
6945,0.8665574144317534
6946,0.4017460753455979
6947,0.4017460753455979
6948,0.4017460753455979
6949,0.4017460753455979
6950,1.0457994668520856
6951,1.0457994668520856
6952,1.0457994668520856
6953,1.0457994668520856
6958,-0.4917062952756144
6959,-0.4519619337759275
6960,-0.0864172021112194
6961,-0.010878703172276294
6962,0.12624397095362483
6963,-0.0864172021112194
6964,-0.010878703172276294
6965,0.12624397095362483
6990,-0.241872210573921
7008,-0.6846757950761888
7009,-0.6846757950761888
7011,0.5116284288668465
7012,0.5116284288668465
7013,-0.6846757950761888
7014,0.5116284288668465
7028,-0.0422310742050723
7029,-0.0422310742050723
7030,-0.0422310742050723
7031,-0.0422310742050723
7032,-0.0422310742050723
7033,-0.0422310742050723
7034,-0.0422310742050723
7035,-0.0422310742050723
7036,-0.0422310742050723
7037,-0.0422310742050723
7038,0.03800292651818182
7039,0.03800292651818182
7040,0.03800292651818182
7041,0.03800292651818182
7042,0.03800292651818182
7043,0.03800292651818182
7045,0.03800292651818182
7046,0.03800292651818182
7047,0.03800292651818182
7048,0.03800292651818182
7050,0.046365308052622706
7051,0.046365308052622706
7052,0.046365308052622706
7053,0.046365308052622706
7054,0.046365308052622706
7055,0.046365308052622706
7056,0.046365308052622706
7058,0.046365308052622706
7059,0.046365308052622706
7060,0.046365308052622706
7061,0.4277821028712395
7062,0.4277821028712395
7063,0.4277821028712395
7064,0.4277821028712395
7065,0.4277821028712395
7066,0.4277821028712395
7067,0.4277821028712395
7069,0.4277821028712395
7070,0.4277821028712395
7071,0.4277821028712395
7072,0.3156293972193029
7073,0.3156293972193029
7074,0.3156293972193029
7075,0.3156293972193029
7076,0.3156293972193029
7077,0.3156293972193029
7078,0.3156293972193029
7079,0.3156293972193029
7081,0.3156293972193029
7082,0.3156293972193029
7103,0.2767238130916769
7104,0.6119923641160548
7105,-0.08059751683937838
7106,0.46098424381482844
7107,0.2767238130916769
7108,0.6119923641160548
7109,-0.08059751683937838
7110,0.46098424381482844
7124,-0.5340463523648955
7133,-0.49291929888350244
7134,0.03889872796033386
7136,-0.8517353114024089
7141,-0.7388118274553923
7144,-0.1352501703755819
7280,0.25006720855575465
7289,0.4936432640384849
7290,0.4936432640384849
7291,0.4936432640384849
7292,0.4936432640384849
7293,0.4936432640384849
7294,0.4936432640384849
7295,0.4936432640384849
7296,0.4936432640384849
7297,0.4936432640384849
7298,0.4936432640384849
7321,0.26785937059063014
7322,0.26785937059063014
7345,-0.32228336772179006
7346,-0.32228336772179006
7347,-0.32228336772179006
7348,-0.32228336772179006
7349,-0.32228336772179006
7350,-0.32228336772179006
7351,-0.32228336772179006
7352,-0.32228336772179006
7353,-0.32228336772179006
7354,-0.32228336772179006
7355,-0.32228336772179006
7356,-0.32228336772179006
7357,-0.32228336772179006
7358,-0.32228336772179006
7359,-0.42195438202794183
7360,-0.42195438202794183
7361,-0.42195438202794183
7362,-0.42195438202794183
7363,-0.42195438202794183
7364,-0.42195438202794183
7365,-0.42195438202794183
7366,-0.42195438202794183
7367,-0.42195438202794183
7368,-0.42195438202794183
7369,-0.42195438202794183
7370,-0.42195438202794183
7371,-0.42195438202794183
7372,-0.42195438202794183
7373,-0.4267035900854279
7374,-0.4267035900854279
7375,-0.4267035900854279
7376,-0.4267035900854279
7377,-0.4267035900854279
7378,-0.4267035900854279
7379,-0.4267035900854279
7380,-0.4267035900854279
7381,-0.4267035900854279
7382,-0.4267035900854279
7383,-0.4267035900854279
7384,-0.4267035900854279
7385,-0.4267035900854279
7386,-0.4267035900854279
7387,-0.4859098772720262
7388,-0.4859098772720262
7389,-0.4859098772720262
7390,-0.4859098772720262
7391,-0.4859098772720262
7392,-0.4859098772720262
7393,-0.4859098772720262
7394,-0.4859098772720262
7395,-0.4859098772720262
7396,-0.4859098772720262
7397,-0.4859098772720262
7398,-0.4859098772720262
7399,-0.4859098772720262
7400,-0.4859098772720262
7467,1.429502850433505
7468,1.429502850433505
7530,0.4292666634000976
7531,0.4292666634000976
7535,-0.07756737411122688
7537,0.14149269883441556
7538,0.14149269883441556
7542,-0.06116875589657339
7543,-0.06116875589657339
7544,-0.06116875589657339
7546,-0.4767803191057308
7548,-0.5759857564150758
7551,-0.02030757616781037
7552,-0.02030757616781037
7553,-0.02030757616781037
7555,-0.4643913472507919
7557,-0.591557951205866
7559,-0.13357658656737428
7560,-0.13357658656737428
7561,-0.13357658656737428
7563,-0.5560371052626673
7566,0.03897594347287836
7567,0.03897594347287836
7569,1.0319607719000907
7570,1.1617172741343695
7571,0.9943687850066335
7572,1.0964788557066314
7573,1.0562129967709484
7574,1.1905263609466712
7575,1.2039808967672443
7576,1.1926228657932587
7577,1.0319607719000907
7578,1.1617172741343695
7579,0.9943687850066335
7580,1.0964788557066314
7581,1.0562129967709484
7582,1.1905263609466712
7583,1.2039808967672443
7584,1.1926228657932587
7629,-0.6317119081807135
7631,0.1624138582810547
7632,0.31963799179109836
7636,0.41036291694319893
7652,-0.7637019022581287
7653,0.11753636358192449
7654,0.11753636358192449
7679,0.37441314182414687
7685,0.4699973029144083
7764,-0.8751061829711815
7765,-0.01143633704826344
7766,-0.3298067450856297
7767,-0.024834274118233995
7768,-1.0502868149750313
7769,-0.08190101072014289
7770,-0.7594297894848325
7771,-0.2655595754499958
7772,-0.8723400599705471
7773,-1.056051550765555
7774,-0.05971162737824501
7775,-0.11329598793716883
7776,0.2010217588011428
7777,-0.480122960602173
7778,0.19222633650087903
7779,0.07147677075642818
7780,-0.8751061829711815
7781,-0.01143633704826344
7782,-0.3298067450856297
7783,-0.024834274118233995
7784,-1.0502868149750313
7785,-0.08190101072014289
7786,-0.7594297894848325
7787,-0.2655595754499958
7788,-0.8723400599705471
7789,-1.056051550765555
7790,-0.05971162737824501
7791,-0.11329598793716883
7792,0.2010217588011428
7793,-0.480122960602173
7794,0.19222633650087903
7795,0.07147677075642818
7813,-0.01143633704826344
7814,-0.3298067450856297
7815,-0.024834274118233995
7816,-1.0502868149750313
7817,-0.08190101072014289
7818,-0.7594297894848325
7819,-0.2655595754499958
7820,-0.8723400599705471
7821,-1.056051550765555
7822,-0.05971162737824501
7823,-0.11329598793716883
7824,0.2010217588011428
7825,-0.480122960602173
7826,0.19222633650087903
7827,0.07147677075642818
7828,-0.8751061829711815
7829,-0.01143633704826344
7830,-0.3298067450856297
7831,-0.024834274118233995
7832,-1.0502868149750313
7833,-0.08190101072014289
7834,-0.7594297894848325
7835,-0.2655595754499958
7836,-0.8723400599705471
7837,-1.056051550765555
7838,-0.05971162737824501
7839,-0.11329598793716883
7840,0.2010217588011428
7841,-0.480122960602173
7842,0.19222633650087903
7843,0.07147677075642818
7856,0.4278047270718752
7861,0.4177412249425582
7863,0.4177412249425582
7864,0.4177412249425582
7865,0.4177412249425582
7889,0.11963313895243632
7894,0.11963313895243632
7895,0.11963313895243632
7896,0.11963313895243632
7897,0.11963313895243632
7898,-1.320420210906477
7903,-1.320420210906477
7904,-1.320420210906477
7905,-1.320420210906477
7906,-1.320420210906477
7907,0.11963313895243632
7908,-1.320420210906477
7928,-0.21833858111246512
7937,0.5527628631633212
7938,0.5401356192833331
7939,0.7429254032809857
7940,0.5819565495938646
7941,-0.21833858111246512
7942,0.6275748952152393
7943,0.2741165852391255
8143,-0.8860342777701292
8153,-0.5329206676806941
8154,-0.43564021531958796
8155,-0.5329206676806941
8156,-0.43564021531958796
8157,-0.5329206676806941
8158,-0.43564021531958796
8159,-0.5329206676806941
8160,-0.43564021531958796
8165,-1.2012217981551907
8166,-0.8324916873723488
8167,0.5401593143273953
8168,0.4882069250003356
8169,-1.2012217981551907
8170,-0.8324916873723488
8171,0.5401593143273953
8172,0.4882069250003356
8173,-0.39652828191959544
8174,-0.39652828191959544
8175,-0.39652828191959544
8177,-0.39652828191959544
8178,-0.39652828191959544
8179,-0.5525760084852767
8180,-0.5525760084852767
8181,-0.5525760084852767
8183,-0.5525760084852767
8184,-0.5525760084852767
8185,0.539214232066434
8186,0.539214232066434
8187,0.539214232066434
8189,0.539214232066434
8190,0.539214232066434
8242,-0.8326384543374666
8243,-0.8326384543374666
8244,-0.8326384543374666
8245,-0.8326384543374666
8246,-0.8326384543374666
8247,-0.8326384543374666
8248,-0.8326384543374666
8249,-0.8326384543374666
8250,-0.8326384543374666
8251,-0.8326384543374666
8283,-0.38463263125404057
8284,-0.38463263125404057
8290,-0.10600646700221711
8291,-0.10600646700221711
8292,-0.10600646700221711
8294,-0.10600646700221711
8295,-0.16634572777440226
8296,-0.16634572777440226
8297,-0.16634572777440226
8299,-0.16634572777440226
8300,-0.2717082972041569
8301,-0.2717082972041569
8302,-0.2717082972041569
8304,-0.2717082972041569
8305,-0.3902800098760128
8306,-0.3902800098760128
8307,-0.3902800098760128
8309,-0.3902800098760128
8310,-0.212569870385332
8311,-0.212569870385332
8312,-0.212569870385332
8314,-0.212569870385332
8315,-0.10012260998068936
8316,-0.10012260998068936
8317,-0.10012260998068936
8319,-0.10012260998068936
8320,-1.2972991259941176
8321,-1.2972991259941176
8322,-1.2972991259941176
8324,-1.2972991259941176
8325,-0.44565104897540997
8326,-0.44565104897540997
8327,-0.44565104897540997
8329,-0.44565104897540997
8330,-1.800274410162491
8331,-1.800274410162491
8332,-1.800274410162491
8334,-1.800274410162491
8335,-0.1979368851077217
8336,-0.1979368851077217
8337,-0.1979368851077217
8339,-0.1979368851077217
8417,-0.6999214546057914
8418,-0.059524042778495656
8419,-0.3312802120388576
8420,0.08710969983123036
8421,-0.6999214546057914
8422,-0.059524042778495656
8423,-0.3312802120388576
8424,0.08710969983123036
8426,0.11060285158405725
8427,0.11060285158405725
8428,0.11060285158405725
8430,0.11060285158405725
8431,0.11060285158405725
8432,0.11060285158405725
8435,0.5958176873205144
8436,0.5958176873205144
8437,0.5958176873205144
8439,0.5958176873205144
8440,0.5958176873205144
8441,0.5958176873205144
8444,0.36469773963523117
8445,0.36469773963523117
8446,0.36469773963523117
8448,0.36469773963523117
8449,0.36469773963523117
8450,0.36469773963523117
8453,0.5954902881677067
8454,0.5954902881677067
8455,0.5954902881677067
8457,0.5954902881677067
8458,0.5954902881677067
8459,0.5954902881677067
8463,-1.388153478901617
8464,-1.388153478901617
8468,-1.3142724982685694
8469,-1.3142724982685694
8473,-0.37868107906308757
8474,-0.37868107906308757
8557,0.9214236681171982
8558,0.9214236681171982
8559,0.9214236681171982
8560,0.9214236681171982
8561,0.9214236681171982
8562,0.9214236681171982
8580,0.48924084014140945
8581,-0.8923645162924649
8582,-0.8923645162924649
8585,-0.1808490251713754
8586,-0.1808490251713754
8587,-0.1808490251713754
8591,-0.7663944472579456
8592,-0.7663944472579456
8596,-0.40149609130650504
8597,-0.40149609130650504
8598,-0.006191363580960396
8599,-0.1490837816341803
8600,-0.30713495360812393
8601,0.25443662584073956
8603,-1.0519573111755172
8605,-1.3578346867839404
8607,-1.229699195571809
8618,0.03746791625462187
8619,0.0864375767345727
8620,0.5310450845884168
8621,0.36520079359789626
8622,0.4367379466364527
8623,-0.5055863849137717
8630,0.03746791625462187
8631,0.03746791625462187
8632,0.03746791625462187
8633,0.03746791625462187
8634,0.03746791625462187
8635,0.03746791625462187
8636,0.03746791625462187
8637,0.03746791625462187
8638,0.03746791625462187
8639,0.03746791625462187
8640,0.0864375767345727
8641,0.0864375767345727
8642,0.0864375767345727
8643,0.0864375767345727
8644,0.0864375767345727
8645,0.0864375767345727
8646,0.0864375767345727
8647,0.0864375767345727
8648,0.0864375767345727
8649,0.0864375767345727
8650,0.5310450845884168
8651,0.5310450845884168
8652,0.5310450845884168
8653,0.5310450845884168
8654,0.5310450845884168
8655,0.5310450845884168
8656,0.5310450845884168
8657,0.5310450845884168
8658,0.5310450845884168
8659,0.5310450845884168
8660,0.36520079359789626
8661,0.36520079359789626
8662,0.36520079359789626
8663,0.36520079359789626
8664,0.36520079359789626
8665,0.36520079359789626
8666,0.36520079359789626
8667,0.36520079359789626
8668,0.36520079359789626
8669,0.36520079359789626
8670,0.4367379466364527
8671,0.4367379466364527
8672,0.4367379466364527
8673,0.4367379466364527
8674,0.4367379466364527
8675,0.4367379466364527
8676,0.4367379466364527
8677,0.4367379466364527
8678,0.4367379466364527
8679,0.4367379466364527
8680,-0.5055863849137717
8681,-0.5055863849137717
8682,-0.5055863849137717
8683,-0.5055863849137717
8684,-0.5055863849137717
8685,-0.5055863849137717
8686,-0.5055863849137717
8687,-0.5055863849137717
8688,-0.5055863849137717
8689,-0.5055863849137717
8690,-0.9148846576139305
8691,-0.9148846576139305
8692,-0.9148846576139305
8716,-0.40954870313353464
8717,-0.40954870313353464
8718,-0.40954870313353464
8719,-0.40954870313353464
8720,-0.40954870313353464
8721,-0.40954870313353464
8722,-0.40954870313353464
8723,-0.40954870313353464
8724,-0.40954870313353464
8725,-0.40954870313353464
8726,-0.40954870313353464
8727,-0.40954870313353464
8728,-0.40954870313353464
8729,-0.40954870313353464
8730,-0.40954870313353464
8731,-0.40954870313353464
8732,-0.40954870313353464
8733,-0.40954870313353464
8734,-0.40954870313353464
8735,-0.363657076413115
8736,-0.363657076413115
8737,-0.363657076413115
8738,-0.363657076413115
8739,-0.363657076413115
8740,-0.363657076413115
8741,-0.363657076413115
8742,-0.363657076413115
8743,-0.363657076413115
8744,-0.363657076413115
8745,-0.363657076413115
8746,-0.363657076413115
8747,-0.363657076413115
8748,-0.363657076413115
8749,-0.363657076413115
8750,-0.363657076413115
8751,-0.363657076413115
8752,-0.363657076413115
8829,0.20274949486609314
8830,0.20274949486609314
8831,0.20274949486609314
8832,0.20274949486609314
8833,0.20274949486609314
8834,0.20274949486609314
8835,0.20274949486609314
8836,0.20274949486609314
8837,0.20274949486609314
8838,-0.25881400115257824
8839,-0.25881400115257824
8840,-0.25881400115257824
8841,-0.25881400115257824
8842,-0.25881400115257824
8843,-0.25881400115257824
8844,-0.25881400115257824
8845,-0.25881400115257824
8846,0.1866719695540049
8847,0.1866719695540049
8848,0.1866719695540049
8849,0.1866719695540049
8850,0.1866719695540049
8851,0.1866719695540049
8852,0.1866719695540049
8853,0.1866719695540049
8854,0.1866719695540049
8855,-0.1558356199740193
8856,-0.1558356199740193
8857,-0.1558356199740193
8858,-0.1558356199740193
8859,-0.1558356199740193
8860,-0.1558356199740193
8861,-0.1558356199740193
8862,-0.1558356199740193
8863,-0.1558356199740193
8864,-1.0932860988228095
8865,-1.0932860988228095
8866,-1.0932860988228095
8867,-1.0932860988228095
8868,-1.0932860988228095
8869,-1.0932860988228095
8870,-0.3151132214145559
8871,-0.3151132214145559
8872,-0.3151132214145559
8873,-0.3151132214145559
8874,-0.3151132214145559
8875,-0.3151132214145559
8876,-0.3151132214145559
8877,-0.3151132214145559
8878,-0.3151132214145559
8879,-0.7081816901702718
8880,-0.7081816901702718
8881,-0.7081816901702718
8882,-0.7081816901702718
8883,-0.7081816901702718
8884,0.2319457106738952
8885,0.2319457106738952
8886,0.2319457106738952
8887,0.2319457106738952
8888,0.2319457106738952
8889,0.2319457106738952
8890,0.2319457106738952
8891,0.2319457106738952
8892,0.2319457106738952
8893,0.2452653708189756
8894,0.2452653708189756
8895,0.2452653708189756
8896,0.2452653708189756
8897,0.2452653708189756
8898,0.2452653708189756
8899,0.2452653708189756
8900,0.2452653708189756
8901,0.2452653708189756
8902,0.2452653708189756
8903,-1.0197893627659083
8904,-1.0197893627659083
8905,-1.0197893627659083
8906,-1.0197893627659083
8907,-1.0197893627659083
8915,-0.020395127928861
8916,-0.020395127928861
8917,-0.020395127928861
8918,-0.020395127928861
8919,-0.020395127928861
8920,-0.020395127928861
8921,-0.020395127928861
8922,-0.020395127928861
8923,-0.020395127928861
8924,-0.020395127928861
8925,-1.481663371742628
8926,-1.481663371742628
8927,-1.481663371742628
8928,-1.481663371742628
8929,-1.481663371742628
8930,-1.481663371742628
8931,-1.481663371742628
8932,-1.481663371742628
8933,-1.481663371742628
8934,-1.481663371742628
8935,-0.6161290500322847
8936,-0.6161290500322847
8937,-0.6161290500322847
8938,-0.6161290500322847
8939,-0.6161290500322847
8940,-0.6161290500322847
8941,-0.6161290500322847
8942,-0.6161290500322847
8943,-0.6161290500322847
8944,-0.6161290500322847
8945,-1.157490102366139
8946,-1.157490102366139
8947,-1.157490102366139
8948,-1.157490102366139
8949,-1.157490102366139
8950,-1.157490102366139
8951,-1.157490102366139
8952,-1.157490102366139
8953,-1.157490102366139
8954,-1.157490102366139
8955,-0.9061406275722502
8956,-0.9061406275722502
8957,-0.9061406275722502
8958,-0.9061406275722502
8959,-0.9061406275722502
8960,-0.9061406275722502
8961,-0.9061406275722502
8962,-0.9061406275722502
8963,-0.9061406275722502
8964,-0.9061406275722502
8984,0.8612376568726683
8985,0.8612376568726683
8986,0.8612376568726683
8987,0.8612376568726683
8988,0.8612376568726683
8989,0.6549625875495404
8990,0.6549625875495404
8991,0.6549625875495404
8992,0.6549625875495404
8993,0.6549625875495404
9016,-0.456382271082766
9017,-0.1286088429742364
9018,-1.2795038721625314
9019,-1.2200221587119777
9020,-0.548994159076811
9021,-0.3574551300505253
9022,-0.5021639142709783
9023,-1.0407718997773072
9024,-0.06081960541994044
9025,-0.456382271082766
9026,-0.1286088429742364
9027,-1.2795038721625314
9028,-1.2200221587119777
9029,-0.548994159076811
9030,-0.3574551300505253
9031,-0.5021639142709783
9032,-1.0407718997773072
9033,-0.06081960541994044
9034,-0.456382271082766
9035,-0.1286088429742364
9036,-1.2795038721625314
9037,-1.2200221587119777
9038,-0.548994159076811
9039,-0.3574551300505253
9040,-0.5021639142709783
9041,-1.0407718997773072
9042,-0.06081960541994044
9043,-0.456382271082766
9044,-0.1286088429742364
9045,-1.2795038721625314
9046,-1.2200221587119777
9047,-0.548994159076811
9048,-0.3574551300505253
9049,-0.5021639142709783
9050,-1.0407718997773072
9051,-0.06081960541994044
9052,-0.6961498476948602
9054,-0.6961498476948602
9055,-0.6961498476948602
9056,-1.0889790109634199
9058,-1.0889790109634199
9059,-1.0889790109634199
9060,-0.4827223266539325
9062,-0.4827223266539325
9063,-0.4827223266539325
9065,-0.8467446828690812
9066,-0.8467446828690812
9067,-0.6916865790790208
9069,-0.6916865790790208
9070,-0.6916865790790208
9071,-0.4859321179585786
9073,-0.4859321179585786
9074,-0.4859321179585786
9076,-0.24049446042290296
9077,-0.24049446042290296
9099,0.3989376832012992
9100,0.5616223100608106
9124,-1.4923574144005398
9180,0.5188022342150014
9211,1.305406326950363
9212,1.305406326950363
9213,1.305406326950363
9225,-0.665801004955425
9228,-0.5854276791365455
9229,-0.5854276791365455
9230,-0.5854276791365455
9231,-0.5854276791365455
9242,-0.591533807183475
9248,-0.43703322496674535
9250,-0.5783153816476577
9251,-0.44210084458848686
9252,-0.49424293415234694
9253,-0.45864478209849674
9254,-0.0940927612253023
9255,-0.33377307315474797
9256,-0.036652125500219734
9257,-0.04975804452534657
9258,-0.06968021909644914
9259,0.25563312155847984
9260,-0.5783153816476577
9261,-0.44210084458848686
9262,-0.49424293415234694
9263,-0.45864478209849674
9264,-0.0940927612253023
9265,-0.33377307315474797
9266,-0.036652125500219734
9267,-0.04975804452534657
9268,-0.06968021909644914
9269,0.25563312155847984
9270,0.5040700243847742
9271,0.5040700243847742
9272,0.5040700243847742
9273,0.5040700243847742
9274,0.5040700243847742
9275,0.5040700243847742
9276,0.5040700243847742
9277,0.5040700243847742
9278,0.5040700243847742
9279,0.5040700243847742
9280,0.5040700243847742
9281,0.5040700243847742
9282,0.678922770150911
9283,0.678922770150911
9284,0.678922770150911
9285,0.678922770150911
9286,0.678922770150911
9287,0.678922770150911
9288,0.678922770150911
9289,0.678922770150911
9290,0.678922770150911
9291,0.678922770150911
9292,0.678922770150911
9293,0.678922770150911
9301,-0.48172857353203125
9302,-0.8377677551018907
9303,-0.35215135406222475
9304,-0.8663538994746143
9305,-1.1484941026412596
9306,-0.642176214587968
9307,-0.8187783809312412
9308,-1.0550012128760053
9309,-0.9731586206808751
9319,-0.5642101727288219
9323,-0.7096077456197003
9324,-0.7096077456197003
9325,-0.7096077456197003
9326,-0.7096077456197003
9327,-0.7096077456197003
9328,-0.45850413885886016
9329,-0.45850413885886016
9330,-0.45850413885886016
9331,-0.45850413885886016
9332,-0.45850413885886016
9333,-0.48015197709598023
9334,-0.48015197709598023
9335,-0.48015197709598023
9336,-0.48015197709598023
9337,-0.8616401536484959
9338,-0.8616401536484959
9339,-0.8616401536484959
9340,-0.8616401536484959
9341,-0.8616401536484959
9342,-0.6995220912833544
9343,-0.6995220912833544
9344,-0.6995220912833544
9345,-0.6995220912833544
9346,-0.6995220912833544
9347,-0.8302904634148466
9348,-0.8302904634148466
9349,-0.8302904634148466
9350,-0.8302904634148466
9351,-0.8302904634148466
9357,1.425402476044404
9360,1.5747553000500634
9366,0.8004184410414511
9369,1.0014113418341235
9370,-0.9239897715430613
9373,-0.9239897715430613
9375,-0.9239897715430613
9376,-0.9239897715430613
9377,-0.9239897715430613
9378,-0.9239897715430613
9379,-0.46133401424283466
9380,-0.46133401424283466
9382,-0.46133401424283466
9383,-0.46133401424283466
9384,-0.46133401424283466
9385,-0.46133401424283466
9386,-0.46133401424283466
9387,-0.46133401424283466
9388,-0.02685940895737915
9389,-0.02685940895737915
9391,-0.02685940895737915
9392,-0.02685940895737915
9393,-0.02685940895737915
9394,-0.02685940895737915
9395,-0.02685940895737915
9396,-0.02685940895737915
9397,-0.3142089143319842
9398,-0.3142089143319842
9399,-0.3142089143319842
9400,-0.3142089143319842
9401,-0.3142089143319842
9402,-0.3142089143319842
9403,-0.3142089143319842
9404,-0.3142089143319842
9405,-0.3142089143319842
9410,-0.9197560620029424
9412,-0.44373180793298295
9427,-0.5874119593609797
9464,-0.5791049943023405
9465,-0.31863812249372664
9466,-0.4185534668580033
9467,-0.19782674199245243
9468,-0.5663118072051259
9469,-0.5791049943023405
9470,-0.31863812249372664
9471,-0.4185534668580033
9472,-0.19782674199245243
9473,-0.5663118072051259
9474,-0.5791049943023405
9475,-0.31863812249372664
9476,-0.4185534668580033
9477,-0.19782674199245243
9478,-0.5663118072051259
9479,-0.5791049943023405
9480,-0.31863812249372664
9481,-0.4185534668580033
9482,-0.19782674199245243
9483,-0.5663118072051259
9484,-0.5791049943023405
9485,-0.31863812249372664
9486,-0.4185534668580033
9487,-0.19782674199245243
9488,-0.5663118072051259
9489,-0.5791049943023405
9490,-0.31863812249372664
9491,-0.4185534668580033
9492,-0.19782674199245243
9493,-0.5663118072051259
9494,-0.5791049943023405
9495,-0.31863812249372664
9496,-0.4185534668580033
9497,-0.19782674199245243
9498,-0.5663118072051259
9499,0.49958328372656424
9500,0.49958328372656424
9501,0.49958328372656424
9502,0.49958328372656424
9503,0.49958328372656424
9504,0.49958328372656424
9505,0.49958328372656424
9506,0.49958328372656424
9507,0.49958328372656424
9508,0.49958328372656424
9509,0.49958328372656424
9510,0.49958328372656424
9511,0.49958328372656424
9512,0.49958328372656424
9530,-0.7176101420775975
9531,-0.7176101420775975
9532,-0.7176101420775975
9533,-0.7176101420775975
9534,-0.7176101420775975
9535,-0.7176101420775975
9536,-0.7176101420775975
9537,-0.7176101420775975
9561,-0.011706058798963415
9562,-0.011706058798963415
9563,-0.011706058798963415
9564,-0.011706058798963415
9565,-0.011706058798963415
9566,-0.011706058798963415
9691,0.34394800462783043
9697,-0.3965748702953504
9698,-0.3965748702953504
9699,-0.3965748702953504
9700,-0.3965748702953504
9701,-0.3965748702953504
9702,-0.3965748702953504
9703,-0.3965748702953504
9704,-0.3965748702953504
9705,-0.3965748702953504
9724,-0.8469727601858474
9728,-0.7851968632960358
9731,-0.8469727601858474
9736,-0.017814402798762452
9737,-0.017814402798762452
9738,-0.017814402798762452
9739,-0.017814402798762452
9740,0.8304745511637207
9741,0.8304745511637207
9742,0.8304745511637207
9743,0.8304745511637207
9775,-0.5640503295891675
9785,-0.5640503295891675
9789,0.3242062255497336
9790,0.3242062255497336
9791,0.3242062255497336
9792,0.3242062255497336
9793,0.3242062255497336
9794,0.3242062255497336
9795,0.08491611693245223
9796,-0.05429444512403098
9797,0.08662796779890829
9854,-0.8184899951524294
9855,-0.8184899951524294
9856,-0.8184899951524294
9857,-0.8184899951524294
9858,-0.8184899951524294
9859,-0.8184899951524294
9860,-0.8184899951524294
9861,-0.8184899951524294
9862,-0.8184899951524294
9863,0.3355365887271982
9864,0.3355365887271982
9865,0.3355365887271982
9866,0.3355365887271982
9867,0.3355365887271982
9868,0.3355365887271982
9869,0.3355365887271982
9870,0.3355365887271982
9871,0.3355365887271982
9872,0.3355365887271982
9873,0.3355365887271982
9874,0.3355365887271982
9875,0.3355365887271982
9876,0.3355365887271982
9877,0.3355365887271982
9878,-0.5765332350517055
9879,-0.5765332350517055
9880,-0.5765332350517055
9881,-0.5765332350517055
9882,-0.5765332350517055
9883,-0.5765332350517055
9884,-0.5765332350517055
9885,-0.5765332350517055
9886,-0.5765332350517055
9887,-0.5765332350517055
9888,-0.5765332350517055
9889,-0.5765332350517055
9896,-0.40220233834213653
9905,-0.18638895293526575
9912,-0.18408210909989964
9919,-0.12703654586239416
9920,1.10066157579285
9921,1.083046606106263
9923,-0.6067994821934433
9925,0.19089194677791813
9927,-0.4155041428509076
9974,-0.2584188045249507
9975,-0.2584188045249507
9977,-0.1774761470953738
9978,-0.1774761470953738
9981,-0.21163068000147658
9982,-0.21163068000147658
9985,-0.15879865605724686
9986,-0.15879865605724686
9996,-0.10838887753761914
9997,-0.0783598060351576
9998,0.21406274990529855
10008,-0.01531484114946055
10009,-0.01531484114946055
10011,-0.1787612893128299
10023,-1.1381663057416316
10024,-1.1381663057416316
10028,0.4928064946841084
10029,0.4928064946841084
10030,0.4928064946841084
10031,0.4928064946841084
10032,0.4928064946841084
10033,0.4928064946841084
10034,0.4928064946841084
10035,0.4928064946841084
10036,0.4928064946841084
10067,0.211883741388801
10068,0.211883741388801
10069,0.211883741388801
10070,0.211883741388801
10071,0.211883741388801
10072,0.211883741388801
10073,0.211883741388801
10074,0.4255451480973775
10075,0.4255451480973775
10076,0.4255451480973775
10077,0.4255451480973775
10078,0.4255451480973775
10079,0.4255451480973775
10080,0.4255451480973775
10081,0.3583910342547606
10082,0.3583910342547606
10083,0.3583910342547606
10084,0.3583910342547606
10085,0.3583910342547606
10086,0.3583910342547606
10087,0.3583910342547606
10088,0.10691164879544951
10089,0.10691164879544951
10090,0.10691164879544951
10091,0.10691164879544951
10092,0.10691164879544951
10093,0.3453423083413002
10094,0.3453423083413002
10095,0.3453423083413002
10096,0.3453423083413002
10097,0.3453423083413002
10098,0.29084472662212657
10099,0.29084472662212657
10100,0.29084472662212657
10101,0.29084472662212657
10102,0.29084472662212657
10103,0.08990584161373538
10104,-0.22818057860175794
10129,-0.03959586042461
10130,-0.03959586042461
10138,0.26470228853984007
10139,0.26470228853984007
10162,-0.23727386224086433
10163,0.19171483904382197
10164,0.7131540680845543
10277,-0.42519231908099886
10278,-0.42519231908099886
10279,-0.42519231908099886
10280,-0.42519231908099886
10281,-0.42519231908099886
10282,-0.42519231908099886
10283,-0.42519231908099886
10284,-0.42519231908099886
10285,0.20548541435414647
10286,0.20548541435414647
10287,0.20548541435414647
10288,0.20548541435414647
10289,0.20548541435414647
10290,0.20548541435414647
10291,0.20548541435414647
10292,0.20548541435414647
10293,-0.01190467304583176
10294,-0.01190467304583176
10295,-0.01190467304583176
10296,-0.01190467304583176
10297,-0.01190467304583176
10298,-0.01190467304583176
10299,-0.01190467304583176
10300,-0.01190467304583176
10329,-2.291011295610366
10330,-2.291011295610366
10331,-2.291011295610366
10332,-2.291011295610366
10333,-2.291011295610366
10334,-2.291011295610366
10379,-0.009445795084369574
10380,0.2618337254768569
10381,-0.3955905558630338
10382,-0.06682970600103487
10383,0.48506997902240145
10384,0.5982880940563955
10385,-0.6821642694796879
10386,-0.6821642694796879
10387,-0.6821642694796879
10388,-0.6821642694796879
10389,-0.6821642694796879
10390,-0.6821642694796879
10391,-0.6821642694796879
10392,-0.6821642694796879
10393,-0.6821642694796879
10394,-0.8065095667840716
10395,-0.8065095667840716
10396,-0.8065095667840716
10397,-0.8065095667840716
10398,-0.8065095667840716
10399,-0.8065095667840716
10400,-0.8065095667840716
10401,-0.8065095667840716
10402,-0.8065095667840716
10403,-0.41977726186239905
10404,-0.41977726186239905
10405,-0.41977726186239905
10406,-0.41977726186239905
10407,-0.41977726186239905
10408,-0.41977726186239905
10409,-0.41977726186239905
10410,-0.21498401488066166
10411,-0.21498401488066166
10412,-0.21498401488066166
10413,-0.21498401488066166
10414,-0.21498401488066166
10415,-0.21498401488066166
10416,-0.21498401488066166
10417,-0.21498401488066166
10418,-0.21498401488066166
10419,-0.3700236718340942
10420,-0.3700236718340942
10421,-0.3700236718340942
10422,-0.3700236718340942
10423,-0.3700236718340942
10424,-0.3700236718340942
10425,-0.3700236718340942
10426,-0.3700236718340942
10427,-0.3700236718340942
10428,-0.15425782923273212
10429,-0.15425782923273212
10430,-0.15425782923273212
10431,-0.15425782923273212
10432,-0.15425782923273212
10433,-0.15425782923273212
10434,-0.15425782923273212
10435,-0.15425782923273212
10436,-0.15425782923273212
10452,-1.0188438127391712
10453,-1.0188438127391712
10454,-1.0188438127391712
10455,-1.0188438127391712
10456,-1.0188438127391712
10457,-1.0188438127391712
10458,-1.0188438127391712
10459,-1.0188438127391712
10460,-1.0188438127391712
10468,-0.2290377138334655
10479,-0.020588353569424483
10480,-0.020588353569424483
10481,-0.020588353569424483
10482,-0.020588353569424483
10483,-0.020588353569424483
10484,-0.020588353569424483
10485,-0.020588353569424483
10486,-0.020588353569424483
10487,-0.020588353569424483
10488,-0.020588353569424483
10489,-0.005295800835488473
10490,-0.005295800835488473
10491,-0.005295800835488473
10492,-0.005295800835488473
10493,-0.005295800835488473
10494,-0.005295800835488473
10495,-0.005295800835488473
10496,-0.005295800835488473
10497,-0.005295800835488473
10498,-0.005295800835488473
10512,-0.5166213385531913
10513,-0.19561679560630224
10514,0.05820728652538083
10574,0.32099888611355715
10575,0.32099888611355715
10576,0.32099888611355715
10577,0.32099888611355715
10578,0.32099888611355715
10589,0.9269437461253716
10590,0.9269437461253716
10591,0.9269437461253716
10592,0.9269437461253716
10593,0.9269437461253716
10604,0.7080815539278754
10605,0.7080815539278754
10606,0.7080815539278754
10607,0.7080815539278754
10608,0.7080815539278754
10609,0.9432871270355345
10610,0.9432871270355345
10611,0.9432871270355345
10612,0.9432871270355345
10613,0.9432871270355345
10624,1.0993729293746939
10625,1.0993729293746939
10626,1.0993729293746939
10627,1.0993729293746939
10628,1.0993729293746939
10629,1.3461421132500244
10630,1.3461421132500244
10631,1.3461421132500244
10632,1.3461421132500244
10633,1.3461421132500244
10682,0.29952229369932093
10683,0.2895912881834105
10684,0.34174354468008755
10685,0.30931945499170455
10686,0.3145109740545955
10687,0.30659819312700165
10688,0.3591087554655994
10689,0.31558830837273155
10690,-1.0788637961053578
10691,-1.0788637961053578
10692,-1.0788637961053578
10693,-1.0788637961053578
10694,-1.0788637961053578
10695,-1.0788637961053578
10696,-1.0788637961053578
10697,-1.0788637961053578
10698,-1.0788637961053578
10699,-1.0788637961053578
10700,-1.0788637961053578
10701,-1.0788637961053578
10702,-1.0788637961053578
10703,-1.0788637961053578
10704,-1.0788637961053578
10705,-1.0788637961053578
10706,-1.0788637961053578
10707,-1.0788637961053578
10708,-1.0788637961053578
10709,-1.0788637961053578
10710,-1.0788637961053578
10711,-1.0788637961053578
10712,-1.0788637961053578
10713,-1.0788637961053578
10714,-1.0788637961053578
10715,-1.0788637961053578
10716,-1.0788637961053578
10717,-1.0788637961053578
10718,-1.0975267017860308
10719,-1.0975267017860308
10720,-1.0975267017860308
10721,-1.0975267017860308
10722,-1.0975267017860308
10723,-1.0975267017860308
10724,-1.0975267017860308
10725,-1.0975267017860308
10726,-1.0975267017860308
10727,-1.0975267017860308
10728,-1.0975267017860308
10729,-1.0975267017860308
10730,-1.0975267017860308
10731,-1.0975267017860308
10732,-1.0975267017860308
10733,-1.0975267017860308
10734,-1.0975267017860308
10735,-1.0975267017860308
10736,-1.0975267017860308
10737,-1.0975267017860308
10738,-1.0975267017860308
10739,-1.0975267017860308
10740,-1.0975267017860308
10741,-1.0975267017860308
10742,-1.0975267017860308
10743,-1.0975267017860308
10744,-1.0975267017860308
10745,-1.0975267017860308
10746,-1.1154327944695057
10747,-1.1154327944695057
10748,-1.1154327944695057
10749,-1.1154327944695057
10750,-1.1154327944695057
10751,-1.1154327944695057
10752,-1.1154327944695057
10753,-1.1154327944695057
10754,-1.1154327944695057
10755,-1.1154327944695057
10756,-1.1154327944695057
10757,-1.1154327944695057
10758,-1.1154327944695057
10759,-1.1154327944695057
10760,-1.1154327944695057
10761,-1.1154327944695057
10762,-1.1154327944695057
10763,-1.1154327944695057
10764,-1.1154327944695057
10765,-1.1154327944695057
10766,-1.1154327944695057
10767,-1.1154327944695057
10768,-1.1154327944695057
10769,-1.1154327944695057
10770,-1.1154327944695057
10771,-1.1154327944695057
10772,-1.1154327944695057
10773,-1.1154327944695057
10828,0.43220411856709157
10829,0.43220411856709157
10830,0.43220411856709157
10831,0.43220411856709157
10832,0.43220411856709157
10833,0.43220411856709157
10834,0.43220411856709157
10835,0.43220411856709157
10836,0.39337430365670006
10837,0.39337430365670006
10838,0.39337430365670006
10839,0.39337430365670006
10840,0.39337430365670006
10841,0.39337430365670006
10842,0.39337430365670006
10843,0.39337430365670006
10878,0.10875270547242508
10879,0.10875270547242508
10882,-0.7443600329080027
10883,-0.7443600329080027
10884,-0.7443600329080027
10885,-0.7443600329080027
10886,-0.7443600329080027
10887,-0.7443600329080027
10888,-0.7443600329080027
10889,-0.7443600329080027
10890,-0.7443600329080027
10891,-0.7443600329080027
10892,-0.7443600329080027
10893,-0.7443600329080027
10894,-0.7443600329080027
10895,-0.7443600329080027
10896,-0.7443600329080027
10897,-0.7443600329080027
10898,-0.7443600329080027
10899,-1.0146536989102357
10900,-1.0146536989102357
10901,-1.0146536989102357
10902,-1.0146536989102357
10903,-1.0146536989102357
10904,-1.0146536989102357
10905,-1.0146536989102357
10906,-1.0146536989102357
10907,-1.0146536989102357
10908,-1.0146536989102357
10909,-1.0146536989102357
10910,-1.0146536989102357
10911,-1.0146536989102357
10912,-1.0146536989102357
10913,-1.0146536989102357
10914,-1.0146536989102357
10915,-1.0146536989102357
10916,-0.966192845676808
10917,-0.966192845676808
10918,-0.966192845676808
10919,-0.966192845676808
10920,-0.966192845676808
10921,-0.966192845676808
10922,-0.966192845676808
10923,-0.966192845676808
10924,-0.966192845676808
10925,-0.966192845676808
10926,-0.966192845676808
10927,-0.966192845676808
10928,-0.966192845676808
10929,-0.966192845676808
10930,-0.966192845676808
10931,-0.966192845676808
10932,-0.966192845676808
10933,-0.9802899688876978
10934,-0.9802899688876978
10935,-0.9802899688876978
10936,-0.9802899688876978
10937,-0.9802899688876978
10938,-0.9802899688876978
10939,-0.9802899688876978
10940,-0.9802899688876978
10941,-0.9802899688876978
10942,-0.9802899688876978
10943,-0.9802899688876978
10944,-0.9802899688876978
10945,-0.9802899688876978
10946,-0.9802899688876978
10947,-0.9802899688876978
10948,-0.9802899688876978
10949,-0.9802899688876978
10950,-0.5611366828920923
10951,-0.5611366828920923
10952,-0.5611366828920923
10953,-0.5611366828920923
10954,-0.5611366828920923
10955,-0.5611366828920923
10956,-0.5611366828920923
10957,-0.5611366828920923
10958,-0.5611366828920923
10959,-0.5611366828920923
10960,-0.5611366828920923
10961,-0.5611366828920923
10962,-0.5611366828920923
10963,-0.5611366828920923
10964,-0.5611366828920923
10965,-0.5611366828920923
10966,-0.5611366828920923
10967,-0.8176922249254125
10968,-0.8176922249254125
10969,-0.8176922249254125
10970,-0.8176922249254125
10971,-0.8176922249254125
10972,-0.8176922249254125
10973,-0.8176922249254125
10974,-0.8176922249254125
10975,-0.8176922249254125
10976,-0.8176922249254125
10977,-0.8176922249254125
10978,-0.8176922249254125
10979,-0.8176922249254125
10980,-0.8176922249254125
10981,-0.8176922249254125
10982,-0.8176922249254125
10983,-0.8176922249254125
10985,-1.2128062862817883
10987,-1.2128062862817883
10988,-1.2128062862817883
10991,-1.0301136888778812
10993,-1.0301136888778812
10994,-1.0301136888778812
11013,-0.062291260733252224
11029,0.27266840320390395
11031,0.27266840320390395
11068,1.4210220439886279
11069,1.4546379961630367
11070,1.4503735978818832
11071,1.5325309028847762
11072,1.3757088450193447
11073,1.4001764135055181
11074,1.405392129796768
11075,1.4860475751532678
11076,1.307005294211232
11077,1.3271590780217428
11078,1.3568266181216855
11079,1.4268255293148568
11120,0.2721038165774634
11133,-1.9783258101877588
11165,0.1575094498877897
11166,0.1575094498877897
11167,0.1575094498877897
11168,0.1575094498877897
11169,0.1575094498877897
11170,0.1575094498877897
11171,0.1575094498877897
11177,-0.6176188504720005
11178,-0.6176188504720005
11180,-0.6176188504720005
11181,-0.6176188504720005
11182,-0.6176188504720005
11183,-0.6176188504720005
11186,-0.6869527864368421
11187,-0.6869527864368421
11189,-0.6869527864368421
11190,-0.6869527864368421
11191,-0.6869527864368421
11192,-0.6869527864368421
11195,-1.4230402424638837
11196,-1.4230402424638837
11198,-1.4230402424638837
11199,-1.4230402424638837
11200,-1.4230402424638837
11201,-1.4230402424638837
11204,-1.66293540225118
11205,-1.66293540225118
11207,-1.66293540225118
11208,-1.66293540225118
11209,-1.66293540225118
11210,-1.66293540225118
11212,-1.2352652169198244
11213,-1.2352652169198244
11214,-1.2352652169198244
11215,-1.2352652169198244
11216,-1.2352652169198244
11217,-1.2352652169198244
11218,-1.3170923822189615
11224,-1.6694468245806973
11230,-0.008131635043523322
11236,-0.597995886914509
11237,-0.597995886914509
11238,-0.597995886914509
11239,-0.597995886914509
11240,-0.597995886914509
11241,-0.597995886914509
11242,-0.597995886914509
11243,-0.597995886914509
11244,-0.597995886914509
11245,-0.597995886914509
11246,-0.597995886914509
11247,-0.597995886914509
11248,-0.29355636792085993
11249,-0.29355636792085993
11250,-0.29355636792085993
11251,-0.29355636792085993
11252,-0.29355636792085993
11253,-0.29355636792085993
11254,-0.29355636792085993
11255,-0.29355636792085993
11256,-0.29355636792085993
11257,-0.29355636792085993
11258,-0.29355636792085993
11259,-0.29355636792085993
11260,-0.5954750345273963
11261,-0.5954750345273963
11262,-0.5954750345273963
11263,-0.5954750345273963
11264,-0.5954750345273963
11265,-0.5954750345273963
11266,-0.5954750345273963
11267,-0.5954750345273963
11268,-0.5954750345273963
11269,-0.5954750345273963
11270,-0.5954750345273963
11271,-0.5954750345273963
11272,-0.541891089804331
11273,-0.541891089804331
11274,-0.541891089804331
11275,-0.541891089804331
11276,-0.541891089804331
11277,-0.541891089804331
11278,-0.541891089804331
11279,-0.541891089804331
11280,-0.541891089804331
11281,-0.541891089804331
11282,-0.541891089804331
11283,-0.541891089804331
11284,-0.6964375464499488
11285,-0.6964375464499488
11286,-0.6964375464499488
11287,-0.6964375464499488
11288,-0.6964375464499488
11289,-0.6964375464499488
11290,-0.6964375464499488
11291,-0.6964375464499488
11292,-0.6964375464499488
11293,-0.6964375464499488
11294,-0.6549919067578296
11295,-0.6549919067578296
11296,-0.6549919067578296
11297,-0.6549919067578296
11298,-0.6549919067578296
11299,-0.6549919067578296
11300,-0.6549919067578296
11301,-0.6549919067578296
11302,-0.6549919067578296
11303,-0.6549919067578296
11304,-0.6549919067578296
11305,-0.6549919067578296
11306,-0.6529342603311079
11307,-0.6529342603311079
11308,-0.6529342603311079
11309,-0.6529342603311079
11310,-0.6529342603311079
11311,-0.6529342603311079
11312,-0.6529342603311079
11313,-0.6529342603311079
11314,-0.6529342603311079
11315,-0.6529342603311079
11316,-0.6529342603311079
11317,-0.6529342603311079
11318,-0.5528863012512483
11319,-0.5528863012512483
11320,-0.5528863012512483
11321,-0.5528863012512483
11322,-0.5528863012512483
11323,-0.5528863012512483
11324,-0.5528863012512483
11325,-0.5528863012512483
11326,-0.5528863012512483
11327,-0.5528863012512483
11328,-0.5528863012512483
11329,-0.5528863012512483
11330,-0.5673949900615325
11331,-0.5673949900615325
11332,-0.5673949900615325
11333,-0.5673949900615325
11334,-0.5673949900615325
11335,-0.5673949900615325
11336,-0.5673949900615325
11337,-0.5673949900615325
11338,-0.5673949900615325
11339,-0.5673949900615325
11340,-0.5673949900615325
11341,0.7277087402427216
11342,0.7277087402427216
11343,0.7277087402427216
11344,0.7277087402427216
11345,0.7277087402427216
11346,0.7277087402427216
11347,0.7277087402427216
11348,0.7277087402427216
11349,0.7277087402427216
11350,0.32298665939834165
11351,0.32298665939834165
11352,0.32298665939834165
11353,0.32298665939834165
11354,0.32298665939834165
11355,0.1919046899740524
11356,0.1919046899740524
11357,0.1919046899740524
11358,0.1919046899740524
11359,0.1919046899740524
11399,-0.4219440947515489
11400,-0.4219440947515489
11401,-0.4219440947515489
11402,-0.4219440947515489
11403,-0.4219440947515489
11404,-0.4219440947515489
11405,-0.4219440947515489
11420,-0.8458827322660323
11421,-0.8458827322660323
11422,-0.8458827322660323
11423,-0.8458827322660323
11424,-0.8458827322660323
11425,-0.8458827322660323
11426,-0.8458827322660323
11427,-0.8458827322660323
11444,-0.570313673824478
11448,-1.1297799258573809
11451,-0.6621979207720028
11456,0.5188890962236461
11457,0.5996035407360081
11458,0.5597642878572295
11459,0.5566102393847355
11460,0.4711791438608791
11461,0.5878008096674802
11462,0.6794903792028014
11463,0.6180433755560546
11464,0.47148663234256644
11465,0.421917179390328
11466,0.5583092531191248
11467,0.5161974283324576
11468,0.6155778871739797
11469,0.5079136629723968
11470,0.4931379943756484
11471,0.4581600463903688
11472,0.6687525540039411
11473,0.6204499989089576
11474,0.4916827868269242
11475,0.39197578970042407
11476,0.35502598586098705
11477,0.48874295878620994
11478,0.5997596716279813
11479,0.5445350788731687
11480,0.5291356308491268
11481,0.6213941561389293
11482,0.5962865088542608
11483,0.5855686142072893
11484,0.6690777294525293
11485,0.653448552491511
11486,0.6082135357840001
11487,0.6897859570018393
11488,0.6349322112924273
11489,0.6868690631320306
11490,0.7761344462262755
11491,0.7010069622617311
11492,-0.4671471185571645
11493,-0.4671471185571645
11494,-0.4671471185571645
11495,-0.4671471185571645
11496,-0.4671471185571645
11497,-0.4671471185571645
11498,-0.4671471185571645
11499,-0.4671471185571645
11500,-0.4671471185571645
11501,-0.4671471185571645
11502,-0.4671471185571645
11503,0.02780738354285936
11504,0.02780738354285936
11505,0.02780738354285936
11506,0.02780738354285936
11507,0.02780738354285936
11508,0.02780738354285936
11509,0.02780738354285936
11510,0.02780738354285936
11511,0.2006052598661118
11512,0.2006052598661118
11513,0.2006052598661118
11514,0.2006052598661118
11515,0.2006052598661118
11516,0.2006052598661118
11517,0.2006052598661118
11518,0.2006052598661118
11519,0.013934350091980019
11520,0.013934350091980019
11521,0.013934350091980019
11522,0.013934350091980019
11523,0.013934350091980019
11524,0.013934350091980019
11525,0.013934350091980019
11526,0.013934350091980019
11545,-0.85153556280571
11548,-0.85153556280571
11568,0.10980506881574809
11570,0.18768775578854427
11574,-0.00914597715711929
11577,-0.1368919326119727
11580,0.09792022233934478
11581,0.11172363783655576
11582,0.4527237338907476
11583,-0.3351827674552507
11584,-1.2154876270101533
11585,-1.2154876270101533
11586,-1.2154876270101533
11587,-1.2154876270101533
11588,-1.2154876270101533
11589,-1.2154876270101533
11590,-1.2154876270101533
11591,-1.2154876270101533
11592,-1.2154876270101533
11593,-1.2154876270101533
11595,-1.6245239070005502
11596,-1.6245239070005502
11598,-1.6245239070005502
11599,-1.6245239070005502
11600,-1.6245239070005502
11601,-1.6245239070005502
11603,-1.6245239070005502
11661,0.6171952977252946
11662,0.6171952977252946
11663,0.6171952977252946
11664,0.6171952977252946
11665,0.6171952977252946
11666,0.6171952977252946
11667,0.6171952977252946
11668,0.6171952977252946
11669,0.6171952977252946
11670,0.6171952977252946
11671,0.6171952977252946
11672,0.6171952977252946
11673,0.6171952977252946
11674,0.6171952977252946
11675,0.6171952977252946
11676,0.6171952977252946
11677,0.6171952977252946
11678,0.6171952977252946
11705,-0.6930365418385197
11706,-0.9279226105980042
11713,-0.3486122557063852
11714,-0.3486122557063852
11715,-0.3486122557063852
11716,-0.3486122557063852
11717,-0.3486122557063852
11718,-0.3486122557063852
11719,-0.3486122557063852
11720,-0.3486122557063852
11721,1.2923986093785573
11722,1.2923986093785573
11723,1.2923986093785573
11724,1.294403992677848
11725,1.294403992677848
11726,1.294403992677848
11727,1.4310380478252194
11728,1.4310380478252194
11729,1.4310380478252194
11730,1.4247213192947639
11731,1.4247213192947639
11732,1.4247213192947639
11733,1.475766003749008
11734,1.475766003749008
11735,1.475766003749008
11736,1.469480103812152
11737,1.469480103812152
11738,1.469480103812152
11739,0.01634417181168546
11740,0.01634417181168546
11759,-0.6355200088154171
11821,-1.353977605182167
11834,0.29948337691072796
11835,0.29463346743104774
11871,-0.7494231093374153
11872,-0.7494231093374153
11873,-0.7494231093374153
11876,-0.4873858548636661
11877,-0.4873858548636661
11878,-0.4873858548636661
11881,-0.6951461180469727
11882,-0.6951461180469727
11883,-0.6951461180469727
11901,-1.1959115492200814
11902,0.2112863839544856
11903,0.2912224145267737
11904,0.2584162835566158
11905,0.25703871365756453
11906,0.3538259685257399
11907,-1.794259978321977
11933,-1.2201361857234028
11935,-1.2201361857234028
11936,-1.2201361857234028
11937,-1.2201361857234028
11939,-1.2201361857234028
11949,-1.4260484690118091
11951,-1.4260484690118091
11952,-1.4260484690118091
11953,-1.4260484690118091
11955,-1.4260484690118091
11989,-0.9485027969375743
11998,-0.9485027969375743
11999,-0.9485027969375743
12000,-0.9485027969375743
12001,-0.9485027969375743
12002,-0.9485027969375743
12003,-0.5301129972343003
12004,-0.4066879942866869
12021,-0.2673153950276524
12022,-0.2673153950276524
12025,-0.040715370005607654
12026,-0.040715370005607654
12027,-0.040715370005607654
12028,-0.040715370005607654
12029,-0.040715370005607654
12030,-0.040715370005607654
12031,-0.040715370005607654
12032,-0.040715370005607654
12033,-0.040715370005607654
12034,-0.040715370005607654
12035,-0.040715370005607654
12036,-0.040715370005607654
12037,-0.040715370005607654
12038,-0.040715370005607654
12039,-0.040715370005607654
12040,-0.040715370005607654
12041,-0.040715370005607654
12042,-0.040715370005607654
12043,-0.040715370005607654
12044,-0.040715370005607654
12045,0.2331014515481279
12046,0.2331014515481279
12047,0.2331014515481279
12048,0.2331014515481279
12049,0.2331014515481279
12050,0.2331014515481279
12051,0.2331014515481279
12052,0.2331014515481279
12053,0.2331014515481279
12054,0.2331014515481279
12055,0.2331014515481279
12056,0.2331014515481279
12057,0.2331014515481279
12058,0.2331014515481279
12059,0.2331014515481279
12060,0.2331014515481279
12061,0.2331014515481279
12062,0.2331014515481279
12063,0.2331014515481279
12064,0.2331014515481279
12065,0.29415143158326373
12066,0.29415143158326373
12067,0.29415143158326373
12068,0.29415143158326373
12069,0.29415143158326373
12070,0.29415143158326373
12071,0.29415143158326373
12072,0.29415143158326373
12073,0.29415143158326373
12074,0.29415143158326373
12075,0.29415143158326373
12076,0.29415143158326373
12077,0.29415143158326373
12078,0.29415143158326373
12079,0.29415143158326373
12080,0.29415143158326373
12081,0.29415143158326373
12082,0.29415143158326373
12083,0.29415143158326373
12084,0.29415143158326373
12116,0.09298441666391936
12117,0.09298441666391936
12118,0.09298441666391936
12119,0.09298441666391936
12124,1.0166090502991523
12125,1.0166090502991523
12126,1.0166090502991523
12131,-1.0202230039135987
12132,-1.0202230039135987
12133,-1.0202230039135987
12138,1.6300148675013497
12139,1.6300148675013497
12140,1.6300148675013497
12141,1.6300148675013497
12142,1.6300148675013497
12143,1.6300148675013497
12144,1.6300148675013497
12145,1.6300148675013497
12146,1.6300148675013497
12147,1.6300148675013497
12148,1.6300148675013497
12149,1.6300148675013497
12150,1.6300148675013497
12151,1.6300148675013497
12152,1.6300148675013497
12153,1.6300148675013497
12154,1.6300148675013497
12162,0.6468800890046531
12170,-1.0362055507806838
12171,-1.0362055507806838
12186,-1.067272776344376
12187,-1.067272776344376
12202,-1.1528586559154101
12203,-1.1528586559154101
12245,-0.5413699414813438
12246,-0.5413699414813438
12247,-0.5413699414813438
12248,-0.5413699414813438
12249,-0.6465091956178152
12250,-0.8038041276251219
12251,-0.8038041276251219
12252,-0.8038041276251219
12253,-0.8038041276251219
12254,-0.8038041276251219
12255,-0.8038041276251219
12256,-0.8038041276251219
12257,-0.8038041276251219
12258,-0.8038041276251219
12259,-0.8038041276251219
12260,-0.8038041276251219
12261,-0.8038041276251219
12262,-0.8038041276251219
12263,-0.8038041276251219
12264,-0.8038041276251219
12265,-0.8038041276251219
12370,0.08243875223146738
12371,0.6869310518355204
12372,-0.5898429624013654
12373,0.6768843221194365
12374,0.334176018734203
12375,0.4970172575145457
12376,0.6727374284274552
12377,1.007777049018712
12378,1.033308183105188
12379,1.0468822159742386
12380,1.2784307132147537
12381,1.377905254793715
12382,1.44076980770454
12383,1.407282136132232
12384,1.3610231225459635
12385,1.3396232925801346
12386,1.3784738565584158
12387,1.3449622185666261
12388,1.3890993740385849
12389,1.8219959703413526
12390,1.3782048557622695
12391,1.2681360970023388
12392,1.277086992464149
12393,1.3051064629364246
12397,0.37441314182414687
12399,0.4699973029144083
12402,0.5131758696362347
12406,0.5297735571938258
12410,0.5668894636942796
12411,-0.6689494689481001
12461,0.2405728441104074
12462,0.2405728441104074
12463,0.2405728441104074
12465,0.2405728441104074
12467,0.2405728441104074
12470,0.03414224316398429
12471,0.03414224316398429
12474,0.03414224316398429
12480,-0.3397856231395552
12481,-0.3397856231395552
12482,-0.3397856231395552
12494,-0.5331442333976646
12495,-0.316689406949473
12496,-0.14089767364824912
12497,0.06462452656538564
12498,0.36875838804758787
12499,0.6832441508325309
12500,0.5292357076675095
12501,0.3773471412061443
12502,-0.46605518353077163
12503,-0.46605518353077163
12504,-0.46605518353077163
12505,-0.46605518353077163
12506,-0.46605518353077163
12507,-0.46605518353077163
12508,-0.46605518353077163
12509,-0.46605518353077163
12510,-0.46605518353077163
12522,0.31728916586831746
12523,0.40876677613682505
12524,0.7462333172136998
12525,0.7178349373902387
12526,0.8176905364243534
12527,1.2329169973129719
12565,0.3874231031071371
12566,0.5286216555793907
12567,0.5719557979272457
12568,0.6141229790256539
12569,-1.0625702655467943
12570,-0.8340899017287624
12571,-0.027220066123156056
12572,0.24455000999974605
12573,0.5865140572445714
12574,0.07636187831971608
12575,0.24637125975174975
12576,0.20704992293834487
12577,0.043753410434582404
12578,0.040627624800920956
12579,0.017262932022757443
12580,0.09581707524614123
12581,-0.6543509787019659
12588,-0.004576814857703171
12595,-0.5804997752076989
12602,-0.3619866947374569
12609,0.920868783306692
12727,-1.6429597193197272
12728,-1.6429597193197272
12746,0.8287902097049377
12747,0.8824982272160685
12748,-1.531355764500715
12749,-0.4958185292333758
12750,-0.2562603514224391
12751,0.7490419962620398
12752,0.8287902097049377
12753,0.8824982272160685
12754,-1.531355764500715
12755,-0.4958185292333758
12756,-0.2562603514224391
12757,0.7490419962620398
12758,0.8287902097049377
12759,0.8824982272160685
12769,0.5541660935803325
12771,0.5541660935803325
12772,0.7907721287875643
12773,0.7907721287875643
12774,0.7907721287875643
12802,0.5638831904587327
12805,0.5638831904587327
12817,-0.15832568811556547
12818,-0.04348237357787221
12819,0.3971625540897825
12820,0.3978653303163161
12821,0.3713555224033437
12822,0.05134524464136192
12823,0.11997749356798104
12824,0.20400963770125013
12830,1.243056242760302
12832,1.5522230505404377
12839,-0.6353449961706186
12840,0.1466783070548195
12841,0.44807993700065885
12842,0.024266312994696726
12844,0.42012529791666764
12848,0.1466783070548195
12850,0.024266312994696726
12855,-0.6382956706835436
12856,-0.6382956706835436
12857,-0.6382956706835436
12858,-0.6382956706835436
12879,-0.42634267012992466
12881,-0.42634267012992466
12889,-0.37244367346448964
12891,-0.37244367346448964
12918,-0.3902144962518125
12922,0.052783396727522525
12926,0.22243039118910868
12930,-0.04044481508092501
12934,0.08441601948676603
12938,-0.1570983074244423
12942,0.12521596193592655
12946,0.503876330939528
12950,0.6555393973625152
12952,0.6453339233033419
12954,0.6453339233033419
12967,0.567514219690668
12968,0.5722759033789183
12969,0.5823276721809949
12970,0.6751106486837638
12971,-0.0781153390059045
12972,0.24213729504915868
12979,-0.47266252439847783
12980,-0.9303500009919524
12981,-0.6699749734481488
12982,-0.3539465957233626
12983,-0.3539465957233626
12984,-0.3539465957233626
12985,-0.3539465957233626
12986,-0.3539465957233626
12987,-0.3539465957233626
12988,-0.3539465957233626
12989,-0.3539465957233626
12990,-0.3539465957233626
12991,-0.3539465957233626
12992,-0.3539465957233626
12993,-0.3539465957233626
12995,-0.695653879759889
12997,-0.695653879759889
12998,-0.695653879759889
12999,-0.695653879759889
13001,-1.0175363352495883
13003,-1.0175363352495883
13004,-1.0175363352495883
13005,-1.0175363352495883
13007,-0.5169039437410334
13009,-0.5169039437410334
13010,-0.5169039437410334
13011,-0.5169039437410334
13015,-0.8818048090435788
13016,-1.1214999797137444
13022,-0.3399605780238486
13023,-1.019132257438004
13024,-1.0995678816716283
13025,-1.063503571149267
13026,-1.1598754294804903
13027,-0.8512943903881127
13033,-1.306052520022666
13038,-1.1164010468136218
13042,-1.1214999797137444
13048,-0.3399605780238486
13049,-1.019132257438004
13050,-1.0995678816716283
13051,-1.063503571149267
13052,-1.1598754294804903
13054,-1.8305802500560706
13084,-0.5486444601892816
13085,-0.755543302536301
13086,0.09663735218815506
13087,0.4969214661233632
13088,0.48864579833785493
13089,0.8530302550588824
13090,1.0197754210339827
13091,1.0201121633048225
13092,1.7600789592037622
13093,1.6747761366335598
13094,1.7951413537858487
13095,0.08005765390704925
13096,0.10415020831257801
13097,-0.11785266785544801
13098,-0.7955542383763528
13099,-0.7955542383763528
13100,-0.7955542383763528
13101,-0.7955542383763528
13102,-0.7955542383763528
13103,-0.7955542383763528
13104,-0.7955542383763528
13105,-0.7955542383763528
13106,-0.7955542383763528
13107,-0.7955542383763528
13108,-0.7955542383763528
13109,-0.7955542383763528
13110,-0.7955542383763528
13111,-0.7955542383763528
13112,-0.7955542383763528
13123,-2.110247132020099
13126,-2.110247132020099
13127,-2.110247132020099
13128,-2.110247132020099
13129,-2.110247132020099
13130,-1.6579230348721818
13131,-1.6579230348721818
13132,-1.6579230348721818
13133,0.5109042956790443
13134,1.4818444938095583
13135,0.8945919789411239
13136,1.82490772683531
13147,0.9443785793393886
13148,1.0591251859007205
13149,1.1736118005637775
13150,1.1081476371640062
13151,1.156620650535794
13152,1.3001861001663029
13153,1.194480507893335
13154,1.3107023408232865
13155,1.3200765746707157
13156,1.404172325835575
13157,1.365196893771769
13158,1.4235379446615688
13159,1.4931119922150609
13160,1.4255777509844128
13175,0.3890582757206661
13176,0.5035440244090995
13180,-0.13647338831103042
13181,-0.13647338831103042
13182,-0.13647338831103042
13183,-0.13647338831103042
13184,-0.13647338831103042
13185,-0.13647338831103042
13186,-0.13647338831103042
13187,-0.13647338831103042
13188,-0.13647338831103042
13189,-0.13647338831103042
13202,-1.0986110930959336
13216,0.2523331332854292
13219,0.2523331332854292
13251,-0.3411257647250211
13252,0.5059873850420324
13253,0.2356228857083463
13254,-0.058248411370454535
13255,-0.0416350018601255
13256,-0.029400214034149552
13281,1.0574891875132924
13282,1.0574891875132924
13283,1.0574891875132924
13284,1.0574891875132924
13285,1.0574891875132924
13286,1.0574891875132924
13287,1.0574891875132924
13288,1.0574891875132924
13289,1.0574891875132924
13295,-0.8451501491311406
13296,-0.8451501491311406
13297,-0.8451501491311406
13298,-0.8451501491311406
13323,-1.1618353040022236
13326,0.10781558447032391
13327,0.10781558447032391
13328,0.10781558447032391
13329,0.10781558447032391
13330,0.10781558447032391
13331,0.10781558447032391
13332,0.10781558447032391
13333,0.10781558447032391
13334,0.10781558447032391
13335,0.10781558447032391
13336,-0.18865110203586302
13337,-0.18865110203586302
13338,-0.18865110203586302
13339,-0.18865110203586302
13340,-0.18865110203586302
13341,-0.18865110203586302
13342,-0.18865110203586302
13343,-0.18865110203586302
13344,-0.18865110203586302
13345,-0.18865110203586302
13346,0.020661193784429405
13347,0.020661193784429405
13348,0.020661193784429405
13349,0.020661193784429405
13350,0.020661193784429405
13351,0.020661193784429405
13352,0.020661193784429405
13353,0.020661193784429405
13354,0.020661193784429405
13355,0.020661193784429405
13356,-0.2001217427552595
13357,-0.2001217427552595
13358,-0.2001217427552595
13359,-0.2001217427552595
13360,-0.2001217427552595
13361,-0.2001217427552595
13362,-0.2001217427552595
13363,-0.2001217427552595
13364,-0.2001217427552595
13365,-0.2001217427552595
13366,0.024848738328110714
13367,0.024848738328110714
13368,0.024848738328110714
13369,0.024848738328110714
13370,0.024848738328110714
13371,0.024848738328110714
13372,0.024848738328110714
13373,0.024848738328110714
13374,0.024848738328110714
13375,0.024848738328110714
13502,0.9685172529565995
13507,0.2022244853954055
13508,0.2022244853954055
13509,0.2022244853954055
13510,0.2022244853954055
13511,0.2022244853954055
13512,0.2022244853954055
13513,0.2022244853954055
13514,0.2022244853954055
13515,0.2022244853954055
13516,0.2022244853954055
13517,0.2022244853954055
13518,0.2022244853954055
13519,0.2022244853954055
13520,0.04792044249956201
13521,0.04792044249956201
13522,0.04792044249956201
13523,0.04792044249956201
13524,0.04792044249956201
13525,0.04792044249956201
13526,0.04792044249956201
13527,0.04792044249956201
13528,0.04792044249956201
13529,0.04792044249956201
13530,0.04792044249956201
13531,0.04792044249956201
13532,0.04792044249956201
13533,-0.1994187164037146
13534,-0.1994187164037146
13535,-0.1994187164037146
13536,-0.1994187164037146
13537,-0.1994187164037146
13538,-0.1994187164037146
13539,-0.1994187164037146
13540,-0.1994187164037146
13541,-0.1994187164037146
13542,-0.1994187164037146
13543,-0.1994187164037146
13544,-0.1994187164037146
13545,-0.1994187164037146
13643,-0.9303711090232594
13644,-0.1485558140966559
13645,-1.0431528720662
13646,-0.2988652575859869
13647,0.24056742587198118
13648,0.7609234653666688
13649,0.7609234653666688
13650,0.7609234653666688
13651,0.7609234653666688
13652,0.7609234653666688
13653,0.7609234653666688
13654,0.7609234653666688
13655,0.7609234653666688
13656,0.7609234653666688
13657,0.7609234653666688
13658,0.7609234653666688
13659,0.7609234653666688
13660,0.7609234653666688
13661,0.7609234653666688
13662,0.7609234653666688
13663,-0.6675503284461514
13664,-0.6675503284461514
13665,-0.4765258202987981
13666,-0.4765258202987981
13667,-0.8190612889624682
13668,-0.8190612889624682
13669,-0.1068247619240083
13670,-0.1068247619240083
13671,1.1187852715963962
13672,1.1187852715963962
13673,1.0992094086016209
13674,1.0992094086016209
13675,0.99285989425587
13676,0.99285989425587
13677,1.1242975765284515
13678,1.1242975765284515
13679,1.1458844664064751
13680,1.1458844664064751
13687,-0.25692783463950725
13688,-0.25692783463950725
13689,-0.25692783463950725
13690,-0.25692783463950725
13692,-0.5493031118865963
13693,-0.7451700951326405
13694,-0.4863874996959802
13695,-0.4863874996959802
13696,-0.4863874996959802
13697,-0.4863874996959802
13699,-0.9757200020869887
13700,-0.9757200020869887
13701,-0.9757200020869887
13702,-0.9757200020869887
13704,-0.9141716808559539
13705,-0.9141716808559539
13706,-0.9141716808559539
13707,-0.9141716808559539
13709,-0.7465181423627465
13710,-0.7465181423627465
13711,-0.7465181423627465
13712,-0.7465181423627465
13714,-0.25692783463950725
13715,-0.5493031118865963
13716,-0.7451700951326405
13717,-0.4863874996959802
13718,-0.9757200020869887
13719,-0.9141716808559539
13720,-0.7465181423627465
13744,0.6348519746118636
13745,0.661317892929965
13746,0.6348519746118636
13747,0.661317892929965
13748,0.7502643186750239
13749,0.7690421359252821
13750,0.7600656228544878
13751,0.805503018343378
13752,1.0059264850673775
13753,0.8676004321963426
13759,0.36116580092895967
13760,0.36116580092895967
13761,0.36116580092895967
13762,0.36116580092895967
13763,0.36116580092895967
13764,0.36116580092895967
13765,0.36116580092895967
13766,0.36116580092895967
13767,0.36116580092895967
13768,0.36116580092895967
13769,0.36116580092895967
13770,0.36116580092895967
13771,0.21608740005293114
13772,0.21608740005293114
13773,0.21608740005293114
13774,0.21608740005293114
13775,0.21608740005293114
13776,0.21608740005293114
13777,0.21608740005293114
13778,0.21608740005293114
13779,0.21608740005293114
13780,0.21608740005293114
13781,0.21608740005293114
13782,0.21608740005293114
13783,0.4345973340959709
13784,0.4345973340959709
13801,-0.41143595564843205
13802,0.5195083690479214
13803,0.6035678971331171
13804,0.48503783117880384
13863,1.207287256868242
13864,1.3523017578666863
13865,1.2026688836179478
13866,1.3487252437426422
13867,-0.486071637981985
13868,-0.4143312588288074
13869,-0.3643695680835909
13870,-0.32813078296482845
13871,-0.16372070768138827
13872,-0.19103198877602948
13873,-0.1691912482624079
13874,-0.09202386433716803
13875,-0.1516133302560007
13876,-0.20741916287215006
13877,-0.32209732523966034
13878,-0.32714154776061766
13879,-0.10701081377193944
13880,-0.6896198204311471
13881,-0.576022605570281
13882,-0.486071637981985
13883,-0.4143312588288074
13884,-0.3643695680835909
13885,-0.32813078296482845
13886,-0.16372070768138827
13887,-0.19103198877602948
13888,-0.1691912482624079
13889,-0.6896198204311471
13890,-0.576022605570281
13940,-0.5133229084723976
13996,-1.0620458616495776
13997,-0.01983057871326907
13998,-0.18652363092008445
13999,-0.009630897192503651
14000,0.2562978072570764
14001,0.12515359625307623
14046,-0.21935049937614048
14047,-0.21935049937614048
14048,-0.21935049937614048
14049,-0.21935049937614048
14050,-0.5212709325420742
14051,-0.5212709325420742
14052,-0.5212709325420742
14053,-0.5212709325420742
14060,-1.3210771516212847
14061,-1.3210771516212847
14119,-0.43813529224684883
14120,-0.15670271087357723
14121,-0.241077566655497
14170,-0.6623444212031782
14178,0.26460259293301097
14179,0.26460259293301097
14180,0.26460259293301097
14181,0.26460259293301097
14182,0.26460259293301097
14183,0.2705915567548227
14184,0.2705915567548227
14185,0.2705915567548227
14186,0.2705915567548227
14187,0.2705915567548227
14192,0.2648169724826205
14193,0.2648169724826205
14194,0.2648169724826205
14195,0.2648169724826205
14196,0.2648169724826205
14197,0.2648169724826205
14198,0.2648169724826205
14199,0.2648169724826205
14200,0.2648169724826205
14207,-0.005414674467610528
14208,0.009942708154126179
14209,0.016119103956941952
14210,0.11244367161726458
14220,-0.9248930772348096
14221,-0.9248930772348096
14222,-0.9248930772348096
14223,-0.9248930772348096
14224,-0.9248930772348096
14233,-0.3158951086387132
14234,-0.3158951086387132
14253,-0.5946816385173128
14254,-0.7042200343049504
14255,-1.2642851629922096
14256,-1.7581632780175211
14257,-0.17689090223645879
14258,-1.4593440805819604
14301,-0.5946816385173128
14302,-0.7042200343049504
14303,-1.2642851629922096
14304,-1.7581632780175211
14305,-0.17689090223645879
14306,-1.4593440805819604
14310,0.5973154413815529
14311,1.4135596771608694
14312,1.8167928297221105
14351,0.9970981920159678
14352,1.3039548286280196
14353,1.3039548286280196
14354,1.3039548286280196
14355,1.3039548286280196
14356,1.3039548286280196
14357,1.3039548286280196
14358,1.3039548286280196
14359,1.3039548286280196
14360,1.3039548286280196
14361,1.3039548286280196
14362,1.3039548286280196
14363,1.3039548286280196
14364,0.16861118146893905
14374,-0.29616403744898184
14375,-0.3024766769001733
14376,-0.2821278121628303
14377,-0.3130253874083721
14405,1.3977339902827637
14406,1.4066997896914422
14408,-1.0334146747164934
14409,-1.0334146747164934
14410,-1.0334146747164934
14411,-1.0334146747164934
14412,-1.0334146747164934
14413,-1.0334146747164934
14414,-1.0334146747164934
14415,-1.0334146747164934
14416,-1.0334146747164934
14417,-1.0334146747164934
14418,-1.0334146747164934
14419,-1.0334146747164934
14420,-1.0334146747164934
14421,-1.0334146747164934
14422,-1.0334146747164934
14423,0.6103897019829636
14434,-0.45311526876209357
14436,-0.5749480188952255
14441,-0.6720433036507438
14442,-0.6720433036507438
14443,-0.6720433036507438
14444,-0.6720433036507438
14445,-0.6720433036507438
14446,-0.6720433036507438
14447,-0.6720433036507438
14448,-0.007137373942382785
14449,-0.007137373942382785
14450,-0.007137373942382785
14451,-0.007137373942382785
14452,-0.007137373942382785
14453,-0.007137373942382785
14454,-0.007137373942382785
14455,-1.1428569192100775
14456,-0.4317451737081396
14500,0.061355138778035306
14501,0.061355138778035306
14502,0.061355138778035306
14503,0.061355138778035306
14504,0.06546254350816108
14509,1.1089260639923164
14512,1.7134887606208515
14513,0.02496004234741328
14514,0.02496004234741328
14515,0.02496004234741328
14516,0.02496004234741328
14517,0.02496004234741328
14525,-0.563175472156791
14526,-0.3226905164472606
14527,-0.1377615856367771
14548,-0.4306977825978427
14549,-0.4306977825978427
14550,-0.4306977825978427
14551,-0.4306977825978427
14552,-0.4306977825978427
14553,-0.4306977825978427
14554,-0.4306977825978427
14555,-0.4306977825978427
14556,-0.4306977825978427
14557,-0.4306977825978427
14558,-0.6699334833669495
14559,-0.6699334833669495
14560,-0.6699334833669495
14561,-0.6699334833669495
14562,-0.6699334833669495
14563,-0.6699334833669495
14564,-0.6699334833669495
14565,-0.6699334833669495
14566,-0.6699334833669495
14567,-0.6699334833669495
14568,-0.22176047423487744
14569,-0.22176047423487744
14570,-0.22176047423487744
14571,-0.22176047423487744
14572,-0.22176047423487744
14573,-0.22176047423487744
14574,-0.22176047423487744
14575,-0.22176047423487744
14576,-0.22176047423487744
14577,-0.22176047423487744
14578,-0.3114937473669169
14579,-0.3114937473669169
14580,-0.3114937473669169
14581,-0.3114937473669169
14582,-0.3114937473669169
14583,-0.3114937473669169
14584,-0.3114937473669169
14585,-0.3114937473669169
14586,-0.3114937473669169
14587,-0.3114937473669169
14588,0.26340565371938623
14589,0.26340565371938623
14590,0.26340565371938623
14591,0.26340565371938623
14592,0.26340565371938623
14593,0.26340565371938623
14594,0.26340565371938623
14595,0.26340565371938623
14596,0.26340565371938623
14597,0.26340565371938623
14598,0.20745572691961237
14599,0.20745572691961237
14600,0.20745572691961237
14601,0.20745572691961237
14602,0.20745572691961237
14603,0.20745572691961237
14604,0.20745572691961237
14605,0.20745572691961237
14606,0.20745572691961237
14607,0.20745572691961237
14608,-0.18469773942412265
14609,-0.18469773942412265
14610,-0.18469773942412265
14611,-0.18469773942412265
14612,-0.18469773942412265
14613,-0.18469773942412265
14614,-0.18469773942412265
14615,-0.18469773942412265
14616,-0.18469773942412265
14617,-0.18469773942412265
14634,-0.10004745574450327
14635,-0.47024371772177503
14636,-0.5269869543542068
14637,-0.10997056146513823
14638,-0.09843406551808731
14639,0.028518450034398013
14640,0.0011379094880821228
14641,-0.13140036936944105
14642,-0.12582861132475726
14643,0.14306047406043107
14644,0.07225618852958288
14645,0.01740560414601841
14646,0.07581831267716325
14647,-0.2703160366597249
14648,-0.5269869543542068
14649,-0.5269869543542068
14650,-0.5269869543542068
14651,-0.5269869543542068
14652,-0.5269869543542068
14689,-0.190110786105951
14690,-0.190110786105951
14691,-0.190110786105951
14692,-0.190110786105951
14693,-0.190110786105951
14694,-0.190110786105951
14695,-0.190110786105951
14696,-0.190110786105951
14697,-0.190110786105951
14698,-0.190110786105951
14699,-0.190110786105951
14700,-0.190110786105951
14701,-0.190110786105951
14712,-0.16081070313212092
14713,-0.16081070313212092
14714,-0.16081070313212092
14715,-0.16081070313212092
14716,-0.16081070313212092
14717,-0.16081070313212092
14718,-0.16081070313212092
14719,-0.16081070313212092
14720,-0.16081070313212092
14721,-0.16081070313212092
14722,-0.16081070313212092
14723,-0.16081070313212092
14724,-0.16081070313212092
14725,-0.16081070313212092
14726,-0.16081070313212092
14727,-0.16081070313212092
14728,-0.16081070313212092
14729,-0.16081070313212092
14730,-0.16081070313212092
14731,-0.16081070313212092
14732,0.05055469854773359
14733,0.16063774093508149
14734,-0.07422790964911286
14735,0.02351153014379298
14736,0.05055469854773359
14737,0.16063774093508149
14738,-0.07422790964911286
14739,0.02351153014379298
14740,0.3169121818449325
14741,0.24338867351260907
14742,0.34262549968249284
14743,0.2644596287567198
14744,0.3269875117450276
14745,0.2486253433439809
14746,0.13597896949874627
14747,0.15351855987465624
14748,0.14434591361569338
14754,1.3687839205675512
14755,1.2825120570938133
14756,0.8193502048529592
14757,1.3401519122415453
14758,1.2898474190574816
14759,1.3687839205675512
14760,1.2825120570938133
14761,0.8193502048529592
14762,1.3401519122415453
14763,1.2898474190574816
14766,0.20757057737368076
14789,-0.06453342329995776
14790,0.0007697416348225739
14791,0.20464959665643095
14792,0.30743541698324844
14793,-0.06453342329995776
14794,0.0007697416348225739
14795,0.20464959665643095
14796,0.30743541698324844
14810,1.816051542379968
14811,1.5212844796171294
14812,0.8654667235821931
14813,1.0100717966776864
14814,0.6175295372336342
14815,0.7397816432581641
14816,1.816051542379968
14817,1.5212844796171294
14818,0.8654667235821931
14819,1.0100717966776864
14820,0.6175295372336342
14821,0.7397816432581641
14841,0.541307541181566
14842,0.4778552223453711
14843,0.3011710547370598
14844,-0.21837867716006687
14845,-0.5790864260379234
14846,-0.4293625294039973
14847,-0.2264254083122246
14848,-0.3193579523572668
14849,-0.2327700354502281
14850,-0.07563275325594696
14851,0.14230749104741164
14852,-0.15013722632425713
14853,-0.29239052679934474
14854,-0.5790864260379234
14855,-0.4293625294039973
14856,-0.2264254083122246
14857,-0.3193579523572668
14858,-0.2327700354502281
14859,-0.07563275325594696
14860,0.14230749104741164
14861,-0.15013722632425713
14862,-0.29239052679934474
14892,0.7807510272113551
14893,0.694660999701962
14894,0.716914263358982
14895,0.7807510272113551
14896,0.694660999701962
14897,0.716914263358982
14898,-0.37579602830575254
14899,-0.37579602830575254
14900,-0.37579602830575254
14901,-0.37579602830575254
14902,-0.37579602830575254
14903,-0.37579602830575254
14904,-0.7679596443396013
14905,-0.7679596443396013
14906,-0.7679596443396013
14907,-0.7679596443396013
14908,-0.7679596443396013
14909,-0.7679596443396013
14910,-0.6590239092056961
14911,-0.662144353873449
14912,-0.5591033229269631
14913,-0.7377606366806269
14914,-0.6590239092056961
14915,-0.662144353873449
14916,-0.5591033229269631
14917,-0.7377606366806269
14918,-0.6590239092056961
14919,-0.662144353873449
14920,-0.5591033229269631
14921,-0.7377606366806269
14922,-0.6590239092056961
14923,-0.662144353873449
14924,-0.5591033229269631
14925,-0.7377606366806269
14926,-0.6590239092056961
14927,-0.662144353873449
14928,-0.5591033229269631
14929,-0.7377606366806269
14950,0.7725944447504538
14951,0.7397966820222992
14952,0.7725944447504538
14953,0.7397966820222992
14956,-0.26842449647337896
14957,-0.046097768079064294
14958,0.29937937051669317
14959,0.4799870246705715
14960,0.5145618843779847
14961,-0.26842449647337896
14962,-0.046097768079064294
14963,0.29937937051669317
14964,0.4799870246705715
14965,0.5145618843779847
14967,-0.7794078152398085
14969,0.04341695170683624
14971,0.038273655376747706
14973,0.11655901742507452
15024,-0.2602081704510237
15029,-0.2602081704510237
15030,-0.4287787226096482
15031,-0.4287787226096482
15032,-0.4287787226096482
15033,-0.4287787226096482
15034,-0.4287787226096482
15035,-0.4287787226096482
15036,-0.4287787226096482
15037,-0.4287787226096482
15049,0.37335602544234664
15050,0.45512312913904646
15069,0.5996696797432303
15070,0.5255964824854281
15071,0.5996696797432303
15072,0.5255964824854281
15084,-0.12683097952589747
15087,-0.12683097952589747
15089,-0.019537299591562557
15090,-0.14447705598955857
15092,-0.08783970714133649
15099,-1.1079133175490279
15100,-0.8540265196572633
15102,-1.2494188247680427
15154,-0.7308737758839652
15155,-0.7308737758839652
15156,-0.7308737758839652
15157,-0.7308737758839652
15158,-0.7308737758839652
15159,-0.7308737758839652
15160,-0.7308737758839652
15161,-0.7308737758839652
15162,-0.7308737758839652
15163,-0.7308737758839652
15164,-0.4407091230093306
15165,-0.4407091230093306
15166,-0.4407091230093306
15167,-0.4407091230093306
15168,-0.4407091230093306
15169,-0.4407091230093306
15170,-0.4407091230093306
15171,-0.4407091230093306
15172,-0.4407091230093306
15173,-0.4407091230093306
15174,-0.6807513921870612
15175,-0.6807513921870612
15176,-0.6807513921870612
15177,-0.6807513921870612
15178,-0.6807513921870612
15179,-0.6807513921870612
15180,-0.6807513921870612
15181,-0.6807513921870612
15182,-0.6807513921870612
15183,-0.6807513921870612
15184,-0.386383374802608
15185,-0.2838502873724531
15186,0.11177342937079032
15187,0.11177342937079032
15188,0.11177342937079032
15189,0.11177342937079032
15190,0.06498346227712197
15191,0.06498346227712197
15192,0.06498346227712197
15193,0.06498346227712197
15194,0.06521129899869856
15195,0.06521129899869856
15196,0.06521129899869856
15197,0.06521129899869856
15198,-0.019798437961299875
15199,-0.019798437961299875
15200,-0.019798437961299875
15201,-0.019798437961299875
15202,0.02351454566351282
15203,0.02351454566351282
15204,0.02351454566351282
15205,0.02351454566351282
15206,-0.005777862689549038
15207,-0.005777862689549038
15208,-0.005777862689549038
15209,-0.005777862689549038
15216,-1.3019278277585868
15217,-1.3019278277585868
15218,-1.3019278277585868
15223,-0.7234979584575703
15224,-0.7234979584575703
15225,-0.7234979584575703
15230,-0.636572869224956
15231,-0.636572869224956
15232,-0.636572869224956
15237,-0.1411554281253445
15238,-0.1411554281253445
15239,-0.1411554281253445
15245,0.8406275720373638
15246,0.6374681958262323
15247,0.9944205967909467
15248,0.7900096387492243
15253,0.9684180986668303
15254,0.9684180986668303
15255,0.9684180986668303
15256,0.9684180986668303
15257,0.9684180986668303
15258,0.9684180986668303
15259,0.9684180986668303
15260,0.9684180986668303
15261,0.5160118112881993
15262,0.41405236469018564
15263,-0.034931308948974504
15264,-0.034931308948974504
15265,-0.034931308948974504
15266,-0.034931308948974504
15267,-0.034931308948974504
15268,-0.04795181796952408
15269,-0.04795181796952408
15270,-0.04795181796952408
15271,-0.04795181796952408
15272,-0.04795181796952408
15292,0.5434814846856431
15293,0.400500055833628
15294,0.276305877590987
15345,-0.8535138680963474
15346,-0.5278101021280992
15347,-0.9816948001565744
15348,0.02777414757153912
15349,-0.1585862669372783
15350,0.005219063342531083
15351,0.06392013247691919
15352,0.05899200272977623
15353,0.978346065124362
15354,0.5875383017044291
15355,-0.43397924720242326
15356,-0.9218866043083065
15357,-0.8831413286532547
15358,0.49968559974576404
15359,0.244615140391298
15360,0.503033614129177
15361,0.3904154763645915
15362,0.6381042848984684
15363,0.22860821255412578
15364,0.6363185624738645
15365,0.4737223963228755
15366,0.5905688394670394
15367,0.7273272214294144
15368,1.148501689537614
15369,0.9972134978412764
15370,0.4899596618471798
15371,0.44175828534071443
15372,0.4832034765613189
15381,-0.32722056220868323
15382,-0.09311731532701606
15383,-0.15361819250942332
15412,0.051204276901186035
15413,0.05668907060997244
15414,-0.017580851422204224
15415,-1.118538766223748
15416,0.4639284084313713
15417,0.261744312944593
15418,0.503652496684318
15419,0.503652496684318
15424,0.8310023224516646
15430,0.6488549165619394
15431,0.6488549165619394
15432,0.6488549165619394
15433,0.7315122158257492
15434,0.7315122158257492
15435,0.7315122158257492
15436,0.9326090236708836
15437,0.9326090236708836
15438,0.9326090236708836
15439,0.6265177589481994
15440,0.6265177589481994
15441,0.6265177589481994
15443,-0.9336439269597115
15478,0.5674262567772317
15479,0.5250385263858229
15480,1.0023708186288076
15481,0.9800414963708108
15490,1.8083368246457003
15491,1.8083368246457003
15492,1.7506144658164218
15493,1.7506144658164218
15497,2.0093279630198486
15511,0.6737381206887338
15512,0.6737381206887338
15514,0.3249982993530869
15515,0.3249982993530869
15517,0.8857682871334096
15518,0.8857682871334096
15520,0.5839150533083536
15521,0.5839150533083536
15523,0.16035666390133899
15524,0.16035666390133899
15526,0.4309782142295596
15527,0.4309782142295596
15529,-0.8219298677325203
15530,-0.8219298677325203
15532,0.7703156312905355
15533,0.7703156312905355
15553,-0.10310477594515899
15554,0.05390741474023064
15555,-0.07090849578565239
15556,-0.04319956042407458
15557,-0.022962132982145222
15558,0.17964500548566098
15559,0.19615043097771767
15560,0.46041838546505437
15561,0.46041838546505437
15562,-0.8758653375590899
15563,-0.7288130034767984
15564,-0.741722414064387
15565,-0.7431062298973998
15566,-0.49984331902614587
15567,-0.6466446780468654
15568,-0.7704314068851924
15569,-0.7300935658260777
15570,-0.40220218411568454
15571,-0.40220218411568454
15572,-0.40220218411568454
15573,-0.40220218411568454
15574,-0.40220218411568454
15576,-0.3985887884969033
15577,-0.3985887884969033
15578,-0.3985887884969033
15579,-0.3985887884969033
15580,-0.3985887884969033
15584,-0.7212124722758264
15585,-0.7212124722758264
15586,-0.7212124722758264
15589,0.7102587327204695
15594,-0.12680624156327092
15600,0.9385654864264107
15601,0.9385654864264107
15629,-0.19353978956150628
15630,0.695654225289718
15631,0.5532532631295705
15632,0.31750380118890886
15633,0.945559597212104
15639,-0.19353978956150628
15640,0.695654225289718
15641,0.5532532631295705
15642,0.31750380118890886
15643,0.945559597212104
15644,-0.19353978956150628
15645,0.695654225289718
15646,0.5532532631295705
15647,0.31750380118890886
15648,0.945559597212104
15649,-0.19353978956150628
15650,0.695654225289718
15651,0.5532532631295705
15652,0.31750380118890886
15653,0.945559597212104
15654,-0.19353978956150628
15655,0.695654225289718
15656,0.5532532631295705
15657,0.31750380118890886
15658,0.945559597212104
15659,-0.19353978956150628
15660,0.695654225289718
15661,0.5532532631295705
15662,0.31750380118890886
15663,0.945559597212104
15664,-0.19353978956150628
15665,0.695654225289718
15666,0.5532532631295705
15668,-0.19353978956150628
15669,0.695654225289718
15670,0.5532532631295705
15671,0.7044274988944228
15672,0.31750380118890886
15673,0.945559597212104
15674,-0.14464210444463027
15675,0.10880591581867594
15676,0.06457814563109482
15677,0.2514706558549884
15680,0.2514706558549884
15681,0.2514706558549884
15682,0.2514706558549884
15683,0.2514706558549884
15684,0.556558160888669
15685,0.556558160888669
15686,0.556558160888669
15687,0.556558160888669
15688,0.5336316897936146
15689,0.5336316897936146
15690,0.5336316897936146
15691,0.5336316897936146
15725,0.6259322236778717
15726,0.6259322236778717
15727,0.6259322236778717
15732,-0.8039797951754677
15733,0.8750664823511911
15734,0.5686355558095653
15735,0.37312057941131005
15736,0.8763005982116288
15737,0.8763005982116288
15738,0.8763005982116288
15739,0.8763005982116288
15740,0.33526485222012814
15741,0.33526485222012814
15742,0.33526485222012814
15743,0.33526485222012814
15744,1.13303317639097
15745,1.13303317639097
15746,1.13303317639097
15747,1.13303317639097
15751,0.47715722707963526
15752,0.2203977294123048
15753,0.5686355558095653
15754,0.5315811787406071
15755,0.4124545301417914
15756,0.4124545301417914
15757,0.4124545301417914
15758,0.5648344806705428
15759,0.5648344806705428
15760,0.5648344806705428
15762,-0.21205537713839445
15771,-0.21205537713839445
15772,0.509949388102968
15773,0.6035734395762433
15774,0.33001712682101625
15775,0.509949388102968
15776,0.509949388102968
15777,0.509949388102968
15778,0.509949388102968
15779,0.6238544228927269
15780,0.509949388102968
15781,0.6035734395762433
15782,0.4124545301417914
15783,0.33001712682101625
15785,1.1147015665941034
15787,1.1241682758402254
15789,1.1669007047404791
15790,1.1241682758402254
15791,1.1241682758402254
15792,1.1241682758402254
15793,0.4713548944103455
15794,0.4713548944103455
15795,0.4713548944103455
15796,0.4656186108605716
15797,0.4656186108605716
15798,0.4656186108605716
15799,0.43532920790206475
15800,0.43532920790206475
15801,0.43532920790206475
15810,0.6891904595484215
15811,0.9040681805428253
15812,0.927924515970336
15813,1.27680544693605
15814,1.4331073612415084
15815,1.27680544693605
15816,1.4331073612415084
15821,0.947016453386625
15822,0.947016453386625
15823,0.947016453386625
15824,0.8967915290437372
15825,0.8967915290437372
15826,0.8967915290437372
15827,0.9619335058959039
15828,0.9619335058959039
15829,0.9619335058959039
15830,0.9662365929703028
15831,0.9662365929703028
15832,0.9662365929703028
15833,0.4124545301417914
15834,0.6238544228927269
15835,0.8029642130053168
15836,0.6659700431273453
15837,0.6238544228927269
15838,0.8029642130053168
15839,0.6659700431273453
15846,0.2489654552951432
15847,0.41256593734659586
15848,-0.19481738232916088
15849,0.2821215231880458
15850,0.41256593734659586
15851,0.5083517570229743
15852,0.09996423298068507
15853,0.2489654552951432
15854,-0.19481738232916088
15855,-0.19481738232916088
15856,-0.19481738232916088
15857,-0.19481738232916088
15858,-0.19481738232916088
15859,-0.19481738232916088
15860,-0.19481738232916088
15861,0.2821215231880458
15862,0.2821215231880458
15863,0.2821215231880458
15864,0.2821215231880458
15865,0.2821215231880458
15866,0.2821215231880458
15867,0.2821215231880458
15868,0.41256593734659586
15869,0.41256593734659586
15870,0.41256593734659586
15871,0.41256593734659586
15872,0.41256593734659586
15873,0.41256593734659586
15874,0.5083517570229743
15875,0.5083517570229743
15876,0.5083517570229743
15877,0.5083517570229743
15878,0.5083517570229743
15879,0.5083517570229743
15880,0.5083517570229743
15881,0.09996423298068507
15882,0.09996423298068507
15883,0.09996423298068507
15884,0.09996423298068507
15885,0.09996423298068507
15886,0.09996423298068507
15887,0.09996423298068507
15888,0.2489654552951432
15889,0.2489654552951432
15890,0.2489654552951432
15891,0.2489654552951432
15892,0.2489654552951432
15893,0.2489654552951432
15894,0.3035869003677657
15895,0.25774072802513315
15896,0.3684844654331625
15897,0.3035869003677657
15898,0.25774072802513315
15899,0.3684844654331625
15900,0.3035869003677657
15901,0.25774072802513315
15902,0.3684844654331625
15903,0.4241962064800664
15904,0.680593641669546
15905,0.40868475577328134
15906,0.609612294307885
15907,0.606344365295309
15908,0.36794788162381614
15909,0.606344365295309
15910,0.606344365295309
15911,0.36794788162381614
15912,0.36794788162381614
15913,0.5792572045781835
15914,0.8500997449796786
15915,0.6101797951383414
15916,0.769477216106859
15917,0.1140205358878448
15919,-0.03218732724641732
15921,-0.16604801074264944
15923,0.1140205358878448
15924,-0.03218732724641732
15925,-0.16604801074264944
15937,0.6823387256798419
15938,0.6823387256798419
15939,0.6945031740050263
15940,0.6945031740050263
15941,0.7889719664464179
15942,0.7889719664464179
15943,0.7889719664464179
15944,0.7889719664464179
15945,1.0220115851131775
15946,1.0963502797882594
15947,0.7362682456485503
15948,0.06870640309478176
15949,1.0220115851131775
15950,1.0963502797882594
15951,0.7362682456485503
15952,0.06870640309478176
15957,0.9197746887413809
15958,0.9703188455860894
15959,0.7517347950327746
15960,0.5765369862135973
15961,-0.12386887254863789
15967,0.39657606781279886
15968,0.3735461558199115
15969,0.42109313422138106
15973,0.38819536754248846
15974,-0.3550190559154677
15975,0.5666675429356869
15976,0.19373103864416863
15977,0.6263872858602184
15978,0.3857724490809565
15979,0.649009402593614
15980,0.9815903026858863
15981,0.649009402593614
15982,0.9815903026858863
15983,0.649009402593614
15984,0.649009402593614
15985,0.649009402593614
15986,0.649009402593614
15987,0.9815903026858863
15988,0.9815903026858863
15989,0.9815903026858863
15990,0.9815903026858863
15991,0.8406275720373638
15992,0.9008355943432513
15993,0.9619477262473917
15994,0.8319791484963402
15995,0.8648490352941922
15996,0.8319791484963402
15997,0.8648490352941922
15998,0.9692107937309271
16000,0.9692107937309271
16001,0.5511184373358573
16002,0.5511184373358573
16003,0.5511184373358573
16004,1.1146702681217375
16005,-0.23994971825399924
16006,-0.01402665162072142
16007,-0.05936011161880313
16011,0.4297254032441994
16012,0.508192598802153
16013,0.7078994961123599
16014,0.7700559772256905
16015,0.4297254032441994
16016,0.508192598802153
16017,0.7078994961123599
16018,0.7700559772256905
16019,0.4297254032441994
16020,0.508192598802153
16021,0.7078994961123599
16022,0.7700559772256905
16023,0.46738631368444056
16024,0.5162499497931912
16025,0.6153596743338912
16026,0.46738631368444056
16027,0.5162499497931912
16028,0.6153596743338912
16029,-0.060822916613857636
16030,0.9081610952420964
16031,0.5967021722858232
16032,0.9081610952420964
16033,0.5967021722858232
16034,0.9081610952420964
16035,0.5967021722858232
16040,0.5655426607546455
16041,0.5510587972906229
16044,0.22637005017953293
16045,0.48807544549241555
16046,0.676602113880257
16047,0.3602667811805455
16048,0.3592594131129785
16051,0.3026271135245251
16052,0.11963308162784675
16053,-0.14356182445524557
16057,0.811873623783701
16058,0.7141090887805914
16059,0.5592866961634353
16060,0.6063341109966212
16061,0.5592866961634353
16062,0.6063341109966212
16063,0.5592866961634353
16064,0.6063341109966212
16065,0.41244009179955615
16066,0.40868475577328134
16067,0.3829228562407573
16068,0.527482320120872
16073,0.27013083365170454
16074,0.3051278510803897
16075,0.3325745934257389
16076,0.37459953973787363
16077,0.6259322236778717
16078,0.8319109279602744
16079,0.8144476112640725
16080,1.0087148795968868
16081,0.7945560142025848
16082,0.5639749833311078
16083,0.7741437991904998
16084,0.8086537101368327
16085,1.0853717283325324
16086,0.7945560142025848
16087,0.5639749833311078
16088,0.7741437991904998
16089,0.8086537101368327
16090,1.0853717283325324
16091,0.7945560142025848
16092,0.5639749833311078
16093,0.7741437991904998
16094,0.8086537101368327
16095,1.0853717283325324
16096,0.7945560142025848
16097,0.5639749833311078
16098,0.7741437991904998
16099,0.8086537101368327
16100,1.0853717283325324
16101,0.7945560142025848
16102,0.5639749833311078
16103,0.7741437991904998
16104,0.8086537101368327
16105,1.0853717283325324
16106,0.6195898767073904
16107,0.6195898767073904
16108,0.6195898767073904
16109,0.6195898767073904
16110,0.6195898767073904
16111,0.6201451690848312
16112,0.6201451690848312
16113,0.6201451690848312
16114,0.6201451690848312
16115,0.6201451690848312
16116,-0.5088204220422745
16117,0.4269081578698843
16118,-0.016237111837761803
16119,0.5138421831434997
16123,0.3590539210081036
16124,0.3053687043069832
16127,0.3590539210081036
16128,0.3053687043069832
16134,-0.18335333065217585
16135,-0.18335333065217585
16136,-0.18335333065217585
16137,0.7086343209185447
16142,-0.3839216415937747
16143,-0.3839216415937747
16144,-0.3839216415937747
16145,0.10769391965682426
16146,0.10769391965682426
16147,0.10769391965682426
16148,0.7086343209185447
16149,0.1427308351230652
16150,0.1427308351230652
16151,0.1427308351230652
16152,0.3773995550604251
16153,0.3773995550604251
16154,0.3773995550604251
16155,0.2930250061559478
16169,0.22632798313225702
16170,0.22632798313225702
16171,0.22632798313225702
16172,0.22632798313225702
16173,0.042237408316681074
16174,0.042237408316681074
16175,0.042237408316681074
16176,0.042237408316681074
16177,0.5460846068870417
16178,0.5460846068870417
16179,0.5460846068870417
16180,0.5460846068870417
16181,0.5467540017722814
16182,0.5467540017722814
16183,0.4249830289261503
16184,0.4249830289261503
16185,0.20903887135298072
16186,0.20903887135298072
16196,-0.4833778809060724
16197,-0.4833778809060724
16199,-0.5841065697513216
16200,-0.5841065697513216
16201,-0.21434333336290554
16202,-0.21434333336290554
16203,-0.21434333336290554
16204,-0.23885605783945996
16205,-0.23885605783945996
16206,-0.23885605783945996
16207,0.8402283725797636
16208,-0.4833778809060724
16209,-0.5841065697513216
16210,0.8402283725797636
16211,0.1502561522246078
16212,0.1502561522246078
16213,0.1502561522246078
16214,0.1502561522246078
16215,0.1502561522246078
16216,0.1502561522246078
16217,0.1502561522246078
16218,0.1502561522246078
16219,0.1502561522246078
16220,0.1502561522246078
16221,0.1502561522246078
16222,0.1502561522246078
16223,0.1502561522246078
16224,0.1502561522246078
16225,0.1502561522246078
16226,0.1502561522246078
16227,0.1502561522246078
16228,0.1502561522246078
16229,0.1502561522246078
16230,0.1502561522246078
16231,0.1502561522246078
16232,0.1502561522246078
16233,0.1502561522246078
16234,0.1502561522246078
16235,0.1502561522246078
16236,0.1502561522246078
16237,0.1502561522246078
16238,0.1502561522246078
16239,0.1502561522246078
16240,0.1502561522246078
16241,0.1502561522246078
16242,0.1502561522246078
16243,0.1502561522246078
16244,0.1502561522246078
16245,0.1502561522246078
16246,0.1502561522246078
16247,0.1502561522246078
16248,0.1502561522246078
16249,0.1502561522246078
16250,0.1502561522246078
16251,0.1502561522246078
16252,0.1502561522246078
16253,0.1502561522246078
16254,0.1502561522246078
16255,0.1502561522246078
16256,0.1502561522246078
16257,0.1502561522246078
16258,0.1502561522246078
16259,0.1502561522246078
16260,0.1502561522246078
16261,0.1502561522246078
16262,0.1502561522246078
16263,0.1502561522246078
16264,0.1502561522246078
16265,0.1502561522246078
16266,0.1502561522246078
16267,0.1502561522246078
16268,0.1502561522246078
16269,0.1502561522246078
16270,0.1502561522246078
16271,0.1502561522246078
16272,0.1502561522246078
16273,0.1502561522246078
16274,0.1502561522246078
16275,0.1502561522246078
16276,0.1502561522246078
16277,0.1502561522246078
16278,0.1502561522246078
16279,0.1502561522246078
16280,0.1502561522246078
16281,0.1502561522246078
16282,0.1502561522246078
16283,0.1502561522246078
16284,0.1502561522246078
16285,0.1502561522246078
16286,0.1502561522246078
16287,0.1502561522246078
16288,0.1502561522246078
16289,0.1502561522246078
16290,0.1502561522246078
16291,0.1502561522246078
16292,0.1502561522246078
16293,0.1502561522246078
16294,0.1502561522246078
16295,0.1502561522246078
16296,0.1502561522246078
16297,0.1502561522246078
16298,0.1502561522246078
16299,0.1502561522246078
16300,0.1502561522246078
16301,0.1502561522246078
16302,0.1502561522246078
16303,0.1502561522246078
16304,0.1502561522246078
16305,0.1502561522246078
16306,0.1502561522246078
16307,0.1502561522246078
16308,0.1502561522246078
16309,0.1502561522246078
16310,0.1502561522246078
16311,0.1502561522246078
16312,0.1502561522246078
16313,0.1502561522246078
16314,0.1502561522246078
16315,0.1502561522246078
16316,0.1502561522246078
16317,0.1502561522246078
16318,0.1502561522246078
16319,0.1502561522246078
16320,0.1502561522246078
16321,0.1502561522246078
16322,0.1502561522246078
16323,0.1502561522246078
16324,0.1502561522246078
16325,0.1502561522246078
16326,0.1502561522246078
16327,0.1502561522246078
16328,0.1502561522246078
16329,0.1502561522246078
16330,0.1502561522246078
16331,0.1502561522246078
16332,0.1502561522246078
16333,0.1502561522246078
16334,0.1502561522246078
16335,0.1502561522246078
16336,0.1502561522246078
16337,0.1502561522246078
16338,0.1502561522246078
16339,0.1502561522246078
16340,0.1502561522246078
16341,0.1502561522246078
16342,0.1502561522246078
16343,0.1502561522246078
16344,0.1502561522246078
16345,0.1502561522246078
16346,0.1502561522246078
16347,0.1502561522246078
16348,0.1502561522246078
16349,0.1502561522246078
16350,0.1502561522246078
16351,0.1502561522246078
16352,0.1502561522246078
16353,0.1502561522246078
16354,0.1502561522246078
16355,0.1502561522246078
16356,0.1502561522246078
16357,0.1502561522246078
16358,0.1502561522246078
16359,0.1502561522246078
16360,0.1502561522246078
16361,0.1502561522246078
16362,0.1502561522246078
16363,0.1502561522246078
16364,0.1502561522246078
16365,0.1502561522246078
16366,0.1502561522246078
16367,0.1502561522246078
16368,0.1502561522246078
16369,0.1502561522246078
16370,0.1502561522246078
16371,0.1502561522246078
16372,0.1502561522246078
16373,0.1502561522246078
16374,0.1502561522246078
16375,0.1502561522246078
16376,0.1502561522246078
16377,0.1502561522246078
16378,0.1502561522246078
16379,0.1502561522246078
16380,0.1502561522246078
16381,0.1502561522246078
16382,0.1502561522246078
16383,0.1502561522246078
16384,0.1502561522246078
16385,0.1502561522246078
16386,0.1502561522246078
16387,0.1502561522246078
16388,0.1502561522246078
16389,0.1502561522246078
16390,0.1502561522246078
16391,0.1502561522246078
16392,0.1502561522246078
16393,0.1502561522246078
16394,0.1502561522246078
16395,0.1502561522246078
16396,0.1502561522246078
16397,0.1502561522246078
16398,0.1502561522246078
16399,0.1502561522246078
16400,0.1502561522246078
16401,0.1502561522246078
16402,0.1502561522246078
16403,0.1502561522246078
16404,0.1502561522246078
16405,0.1502561522246078
16406,0.1502561522246078
16407,0.1502561522246078
16408,0.1502561522246078
16409,0.1502561522246078
16410,0.1502561522246078
16411,0.1502561522246078
16412,0.1502561522246078
16413,0.1502561522246078
16414,0.1502561522246078
16415,0.1502561522246078
16416,0.1502561522246078
16417,0.1502561522246078
16418,0.1502561522246078
16419,0.1502561522246078
16420,0.1502561522246078
16421,0.1502561522246078
16422,0.1502561522246078
16423,0.1502561522246078
16424,0.1502561522246078
16425,0.1502561522246078
16426,0.1502561522246078
16427,0.1502561522246078
16428,0.1502561522246078
16429,0.1502561522246078
16430,0.1502561522246078
16431,0.1502561522246078
16432,0.1502561522246078
16433,0.1502561522246078
16434,0.1502561522246078
16435,0.1502561522246078
16436,0.1502561522246078
16437,0.1502561522246078
16438,0.1502561522246078
16439,0.1502561522246078
16440,0.1502561522246078
16441,0.1502561522246078
16442,0.1502561522246078
16443,0.1502561522246078
16444,0.1502561522246078
16445,0.1502561522246078
16446,0.1502561522246078
16447,0.1502561522246078
16448,0.1502561522246078
16449,0.1502561522246078
16450,0.1502561522246078
16451,0.1502561522246078
16452,0.1502561522246078
16453,0.1502561522246078
16454,0.1502561522246078
16455,0.1502561522246078
16456,0.1502561522246078
16457,0.1502561522246078
16458,0.1502561522246078
16459,0.1502561522246078
16460,0.1502561522246078
16461,0.1502561522246078
16462,0.1502561522246078
16463,0.1502561522246078
16464,0.1502561522246078
16465,0.1502561522246078
16466,0.1502561522246078
16467,0.1502561522246078
16468,0.1502561522246078
16469,0.1502561522246078
16470,0.1502561522246078
16471,0.1502561522246078
16472,0.1502561522246078
16473,0.1502561522246078
16474,0.1502561522246078
16475,0.1502561522246078
16476,0.1502561522246078
16477,0.1502561522246078
16478,0.1502561522246078
16479,0.1502561522246078
16480,0.1502561522246078
16481,0.1502561522246078
16482,0.1502561522246078
16483,0.1502561522246078
16484,0.1502561522246078
16485,0.1502561522246078
16486,0.1502561522246078
16487,0.1502561522246078
16488,0.1502561522246078
16489,0.1502561522246078
16490,0.1502561522246078
16491,0.1502561522246078
16492,0.1502561522246078
16493,0.1502561522246078
16494,0.1502561522246078
16495,0.1502561522246078
16496,0.1502561522246078
16497,0.1502561522246078
16498,0.1502561522246078
16499,0.1502561522246078
16500,0.1502561522246078
16501,0.1502561522246078
16502,0.1502561522246078
16503,0.1502561522246078
16504,0.1502561522246078
16505,0.1502561522246078
16506,0.1502561522246078
16507,0.1502561522246078
16508,0.1502561522246078
16509,0.1502561522246078
16510,0.1502561522246078
16511,0.1502561522246078
16512,0.1502561522246078
16513,0.1502561522246078
16514,0.1502561522246078
16515,0.1502561522246078
16516,0.1502561522246078
16517,0.1502561522246078
16518,0.1502561522246078
16519,0.1502561522246078
16520,0.1502561522246078
16521,0.1502561522246078
16522,0.1502561522246078
16523,0.1502561522246078
16524,0.1502561522246078
16525,0.1502561522246078
16526,0.1502561522246078
16527,0.1502561522246078
16528,0.1502561522246078
16529,0.1502561522246078
16530,0.1502561522246078
16531,0.1502561522246078
16532,0.1502561522246078
16533,0.1502561522246078
16534,0.1502561522246078
16535,0.1502561522246078
16536,0.1502561522246078
16537,0.1502561522246078
16538,0.1502561522246078
16539,0.1502561522246078
16540,0.1502561522246078
16541,0.1502561522246078
16542,0.1502561522246078
16543,0.1502561522246078
16544,0.1502561522246078
16545,0.1502561522246078
16547,0.46767759853193847
16568,0.5915715511506441
16569,0.8426541579774753
16570,1.1331558777495452
16571,1.1942579019704609
16572,1.0887772291558246
16573,1.265302355099308
16574,1.3345985042623265
16601,0.8935527273070596
16615,-0.1035838510695872
16616,0.7009910611064223
16617,0.22615821816282947
16618,0.03867918798755509
16620,0.42457524823388615
16621,1.059299569101452
16622,1.1676976531667422
16623,0.9406258873937485
16625,1.4429425274633532
16644,0.8541799054410866
16645,0.32184118696309955
16646,0.3771526883773397
16647,0.47645553443358796
16648,0.7562731579412715
16652,1.279298885535252
16661,-0.4354337407265732
16662,-0.4354337407265732
16663,-0.4354337407265732
16664,-0.4354337407265732
16665,-0.4354337407265732
16666,-0.4354337407265732
16667,-0.4354337407265732
16668,-0.4354337407265732
16669,-0.4354337407265732
16670,-0.006645806186168252
16671,-0.006645806186168252
16672,-0.006645806186168252
16673,-0.006645806186168252
16674,-0.006645806186168252
16675,-0.006645806186168252
16676,-0.006645806186168252
16677,-0.006645806186168252
16678,-0.006645806186168252
16700,-0.979225192336455
16701,-0.979225192336455
16702,-0.979225192336455
16703,-0.979225192336455
16704,-0.979225192336455
16705,-0.979225192336455
16706,-0.979225192336455
16707,-0.979225192336455
16708,0.10996420850205244
16709,0.10996420850205244
16710,0.10996420850205244
16711,0.10996420850205244
16712,0.10996420850205244
16713,0.10996420850205244
16714,0.10996420850205244
16715,0.10996420850205244
16716,0.10996420850205244
16717,0.10996420850205244
16718,0.10996420850205244
16719,0.10996420850205244
16720,0.10996420850205244
16721,0.10996420850205244
16722,0.10996420850205244
16723,0.3484843911513254
16724,0.3484843911513254
16725,0.3484843911513254
16726,0.3484843911513254
16727,0.3484843911513254
16728,0.3484843911513254
16729,0.3484843911513254
16730,0.3484843911513254
16731,0.3484843911513254
16732,0.3484843911513254
16733,0.3484843911513254
16734,0.3484843911513254
16735,0.3484843911513254
16736,0.3484843911513254
16737,0.3484843911513254
16738,0.1125289909218282
16739,0.1125289909218282
16740,0.1125289909218282
16741,0.1125289909218282
16742,0.1125289909218282
16743,0.1125289909218282
16744,0.1125289909218282
16745,0.1125289909218282
16746,0.1125289909218282
16747,0.1125289909218282
16748,0.1125289909218282
16749,0.1125289909218282
16750,0.1125289909218282
16751,0.1125289909218282
16752,0.1125289909218282
16753,0.11432870541104126
16754,0.11432870541104126
16755,0.11432870541104126
16756,0.11432870541104126
16757,0.11432870541104126
16758,0.11432870541104126
16759,0.11432870541104126
16760,0.11432870541104126
16761,0.11432870541104126
16762,0.11432870541104126
16763,0.11432870541104126
16764,0.11432870541104126
16765,0.11432870541104126
16766,0.11432870541104126
16767,0.11432870541104126
16768,0.4392016866106148
16769,0.4392016866106148
16770,0.4392016866106148
16771,0.4392016866106148
16772,0.4392016866106148
16773,0.4392016866106148
16774,0.4392016866106148
16775,0.4392016866106148
16776,0.4392016866106148
16777,0.4392016866106148
16778,-0.5465912354686912
16779,-0.5465912354686912
16780,-0.5465912354686912
16781,-0.5465912354686912
16782,-0.034835178023969265
16783,-0.034835178023969265
16784,-0.034835178023969265
16785,-0.034835178023969265
16786,-0.08656969059990652
16787,-0.08656969059990652
16788,-0.08656969059990652
16789,-0.08656969059990652
16801,0.7972955585564308
16802,0.7771680220066253
16803,0.6859585713292143
16811,-0.636714168526397
16812,0.7969058019447789
16813,-0.636714168526397
16814,0.7969058019447789
16853,-0.9667115328420495
16854,-0.9667115328420495
16855,-0.9667115328420495
16856,-0.9667115328420495
16857,-0.9667115328420495
16858,-0.9667115328420495
16859,-0.9667115328420495
16860,-0.9667115328420495
16861,-0.9667115328420495
16862,-0.9667115328420495
16863,-0.9667115328420495
16864,-0.9667115328420495
16865,-0.09525302763752497
16866,-0.8066262169599404
16867,-1.2643323088367093
16868,-1.357993211623495
16869,-1.3675128904623932
16870,-1.3044685486860172
16871,-1.2306544733514508
16872,-1.1574139774195076
16873,2.7407473910683264
16874,3.662587698164121
16875,2.7836409422837423
16876,-0.44404194338978975
16878,-0.44404194338978975
16879,-0.44404194338978975
16893,-1.0497883756348303
16906,-0.6117162987577538
16908,-0.6117162987577538
16972,3.7911461530343864
16973,3.7911461530343864
16974,-0.9127932143862427
16975,-1.0572914197787993
16976,-0.9652795683167067
16977,-0.952240981790952
16978,-0.4072718725336478
16979,-0.9755203995115084
16980,-0.9904584172534481
16981,-0.8891207358160114
16982,-1.0337634074025623
16983,-0.7829389274446448
16984,-1.0572914197787993
16985,-0.9652795683167067
16986,-0.952240981790952
16987,-0.4072718725336478
16988,-0.9755203995115084
16989,-0.9904584172534481
16990,-0.8891207358160114
16991,-1.0337634074025623
16992,-0.7829389274446448
16993,-0.470495428210521
16994,-1.356191472310027
16995,-0.028223385272271834
16996,-1.329807266918908
16997,-0.5698102875670163
16998,-1.3794527425872312
16999,-0.398396580474655
17000,-0.3308450089145834
17001,-0.7580243830131641
17002,-1.3050718034802375
17003,-0.9431591544949179
17004,-0.5560890954824178
17005,-1.4504371030413734
17006,-1.358077481654421
17007,0.9481329852562556
17008,-0.7899753670557493
17009,-0.3476040925634397
17010,-0.5370411971549882
17011,-1.0757130514859474
17012,-0.9683540985252288
17013,-0.3855944188979908
17014,-1.145159779984451
17015,-0.8104493609684125
17016,-0.819070490718634
17017,-1.1456489155535032
17018,-0.44666459561316557
17019,-0.8195800010148113
17022,0.8156244124462123
17023,0.652204061761983
17030,-0.1325370053386299
17031,-0.1495172917454271
17032,-0.12098029975219698
17033,-0.14015821586361604
17034,-0.15134272827802314
17035,-0.14426907949482948
17044,0.19185249519083464
17045,-0.03647489710997131
17046,0.2079425834555106
17047,-0.12466586881324468
17048,-0.1532516367835432
17049,0.44329967762380196
17050,0.4125323404007756
17051,0.1620904580015694
17052,0.44329967762380196
17053,0.44329967762380196
17054,0.44329967762380196
17055,0.44329967762380196
17056,0.44329967762380196
17057,0.4125323404007756
17058,0.4125323404007756
17059,0.4125323404007756
17060,0.4125323404007756
17061,0.4125323404007756
17070,-1.0421738881112859
17085,-0.6330536952016985
17091,0.16840515089001876
17092,0.9700541615180117
17093,0.16840515089001876
17096,0.023605034207854536
17098,0.02348768757497033
17099,-0.04181668840452307
17100,0.023605034207854536
17101,0.15207255897686917
17106,0.6248752606075936
17107,0.6248752606075936
17108,0.6248752606075936
17131,0.6195033476818395
17132,0.6377224180863594
17141,0.651909458858539
17142,0.7302419622947844
17143,0.8650702347111245
17144,0.7957480935887705
17145,0.9581604105579384
17157,0.4727085712953556
17158,-0.9064670510511618
17159,0.6106717837842387
17160,-1.0164384590807825
17161,-0.6678544968204596
17162,0.8399867675333252
17163,0.42091153814009463
17164,-0.038401954729858384
17165,-0.1501851398462397
17166,0.9616702514573379
17167,0.9928976599914736
17168,-0.5837160638325406
17169,-0.5837160638325406
17170,-0.5837160638325406
17171,-0.5837160638325406
17172,-0.5837160638325406
17173,-0.5837160638325406
17174,-0.5837160638325406
17175,-0.5837160638325406
17176,-0.5837160638325406
17177,-0.5837160638325406
17178,-0.5837160638325406
17179,-0.5837160638325406
17180,-0.4047820940784872
17181,-0.4047820940784872
17182,-0.4047820940784872
17183,-0.4047820940784872
17184,-0.4047820940784872
17185,-0.4047820940784872
17186,-0.4047820940784872
17187,-0.4047820940784872
17188,-0.4047820940784872
17189,-0.4047820940784872
17190,-0.4047820940784872
17191,-0.4047820940784872
17192,-0.7379818730442226
17193,-0.7379818730442226
17194,-0.7379818730442226
17195,-0.7379818730442226
17196,-0.7379818730442226
17197,-0.7379818730442226
17198,-0.7379818730442226
17199,-0.7379818730442226
17200,-0.7379818730442226
17201,-0.7379818730442226
17202,-0.7379818730442226
17203,-0.7379818730442226
17204,-0.8619690878219365
17205,-0.8619690878219365
17206,-0.8619690878219365
17207,-0.8619690878219365
17208,-0.8619690878219365
17209,-0.8619690878219365
17210,-0.8619690878219365
17211,-0.8619690878219365
17212,-0.8619690878219365
17213,-0.8619690878219365
17214,-0.8619690878219365
17215,-0.8619690878219365
17216,0.005420880359894964
17217,0.005420880359894964
17218,0.005420880359894964
17219,0.005420880359894964
17220,0.005420880359894964
17221,0.005420880359894964
17222,0.005420880359894964
17223,0.005420880359894964
17224,0.005420880359894964
17225,0.005420880359894964
17226,0.005420880359894964
17227,0.005420880359894964
17228,-0.010850935210119539
17229,-0.010850935210119539
17230,-0.010850935210119539
17231,-0.010850935210119539
17232,-0.010850935210119539
17233,-0.010850935210119539
17234,-0.010850935210119539
17235,-0.010850935210119539
17236,-0.010850935210119539
17237,-0.010850935210119539
17238,-0.010850935210119539
17239,-0.010850935210119539
17240,0.4363736733681289
17241,0.4363736733681289
17242,0.4363736733681289
17243,0.4363736733681289
17244,0.4363736733681289
17245,0.4363736733681289
17246,0.4363736733681289
17247,0.4363736733681289
17248,0.4363736733681289
17249,0.4363736733681289
17250,0.4363736733681289
17251,0.4363736733681289
17259,0.190104622740502
17274,0.6820655387902623
17275,0.14051651428790124
17276,-0.36514395352876
17277,0.9439385960139831
17278,0.36162736760471026
17279,0.4029114654484547
17280,0.3963623307048112
17288,0.10840785287142948
17289,0.5974573582268452
17290,0.536736532068216
17291,0.10840785287142948
17292,0.5974573582268452
17293,0.536736532068216
17294,0.10840785287142948
17295,0.5974573582268452
17296,0.536736532068216
17297,1.0316474675505447
17298,0.69774146952412
17299,1.1982038506699464
17300,1.5581689019351468
17301,1.0316474675505447
17302,0.69774146952412
17303,1.1982038506699464
17304,1.5581689019351468
17305,0.719487389595245
17306,0.9058781276554664
17307,0.9058781276554664
17318,0.7717693018239332
17319,0.851596765029276
17320,0.9323138189967881
17331,0.8252543556766032
17332,1.2086862888780545
17333,0.5019524185465501
17334,-0.3601824617040573
17335,0.49461093035343057
17336,-0.13657992409257325
17365,0.21936259449837037
17366,0.1642921329885426
17367,0.1280179058852408
17368,-0.19392625548269724
17369,0.13960129970736124
17370,0.09454700191572038
17371,0.4787052618393052
17372,0.04807601641364498
17373,-0.3274772352774499
17374,-0.11268661121931484
17375,-0.019238978431683207
17376,0.08929130103963076
17377,0.2643299311749822
17378,0.1648917587841787
17379,0.5637507087890904
17380,0.6348664414781598
17381,1.0822342011751167
17382,0.055581232100746336
17383,-0.024607483436384747
17384,0.09461865236350414
17385,0.019148948564944313
17406,0.18190605122668782
17407,3.796245049498991
17411,0.8884502060464703
17412,0.8884502060464703
17413,1.136636534116478
17414,1.2080580212483798
17415,1.4309884987282193
17416,1.3193110351916577
17417,1.310247757228527
17418,1.5296307654315566
17419,1.0202783949806262
17424,0.9317968512918104
17425,0.8372187961283795
17426,0.8372187961283795
17427,1.0644923511535362
17464,-0.053080167946526924
17465,-0.053080167946526924
17466,0.11370963325485317
17467,0.11370963325485317
17474,0.18394743678796124
17544,0.13242029812011458
17545,0.13242029812011458
17546,0.13242029812011458
17605,0.5001192879149642
17606,1.5170518912067492
17607,-0.15647831979122606
17608,1.3122897456605436
17609,1.7190226403787752
17644,-1.6765328673962023
17645,-1.6765328673962023
17646,-1.6765328673962023
17647,-1.6765328673962023
17648,-1.6765328673962023
17674,1.4368583004234874
17675,1.5206048503630607
17695,1.069182015544
17696,1.069182015544
17698,0.1786902358033427
17699,0.1786902358033427
17700,0.1786902358033427
17702,0.20050324342424555
17703,0.20050324342424555
17704,0.20050324342424555
17706,-0.7405887339968179
17707,-0.7405887339968179
17709,0.14457028223727914
17710,0.14457028223727914
17711,0.14457028223727914
17870,1.6037494861404715
17871,1.7148642844280317
17898,1.3815455703513815
17899,1.5360403726450125
17900,1.3860366033591265
17901,1.4727620819567258
17902,1.3815455703513815
17903,1.5360403726450125
17904,1.3860366033591265
17905,1.4727620819567258
17906,1.3815455703513815
17907,1.5360403726450125
17908,1.3860366033591265
17909,1.4727620819567258
17910,1.3815455703513815
17911,1.5360403726450125
17912,1.3860366033591265
17913,1.4727620819567258
17914,1.3815455703513815
17915,1.5360403726450125
17916,1.3860366033591265
17917,1.4727620819567258
17918,-0.3588170912714014
17919,-0.27312374411630475
17920,0.03488513794358103
17921,0.09747928708782048
17922,0.39149817612257254
17923,0.42304881687609536
17998,0.44344424910433394
17999,0.3137117071285196
18000,0.596066212100943
18001,0.471896568210299
18002,0.4968733079934809
18003,0.13789101977524254
18004,0.21657399478063932
18005,0.2821658130440965
18006,0.4942619802378121
18007,0.14457305402513176
18008,0.44344424910433394
18009,0.3137117071285196
18010,0.596066212100943
18011,0.471896568210299
18012,0.4968733079934809
18013,0.13789101977524254
18014,0.21657399478063932
18015,0.2821658130440965
18016,0.4942619802378121
18017,0.14457305402513176
18018,0.44344424910433394
18019,0.3137117071285196
18020,0.596066212100943
18021,0.471896568210299
18022,0.4968733079934809
18023,0.13789101977524254
18024,0.21657399478063932
18025,0.2821658130440965
18026,0.4942619802378121
18027,0.14457305402513176
18028,0.44344424910433394
18029,0.3137117071285196
18030,0.596066212100943
18031,0.471896568210299
18032,0.4968733079934809
18033,0.13789101977524254
18034,0.21657399478063932
18035,0.2821658130440965
18036,0.4942619802378121
18037,0.14457305402513176
18050,-1.6648452599747108
18051,-1.6648452599747108
18052,-1.7041575343220947
18083,-1.1081099798339433
18084,-1.1081099798339433
18086,-1.1081099798339433
18087,-1.1081099798339433
18088,-1.1081099798339433
18094,-1.6648452599747108
18095,-1.6648452599747108
18097,-1.6648452599747108
18193,-0.39386779004372985
18194,-0.39386779004372985
18195,-0.39386779004372985
18196,-0.39386779004372985
18197,-0.39386779004372985
18198,-0.39386779004372985
18199,-0.7130139204690893
18200,-0.7130139204690893
18202,-0.7130139204690893
18203,-0.7130139204690893
18204,-0.7130139204690893
18205,0.05945149880835099
18206,0.05945149880835099
18208,0.05945149880835099
18209,0.05945149880835099
18210,0.05945149880835099
18211,0.5308608991409354
18212,0.5308608991409354
18214,0.5308608991409354
18215,0.5308608991409354
18216,0.5308608991409354
18217,0.1586681226461354
18218,0.1586681226461354
18220,0.1586681226461354
18221,0.1586681226461354
18222,0.1586681226461354
18223,0.31095585775759604
18224,0.31095585775759604
18226,0.31095585775759604
18227,0.31095585775759604
18228,0.31095585775759604
18229,-1.0070682391493815
18230,-1.0070682391493815
18232,-1.0070682391493815
18233,-1.0070682391493815
18234,-1.0070682391493815
18235,-0.8615197980490108
18236,-0.8615197980490108
18238,-0.8615197980490108
18239,-0.8615197980490108
18240,-0.8615197980490108
18241,-0.1184580461760606
18242,-0.1184580461760606
18244,-0.1184580461760606
18245,-0.1184580461760606
18246,-0.1184580461760606
18247,0.76453083414974
18248,0.76453083414974
18250,0.76453083414974
18251,0.76453083414974
18252,0.76453083414974
18253,0.14411084374909727
18254,0.14411084374909727
18256,0.14411084374909727
18257,0.14411084374909727
18258,0.14411084374909727
18259,0.5116220586529783
18260,0.5116220586529783
18262,0.5116220586529783
18263,0.5116220586529783
18264,0.5116220586529783
18265,-0.39386779004372985
18266,-0.7130139204690893
18267,0.05945149880835099
18268,0.5308608991409354
18269,0.1586681226461354
18270,0.31095585775759604
18271,-1.0070682391493815
18272,-0.8615197980490108
18273,-0.1184580461760606
18274,0.76453083414974
18275,0.14411084374909727
18276,0.5116220586529783
18300,-0.07639535342054504
18301,0.15707806904823812
18302,0.14773108787684125
18303,0.2431953758819665
18304,0.24011652097811242
18305,0.3188797380369514
18306,0.2213081178800123
18307,0.30592159297696625
18308,0.19539120472633842
18309,0.2907487860335186
18310,0.19596609392325826
18311,0.2983856155206125
18312,0.22543950377441896
18313,0.33785802680418087
18314,0.9810286958505705
18315,1.0649230028482306
18316,0.48072580407258647
18317,0.24011652097811242
18318,0.3188797380369514
18319,0.2213081178800123
18320,0.30592159297696625
18321,0.19539120472633842
18322,0.2907487860335186
18323,0.19596609392325826
18324,0.2983856155206125
18325,0.22543950377441896
18326,0.33785802680418087
18327,0.9810286958505705
18328,1.0649230028482306
18329,0.48072580407258647
18363,0.26586894838850306
18364,0.26586894838850306
18365,0.26586894838850306
18366,0.6912204532148535
18367,0.6912204532148535
18368,0.6912204532148535
18369,0.26586894838850306
18370,0.6912204532148535
18372,-0.4372016658341622
18382,-0.4372016658341622
18392,-0.4372016658341622
18402,-0.4372016658341622
18411,-0.4372016658341622
18414,-0.7345667486405872
18415,-1.0880766760499594
18416,-0.10063107962493162
18417,0.08348657855329067
18418,-0.6092292371119081
18419,0.436907513100833
18420,-0.05324678179276826
18421,0.23558923285290184
18422,-1.4670185369313082
18425,0.12213106223919487
18432,0.5276006202874317
18433,-0.7376824032794638
18434,0.2655122091605746
18435,0.5336662104751385
18436,0.5831875451694642
18437,0.46142674649209947
18438,0.3149609902768709
18439,0.4710058681475802
18440,0.5276006202874317
18441,-0.7376824032794638
18442,0.12213106223919487
18443,0.2655122091605746
18444,0.5336662104751385
18445,0.5831875451694642
18446,0.4710058681475802
18447,0.5276006202874317
18448,-0.7376824032794638
18449,0.12213106223919487
18450,0.46142674649209947
18451,0.3149609902768709
18452,0.5276006202874317
18453,-0.7376824032794638
18454,0.12213106223919487
18455,0.2655122091605746
18456,0.5336662104751385
18457,0.5831875451694642
18458,0.46142674649209947
18459,0.3149609902768709
18460,0.4710058681475802
18461,0.5276006202874317
18462,-0.7376824032794638
18463,0.12213106223919487
18464,0.2655122091605746
18465,0.5336662104751385
18466,0.5831875451694642
18467,0.46142674649209947
18468,0.3149609902768709
18469,0.4710058681475802
18470,0.5276006202874317
18471,-0.7376824032794638
18472,0.5276006202874317
18473,-0.7376824032794638
18474,0.12213106223919487
18490,0.5612939460573232
18491,0.19568882747532695
18492,0.380375065777873
18493,0.4502441148879025
18518,-0.4090842677432871
18528,0.42730832986387723
18548,0.8710930116659156
18549,0.8563928081760228
18550,0.7560513835984661
18551,0.7346134248125629
18552,0.8631478255570659
18553,0.8665659144693478
18554,0.20911853831920113
18555,0.1130341272486403
18564,0.8710930116659156
18565,0.8563928081760228
18566,0.7560513835984661
18567,0.7346134248125629
18568,0.8631478255570659
18569,0.8665659144693478
18570,0.20911853831920113
18571,0.1130341272486403
18611,-0.38974860469049033
18612,0.13019803120212095
18614,0.12491826995538996
18615,0.5090406520065093
18616,-0.8753396355813057
18619,0.13253270076290669
18621,-0.2854467488938676
18622,0.26761807801429355
18624,-0.6131337916696924
18628,0.021639421655388208
18630,-0.7200768410332792
18649,-0.08865245776700181
18650,0.11860581445730456
18651,-0.6065393485382893
18652,-0.6065393485382893
18654,-0.6065393485382893
18655,-0.6065393485382893
18660,-1.0489530223712202
18661,-1.0489530223712202
18668,-0.5346660839659352
18697,1.0207603768535811
18699,1.8314598041220373
18700,1.8314598041220373
18701,1.8314598041220373
18702,1.8846511870756482
18703,1.8846511870756482
18704,1.8846511870756482
18705,1.9184651770908645
18706,1.9184651770908645
18707,1.9184651770908645
18708,1.0207603768535811
18709,1.0207603768535811
18710,1.0207603768535811
18711,0.9162708347856439
18712,1.2185934128091562
18713,0.9385087437508242
18714,1.0467457355380339
18715,1.1619464837956046
18716,0.9385087437508242
18717,0.9385087437508242
18718,0.9385087437508242
18719,0.9385087437508242
18721,0.9385087437508242
18723,0.9162708347856439
18724,0.9162708347856439
18725,1.0467457355380339
18726,1.0467457355380339
18727,1.1619464837956046
18728,1.1619464837956046
18747,-0.45608896127549226
18748,-0.45608896127549226
18749,-0.45608896127549226
18750,-0.45608896127549226
18751,-0.45608896127549226
18752,-0.45608896127549226
18777,-0.15517103908429197
18778,-0.15517103908429197
18779,-0.15517103908429197
18780,-0.15517103908429197
18782,-0.15517103908429197
18783,-0.17015688068840562
18784,-0.17015688068840562
18785,-0.17015688068840562
18786,-0.17015688068840562
18788,-0.17015688068840562
18789,0.001623202648325217
18790,0.001623202648325217
18791,0.001623202648325217
18792,0.001623202648325217
18794,0.001623202648325217
18795,-0.9892213636290214
18796,-0.9892213636290214
18797,-0.9892213636290214
18798,-0.9892213636290214
18800,-0.9892213636290214
18801,0.2280391144480992
18802,0.2280391144480992
18803,0.2280391144480992
18804,0.2280391144480992
18806,0.2280391144480992
18807,-0.15517103908429197
18808,-0.17015688068840562
18809,0.001623202648325217
18810,-0.9892213636290214
18811,0.2280391144480992
18986,0.21114260846769484
18987,0.31353244980393685
18988,0.430807172553541
18989,0.33470555578171146
19053,-1.0078248492050834
19055,-0.0876562588406945
19057,-0.37287282804086147
19059,-0.6152445589097206
19069,-0.3418026452808875
19072,-0.5083009772560686
19073,-0.5083009772560686
19079,0.7933686653318053
19084,0.502663981398445
19085,0.4565336631848465
19086,0.662448387311493
19087,0.45502433823553234
19088,0.480803331203588
19108,-0.11972962433489867
19109,0.06972835607280845
19110,0.28439945928731275
19112,-1.1574051280118323
19114,-0.4309989619470269
19116,-0.14247217089801267
19120,-0.4309989619470269
19122,-0.14247217089801267
19125,0.06990215798536945
19126,-0.3012274842324858
19129,-0.6030423136616938
19130,-0.7141099913215253
19132,0.35731793529226163
19138,0.06990215798536945
19144,0.6050325553600467
19145,0.35731793529226163
19146,0.5962326318028233
19147,0.6490613389340694
19148,0.6586091290793884
19149,0.7131195804759299
19158,-0.03818813817126357
19159,-0.21442607612073378
19160,0.3556140850944519
19161,0.2945320983606654
19162,0.41358409888610637
19163,0.49940083624559284
19164,0.2620554476626332
19165,0.17832503201756816
19166,0.20390883510291113
19167,0.9705212256123648
19168,0.5154927823128905
19169,0.7229396055121771
19172,0.31341609232939893
19173,0.4392059888381997
19174,-0.02594128899348535
19177,0.986700789352805
19179,0.6719639291992334
19181,0.296353070930475
19183,0.22933695142514743
19184,0.9015856330658228
19185,0.5925819628971329
19186,-0.18381962930197054
19187,-0.2536281357908589
19188,-0.28926243495044146
19189,-0.2173514013205209
19190,-0.15864326846962493
19191,-0.22053227491831984
19192,-0.3689566753246536
19193,-0.1517720970488842
19194,0.3354835612106069
19195,0.36557673231026566
19196,-0.11962457138296037
19197,-0.054588083494278516
19198,0.9721688860198032
19199,0.5753124197790599
19219,-0.47491617283764564
19220,-0.8174950657240785
19221,-0.44263096638984967
19222,-0.6917401611412634
19223,-0.7521305396936027
19224,-0.9963332055453107
19225,-0.42875006263401294
19226,-0.6772482039603188
19243,1.3092121106742343
19287,0.3359481102264519
19288,0.3358281241462913
19289,0.34263878423673605
19296,0.8596549434462615
19297,0.8602587505292302
19298,0.8605704971496727
19299,0.20006762962420568
19300,-0.1908331404519187
19301,-0.17617145428579942
19302,1.137000276863614
19303,1.1265602531307795
19304,1.1238639369557153
19305,1.0426792051466736
19306,1.0486559722901343
19307,1.0511721325412178
19308,0.2892074753434379
19309,0.08945303044778363
19310,0.0980129067740372
19311,1.078938531250139
19312,1.0732739938183296
19313,1.0792007602722178
19314,0.8596549434462615
19315,0.8602587505292302
19316,0.8605704971496727
19317,0.20006762962420568
19318,-0.1908331404519187
19319,-0.17617145428579942
19320,1.137000276863614
19321,1.1265602531307795
19322,1.1238639369557153
19325,1.7368093570350065
19328,0.34867844764773437
19388,0.5923775757096899
19389,0.4087093742328574
19390,0.31148956482667356
19391,0.2466556481554938
19392,0.3916985992355184
19393,0.15453813817330497
19394,1.2819203002836808
19395,1.4225498299783614
19396,0.47282431694399046
19397,1.193986410395906
19412,-1.1447841576395996
19413,-0.6241634417326675
19414,-1.1141996830944296
19415,-0.3061079458777387
19416,-0.9705042798298551
19417,-0.714994614203127
19418,-0.5073933066161337
19419,-0.18691976044228947
19420,-0.847085915085938
19421,0.800607980490662
19422,0.8370904230970206
19423,0.5603001384911006
19424,0.44193785426930365
19425,0.372121281411872
19426,0.05708112132594851
19427,0.04328273300605048
19428,0.394437620829755
19438,-1.0290223098763434
19444,1.1113177979938744
19466,0.13056236985893493
19467,9.922088909142257e-05
19468,0.127287331560583
19469,0.3587745270684848
19470,0.893305034874276
19471,-0.7177172384183752
19472,-1.1415300574211895
19473,0.47993336532388675
19474,0.094737572034989
19475,0.12458833055656779
19476,0.008487348750749774
19477,-0.0490805662047621
19478,-0.029283992456670738
19479,-0.06425102022203931
19480,-0.09361473381356804
19481,-0.11645677232042281
19482,-0.08305388754518203
19483,0.1946159793118113
19484,0.06380631116470745
19485,0.00632913861370904
19486,0.0027498866587838677
19487,-0.03253277197329146
19492,-0.02421842958201903
19494,0.1946159793118113
19510,1.0470462950528052
19517,0.5429657744153604
19518,0.4579442029560707
19519,0.8393023949900598
19520,0.557365692089247
19521,0.47436418339828906
19522,0.8098609770730791
19523,0.5429657744153604
19524,0.4579442029560707
19525,0.8393023949900598
19526,0.557365692089247
19527,0.47436418339828906
19528,0.8098609770730791
19529,0.5429657744153604
19530,0.4579442029560707
19531,0.8393023949900598
19532,0.557365692089247
19533,0.47436418339828906
19534,0.8098609770730791
19535,0.09184971123323762
19536,0.2546357348154727
19537,-0.388047901847395
19538,-0.31741585114790727
19539,-0.3270035187225194
19540,-0.30945449760206745
19541,-0.023122805342296215
19542,-0.04881113693821382
19543,-0.4103550409126229
19544,-0.208108823740016
19545,-1.0903955879189182
19546,-0.4920489339095512
19547,-0.6182471936858271
19549,0.7431404003737297
19550,0.7431404003737297
19551,0.7431404003737297
19552,0.7431404003737297
19553,0.7431404003737297
19555,0.7428537069233672
19556,0.7428537069233672
19557,0.7428537069233672
19558,0.7428537069233672
19559,0.7428537069233672
19560,0.9664425418117845
19561,0.9665312907975581
19562,0.8542350710477904
19563,0.8539684442907148
19570,1.6259526527488999
19577,1.6259526527488999
19596,-1.342010515807028
19603,0.7746541657747557
19604,0.7746541657747557
19606,0.7746541657747557
19607,0.7746541657747557
19608,1.1454665797474834
19609,1.1454665797474834
19611,1.1454665797474834
19612,1.1454665797474834
19613,0.5016585955747783
19614,0.5016585955747783
19616,0.5016585955747783
19617,0.5016585955747783
19618,0.6792528028530304
19619,0.6792528028530304
19621,0.6792528028530304
19622,0.6792528028530304
19623,0.7835855158470706
19624,0.7835855158470706
19626,0.7835855158470706
19627,0.7835855158470706
19633,0.7400966993384768
19634,0.7861406720662021
19638,0.35082374852223824
19639,0.20202734119329485
19640,0.8083075961796604
19641,0.4182418506464519
19656,-0.4309989619470269
19657,-0.14247217089801267
19676,-0.44082106391158565
19680,-0.41175110681845234
19684,-0.8599238489393932
19696,2.264016040769091
19697,2.051382512559353
19698,2.129954050793697
19699,0.16117173584059308
19700,1.7898704979453979
19701,0.1099635008523211
19702,2.129954050793697
19703,2.129954050793697
19704,2.129954050793697
19710,0.6531254936000186
19721,-0.2771445728205799
19729,-1.2377236449247728
19730,-0.6621979207720028
19738,-1.2377236449247728
19739,-0.6621979207720028
19801,-0.730780834016082
19802,-0.03494821194770603
19803,-0.8811972379018184
19804,-0.09413756329221107
19805,0.3022582379661707
19806,0.3425439870878984
19807,0.1747654572191097
19808,0.1604439788455463
19809,0.511228959860466
19810,0.30982367795014115
19811,0.18741619918144042
19812,-0.24417369407406203
19813,-0.5343254070400838
19814,-0.2845904921462813
19815,0.11334920440442753
19816,-1.4835676754775875
19905,0.16792294838086974
19909,0.1612981233376165
19912,0.16099020834629837
19920,-0.010976793715757868
19921,-0.010976793715757868
19922,-0.010976793715757868
19923,-0.010976793715757868
19924,-0.010976793715757868
19925,-0.010976793715757868
19979,-0.8693927840664636
19980,0.4051766035305896
19981,0.4051766035305896
19982,0.4051766035305896
19983,0.4051766035305896
19984,0.4051766035305896
19985,0.4051766035305896
19986,0.4051766035305896
19987,0.4051766035305896
19988,0.4051766035305896
19989,0.4051766035305896
19990,0.4051766035305896
19991,0.4051766035305896
19992,0.13644143544052498
19993,0.13644143544052498
19994,0.13644143544052498
19995,0.13644143544052498
19996,0.13644143544052498
19997,0.13644143544052498
19998,0.13644143544052498
19999,0.13644143544052498
20000,0.13644143544052498
20001,0.13644143544052498
20002,0.13644143544052498
20003,0.13644143544052498
20004,0.005294099410476344
20005,0.005294099410476344
20006,0.005294099410476344
20007,0.005294099410476344
20008,0.005294099410476344
20009,0.005294099410476344
20010,0.005294099410476344
20011,0.005294099410476344
20012,0.005294099410476344
20013,0.005294099410476344
20014,0.005294099410476344
20015,0.005294099410476344
20020,0.7619049255807397
20028,0.7226227418072676
20034,0.9707250376464842
20035,1.1175807549014085
20040,1.5183090960387782
20041,1.6630951494834751
20043,1.1131153629716104
20044,0.04854086351853471
20045,-0.958100854372774
20046,0.06944200111477783
20047,0.3914605597823485
20048,1.1175807549014085
20049,-0.03485792974668733
20050,0.29777991099120166
20051,0.2948029607037639
20052,1.0270732241320917
20053,0.42490190142514195
20054,0.894758995674377
20064,0.3921925151317144
20071,-0.04593288947434687
20072,0.11030530629985041
20073,0.7500919578166779
20074,0.5251372547257184
20097,-0.41651606952997433
20122,0.2810686091470727
20123,0.8939058207207404
20124,0.2810686091470727
20125,0.8939058207207404
20148,-0.19770453958935758
20149,0.39989833881278725
20164,-0.020648433412033457
20169,-0.02759495201511855
20184,1.0326280470775195
20185,1.0326280470775195
20186,1.0326280470775195
20187,1.4662042334391334
20188,1.4662042334391334
20189,1.4662042334391334
20194,0.37083541055380653
20195,0.8883263828351576
20196,1.0190901999959343
20197,-0.410135203405436
20198,-0.29538959581998675
20199,0.11049821703935392
20200,0.20602134600893718
20201,-0.24381942522344194
20202,0.5112244643107048
20203,0.5546827941886647
20204,0.47207534231795606
20205,-0.17279827411122822
20206,-0.17279827411122822
20207,-0.17279827411122822
20208,-0.17279827411122822
20217,-0.26533064018740826
20218,0.11758272521839959
20219,0.2521051836139563
20220,0.24337144522206386
20221,0.5260855000856839
20222,0.11365274890461702
20223,0.497170281762651
20224,0.5926073331691822
20225,0.5837163338601778
20226,0.7981715953733106
20227,-0.2609986280590896
20228,0.1196593492634472
20229,0.2543163313300413
20230,0.2454401351428802
20231,0.5269835375515337
20232,0.06712795470707511
20233,0.4585669868041514
20234,0.5598448516386592
20235,0.5560156808347636
20236,0.7775921074421489
