Tag,acquisition_score
1,3.061937991122339e-07
2,1.2546063732067222e-07
3,0.000605449820469313
4,2.9114337218405375e-06
5,2.9114337218405375e-06
6,5.982063226502253e-08
7,5.982063226502253e-08
8,5.982063226502253e-08
9,5.982063226502253e-08
10,5.982063226502253e-08
11,7.194365861226508e-06
12,7.194365861226508e-06
13,7.194365861226508e-06
14,7.194365861226508e-06
15,7.194365861226508e-06
16,1.868176658318605e-05
17,1.868176658318605e-05
18,1.868176658318605e-05
19,1.868176658318605e-05
20,4.9339797965116465e-05
21,4.9339797965116465e-05
22,4.9339797965116465e-05
23,4.9339797965116465e-05
24,4.9339797965116465e-05
25,2.1274241710450598e-05
26,2.1274241710450598e-05
27,2.1274241710450598e-05
28,2.4054633869598603e-07
29,1.2351118733436142e-06
30,3.088414211062998e-05
31,7.694460491666235e-08
32,5.426002694210787e-07
33,0.0002648054694943503
34,0.0002848214271187763
35,7.721173021334083e-05
36,1.7485059283401558e-05
37,0.0002848214271187763
38,0.0002648054694943503
39,7.721173021334083e-05
40,0.0017664444256551795
41,1.7485059283401558e-05
42,0.0002848214271187763
43,7.721173021334083e-05
44,0.0017664444256551795
45,0.0002848214271187763
46,7.721173021334083e-05
47,1.7485059283401558e-05
48,0.0002848214271187763
49,0.0002648054694943503
50,7.721173021334083e-05
51,0.0017664444256551795
52,1.7485059283401558e-05
53,0.0002848214271187763
54,0.0002648054694943503
55,7.721173021334083e-05
56,0.0017664444256551795
57,1.7485059283401558e-05
58,0.0002848214271187763
59,0.0002648054694943503
60,7.721173021334083e-05
61,0.0017664444256551795
62,1.7485059283401558e-05
63,0.0002848214271187763
64,0.0002648054694943503
65,7.721173021334083e-05
66,0.0017664444256551795
67,1.7485059283401558e-05
68,0.0002848214271187763
69,0.0002648054694943503
70,7.721173021334083e-05
71,0.0017664444256551795
84,3.390940947533318e-07
85,3.390940947533318e-07
86,3.390940947533318e-07
87,3.390940947533318e-07
88,3.390940947533318e-07
89,3.390940947533318e-07
90,3.390940947533318e-07
91,3.390940947533318e-07
92,2.100956211109238e-07
93,2.100956211109238e-07
94,2.100956211109238e-07
95,2.100956211109238e-07
96,2.100956211109238e-07
97,2.100956211109238e-07
100,5.890097048250428e-12
101,9.196384368819213e-10
102,3.558437257284818e-09
103,4.589379281199823e-08
105,1.1287578121901603e-09
106,5.983272076201233e-07
109,5.9453626754078876e-09
110,9.68873046154968e-10
118,0.001205434568425011
120,0.001205434568425011
123,0.001205434568425011
164,4.023553879827391e-05
165,1.851790293976719e-05
166,4.023553879827391e-05
167,1.851790293976719e-05
168,4.023553879827391e-05
169,1.851790293976719e-05
170,0.0009687276691530688
171,0.0010090103316975942
172,0.0007461072932763071
173,0.00076806689287958
174,5.689171192816634e-05
175,0.0012921055005233179
176,0.0009820276897375896
177,0.0018777815774836844
178,0.0005146680606078673
179,1.1138430886496322e-06
180,0.0014101861241765277
181,0.0013011226240777724
182,0.00023588320290961708
183,1.2351118733436142e-06
184,0.0008991364597468938
186,0.0010847453737400706
187,0.000858777371753933
188,0.0003059400141492025
189,8.329859235414465e-06
190,4.955386097056298e-13
191,7.601538591793206e-13
192,1.544060466607046e-07
193,1.246349825772015e-07
194,8.754809516010939e-07
195,1.1485422285981925e-15
196,1.1485422285981925e-15
197,9.52533428483857e-10
198,9.52533428483857e-10
199,6.351420843449739e-08
200,6.351420843449739e-08
201,1.561036957591979e-11
202,8.682289480209204e-05
203,8.682289480209204e-05
204,2.685745925696924e-06
205,4.955386097056298e-13
206,4.955386097056298e-13
207,1.9690059508803813e-07
208,1.7485059283401558e-05
209,1.7485059283401558e-05
210,7.703343470288437e-05
211,0.00039941397905187
212,0.001448991015639787
213,7.601538591793206e-13
214,2.1871881713072954e-10
215,1.9612214531586515e-10
216,3.397185049436172e-10
217,1.7819423627268171e-10
218,1.5080429510340517e-10
219,1.9289397040216443e-10
220,2.1871881713072954e-10
221,1.9612214531586515e-10
222,3.397185049436172e-10
223,1.7819423627268171e-10
224,1.5080429510340517e-10
225,1.9289397040216443e-10
226,2.1871881713072954e-10
227,1.9612214531586515e-10
228,3.397185049436172e-10
229,1.7819423627268171e-10
230,1.5080429510340517e-10
231,1.9289397040216443e-10
232,2.1871881713072954e-10
233,1.9612214531586515e-10
234,3.397185049436172e-10
235,1.7819423627268171e-10
236,1.5080429510340517e-10
237,1.9289397040216443e-10
238,2.1871881713072954e-10
239,1.9612214531586515e-10
240,3.397185049436172e-10
241,1.7819423627268171e-10
242,1.5080429510340517e-10
243,1.9289397040216443e-10
244,2.1871881713072954e-10
245,1.9612214531586515e-10
246,3.397185049436172e-10
247,1.7819423627268171e-10
248,1.5080429510340517e-10
249,1.9289397040216443e-10
250,2.1871881713072954e-10
251,1.9612214531586515e-10
252,3.397185049436172e-10
253,1.7819423627268171e-10
254,1.5080429510340517e-10
255,1.9289397040216443e-10
256,3.397185049436172e-10
257,1.7819423627268171e-10
258,1.5080429510340517e-10
259,1.9289397040216443e-10
260,2.1871881713072954e-10
261,1.9612214531586515e-10
262,3.397185049436172e-10
263,1.7819423627268171e-10
264,1.5080429510340517e-10
265,1.9289397040216443e-10
266,1.5080429510340517e-10
267,2.1871881713072954e-10
268,1.9612214531586515e-10
269,3.397185049436172e-10
270,1.7819423627268171e-10
271,1.5080429510340517e-10
272,1.9289397040216443e-10
273,3.397185049436172e-10
274,1.7819423627268171e-10
275,1.5080429510340517e-10
276,1.9289397040216443e-10
277,0.0010189417501062924
278,0.0010189417501062924
279,0.0010189417501062924
280,0.0010189417501062924
281,0.0010189417501062924
282,0.0010189417501062924
283,0.0010189417501062924
284,0.0010189417501062924
285,0.0010189417501062924
286,0.0010189417501062924
287,0.0010189417501062924
288,0.0010189417501062924
289,0.0010189417501062924
290,0.0010189417501062924
291,0.0010189417501062924
292,0.0010189417501062924
293,0.0010189417501062924
294,0.0010189417501062924
295,1.8521151557371846e-09
296,1.8521151557371846e-09
297,1.8521151557371846e-09
298,1.8521151557371846e-09
299,1.8521151557371846e-09
300,1.8521151557371846e-09
301,1.8521151557371846e-09
302,1.8521151557371846e-09
303,1.8521151557371846e-09
304,2.5536343895685168e-06
305,2.5536343895685168e-06
306,2.5536343895685168e-06
307,2.5536343895685168e-06
308,2.5536343895685168e-06
315,1.9538439458485348e-11
316,1.9538439458485348e-11
317,1.9538439458485348e-11
318,1.9538439458485348e-11
319,1.8552629169433026e-11
320,1.8552629169433026e-11
321,1.8552629169433026e-11
322,1.8552629169433026e-11
323,8.736034598973544e-12
324,8.736034598973544e-12
325,8.736034598973544e-12
326,1.9538439458485348e-11
327,1.8552629169433026e-11
328,8.736034598973544e-12
329,1.061141165510202e-07
330,6.825360107065982e-05
331,6.825360107065982e-05
332,6.825360107065982e-05
333,6.825360107065982e-05
334,6.825360107065982e-05
335,6.825360107065982e-05
336,6.825360107065982e-05
337,6.825360107065982e-05
338,6.825360107065982e-05
339,6.825360107065982e-05
340,6.825360107065982e-05
341,6.825360107065982e-05
342,6.825360107065982e-05
343,6.825360107065982e-05
344,6.825360107065982e-05
345,6.825360107065982e-05
346,6.825360107065982e-05
347,6.825360107065982e-05
359,1.806991827121238e-07
360,1.806991827121238e-07
366,5.436675942396751e-05
368,5.436675942396751e-05
373,6.7666267480085734e-06
374,6.7666267480085734e-06
375,6.7666267480085734e-06
379,1.1939340781341023e-06
380,1.1939340781341023e-06
381,1.1939340781341023e-06
382,1.1939340781341023e-06
455,2.2683335005430497e-06
456,9.174696817998147e-09
457,1.4418814199140785e-06
458,2.1942351934315237e-06
459,8.261861915794918e-07
460,1.4939783708876285e-07
508,4.185174680591489e-05
511,5.934521945177035e-08
516,5.934521945177035e-08
521,5.934521945177035e-08
526,5.934521945177035e-08
543,6.91450973656441e-08
544,6.91450973656441e-08
545,6.91450973656441e-08
547,4.6530120476976745e-08
548,4.6530120476976745e-08
561,3.9509526834697556e-16
562,2.3403265906681872e-07
563,3.1848524364269493e-08
564,7.919906213003873e-07
565,3.343791425119752e-11
566,2.6794872143707037e-09
567,1.3971268926147582e-08
568,4.6530120476976745e-08
569,5.350739482667229e-07
570,4.938909821644649e-12
571,1.822030058520337e-06
572,1.067924608080052e-05
573,2.3565483539258457e-05
574,1.78504183429415e-06
575,9.979593511236174e-06
576,2.4243129314118832e-05
577,4.648825212911534e-09
578,2.525524248523021e-08
579,1.2509042511204589e-07
580,1.78504183429415e-06
581,1.78504183429415e-06
582,1.78504183429415e-06
583,1.78504183429415e-06
584,1.78504183429415e-06
585,1.2892470275689322e-06
586,1.2892470275689322e-06
587,1.2892470275689322e-06
654,0.003168225567839931
655,0.003168225567839931
656,0.003168225567839931
657,0.003168225567839931
658,0.003168225567839931
659,0.003168225567839931
660,0.003168225567839931
661,0.003168225567839931
662,1.1462230142966374e-05
663,1.1462230142966374e-05
665,1.1462230142966374e-05
666,1.1462230142966374e-05
667,1.1462230142966374e-05
668,1.1462230142966374e-05
669,1.1462230142966374e-05
670,9.542831980685911e-06
672,9.542831980685911e-06
673,9.542831980685911e-06
674,9.542831980685911e-06
675,9.542831980685911e-06
676,9.542831980685911e-06
677,9.542831980685911e-06
678,5.873048964984045e-05
679,5.873048964984045e-05
681,5.873048964984045e-05
682,5.873048964984045e-05
683,5.873048964984045e-05
684,5.873048964984045e-05
685,5.873048964984045e-05
686,1.7385219424686673e-06
687,1.7385219424686673e-06
688,1.7385219424686673e-06
689,1.7385219424686673e-06
690,1.7385219424686673e-06
691,1.7385219424686673e-06
692,1.7385219424686673e-06
693,1.7385219424686673e-06
694,1.7385219424686673e-06
695,1.7385219424686673e-06
696,0.0017607687640519565
697,0.0017607687640519565
698,0.0017607687640519565
699,0.0017607687640519565
700,0.0017607687640519565
701,0.0017607687640519565
702,0.0017607687640519565
703,0.0017607687640519565
704,0.0017607687640519565
705,0.0017607687640519565
706,0.0012400601994982932
707,0.0012400601994982932
708,0.0012400601994982932
709,0.0012400601994982932
710,0.0012400601994982932
711,0.0012400601994982932
712,0.0012400601994982932
713,0.0012400601994982932
714,0.0012400601994982932
715,0.0012400601994982932
716,0.0006726227335893676
717,0.0006726227335893676
718,0.0006726227335893676
719,0.0006726227335893676
720,0.0006726227335893676
721,0.0006726227335893676
722,0.0006726227335893676
723,0.0006726227335893676
724,0.0006726227335893676
725,0.0006726227335893676
726,0.0006726227335893676
727,0.0006726227335893676
728,0.0006726227335893676
729,0.0006726227335893676
744,1.868176658318605e-05
745,1.868176658318605e-05
746,1.868176658318605e-05
747,1.868176658318605e-05
748,1.868176658318605e-05
749,4.9339797965116465e-05
750,4.9339797965116465e-05
751,4.9339797965116465e-05
752,4.9339797965116465e-05
753,4.9339797965116465e-05
760,0.00013844259946719362
777,2.2607032262494702e-08
908,5.982063226502253e-08
909,3.985748069250348e-07
986,5.984419063474595e-07
987,5.984419063474595e-07
989,5.984419063474595e-07
990,5.984419063474595e-07
991,5.984419063474595e-07
1027,0.0002353000073229746
1028,0.0002353000073229746
1057,6.270375778871053e-07
1072,9.483375243081942e-09
1073,9.483375243081942e-09
1074,9.483375243081942e-09
1075,9.483375243081942e-09
1076,9.483375243081942e-09
1077,9.483375243081942e-09
1078,9.483375243081942e-09
1079,9.483375243081942e-09
1090,3.6351870647095564e-11
1175,0.0004248368085798021
1193,6.998315589919169e-06
1196,5.792366272569329e-06
1197,5.727048237777592e-06
1200,9.373030949985914e-06
1203,1.249463752526334e-05
1232,1.4152176113135676e-06
1233,1.4152176113135676e-06
1234,1.6358636430251211e-06
1235,1.6358636430251211e-06
1236,1.6479619186208513e-06
1237,1.6479619186208513e-06
1238,6.757409140978959e-06
1239,6.757409140978959e-06
1240,3.839600340727929e-05
1241,3.839600340727929e-05
1242,7.684617772043993e-06
1243,7.684617772043993e-06
1244,1.3752966057063785e-06
1245,1.3752966057063785e-06
1246,1.3131791732504447e-06
1247,1.3131791732504447e-06
1248,2.9928017173915305e-06
1249,2.9928017173915305e-06
1250,6.4319226886179016e-06
1251,6.4319226886179016e-06
1252,2.952017683918187e-06
1253,2.952017683918187e-06
1260,1.4134283335395437e-07
1262,6.54551566230985e-05
1263,6.54551566230985e-05
1264,6.54551566230985e-05
1295,4.413479777035412e-07
1296,2.7671380924309e-05
1297,4.497504129700646e-09
1298,1.3069068194777927e-05
1300,9.049817002132347e-06
1301,9.049817002132347e-06
1302,9.049817002132347e-06
1361,0.0007863565118437826
1362,0.0007561211294873653
1363,0.0010371088193590863
1364,0.0006872639589806558
1365,0.0007725157873152519
1366,0.0007620521786835758
1367,0.0008428465085546214
1368,0.0006991038310804216
1369,0.0007863565118437826
1370,0.0007561211294873653
1371,0.0010371088193590863
1372,0.0006872639589806558
1373,0.0007725157873152519
1374,0.0007620521786835758
1375,0.0008428465085546214
1376,0.0006991038310804216
1377,0.0007863565118437826
1378,0.0007561211294873653
1379,0.0010371088193590863
1380,0.0006872639589806558
1381,0.0007725157873152519
1382,0.0007620521786835758
1383,0.0008428465085546214
1384,0.0006991038310804216
1385,0.0007863565118437826
1386,0.0007561211294873653
1387,0.0010371088193590863
1388,0.0006872639589806558
1389,0.0007725157873152519
1390,0.0007620521786835758
1391,0.0008428465085546214
1392,0.0006991038310804216
1393,0.0007863565118437826
1394,0.0007561211294873653
1395,0.0010371088193590863
1396,0.0006872639589806558
1397,0.0007725157873152519
1398,0.0007620521786835758
1399,0.0008428465085546214
1400,0.0006991038310804216
1401,0.0007863565118437826
1402,0.0007561211294873653
1403,0.0010371088193590863
1404,0.0006872639589806558
1405,0.0007725157873152519
1406,0.0007620521786835758
1407,0.0008428465085546214
1408,0.0006991038310804216
1417,0.0007863565118437826
1418,0.0007561211294873653
1419,0.0010371088193590863
1420,0.0006872639589806558
1421,0.0007725157873152519
1422,0.0007620521786835758
1423,0.0008428465085546214
1424,0.0006991038310804216
1425,1.5276233968654089e-06
1426,1.5276233968654089e-06
1427,1.5276233968654089e-06
1428,1.5276233968654089e-06
1429,1.5276233968654089e-06
1430,1.5276233968654089e-06
1431,3.4814669060383297e-07
1432,3.4814669060383297e-07
1433,3.4814669060383297e-07
1434,3.4814669060383297e-07
1488,8.913579247574018e-07
1497,1.3986464415346676e-06
1528,3.104540473259763e-06
1532,1.6576368839194005e-05
1537,1.3209238155005028e-05
1538,1.3209238155005028e-05
1582,4.4349824372290026e-08
1605,6.8997264986852074e-09
1606,6.8997264986852074e-09
1607,6.8997264986852074e-09
1608,6.8997264986852074e-09
1614,2.39918367467785e-06
1615,2.39918367467785e-06
1616,2.39918367467785e-06
1617,2.39918367467785e-06
1629,1.17122885237478e-09
1630,9.410334288318237e-08
1631,1.928895706346929e-08
1632,4.170372409061798e-09
1633,2.7400056036753903e-09
1634,4.29172710917237e-06
1635,2.2273343779260662e-07
1636,1.1036710636746347e-05
1637,4.151002391996471e-07
1638,4.028186706709012e-10
1639,7.206635282997067e-08
1640,1.17122885237478e-09
1641,9.410334288318237e-08
1642,1.928895706346929e-08
1643,2.7400056036753903e-09
1644,4.29172710917237e-06
1645,2.2273343779260662e-07
1646,1.1036710636746347e-05
1647,4.151002391996471e-07
1648,4.028186706709012e-10
1649,7.206635282997067e-08
1650,1.17122885237478e-09
1651,9.410334288318237e-08
1652,1.928895706346929e-08
1653,4.170372409061798e-09
1654,2.7400056036753903e-09
1655,4.29172710917237e-06
1656,2.2273343779260662e-07
1657,1.1036710636746347e-05
1658,4.151002391996471e-07
1659,4.028186706709012e-10
1660,7.206635282997067e-08
1661,1.17122885237478e-09
1662,9.410334288318237e-08
1663,1.928895706346929e-08
1664,4.170372409061798e-09
1665,2.7400056036753903e-09
1666,4.29172710917237e-06
1667,2.2273343779260662e-07
1668,1.1036710636746347e-05
1669,4.151002391996471e-07
1670,4.028186706709012e-10
1671,7.206635282997067e-08
1687,8.696700572507228e-07
1688,8.696700572507228e-07
1689,8.696700572507228e-07
1690,8.696700572507228e-07
1691,8.696700572507228e-07
1692,8.696700572507228e-07
1693,1.1902755434019226e-06
1694,1.1902755434019226e-06
1695,1.1902755434019226e-06
1696,1.1902755434019226e-06
1697,1.1902755434019226e-06
1698,1.1902755434019226e-06
1699,1.0175825914762723e-06
1700,1.0175825914762723e-06
1701,1.0175825914762723e-06
1702,1.0175825914762723e-06
1703,1.0175825914762723e-06
1704,1.0175825914762723e-06
1705,1.2427421974062178e-06
1706,1.2427421974062178e-06
1707,1.2427421974062178e-06
1708,1.2427421974062178e-06
1709,1.2427421974062178e-06
1710,1.2427421974062178e-06
1711,1.482289689246519e-06
1712,1.482289689246519e-06
1713,1.482289689246519e-06
1714,1.482289689246519e-06
1715,1.482289689246519e-06
1716,1.482289689246519e-06
1717,9.849767920672617e-08
1718,9.849767920672617e-08
1719,9.849767920672617e-08
1720,9.849767920672617e-08
1721,9.849767920672617e-08
1722,9.849767920672617e-08
1723,8.972753973917696e-08
1724,8.972753973917696e-08
1725,8.972753973917696e-08
1726,8.972753973917696e-08
1727,8.972753973917696e-08
1728,8.972753973917696e-08
1729,1.5823342397824596e-08
1730,1.5823342397824596e-08
1731,1.5823342397824596e-08
1732,1.5823342397824596e-08
1733,1.5823342397824596e-08
1734,1.5823342397824596e-08
1735,1.3481782925737865e-08
1736,1.3481782925737865e-08
1737,1.3481782925737865e-08
1738,1.3481782925737865e-08
1739,1.3481782925737865e-08
1740,1.3481782925737865e-08
1741,4.526184922527497e-07
1742,4.526184922527497e-07
1743,4.526184922527497e-07
1744,4.526184922527497e-07
1745,4.526184922527497e-07
1747,3.6916183646403085e-09
1748,3.6916183646403085e-09
1749,3.6916183646403085e-09
1750,3.6916183646403085e-09
1751,3.6916183646403085e-09
1753,9.58040746265392e-07
1754,9.58040746265392e-07
1755,9.58040746265392e-07
1756,9.58040746265392e-07
1757,9.58040746265392e-07
1759,6.586641009768014e-08
1760,6.586641009768014e-08
1761,6.586641009768014e-08
1762,6.586641009768014e-08
1763,6.586641009768014e-08
1765,7.758580536368609e-07
1766,7.758580536368609e-07
1767,7.758580536368609e-07
1768,7.758580536368609e-07
1769,7.758580536368609e-07
1771,8.234161885404217e-08
1772,8.234161885404217e-08
1773,8.234161885404217e-08
1774,8.234161885404217e-08
1775,8.234161885404217e-08
1777,1.1326162066478367e-07
1778,1.1326162066478367e-07
1779,1.1326162066478367e-07
1780,1.1326162066478367e-07
1781,1.1326162066478367e-07
1783,9.441807678277284e-08
1784,9.441807678277284e-08
1785,9.441807678277284e-08
1786,9.441807678277284e-08
1787,9.441807678277284e-08
1789,6.16108732039972e-12
1790,6.16108732039972e-12
1791,6.16108732039972e-12
1792,6.16108732039972e-12
1793,6.16108732039972e-12
1795,9.17828634104607e-12
1796,9.17828634104607e-12
1797,9.17828634104607e-12
1798,9.17828634104607e-12
1799,9.17828634104607e-12
1804,0.00010988769815227915
1805,1.649658646251532e-05
1806,0.00015421773945145453
1807,0.00010988769815227915
1808,1.649658646251532e-05
1809,0.00015421773945145453
1835,0.0018270152208613223
1836,0.000858777371753933
1837,0.0009622763060216019
1838,0.00227962825611163
1839,0.0020817593289530383
1840,0.0019507762561965973
1841,0.0010166616507505202
1842,0.002117533052128947
1843,0.0020668226206725783
1844,0.00022092220412706922
1845,0.0012565866087444171
1846,0.0018270152208613223
1847,0.0018270152208613223
1848,0.0018270152208613223
1849,0.0018270152208613223
1850,0.0018270152208613223
1851,0.0018270152208613223
1852,0.000858777371753933
1853,0.000858777371753933
1854,0.000858777371753933
1855,0.000858777371753933
1856,0.000858777371753933
1857,0.000858777371753933
1858,0.0009622763060216019
1859,0.0009622763060216019
1860,0.0009622763060216019
1861,0.0009622763060216019
1862,0.0009622763060216019
1863,0.0009622763060216019
1864,0.00227962825611163
1865,0.00227962825611163
1866,0.00227962825611163
1867,0.00227962825611163
1868,0.00227962825611163
1869,0.00227962825611163
1870,0.0020817593289530383
1871,0.0020817593289530383
1872,0.0020817593289530383
1873,0.0020817593289530383
1874,0.0020817593289530383
1875,0.0020817593289530383
1876,0.0019507762561965973
1877,0.0019507762561965973
1878,0.0019507762561965973
1879,0.0019507762561965973
1880,0.0019507762561965973
1881,0.0019507762561965973
1882,0.0010166616507505202
1883,0.0010166616507505202
1884,0.0010166616507505202
1885,0.0010166616507505202
1886,0.0010166616507505202
1887,0.0010166616507505202
1888,0.002117533052128947
1889,0.002117533052128947
1890,0.002117533052128947
1891,0.002117533052128947
1892,0.0020668226206725783
1893,0.0020668226206725783
1894,0.0020668226206725783
1895,0.0020668226206725783
1896,0.0020668226206725783
1897,0.0020668226206725783
1898,0.00022092220412706922
1965,1.3359435908645288e-15
1966,6.354867024580547e-10
1967,2.0251296578109086e-05
1968,1.2870473904223291e-05
1969,2.391370799026916e-07
1970,6.072468517938415e-08
1971,1.0611820909682614e-10
1972,5.875532565084014e-10
1979,0.0004031432412012364
1980,0.00017825299998303084
1981,0.00013897941217108934
1982,0.0012048362476813198
1983,0.0011865134966087413
1984,2.056960832272647e-07
1986,5.122976002634594e-05
1988,6.871145570811145e-05
1990,1.6545501946522194e-05
1992,0.0004329512291995904
1995,0.00017825299998303084
2114,6.718676456171297e-07
2115,6.718676456171297e-07
2117,6.718676456171297e-07
2118,6.718676456171297e-07
2119,6.718676456171297e-07
2120,6.718676456171297e-07
2121,6.718676456171297e-07
2122,6.718676456171297e-07
2123,4.236485856500524e-07
2124,4.236485856500524e-07
2126,4.236485856500524e-07
2127,4.236485856500524e-07
2128,4.236485856500524e-07
2129,4.236485856500524e-07
2130,4.236485856500524e-07
2131,4.236485856500524e-07
2132,6.410271291117859e-07
2133,7.211813072554407e-07
2134,2.6953502245856e-09
2135,1.1267607507740855e-09
2136,3.3063563353697087e-13
2137,1.1036800202751495e-08
2139,4.956768867511962e-07
2149,3.2338029020266287e-12
2227,1.6350185862382349e-06
2234,6.290271807411838e-07
2237,7.0237925264269476e-06
2244,2.8247237627828658e-05
2260,1.1458080771069847e-05
2261,1.1411243769823622e-05
2262,0.00011254478938271711
2263,2.0634583097346895e-05
2264,2.4816938656012137e-05
2265,0.00015063129049661974
2266,5.811763053568901e-05
2267,9.254985478519006e-07
2268,7.23815977790157e-07
2269,7.735811720598808e-05
2270,4.445864303006791e-05
2271,4.006912179753185e-05
2272,1.0520783622932545e-05
2273,0.0002453801217310772
2274,6.936235296107991e-05
2275,0.0005919256329883874
2276,0.002858624189260755
2277,3.88165447282429e-05
2278,3.972674382288391e-05
2279,9.99162997189812e-06
2280,7.60661749634781e-05
2281,1.1458080771069847e-05
2282,1.1411243769823622e-05
2283,0.00011254478938271711
2284,2.0634583097346895e-05
2285,2.4816938656012137e-05
2286,0.00015063129049661974
2287,5.811763053568901e-05
2288,9.254985478519006e-07
2289,7.23815977790157e-07
2290,7.735811720598808e-05
2291,4.445864303006791e-05
2292,4.006912179753185e-05
2293,1.0520783622932545e-05
2294,0.0002453801217310772
2295,6.936235296107991e-05
2296,0.0005919256329883874
2297,0.002858624189260755
2298,3.88165447282429e-05
2299,3.972674382288391e-05
2300,9.99162997189812e-06
2301,7.60661749634781e-05
2302,1.1458080771069847e-05
2303,1.1411243769823622e-05
2304,0.00011254478938271711
2305,2.0634583097346895e-05
2306,2.4816938656012137e-05
2307,0.00015063129049661974
2308,5.811763053568901e-05
2309,9.254985478519006e-07
2310,7.23815977790157e-07
2311,7.735811720598808e-05
2312,4.445864303006791e-05
2313,4.006912179753185e-05
2314,1.0520783622932545e-05
2315,0.0002453801217310772
2316,6.936235296107991e-05
2317,0.0005919256329883874
2318,0.002858624189260755
2319,3.88165447282429e-05
2320,3.972674382288391e-05
2321,9.99162997189812e-06
2322,7.60661749634781e-05
2323,1.1458080771069847e-05
2324,1.1411243769823622e-05
2325,0.00011254478938271711
2326,2.0634583097346895e-05
2327,2.4816938656012137e-05
2328,0.00015063129049661974
2329,5.811763053568901e-05
2330,9.254985478519006e-07
2331,7.23815977790157e-07
2332,7.735811720598808e-05
2333,4.445864303006791e-05
2334,4.006912179753185e-05
2335,1.0520783622932545e-05
2336,0.0002453801217310772
2337,6.936235296107991e-05
2338,0.0005919256329883874
2339,0.002858624189260755
2340,3.88165447282429e-05
2341,3.972674382288391e-05
2342,9.99162997189812e-06
2343,7.60661749634781e-05
2344,1.1458080771069847e-05
2345,1.1411243769823622e-05
2346,0.00011254478938271711
2347,2.0634583097346895e-05
2348,2.4816938656012137e-05
2349,0.00015063129049661974
2350,5.811763053568901e-05
2351,9.254985478519006e-07
2352,7.23815977790157e-07
2353,7.735811720598808e-05
2354,4.445864303006791e-05
2355,4.006912179753185e-05
2356,1.0520783622932545e-05
2357,0.0002453801217310772
2358,6.936235296107991e-05
2359,0.0005919256329883874
2360,0.002858624189260755
2361,3.88165447282429e-05
2362,3.972674382288391e-05
2363,9.99162997189812e-06
2364,7.60661749634781e-05
2365,1.1458080771069847e-05
2366,1.1411243769823622e-05
2367,0.00011254478938271711
2368,2.0634583097346895e-05
2369,2.4816938656012137e-05
2370,0.00015063129049661974
2371,5.811763053568901e-05
2372,9.254985478519006e-07
2373,7.23815977790157e-07
2374,7.735811720598808e-05
2375,4.445864303006791e-05
2376,4.006912179753185e-05
2377,1.0520783622932545e-05
2378,0.0002453801217310772
2379,6.936235296107991e-05
2380,0.0005919256329883874
2381,0.002858624189260755
2382,3.88165447282429e-05
2383,3.972674382288391e-05
2384,9.99162997189812e-06
2385,7.60661749634781e-05
2503,4.5175434053269054e-08
2504,1.3106603015517239e-11
2505,2.6481625473665426e-07
2506,1.7591801833270574e-09
2507,2.1940063778169325e-07
2508,9.970200572685668e-07
2509,6.5655478279084225e-06
2555,0.00013226466660587306
2556,0.00013226466660587306
2571,1.272248220846882e-12
2732,1.044096614379515e-06
2787,1.1196075425321163e-07
2788,1.1196075425321163e-07
2789,1.1196075425321163e-07
2790,1.1196075425321163e-07
2791,1.1196075425321163e-07
2792,1.1196075425321163e-07
2793,1.1196075425321163e-07
2794,1.1196075425321163e-07
2795,1.1196075425321163e-07
2796,1.1196075425321163e-07
2797,1.1196075425321163e-07
2798,1.1196075425321163e-07
2799,7.703343470288437e-05
2800,7.703343470288437e-05
2801,7.703343470288437e-05
2802,7.703343470288437e-05
2803,7.703343470288437e-05
2804,7.703343470288437e-05
2805,7.703343470288437e-05
2806,7.703343470288437e-05
2807,7.703343470288437e-05
2808,7.703343470288437e-05
2809,0.00010174802659446378
2810,0.00010174802659446378
2811,0.00010174802659446378
2812,0.00010174802659446378
2813,0.00010174802659446378
2814,0.00010174802659446378
2815,0.00010174802659446378
2816,0.00010174802659446378
2817,0.00010174802659446378
2818,0.00010174802659446378
2819,0.00010174802659446378
2820,0.00010174802659446378
2821,0.00010174802659446378
2822,0.00010174802659446378
2823,0.00010174802659446378
2824,0.00010174802659446378
2825,0.00010174802659446378
2826,0.00010174802659446378
2827,0.00010174802659446378
2828,0.00010174802659446378
2829,0.00010174802659446378
2830,0.00010174802659446378
2831,7.410606577702772e-05
2832,7.410606577702772e-05
2833,7.410606577702772e-05
2834,7.410606577702772e-05
2835,7.410606577702772e-05
2836,7.410606577702772e-05
2837,7.410606577702772e-05
2838,7.410606577702772e-05
2839,7.410606577702772e-05
2964,2.9251272495771074e-09
2970,7.976833625418088e-09
2976,1.594280262036077e-07
2979,4.36479808772707e-08
2982,3.669693966320103e-09
2984,2.976490410472202e-06
2985,2.976490410472202e-06
2992,8.59538248652164e-06
2993,8.59538248652164e-06
2994,8.59538248652164e-06
2995,8.59538248652164e-06
2996,8.59538248652164e-06
3042,6.015858628907637e-06
3182,0.0003886926945255545
3186,0.001989156856218417
3187,0.00074376566764713
3210,0.0006528101773339888
3215,8.98109283148807e-05
3216,0.00035453894603685806
3226,0.0005253962323790998
3252,0.0017409742744922852
3253,0.0017146353967295207
3254,0.001759598131364919
3274,0.002224729585146613
3275,0.0020194749546891817
3283,0.0009093657863975447
3285,0.000909774743093697
3290,0.0003247774684455084
3302,0.0001816915646564587
3304,0.001524607909489474
3334,0.001448781893008453
3335,0.0030479998309946217
3368,4.84981873171859e-05
3405,3.7334006658915663e-07
3407,3.7334006658915663e-07
3413,1.454737782926461e-10
3415,1.454737782926461e-10
3466,2.5385034095437074e-08
3467,2.5385034095437074e-08
3468,2.5385034095437074e-08
3469,2.5385034095437074e-08
3470,2.5385034095437074e-08
3471,2.5385034095437074e-08
3490,0.0009424708117110596
3491,0.0009424708117110596
3492,0.0009424708117110596
3493,0.0009424708117110596
3494,0.0009424708117110596
3495,0.0009424708117110596
3496,0.0009424708117110596
3497,0.0009424708117110596
3498,0.0009424708117110596
3499,0.0009424708117110596
3500,0.0009424708117110596
3632,8.754809516010939e-07
3637,8.754809516010939e-07
3662,3.062631573540517e-06
3663,4.608690273907198e-07
3664,5.33565115488558e-06
3665,1.2857884470096454e-05
3666,3.4911485500926354e-07
3667,2.783790742150386e-05
3668,3.772719482468661e-05
3669,4.4785591518566003e-07
3670,2.2944614184621838e-06
3671,1.0907793895569504e-05
3672,2.9328694160557125e-07
3673,1.0707854763623946e-05
3674,2.667389502896389e-05
3675,1.3788425932437804e-06
3676,4.88497871746358e-05
3677,0.00012486470420066642
3678,4.564246875922483e-06
3679,2.6612456897109474e-06
3680,5.925184312670766e-06
3681,0.0005237451458124312
3682,6.211208549405859e-05
3683,0.00012695167094770255
3684,0.00015025041618557737
3685,0.00011780854398648827
3686,0.0006922212881389269
3687,0.000148874700703005
3688,0.00012781156005643677
3689,4.89995148715055e-05
3690,0.00039108803894735597
3691,9.852671202930709e-06
3692,0.00044607449527084693
3723,1.531751874424304e-10
3724,0.00018708336463584308
3725,3.2186852160627007e-07
3726,1.116451148316871e-06
3727,1.531751874424304e-10
3728,0.00018708336463584308
3729,3.2186852160627007e-07
3730,1.116451148316871e-06
3731,1.531751874424304e-10
3732,0.00018708336463584308
3733,3.2186852160627007e-07
3734,1.116451148316871e-06
3791,8.671364740359298e-10
3792,1.453230239581856e-06
3793,0.0001857951075159582
3794,0.00011735913960019299
3795,5.431158713623288e-05
3796,8.671364740359298e-10
3797,1.453230239581856e-06
3798,0.0001857951075159582
3799,0.00011735913960019299
3800,5.431158713623288e-05
3801,8.671364740359298e-10
3802,1.453230239581856e-06
3803,0.0001857951075159582
3804,0.00011735913960019299
3805,5.431158713623288e-05
3859,6.149073843322362e-05
3860,0.0008037522645783732
3861,0.00012618724635045917
3862,0.0007817621844616828
3867,6.149073843322362e-05
3868,0.0008037522645783732
3869,0.00012618724635045917
3870,0.0007817621844616828
3876,1.5089888397595884e-06
3877,3.5400284890554623e-06
3878,0.0003870176498042619
3879,0.0002824882558274219
3880,3.075411097181825e-05
3922,1.436424588365529e-07
3923,1.436424588365529e-07
3924,1.436424588365529e-07
3925,1.436424588365529e-07
3926,1.436424588365529e-07
3927,1.436424588365529e-07
3928,1.436424588365529e-07
3929,1.436424588365529e-07
3930,1.8576006038136321e-07
3931,1.8576006038136321e-07
3932,1.8576006038136321e-07
3933,1.8576006038136321e-07
3934,1.8576006038136321e-07
3935,1.8576006038136321e-07
3936,1.8576006038136321e-07
3937,1.8576006038136321e-07
3977,0.00013438032943831644
3978,0.00013438032943831644
3979,0.00013438032943831644
3980,0.00013438032943831644
3981,0.00013438032943831644
3982,0.00013438032943831644
3983,0.00013438032943831644
3985,1.3300637585765191e-05
3986,1.3300637585765191e-05
3987,1.3300637585765191e-05
3988,1.3300637585765191e-05
3989,1.3300637585765191e-05
3990,1.3300637585765191e-05
3991,1.3300637585765191e-05
3993,0.00016621031276660764
3994,0.00016621031276660764
3995,0.00016621031276660764
3996,0.00016621031276660764
3997,0.00016621031276660764
3998,0.00016621031276660764
3999,0.00016621031276660764
4001,0.00019048101166593384
4002,0.00019048101166593384
4003,0.00019048101166593384
4004,0.00019048101166593384
4005,0.00019048101166593384
4006,0.00019048101166593384
4007,0.00019048101166593384
4031,2.4927480916527806e-05
4032,0.0004432198013718838
4037,2.4927480916527806e-05
4038,0.0004432198013718838
4138,5.702329173856189e-07
4139,8.090427091875962e-07
4140,8.459144564412109e-07
4141,4.983856068742097e-07
4142,2.4176081785420744e-07
4143,4.276422405218324e-05
4144,3.508309699080939e-06
4145,4.23239508220535e-06
4146,1.6236981402492576e-05
4183,3.703552198258333e-06
4184,3.703552198258333e-06
4185,3.703552198258333e-06
4186,3.703552198258333e-06
4187,3.703552198258333e-06
4188,3.703552198258333e-06
4189,3.703552198258333e-06
4190,3.703552198258333e-06
4191,3.703552198258333e-06
4192,3.703552198258333e-06
4193,1.7276103719643048e-05
4194,1.7276103719643048e-05
4195,1.7276103719643048e-05
4196,1.7276103719643048e-05
4197,1.7276103719643048e-05
4198,1.7276103719643048e-05
4199,1.7276103719643048e-05
4200,1.7276103719643048e-05
4201,1.7276103719643048e-05
4202,1.7276103719643048e-05
4203,1.7214701692543844e-05
4204,1.7214701692543844e-05
4205,1.7214701692543844e-05
4206,1.7214701692543844e-05
4207,1.7214701692543844e-05
4208,1.7214701692543844e-05
4209,1.7214701692543844e-05
4210,1.7214701692543844e-05
4211,1.7214701692543844e-05
4212,1.7214701692543844e-05
4213,4.767714039414098e-06
4214,4.767714039414098e-06
4215,4.767714039414098e-06
4216,4.767714039414098e-06
4217,4.767714039414098e-06
4218,4.767714039414098e-06
4219,4.767714039414098e-06
4220,4.767714039414098e-06
4221,4.767714039414098e-06
4222,4.767714039414098e-06
4223,1.192255161400934e-06
4224,1.192255161400934e-06
4225,1.192255161400934e-06
4226,1.192255161400934e-06
4227,1.192255161400934e-06
4228,1.192255161400934e-06
4229,1.192255161400934e-06
4230,1.192255161400934e-06
4231,1.192255161400934e-06
4232,1.192255161400934e-06
4233,3.703552198258333e-06
4234,1.7276103719643048e-05
4235,1.7214701692543844e-05
4236,4.767714039414098e-06
4237,1.192255161400934e-06
4238,3.703552198258333e-06
4239,1.7276103719643048e-05
4240,1.7214701692543844e-05
4241,4.767714039414098e-06
4242,1.192255161400934e-06
4355,0.00017141736904398172
4356,0.00017141736904398172
4358,0.00017141736904398172
4359,0.00017141736904398172
4368,0.0001724739434854468
4374,2.0501012763306566e-08
4375,2.0501012763306566e-08
4376,2.0501012763306566e-08
4377,2.0501012763306566e-08
4378,2.0501012763306566e-08
4379,2.0501012763306566e-08
4380,2.0501012763306566e-08
4381,2.0501012763306566e-08
4382,2.0501012763306566e-08
4383,2.0501012763306566e-08
4384,2.0501012763306566e-08
4385,2.0501012763306566e-08
4431,1.6554358710157574e-07
4432,2.916617138543118e-08
4433,9.444633272951688e-08
4434,1.1784067974135308e-06
4435,2.713640707998982e-08
4436,2.030267385989161e-07
4444,1.0307206016174129e-07
4445,1.0307206016174129e-07
4447,1.0307206016174129e-07
4448,1.0307206016174129e-07
4598,2.9997531341380285e-08
4599,4.634378461943265e-08
4600,6.150490465665945e-08
4601,2.794054418347232e-08
4602,3.0880254404342345e-08
4603,2.6863413769177844e-08
4604,3.370648831570748e-08
4605,3.214611060283648e-08
4606,5.970608887578321e-08
4607,4.74083646182216e-08
4625,4.296450231432184e-08
4639,4.0187287461776145e-13
4647,4.0187287461776145e-13
4648,7.686058566173813e-11
4649,2.8797621130058484e-08
4650,2.8797621130058484e-08
4651,2.8797621130058484e-08
4652,2.8797621130058484e-08
4653,2.8640920928446623e-08
4654,2.8640920928446623e-08
4655,2.8640920928446623e-08
4656,2.8640920928446623e-08
4657,2.7746239170692957e-08
4658,2.7746239170692957e-08
4659,2.7746239170692957e-08
4660,2.7746239170692957e-08
4661,1.085911852689263e-11
4684,4.1648174915390276e-06
4685,8.0586110621469e-06
4694,4.8211454469434806e-06
4695,4.8211454469434806e-06
4696,4.8211454469434806e-06
4697,4.8211454469434806e-06
4698,4.8211454469434806e-06
4699,4.8211454469434806e-06
4700,4.8211454469434806e-06
4701,3.279574755805488e-06
4702,3.279574755805488e-06
4703,3.279574755805488e-06
4704,3.279574755805488e-06
4705,3.279574755805488e-06
4706,3.279574755805488e-06
4707,3.279574755805488e-06
4708,6.009486571157598e-08
4709,0.0007297053151823801
4716,0.0007297053151823801
4717,0.0007297053151823801
4718,0.0007297053151823801
4719,0.0007297053151823801
4720,0.0007297053151823801
4721,0.0007297053151823801
4722,0.0007297053151823801
4723,0.0007297053151823801
4724,0.0007297053151823801
4727,6.112227830725691e-15
4730,9.168501882867625e-08
4777,1.1294847014928442e-06
4813,4.706306385992272e-08
4814,4.706306385992272e-08
4815,4.706306385992272e-08
4816,4.706306385992272e-08
4817,4.706306385992272e-08
4820,8.855635332836307e-06
4821,8.855635332836307e-06
4822,8.855635332836307e-06
4823,8.855635332836307e-06
4824,8.855635332836307e-06
4827,7.088221059829725e-05
4828,7.088221059829725e-05
4829,7.088221059829725e-05
4830,7.088221059829725e-05
4831,7.088221059829725e-05
4834,8.212330778306337e-06
4835,8.212330778306337e-06
4836,8.212330778306337e-06
4837,8.212330778306337e-06
4838,8.212330778306337e-06
4841,3.082700054818853e-05
4842,3.082700054818853e-05
4843,3.082700054818853e-05
4844,3.082700054818853e-05
4845,3.082700054818853e-05
4848,3.2217727838213697e-05
4849,3.2217727838213697e-05
4850,3.2217727838213697e-05
4851,3.2217727838213697e-05
4852,3.2217727838213697e-05
4879,7.637540217332706e-08
4880,7.637540217332706e-08
4882,7.637540217332706e-08
4883,7.637540217332706e-08
4884,7.637540217332706e-08
4887,7.637540217332706e-08
4888,7.637540217332706e-08
4890,1.2267385834885261e-05
4958,2.660414997842503e-08
4959,5.226469486172347e-09
4960,5.226469486172347e-09
4961,5.226469486172347e-09
4962,5.226469486172347e-09
4963,5.226469486172347e-09
4964,5.226469486172347e-09
4965,5.226469486172347e-09
4966,5.226469486172347e-09
4967,5.226469486172347e-09
4968,5.226469486172347e-09
4969,5.226469486172347e-09
4970,5.226469486172347e-09
4971,5.226469486172347e-09
4972,5.226469486172347e-09
4973,7.812841398707668e-07
4975,7.812841398707668e-07
4976,7.812841398707668e-07
4977,7.812841398707668e-07
4980,7.812841398707668e-07
4982,7.812841398707668e-07
4996,3.193825171776138e-06
4997,9.188990147455016e-06
4998,7.526553988695507e-06
4999,1.246282051329033e-07
5000,3.2678299959306566e-10
5001,3.193825171776138e-06
5002,9.188990147455016e-06
5003,7.526553988695507e-06
5004,1.246282051329033e-07
5005,3.2678299959306566e-10
5040,4.703985253931236e-06
5043,4.703985253931236e-06
5046,4.703985253931236e-06
5074,1.123427369156046e-05
5143,1.3541359677627792e-06
5211,1.7671151431431394e-05
5280,9.728176953556348e-08
5281,9.728176953556348e-08
5282,9.728176953556348e-08
5283,9.728176953556348e-08
5284,9.728176953556348e-08
5285,9.728176953556348e-08
5286,9.728176953556348e-08
5287,9.728176953556348e-08
5288,9.728176953556348e-08
5289,9.728176953556348e-08
5290,9.728176953556348e-08
5291,9.728176953556348e-08
5292,9.728176953556348e-08
5293,9.728176953556348e-08
5294,9.728176953556348e-08
5358,1.0043241583363441e-06
5359,1.0043241583363441e-06
5360,1.0043241583363441e-06
5361,1.0043241583363441e-06
5362,1.0043241583363441e-06
5363,1.0043241583363441e-06
5364,1.0043241583363441e-06
5365,1.0043241583363441e-06
5366,1.0043241583363441e-06
5367,1.0043241583363441e-06
5368,8.264370236380935e-09
5369,8.264370236380935e-09
5370,8.264370236380935e-09
5371,8.264370236380935e-09
5372,8.264370236380935e-09
5373,8.264370236380935e-09
5449,1.6259556538274853e-06
5450,1.6259556538274853e-06
5451,1.6259556538274853e-06
5452,1.6259556538274853e-06
5453,1.6259556538274853e-06
5454,1.6259556538274853e-06
5455,1.6259556538274853e-06
5456,1.6259556538274853e-06
5457,1.6259556538274853e-06
5458,1.6259556538274853e-06
5459,1.6259556538274853e-06
5460,1.6259556538274853e-06
5461,1.6259556538274853e-06
5462,1.6259556538274853e-06
5463,1.3536540961193094e-05
5464,1.3536540961193094e-05
5465,1.3536540961193094e-05
5466,1.3536540961193094e-05
5467,1.3536540961193094e-05
5468,1.3536540961193094e-05
5469,1.3536540961193094e-05
5470,1.3536540961193094e-05
5471,1.3536540961193094e-05
5472,1.3536540961193094e-05
5473,1.3536540961193094e-05
5474,1.3536540961193094e-05
5475,1.3536540961193094e-05
5476,1.3536540961193094e-05
5515,1.3696036082679888e-15
5577,5.52952902610385e-07
5578,5.52952902610385e-07
5579,5.52952902610385e-07
5599,0.00020481395748268876
5600,0.00012932374247483466
5601,0.00012256912492693162
5602,0.00021785676481568994
5603,0.00017033068567482503
5604,0.00012793371448308283
5605,0.00019525646854884844
5606,0.0001596418158226419
5607,0.00016091912572641014
5608,0.00013290474494942006
5609,0.00020481395748268876
5610,0.00012932374247483466
5611,0.00012256912492693162
5612,0.00021785676481568994
5613,0.00017033068567482503
5614,0.00012793371448308283
5615,0.00019525646854884844
5616,0.0001596418158226419
5617,0.00016091912572641014
5618,0.00013290474494942006
5619,0.00020481395748268876
5620,0.00012932374247483466
5621,0.00012256912492693162
5622,0.00021785676481568994
5623,0.00017033068567482503
5624,0.00012793371448308283
5625,0.00019525646854884844
5626,0.0001596418158226419
5627,0.00016091912572641014
5628,0.00013290474494942006
5629,0.00020481395748268876
5630,0.00012932374247483466
5631,0.00012256912492693162
5632,0.00021785676481568994
5633,0.00017033068567482503
5634,0.00012793371448308283
5635,0.00019525646854884844
5636,0.0001596418158226419
5637,0.00016091912572641014
5638,0.00013290474494942006
5662,2.1499550698825343e-05
5663,2.3779714183563234e-09
5664,0.0006994196666731723
5665,0.000701762931672385
5672,0.0006508265142163192
5673,0.000632760702567518
5678,0.00017437872732461676
5682,0.0003333478358372028
5684,0.0004264562675058043
5685,0.0004815304632156858
5686,0.0007330336853386365
5687,0.0007586080734860648
5689,0.00036503896254210205
5691,0.0006164636582534062
5693,0.00031917392969283293
5694,0.0002875845566298312
5697,0.00013808044447427114
5699,0.00022658133789732227
5700,0.0010541979918606136
5701,0.00017671190651554362
5702,0.0002519350347156421
5743,3.9525502947631646e-07
5745,3.9525502947631646e-07
5746,3.9525502947631646e-07
5747,3.9525502947631646e-07
5748,3.9525502947631646e-07
5749,3.9525502947631646e-07
5750,3.9525502947631646e-07
5751,3.9525502947631646e-07
5752,3.9525502947631646e-07
5753,3.9525502947631646e-07
5754,3.9525502947631646e-07
5756,3.9525502947631646e-07
5757,3.9525502947631646e-07
5758,3.9525502947631646e-07
5759,3.9525502947631646e-07
5760,3.9525502947631646e-07
5761,3.9525502947631646e-07
5762,3.9525502947631646e-07
5763,3.9525502947631646e-07
5764,5.591743298111516e-05
5765,5.591743298111516e-05
5766,5.591743298111516e-05
5767,5.591743298111516e-05
5768,5.591743298111516e-05
5769,5.591743298111516e-05
5770,5.591743298111516e-05
5783,2.4805673462055323e-10
5785,2.4805673462055323e-10
5787,2.4805673462055323e-10
5788,2.4805673462055323e-10
5790,9.90228518675556e-06
5792,9.90228518675556e-06
5794,9.90228518675556e-06
5795,9.90228518675556e-06
5797,1.4392111713437123e-07
5799,1.4392111713437123e-07
5801,1.4392111713437123e-07
5803,7.346250924263284e-07
5805,7.346250924263284e-07
5807,7.346250924263284e-07
5857,2.8722238521962407e-12
5858,2.8722238521962407e-12
5859,2.8722238521962407e-12
5860,2.8722238521962407e-12
5861,2.8722238521962407e-12
5862,2.8722238521962407e-12
5863,2.8722238521962407e-12
5864,2.8722238521962407e-12
5875,1.2565003636821267e-10
5876,1.2565003636821267e-10
5877,1.2565003636821267e-10
5878,1.2565003636821267e-10
5879,1.2565003636821267e-10
5880,1.2565003636821267e-10
5881,1.2565003636821267e-10
5882,1.2565003636821267e-10
5883,1.2565003636821267e-10
5884,1.2565003636821267e-10
5892,7.70718223670668e-06
5893,7.70718223670668e-06
5894,7.70718223670668e-06
5895,7.70718223670668e-06
5896,7.70718223670668e-06
5897,7.70718223670668e-06
5911,0.00033188570462536763
5933,8.824140979688436e-07
5934,8.824140979688436e-07
5935,8.824140979688436e-07
5936,8.824140979688436e-07
5937,8.824140979688436e-07
5938,8.824140979688436e-07
5939,8.824140979688436e-07
5940,8.824140979688436e-07
5941,8.824140979688436e-07
5942,8.824140979688436e-07
5943,8.824140979688436e-07
5944,8.824140979688436e-07
5945,8.824140979688436e-07
5946,0.00023625889058814572
5947,0.00023625889058814572
5948,0.00023625889058814572
5949,0.00023625889058814572
5950,0.00023625889058814572
5951,0.00023625889058814572
5952,0.00023625889058814572
5953,0.00023625889058814572
5954,0.00023625889058814572
5955,0.00023625889058814572
5956,0.00023625889058814572
5957,0.00030004223122570784
5958,0.00030004223122570784
5959,0.00030004223122570784
5960,0.00030004223122570784
5961,0.00030004223122570784
5962,0.00030004223122570784
5963,0.00030004223122570784
5964,0.00030004223122570784
5965,0.00030004223122570784
5966,0.00030004223122570784
5967,0.00030004223122570784
5968,0.0006240575267393967
5969,0.0006240575267393967
5970,0.0006240575267393967
5971,0.0006240575267393967
5972,0.0006240575267393967
5973,0.0006240575267393967
5974,0.0006240575267393967
5975,0.0006240575267393967
5976,0.0006240575267393967
5977,0.0006240575267393967
5978,0.0006240575267393967
6040,6.118999964482235e-05
6041,6.118999964482235e-05
6042,6.118999964482235e-05
6043,6.118999964482235e-05
6044,6.118999964482235e-05
6045,6.118999964482235e-05
6046,0.0009494888733040091
6047,0.0009494888733040091
6048,0.0009494888733040091
6049,0.0009494888733040091
6050,0.0009494888733040091
6051,0.0009494888733040091
6052,0.0009494888733040091
6053,0.0009494888733040091
6054,0.0009494888733040091
6055,0.0009494888733040091
6056,0.0009494888733040091
6057,0.0009494888733040091
6058,0.0009494888733040091
6059,0.0009494888733040091
6060,0.0009494888733040091
6061,0.0009494888733040091
6062,0.0009494888733040091
6063,0.0009494888733040091
6064,0.0009494888733040091
6065,0.0009494888733040091
6066,0.0009494888733040091
6067,0.0009494888733040091
6121,0.000336418853477201
6123,0.00036704476391188494
6125,0.0004644935052986135
6127,0.0002585701182429162
6206,0.00011500909107205515
6207,0.00040066931524824524
6208,0.00029022237921920863
6209,0.0008245027960129373
6210,0.00011500909107205515
6211,0.00040066931524824524
6212,0.00029022237921920863
6213,0.0008245027960129373
6214,1.3699556888579772e-05
6215,1.8727453261666602e-05
6216,1.3699556888579772e-05
6217,1.8727453261666602e-05
6218,2.1659330350260056e-06
6219,1.5065615792370589e-05
6220,3.439191938187067e-06
6221,1.7750948649619377e-05
6222,2.1659330350260056e-06
6223,1.5065615792370589e-05
6224,3.439191938187067e-06
6225,1.7750948649619377e-05
6226,2.1659330350260056e-06
6227,1.5065615792370589e-05
6228,3.439191938187067e-06
6229,1.7750948649619377e-05
6230,2.1659330350260056e-06
6231,1.5065615792370589e-05
6232,3.439191938187067e-06
6233,1.7750948649619377e-05
6248,6.395473202578716e-06
6249,4.8873459085317206e-06
6259,1.0098130033468694e-07
6260,1.6473696397638393e-06
6261,1.0098130033468694e-07
6262,1.6473696397638393e-06
6263,1.0098130033468694e-07
6264,1.6473696397638393e-06
6265,1.0098130033468694e-07
6266,1.6473696397638393e-06
6267,1.0098130033468694e-07
6268,1.6473696397638393e-06
6270,2.7706122941477073e-05
6271,4.7013287266935986e-05
6272,0.00032061265137489246
6273,6.524315505306481e-05
6278,5.866989675933844e-06
6279,7.672699660322713e-05
6280,5.866989675933844e-06
6281,7.672699660322713e-05
6282,5.54178646636367e-06
6283,2.453094357843333e-05
6284,5.54178646636367e-06
6285,2.453094357843333e-05
6286,5.917145578504596e-05
6287,5.13024508514093e-05
6288,0.00032384110991172827
6289,0.00030876767600516693
6290,0.00030026343955730776
6291,0.0003032770244632683
6292,0.00032971995592733774
6293,0.00012858364016214433
6294,0.00032384110991172827
6295,0.00030876767600516693
6296,0.00030026343955730776
6297,0.0003032770244632683
6298,0.00032971995592733774
6299,0.00012858364016214433
6306,0.00016469683254012095
6307,0.00027906719052430155
6308,0.00027518442252819336
6309,0.0005662985350633559
6310,0.0017778145756535628
6311,0.002148415713498846
6312,0.00016469683254012095
6313,0.00027906719052430155
6314,0.00027518442252819336
6315,0.0005662985350633559
6316,0.0017778145756535628
6317,0.002148415713498846
6318,0.00016469683254012095
6319,0.00027906719052430155
6320,0.00027518442252819336
6321,0.0005662985350633559
6351,2.2001323865987484e-06
6352,0.00032769953141682914
6353,2.2001323865987484e-06
6354,0.00032769953141682914
6355,2.2001323865987484e-06
6356,2.2001323865987484e-06
6357,2.2001323865987484e-06
6358,2.2001323865987484e-06
6359,2.2001323865987484e-06
6360,2.2001323865987484e-06
6361,2.2001323865987484e-06
6362,2.2001323865987484e-06
6363,2.2001323865987484e-06
6364,2.2001323865987484e-06
6365,2.2001323865987484e-06
6366,2.2001323865987484e-06
6367,2.2001323865987484e-06
6368,0.00032769953141682914
6369,0.00032769953141682914
6370,0.00032769953141682914
6371,0.00032769953141682914
6372,0.00032769953141682914
6373,0.00032769953141682914
6374,0.00032769953141682914
6375,0.00032769953141682914
6376,0.00032769953141682914
6377,0.00032769953141682914
6378,0.00032769953141682914
6379,0.00032769953141682914
6380,0.0002958950896630529
6381,0.0002958950896630529
6382,0.0002958950896630529
6383,0.0002958950896630529
6384,0.0002958950896630529
6385,0.0002958950896630529
6401,1.0013665179267627e-06
6402,1.0013665179267627e-06
6403,1.0013665179267627e-06
6404,1.0013665179267627e-06
6405,1.0013665179267627e-06
6406,1.0013665179267627e-06
6407,8.703811073881633e-07
6408,8.703811073881633e-07
6409,8.703811073881633e-07
6410,8.703811073881633e-07
6411,8.703811073881633e-07
6412,8.703811073881633e-07
6416,1.6121749379353723e-05
6417,1.6121749379353723e-05
6418,1.6121749379353723e-05
6419,1.6121749379353723e-05
6421,2.98854771385746e-06
6422,2.98854771385746e-06
6423,2.98854771385746e-06
6424,2.98854771385746e-06
6426,0.0008401862135192194
6427,0.0008401862135192194
6428,0.0008401862135192194
6429,0.0008401862135192194
6430,1.6121749379353723e-05
6431,2.98854771385746e-06
6432,0.0008401862135192194
6440,2.658515593695542e-09
6445,4.664494842011536e-09
6446,1.1561181865047829e-05
6447,0.00012597170499831193
6448,0.0037971192342796736
6459,5.021141674279849e-06
6460,5.021141674279849e-06
6461,5.021141674279849e-06
6462,1.1940061262704564e-05
6463,1.1940061262704564e-05
6464,1.1940061262704564e-05
6465,1.5794671774076045e-05
6466,1.5794671774076045e-05
6467,1.5794671774076045e-05
6468,9.730624973664511e-05
6469,9.730624973664511e-05
6470,9.730624973664511e-05
6476,5.793935326216765e-07
6477,0.00022653570949950742
6478,4.1653862327738745e-05
6479,1.11656924211091e-06
6480,2.9584662930351995e-05
6481,2.8957389883562567e-08
6482,2.9584662930351995e-05
6483,2.8957389883562567e-08
6487,2.483319742430462e-06
6500,0.0008693702121382885
6501,0.00046023447780627513
6502,0.0008693702121382885
6503,0.00046023447780627513
6504,1.8387796979018893e-09
6505,1.5233642305834162e-05
6506,0.0003110237717512594
6507,6.239551359401449e-05
6508,2.056960832272647e-07
6509,2.056960832272647e-07
6510,1.8387796979018893e-09
6511,1.5233642305834162e-05
6512,0.0003110237717512594
6513,6.239551359401449e-05
6526,0.0004329512291995904
6536,3.155257144874006e-07
6537,4.803228769668781e-07
6538,3.0435146617570006e-07
6539,4.759127568236272e-07
6540,0.0005023023329234011
6541,1.705851158900521e-05
6542,0.0005523090034952566
6543,0.0003610836406435477
6548,1.770491534586249e-05
6549,8.329201269215482e-05
6550,1.770491534586249e-05
6551,8.329201269215482e-05
6552,5.220821264338047e-06
6553,2.615853958527658e-06
6554,0.00011545331047016152
6555,5.220821264338047e-06
6556,2.615853958527658e-06
6557,0.00011545331047016152
6558,5.220821264338047e-06
6559,2.615853958527658e-06
6560,0.00011545331047016152
6561,5.220821264338047e-06
6562,2.615853958527658e-06
6563,0.00011545331047016152
6564,1.944077817899978e-07
6565,1.3910421924346944e-05
6566,7.225119086886547e-06
6567,1.944077817899978e-07
6568,1.3910421924346944e-05
6569,7.225119086886547e-06
6571,7.14260749394535e-07
6590,0.00010909554116965664
6591,0.00010909554116965664
6614,1.168818144627175e-06
6621,0.00014588887540698412
6622,0.00014588887540698412
6623,0.00014588887540698412
6624,0.00014588887540698412
6625,3.596333347100096e-05
6627,3.596333347100096e-05
6628,3.596333347100096e-05
6629,3.596333347100096e-05
6630,4.8384087976962334e-05
6632,4.8384087976962334e-05
6633,4.8384087976962334e-05
6634,4.8384087976962334e-05
6635,1.5132564219610275e-06
6636,6.284919923569016e-05
6637,0.00037885211869507785
6638,0.0008835818120759848
6639,4.195667018705415e-06
6640,1.5132564219610275e-06
6641,6.284919923569016e-05
6642,0.00037885211869507785
6643,0.0008835818120759848
6644,4.195667018705415e-06
6645,1.5132564219610275e-06
6646,6.284919923569016e-05
6647,0.00037885211869507785
6648,0.0008835818120759848
6649,4.195667018705415e-06
6650,1.5132564219610275e-06
6651,6.284919923569016e-05
6652,0.00037885211869507785
6653,0.0008835818120759848
6654,4.195667018705415e-06
6655,1.5132564219610275e-06
6656,6.284919923569016e-05
6657,0.00037885211869507785
6658,0.0008835818120759848
6659,4.195667018705415e-06
6662,3.5325582963681397e-07
6663,3.5325582963681397e-07
6664,3.5325582963681397e-07
6665,3.5325582963681397e-07
6666,3.5325582963681397e-07
6667,1.8029992012189348e-06
6668,1.8029992012189348e-06
6669,1.8029992012189348e-06
6670,1.8029992012189348e-06
6671,1.8029992012189348e-06
6672,5.498368994232592e-06
6673,5.498368994232592e-06
6674,5.498368994232592e-06
6675,5.498368994232592e-06
6676,5.498368994232592e-06
6677,0.00010852302903857309
6678,0.00010852302903857309
6679,0.00010852302903857309
6680,0.00010852302903857309
6681,0.00010852302903857309
6682,3.5325582963681397e-07
6683,1.8029992012189348e-06
6684,5.498368994232592e-06
6685,0.00010852302903857309
6686,3.5325582963681397e-07
6687,1.8029992012189348e-06
6688,5.498368994232592e-06
6689,0.00010852302903857309
6704,0.00020200474355158409
6705,0.000508388845230129
6706,0.0002976671733457017
6707,0.00020200474355158409
6708,0.000508388845230129
6709,0.0002976671733457017
6713,3.2309267113241064e-06
6714,3.2309267113241064e-06
6716,3.2309267113241064e-06
6717,3.194009359478514e-06
6718,3.194009359478514e-06
6720,3.194009359478514e-06
6729,9.636776356468389e-07
6731,9.636776356468389e-07
6732,5.57384271254488e-09
6733,5.57384271254488e-09
6738,0.00019211432527320001
6739,3.413375479633701e-05
6740,1.689867200261219e-06
6741,0.00019211432527320001
6742,3.413375479633701e-05
6743,1.689867200261219e-06
6747,1.4728895091596141e-06
6748,4.0297061085420896e-07
6749,1.4728895091596141e-06
6750,4.0297061085420896e-07
6751,2.3395032689547894e-07
6752,2.3395032689547894e-07
6753,2.3395032689547894e-07
6754,2.3395032689547894e-07
6755,2.3395032689547894e-07
6756,2.3395032689547894e-07
6757,2.3395032689547894e-07
6758,8.972321667955368e-08
6759,8.972321667955368e-08
6760,8.972321667955368e-08
6761,8.972321667955368e-08
6762,8.972321667955368e-08
6763,8.972321667955368e-08
6764,8.972321667955368e-08
6765,6.993559647165924e-07
6766,6.993559647165924e-07
6767,6.993559647165924e-07
6768,6.993559647165924e-07
6769,6.993559647165924e-07
6770,6.993559647165924e-07
6771,6.993559647165924e-07
6779,3.10657901629897e-06
6780,4.6407327905106463e-07
6781,3.0195206067247425e-05
6782,7.939097355664921e-09
6783,3.3143567751243064e-05
6784,4.073139357224125e-09
6785,4.777176952937927e-10
6786,2.5002190629382314e-06
6788,2.5002190629382314e-06
6789,2.5002190629382314e-06
6790,1.0198347089684378e-05
6792,1.0198347089684378e-05
6793,1.0198347089684378e-05
6794,2.5002190629382314e-06
6795,1.0198347089684378e-05
6798,1.0985958069888805e-07
6800,1.0985958069888805e-07
6801,1.0985958069888805e-07
6802,1.0985958069888805e-07
6803,1.0985958069888805e-07
6804,1.0638220576303224e-08
6806,1.0638220576303224e-08
6807,1.0638220576303224e-08
6808,1.0638220576303224e-08
6809,1.0638220576303224e-08
6851,1.5640308958213792e-08
6856,1.5640308958213792e-08
6877,2.788670639281597e-07
6878,2.788670639281597e-07
6880,2.788670639281597e-07
6881,2.788670639281597e-07
6882,2.788670639281597e-07
6886,9.699113826998626e-06
6887,9.699113826998626e-06
6888,9.699113826998626e-06
6890,9.699113826998626e-06
6891,9.699113826998626e-06
6893,9.699113826998626e-06
6896,2.9266455203778396e-05
6897,2.9266455203778396e-05
6898,2.9266455203778396e-05
6900,2.9266455203778396e-05
6901,2.9266455203778396e-05
6903,2.9266455203778396e-05
6904,2.9266455203778396e-05
6938,1.7927081430124396e-10
6939,1.7927081430124396e-10
6940,1.7927081430124396e-10
6941,1.7927081430124396e-10
6942,7.595332903732775e-05
6943,7.595332903732775e-05
6944,7.595332903732775e-05
6945,7.595332903732775e-05
6946,1.0788594991465078e-07
6947,1.0788594991465078e-07
6948,1.0788594991465078e-07
6949,1.0788594991465078e-07
6950,0.00036865240001025996
6951,0.00036865240001025996
6952,0.00036865240001025996
6953,0.00036865240001025996
6958,3.247972702567721e-07
6959,4.3245494561199933e-07
6960,2.1591637264644248e-07
6961,7.948839988005364e-07
6962,1.2081005748593078e-06
6963,2.1591637264644248e-07
6964,7.948839988005364e-07
6965,1.2081005748593078e-06
6990,4.845651079772333e-06
7008,1.3599168220362576e-09
7009,1.3599168220362576e-09
7011,0.00011425743052205311
7012,0.00011425743052205311
7013,1.3599168220362576e-09
7014,0.00011425743052205311
7028,1.975805732984388e-05
7029,1.975805732984388e-05
7030,1.975805732984388e-05
7031,1.975805732984388e-05
7032,1.975805732984388e-05
7033,1.975805732984388e-05
7034,1.975805732984388e-05
7035,1.975805732984388e-05
7036,1.975805732984388e-05
7037,1.975805732984388e-05
7038,7.476975946281751e-07
7039,7.476975946281751e-07
7040,7.476975946281751e-07
7041,7.476975946281751e-07
7042,7.476975946281751e-07
7043,7.476975946281751e-07
7045,7.476975946281751e-07
7046,7.476975946281751e-07
7047,7.476975946281751e-07
7048,7.476975946281751e-07
7050,2.0966227741510704e-05
7051,2.0966227741510704e-05
7052,2.0966227741510704e-05
7053,2.0966227741510704e-05
7054,2.0966227741510704e-05
7055,2.0966227741510704e-05
7056,2.0966227741510704e-05
7058,2.0966227741510704e-05
7059,2.0966227741510704e-05
7060,2.0966227741510704e-05
7061,9.939759710020615e-06
7062,9.939759710020615e-06
7063,9.939759710020615e-06
7064,9.939759710020615e-06
7065,9.939759710020615e-06
7066,9.939759710020615e-06
7067,9.939759710020615e-06
7069,9.939759710020615e-06
7070,9.939759710020615e-06
7071,9.939759710020615e-06
7072,1.5479242069004362e-06
7073,1.5479242069004362e-06
7074,1.5479242069004362e-06
7075,1.5479242069004362e-06
7076,1.5479242069004362e-06
7077,1.5479242069004362e-06
7078,1.5479242069004362e-06
7079,1.5479242069004362e-06
7081,1.5479242069004362e-06
7082,1.5479242069004362e-06
7103,2.678940793861885e-06
7104,8.498017407806479e-05
7105,3.5472216819192445e-06
7106,9.851049253806225e-05
7107,2.678940793861885e-06
7108,8.498017407806479e-05
7109,3.5472216819192445e-06
7110,9.851049253806225e-05
7124,9.923576128816774e-07
7133,1.1233091482094908e-07
7134,2.329653365564969e-05
7136,8.49717525697562e-09
7141,2.6278127898257818e-09
7144,8.58631767768928e-07
7280,8.366737859962643e-05
7289,0.00018817081185517164
7290,0.00018817081185517164
7291,0.00018817081185517164
7292,0.00018817081185517164
7293,0.00018817081185517164
7294,0.00018817081185517164
7295,0.00018817081185517164
7296,0.00018817081185517164
7297,0.00018817081185517164
7298,0.00018817081185517164
7321,8.242472456984016e-05
7322,8.242472456984016e-05
7345,1.5483867984084254e-06
7346,1.5483867984084254e-06
7347,1.5483867984084254e-06
7348,1.5483867984084254e-06
7349,1.5483867984084254e-06
7350,1.5483867984084254e-06
7351,1.5483867984084254e-06
7352,1.5483867984084254e-06
7353,1.5483867984084254e-06
7354,1.5483867984084254e-06
7355,1.5483867984084254e-06
7356,1.5483867984084254e-06
7357,1.5483867984084254e-06
7358,1.5483867984084254e-06
7359,1.1101786958249272e-06
7360,1.1101786958249272e-06
7361,1.1101786958249272e-06
7362,1.1101786958249272e-06
7363,1.1101786958249272e-06
7364,1.1101786958249272e-06
7365,1.1101786958249272e-06
7366,1.1101786958249272e-06
7367,1.1101786958249272e-06
7368,1.1101786958249272e-06
7369,1.1101786958249272e-06
7370,1.1101786958249272e-06
7371,1.1101786958249272e-06
7372,1.1101786958249272e-06
7373,1.4927019901506837e-06
7374,1.4927019901506837e-06
7375,1.4927019901506837e-06
7376,1.4927019901506837e-06
7377,1.4927019901506837e-06
7378,1.4927019901506837e-06
7379,1.4927019901506837e-06
7380,1.4927019901506837e-06
7381,1.4927019901506837e-06
7382,1.4927019901506837e-06
7383,1.4927019901506837e-06
7384,1.4927019901506837e-06
7385,1.4927019901506837e-06
7386,1.4927019901506837e-06
7387,1.225750410991424e-06
7388,1.225750410991424e-06
7389,1.225750410991424e-06
7390,1.225750410991424e-06
7391,1.225750410991424e-06
7392,1.225750410991424e-06
7393,1.225750410991424e-06
7394,1.225750410991424e-06
7395,1.225750410991424e-06
7396,1.225750410991424e-06
7397,1.225750410991424e-06
7398,1.225750410991424e-06
7399,1.225750410991424e-06
7400,1.225750410991424e-06
7467,0.0011381110335797764
7468,0.0011381110335797764
7530,0.00014400882664379567
7531,0.00014400882664379567
7535,2.9012773568896093e-05
7537,6.429773415158287e-05
7538,6.429773415158287e-05
7542,3.170977004810397e-05
7543,3.170977004810397e-05
7544,3.170977004810397e-05
7546,5.070677657451302e-06
7548,2.9957952529940795e-06
7551,3.620779572994161e-05
7552,3.620779572994161e-05
7553,3.620779572994161e-05
7555,5.5785829513062184e-06
7557,2.7916428222269656e-06
7559,2.1970184366094296e-05
7560,2.1970184366094296e-05
7561,2.1970184366094296e-05
7563,2.7761949220557502e-06
7566,4.5816618744401984e-05
7567,4.5816618744401984e-05
7569,0.0007373997546770053
7570,0.0009503096798746939
7571,0.0006827258044881653
7572,0.0008390536298917496
7573,0.0007553943414566951
7574,0.0009641327090158261
7575,0.000977817335989654
7576,0.0009623837348498452
7577,0.0007373997546770053
7578,0.0009503096798746939
7579,0.0006827258044881653
7580,0.0008390536298917496
7581,0.0007553943414566951
7582,0.0009641327090158261
7583,0.000977817335989654
7584,0.0009623837348498452
7629,1.7537687619005608e-07
7631,3.841838635099495e-05
7632,0.00012447725993411788
7636,0.0001706133633011007
7652,7.33579002317349e-08
7653,4.015133290049609e-05
7654,4.015133290049609e-05
7679,7.469387259609378e-05
7685,0.00014447083572632688
7764,5.124331622965197e-08
7765,2.7789301440005347e-05
7766,5.486150290492152e-06
7767,2.349578592013935e-05
7768,1.4489650988590528e-08
7769,1.9867596851123647e-05
7770,2.310867214572606e-07
7771,4.824545308878399e-06
7772,9.49664444646811e-08
7773,4.674282689029009e-09
7774,1.6710353697215103e-05
7775,1.2868373269603152e-05
7776,2.4261574142536957e-05
7777,1.3807368785570907e-06
7778,5.760515336257212e-05
7779,2.822766712454022e-05
7780,5.124331622965197e-08
7781,2.7789301440005347e-05
7782,5.486150290492152e-06
7783,2.349578592013935e-05
7784,1.4489650988590528e-08
7785,1.9867596851123647e-05
7786,2.310867214572606e-07
7787,4.824545308878399e-06
7788,9.49664444646811e-08
7789,4.674282689029009e-09
7790,1.6710353697215103e-05
7791,1.2868373269603152e-05
7792,2.4261574142536957e-05
7793,1.3807368785570907e-06
7794,5.760515336257212e-05
7795,2.822766712454022e-05
7813,2.7789301440005347e-05
7814,5.486150290492152e-06
7815,2.349578592013935e-05
7816,1.4489650988590528e-08
7817,1.9867596851123647e-05
7818,2.310867214572606e-07
7819,4.824545308878399e-06
7820,9.49664444646811e-08
7821,4.674282689029009e-09
7822,1.6710353697215103e-05
7823,1.2868373269603152e-05
7824,2.4261574142536957e-05
7825,1.3807368785570907e-06
7826,5.760515336257212e-05
7827,2.822766712454022e-05
7828,5.124331622965197e-08
7829,2.7789301440005347e-05
7830,5.486150290492152e-06
7831,2.349578592013935e-05
7832,1.4489650988590528e-08
7833,1.9867596851123647e-05
7834,2.310867214572606e-07
7835,4.824545308878399e-06
7836,9.49664444646811e-08
7837,4.674282689029009e-09
7838,1.6710353697215103e-05
7839,1.2868373269603152e-05
7840,2.4261574142536957e-05
7841,1.3807368785570907e-06
7842,5.760515336257212e-05
7843,2.822766712454022e-05
7856,0.00013072195592443817
7861,8.531506794665551e-05
7863,8.531506794665551e-05
7864,8.531506794665551e-05
7865,8.531506794665551e-05
7889,6.051929306850986e-08
7894,6.051929306850986e-08
7895,6.051929306850986e-08
7896,6.051929306850986e-08
7897,6.051929306850986e-08
7898,1.543505865845038e-10
7903,1.543505865845038e-10
7904,1.543505865845038e-10
7905,1.543505865845038e-10
7906,1.543505865845038e-10
7907,6.051929306850986e-08
7908,1.543505865845038e-10
7928,6.256498240308023e-06
7937,5.555756178749989e-06
7938,3.2939057199906924e-07
7939,0.0001402776717690838
7940,3.565621091735987e-05
7941,6.256498240308023e-06
7942,0.00021058328419230787
7943,0.00010215586520452375
8143,1.129277036348132e-08
8153,2.930357008942956e-06
8154,3.162146572805253e-06
8155,2.930357008942956e-06
8156,3.162146572805253e-06
8157,2.930357008942956e-06
8158,3.162146572805253e-06
8159,2.930357008942956e-06
8160,3.162146572805253e-06
8165,5.816775718294629e-11
8166,7.543544240732255e-10
8167,0.0001388484933742962
8168,0.00012983598733610815
8169,5.816775718294629e-11
8170,7.543544240732255e-10
8171,0.0001388484933742962
8172,0.00012983598733610815
8173,9.058122346109276e-11
8174,9.058122346109276e-11
8175,9.058122346109276e-11
8177,9.058122346109276e-11
8178,9.058122346109276e-11
8179,7.528035764762535e-08
8180,7.528035764762535e-08
8181,7.528035764762535e-08
8183,7.528035764762535e-08
8184,7.528035764762535e-08
8185,4.308456225695904e-06
8186,4.308456225695904e-06
8187,4.308456225695904e-06
8189,4.308456225695904e-06
8190,4.308456225695904e-06
8242,5.163104512307256e-07
8243,5.163104512307256e-07
8244,5.163104512307256e-07
8245,5.163104512307256e-07
8246,5.163104512307256e-07
8247,5.163104512307256e-07
8248,5.163104512307256e-07
8249,5.163104512307256e-07
8250,5.163104512307256e-07
8251,5.163104512307256e-07
8283,2.523905289216832e-07
8284,2.523905289216832e-07
8290,7.445235418093874e-08
8291,7.445235418093874e-08
8292,7.445235418093874e-08
8294,7.445235418093874e-08
8295,3.6672059755463684e-06
8296,3.6672059755463684e-06
8297,3.6672059755463684e-06
8299,3.6672059755463684e-06
8300,3.0204433880630775e-07
8301,3.0204433880630775e-07
8302,3.0204433880630775e-07
8304,3.0204433880630775e-07
8305,7.851043002211076e-07
8306,7.851043002211076e-07
8307,7.851043002211076e-07
8309,7.851043002211076e-07
8310,3.1497735937751314e-06
8311,3.1497735937751314e-06
8312,3.1497735937751314e-06
8314,3.1497735937751314e-06
8315,5.026175834678058e-06
8316,5.026175834678058e-06
8317,5.026175834678058e-06
8319,5.026175834678058e-06
8320,1.0986052504285949e-10
8321,1.0986052504285949e-10
8322,1.0986052504285949e-10
8324,1.0986052504285949e-10
8325,6.757060527493585e-07
8326,6.757060527493585e-07
8327,6.757060527493585e-07
8329,6.757060527493585e-07
8330,3.468903721391796e-13
8331,3.468903721391796e-13
8332,3.468903721391796e-13
8334,3.468903721391796e-13
8335,8.634063433053556e-06
8336,8.634063433053556e-06
8337,8.634063433053556e-06
8339,8.634063433053556e-06
8417,4.105916975112493e-07
8418,2.8693080164369942e-05
8419,7.646286425335487e-06
8420,4.040364029707612e-05
8421,4.105916975112493e-07
8422,2.8693080164369942e-05
8423,7.646286425335487e-06
8424,4.040364029707612e-05
8426,3.710161747455469e-08
8427,3.710161747455469e-08
8428,3.710161747455469e-08
8430,3.710161747455469e-08
8431,3.710161747455469e-08
8432,3.710161747455469e-08
8435,0.00022975778214162932
8436,0.00022975778214162932
8437,0.00022975778214162932
8439,0.00022975778214162932
8440,0.00022975778214162932
8441,0.00022975778214162932
8444,0.00010061246885108516
8445,0.00010061246885108516
8446,0.00010061246885108516
8448,0.00010061246885108516
8449,0.00010061246885108516
8450,0.00010061246885108516
8453,0.00022944104577966789
8454,0.00022944104577966789
8455,0.00022944104577966789
8457,0.00022944104577966789
8458,0.00022944104577966789
8459,0.00022944104577966789
8463,2.7936642151176657e-10
8464,2.7936642151176657e-10
8468,2.6119785838137987e-09
8469,2.6119785838137987e-09
8473,7.608049186309372e-07
8474,7.608049186309372e-07
8557,0.0006605582407162502
8558,0.0006605582407162502
8559,0.0006605582407162502
8560,0.0006605582407162502
8561,0.0006605582407162502
8562,0.0006605582407162502
8580,5.577654115955926e-05
8581,3.53085965327753e-07
8582,3.53085965327753e-07
8585,1.5058989023041503e-05
8586,1.5058989023041503e-05
8587,1.5058989023041503e-05
8591,2.608994975933095e-07
8592,2.608994975933095e-07
8596,5.700051622777985e-06
8597,5.700051622777985e-06
8598,4.899988740791108e-09
8599,9.486706262136668e-07
8600,5.627300391413537e-06
8601,6.49522836793437e-07
8603,2.8496714599980007e-09
8605,6.979208522142496e-10
8607,1.5455963822292233e-09
8618,4.03360368904259e-06
8619,8.317258356769197e-06
8620,0.00014565119741064445
8621,0.00011012501059908069
8622,7.586201494710272e-05
8623,5.521999679358851e-10
8630,4.03360368904259e-06
8631,4.03360368904259e-06
8632,4.03360368904259e-06
8633,4.03360368904259e-06
8634,4.03360368904259e-06
8635,4.03360368904259e-06
8636,4.03360368904259e-06
8637,4.03360368904259e-06
8638,4.03360368904259e-06
8639,4.03360368904259e-06
8640,8.317258356769197e-06
8641,8.317258356769197e-06
8642,8.317258356769197e-06
8643,8.317258356769197e-06
8644,8.317258356769197e-06
8645,8.317258356769197e-06
8646,8.317258356769197e-06
8647,8.317258356769197e-06
8648,8.317258356769197e-06
8649,8.317258356769197e-06
8650,0.00014565119741064445
8651,0.00014565119741064445
8652,0.00014565119741064445
8653,0.00014565119741064445
8654,0.00014565119741064445
8655,0.00014565119741064445
8656,0.00014565119741064445
8657,0.00014565119741064445
8658,0.00014565119741064445
8659,0.00014565119741064445
8660,0.00011012501059908069
8661,0.00011012501059908069
8662,0.00011012501059908069
8663,0.00011012501059908069
8664,0.00011012501059908069
8665,0.00011012501059908069
8666,0.00011012501059908069
8667,0.00011012501059908069
8668,0.00011012501059908069
8669,0.00011012501059908069
8670,7.586201494710272e-05
8671,7.586201494710272e-05
8672,7.586201494710272e-05
8673,7.586201494710272e-05
8674,7.586201494710272e-05
8675,7.586201494710272e-05
8676,7.586201494710272e-05
8677,7.586201494710272e-05
8678,7.586201494710272e-05
8679,7.586201494710272e-05
8680,5.521999679358851e-10
8681,5.521999679358851e-10
8682,5.521999679358851e-10
8683,5.521999679358851e-10
8684,5.521999679358851e-10
8685,5.521999679358851e-10
8686,5.521999679358851e-10
8687,5.521999679358851e-10
8688,5.521999679358851e-10
8689,5.521999679358851e-10
8690,9.833186028268133e-08
8691,9.833186028268133e-08
8692,9.833186028268133e-08
8716,4.8393947646828736e-06
8717,4.8393947646828736e-06
8718,4.8393947646828736e-06
8719,4.8393947646828736e-06
8720,4.8393947646828736e-06
8721,4.8393947646828736e-06
8722,4.8393947646828736e-06
8723,4.8393947646828736e-06
8724,4.8393947646828736e-06
8725,4.8393947646828736e-06
8726,4.8393947646828736e-06
8727,4.8393947646828736e-06
8728,4.8393947646828736e-06
8729,4.8393947646828736e-06
8730,4.8393947646828736e-06
8731,4.8393947646828736e-06
8732,4.8393947646828736e-06
8733,4.8393947646828736e-06
8734,4.8393947646828736e-06
8735,7.192718632009508e-06
8736,7.192718632009508e-06
8737,7.192718632009508e-06
8738,7.192718632009508e-06
8739,7.192718632009508e-06
8740,7.192718632009508e-06
8741,7.192718632009508e-06
8742,7.192718632009508e-06
8743,7.192718632009508e-06
8744,7.192718632009508e-06
8745,7.192718632009508e-06
8746,7.192718632009508e-06
8747,7.192718632009508e-06
8748,7.192718632009508e-06
8749,7.192718632009508e-06
8750,7.192718632009508e-06
8751,7.192718632009508e-06
8752,7.192718632009508e-06
8829,1.3581339483830422e-05
8830,1.3581339483830422e-05
8831,1.3581339483830422e-05
8832,1.3581339483830422e-05
8833,1.3581339483830422e-05
8834,1.3581339483830422e-05
8835,1.3581339483830422e-05
8836,1.3581339483830422e-05
8837,1.3581339483830422e-05
8838,4.282337938893953e-06
8839,4.282337938893953e-06
8840,4.282337938893953e-06
8841,4.282337938893953e-06
8842,4.282337938893953e-06
8843,4.282337938893953e-06
8844,4.282337938893953e-06
8845,4.282337938893953e-06
8846,9.28870858832874e-06
8847,9.28870858832874e-06
8848,9.28870858832874e-06
8849,9.28870858832874e-06
8850,9.28870858832874e-06
8851,9.28870858832874e-06
8852,9.28870858832874e-06
8853,9.28870858832874e-06
8854,9.28870858832874e-06
8855,6.514626363299121e-06
8856,6.514626363299121e-06
8857,6.514626363299121e-06
8858,6.514626363299121e-06
8859,6.514626363299121e-06
8860,6.514626363299121e-06
8861,6.514626363299121e-06
8862,6.514626363299121e-06
8863,6.514626363299121e-06
8864,6.0608778000543e-08
8865,6.0608778000543e-08
8866,6.0608778000543e-08
8867,6.0608778000543e-08
8868,6.0608778000543e-08
8869,6.0608778000543e-08
8870,4.770397988891186e-07
8871,4.770397988891186e-07
8872,4.770397988891186e-07
8873,4.770397988891186e-07
8874,4.770397988891186e-07
8875,4.770397988891186e-07
8876,4.770397988891186e-07
8877,4.770397988891186e-07
8878,4.770397988891186e-07
8879,2.688465138503939e-07
8880,2.688465138503939e-07
8881,2.688465138503939e-07
8882,2.688465138503939e-07
8883,2.688465138503939e-07
8884,2.8304114855632453e-05
8885,2.8304114855632453e-05
8886,2.8304114855632453e-05
8887,2.8304114855632453e-05
8888,2.8304114855632453e-05
8889,2.8304114855632453e-05
8890,2.8304114855632453e-05
8891,2.8304114855632453e-05
8892,2.8304114855632453e-05
8893,2.456030744235381e-05
8894,2.456030744235381e-05
8895,2.456030744235381e-05
8896,2.456030744235381e-05
8897,2.456030744235381e-05
8898,2.456030744235381e-05
8899,2.456030744235381e-05
8900,2.456030744235381e-05
8901,2.456030744235381e-05
8902,2.456030744235381e-05
8903,1.350891354820115e-07
8904,1.350891354820115e-07
8905,1.350891354820115e-07
8906,1.350891354820115e-07
8907,1.350891354820115e-07
8915,1.6582818032767123e-05
8916,1.6582818032767123e-05
8917,1.6582818032767123e-05
8918,1.6582818032767123e-05
8919,1.6582818032767123e-05
8920,1.6582818032767123e-05
8921,1.6582818032767123e-05
8922,1.6582818032767123e-05
8923,1.6582818032767123e-05
8924,1.6582818032767123e-05
8925,2.4805673462055323e-10
8926,2.4805673462055323e-10
8927,2.4805673462055323e-10
8928,2.4805673462055323e-10
8929,2.4805673462055323e-10
8930,2.4805673462055323e-10
8931,2.4805673462055323e-10
8932,2.4805673462055323e-10
8933,2.4805673462055323e-10
8934,2.4805673462055323e-10
8935,1.8951628172499253e-06
8936,1.8951628172499253e-06
8937,1.8951628172499253e-06
8938,1.8951628172499253e-06
8939,1.8951628172499253e-06
8940,1.8951628172499253e-06
8941,1.8951628172499253e-06
8942,1.8951628172499253e-06
8943,1.8951628172499253e-06
8944,1.8951628172499253e-06
8945,2.223152714570712e-08
8946,2.223152714570712e-08
8947,2.223152714570712e-08
8948,2.223152714570712e-08
8949,2.223152714570712e-08
8950,2.223152714570712e-08
8951,2.223152714570712e-08
8952,2.223152714570712e-08
8953,2.223152714570712e-08
8954,2.223152714570712e-08
8955,2.626666371539768e-07
8956,2.626666371539768e-07
8957,2.626666371539768e-07
8958,2.626666371539768e-07
8959,2.626666371539768e-07
8960,2.626666371539768e-07
8961,2.626666371539768e-07
8962,2.626666371539768e-07
8963,2.626666371539768e-07
8964,2.626666371539768e-07
8984,0.0003802601955201556
8985,0.0003802601955201556
8986,0.0003802601955201556
8987,0.0003802601955201556
8988,0.0003802601955201556
8989,0.00012165879722459838
8990,0.00012165879722459838
8991,0.00012165879722459838
8992,0.00012165879722459838
8993,0.00012165879722459838
9016,2.009548984307572e-06
9017,1.449316918113395e-05
9018,3.957057430791096e-08
9019,1.6739139240004205e-08
9020,1.832840885508098e-06
9021,4.7360753518402765e-06
9022,6.889687756428349e-07
9023,1.2864965421576156e-08
9024,2.0440328020447516e-05
9025,2.009548984307572e-06
9026,1.449316918113395e-05
9027,3.957057430791096e-08
9028,1.6739139240004205e-08
9029,1.832840885508098e-06
9030,4.7360753518402765e-06
9031,6.889687756428349e-07
9032,1.2864965421576156e-08
9033,2.0440328020447516e-05
9034,2.009548984307572e-06
9035,1.449316918113395e-05
9036,3.957057430791096e-08
9037,1.6739139240004205e-08
9038,1.832840885508098e-06
9039,4.7360753518402765e-06
9040,6.889687756428349e-07
9041,1.2864965421576156e-08
9042,2.0440328020447516e-05
9043,2.009548984307572e-06
9044,1.449316918113395e-05
9045,3.957057430791096e-08
9046,1.6739139240004205e-08
9047,1.832840885508098e-06
9048,4.7360753518402765e-06
9049,6.889687756428349e-07
9050,1.2864965421576156e-08
9051,2.0440328020447516e-05
9052,4.5175434053269054e-08
9054,4.5175434053269054e-08
9055,4.5175434053269054e-08
9056,1.3106603015517239e-11
9058,1.3106603015517239e-11
9059,1.3106603015517239e-11
9060,2.6481625473665426e-07
9062,2.6481625473665426e-07
9063,2.6481625473665426e-07
9065,1.7591801833270574e-09
9066,1.7591801833270574e-09
9067,2.1940063778169325e-07
9069,2.1940063778169325e-07
9070,2.1940063778169325e-07
9071,9.970200572685668e-07
9073,9.970200572685668e-07
9074,9.970200572685668e-07
9076,6.5655478279084225e-06
9077,6.5655478279084225e-06
9099,0.00014952246399250744
9100,0.00020481395748268876
9124,5.958863618985941e-13
9180,0.0002894765063515158
9211,0.0006652686384947613
9212,0.0006652686384947613
9213,0.0006652686384947613
9225,2.1238515522851052e-07
9228,6.276107141479171e-07
9229,6.276107141479171e-07
9230,6.276107141479171e-07
9231,6.276107141479171e-07
9242,4.64080624194902e-07
9248,3.922146195226589e-07
9250,5.4999551726344836e-08
9251,1.8780145226807378e-07
9252,1.8843102557647756e-07
9253,3.924013242867168e-07
9254,4.60642833238181e-06
9255,1.947636854997219e-07
9256,1.9169819968772262e-06
9257,5.25991295252703e-06
9258,4.257242236721091e-06
9259,4.827045815756716e-05
9260,5.4999551726344836e-08
9261,1.8780145226807378e-07
9262,1.8843102557647756e-07
9263,3.924013242867168e-07
9264,4.60642833238181e-06
9265,1.947636854997219e-07
9266,1.9169819968772262e-06
9267,5.25991295252703e-06
9268,4.257242236721091e-06
9269,4.827045815756716e-05
9270,0.00023190860994306897
9271,0.00023190860994306897
9272,0.00023190860994306897
9273,0.00023190860994306897
9274,0.00023190860994306897
9275,0.00023190860994306897
9276,0.00023190860994306897
9277,0.00023190860994306897
9278,0.00023190860994306897
9279,0.00023190860994306897
9280,0.00023190860994306897
9281,0.00023190860994306897
9282,0.00038652147155656866
9283,0.00038652147155656866
9284,0.00038652147155656866
9285,0.00038652147155656866
9286,0.00038652147155656866
9287,0.00038652147155656866
9288,0.00038652147155656866
9289,0.00038652147155656866
9290,0.00038652147155656866
9291,0.00038652147155656866
9292,0.00038652147155656866
9293,0.00038652147155656866
9301,3.0805212543024116e-07
9302,9.247213011511452e-08
9303,1.2812079621013426e-06
9304,7.177888830925043e-08
9305,9.335768560774256e-09
9306,3.52134022181929e-07
9307,2.9302765419818055e-07
9308,2.9772270044385714e-08
9309,1.4293249743034428e-08
9319,6.464874063575488e-08
9323,8.058222366715993e-08
9324,8.058222366715993e-08
9325,8.058222366715993e-08
9326,8.058222366715993e-08
9327,8.058222366715993e-08
9328,3.468678948391255e-07
9329,3.468678948391255e-07
9330,3.468678948391255e-07
9331,3.468678948391255e-07
9332,3.468678948391255e-07
9333,4.011312258877119e-07
9334,4.011312258877119e-07
9335,4.011312258877119e-07
9336,4.011312258877119e-07
9337,4.165351865383403e-08
9338,4.165351865383403e-08
9339,4.165351865383403e-08
9340,4.165351865383403e-08
9341,4.165351865383403e-08
9342,5.6080882779676695e-08
9343,5.6080882779676695e-08
9344,5.6080882779676695e-08
9345,5.6080882779676695e-08
9346,5.6080882779676695e-08
9347,5.1519155716591104e-08
9348,5.1519155716591104e-08
9349,5.1519155716591104e-08
9350,5.1519155716591104e-08
9351,5.1519155716591104e-08
9357,0.0017142381898767973
9360,0.002025425278247989
9366,0.0004612257187672646
9369,0.0007192160718418141
9370,8.591863923070319e-08
9373,8.591863923070319e-08
9375,8.591863923070319e-08
9376,8.591863923070319e-08
9377,8.591863923070319e-08
9378,8.591863923070319e-08
9379,3.1409986997038964e-06
9380,3.1409986997038964e-06
9382,3.1409986997038964e-06
9383,3.1409986997038964e-06
9384,3.1409986997038964e-06
9385,3.1409986997038964e-06
9386,3.1409986997038964e-06
9387,3.1409986997038964e-06
9388,2.809682267559089e-05
9389,2.809682267559089e-05
9391,2.809682267559089e-05
9392,2.809682267559089e-05
9393,2.809682267559089e-05
9394,2.809682267559089e-05
9395,2.809682267559089e-05
9396,2.809682267559089e-05
9397,5.922068565933722e-06
9398,5.922068565933722e-06
9399,5.922068565933722e-06
9400,5.922068565933722e-06
9401,5.922068565933722e-06
9402,5.922068565933722e-06
9403,5.922068565933722e-06
9404,5.922068565933722e-06
9405,5.922068565933722e-06
9410,1.4233279530370381e-09
9412,1.3833468186675344e-07
9427,1.8498960937565258e-06
9464,1.160784198724685e-06
9465,7.761644272495394e-06
9466,2.7929932929888775e-06
9467,1.3739701391646645e-05
9468,3.2164960969621814e-06
9469,1.160784198724685e-06
9470,7.761644272495394e-06
9471,2.7929932929888775e-06
9472,1.3739701391646645e-05
9473,3.2164960969621814e-06
9474,1.160784198724685e-06
9475,7.761644272495394e-06
9476,2.7929932929888775e-06
9477,1.3739701391646645e-05
9478,3.2164960969621814e-06
9479,1.160784198724685e-06
9480,7.761644272495394e-06
9481,2.7929932929888775e-06
9482,1.3739701391646645e-05
9483,3.2164960969621814e-06
9484,1.160784198724685e-06
9485,7.761644272495394e-06
9486,2.7929932929888775e-06
9487,1.3739701391646645e-05
9488,3.2164960969621814e-06
9489,1.160784198724685e-06
9490,7.761644272495394e-06
9491,2.7929932929888775e-06
9492,1.3739701391646645e-05
9493,3.2164960969621814e-06
9494,1.160784198724685e-06
9495,7.761644272495394e-06
9496,2.7929932929888775e-06
9497,1.3739701391646645e-05
9498,3.2164960969621814e-06
9499,0.00013906414154045746
9500,0.00013906414154045746
9501,0.00013906414154045746
9502,0.00013906414154045746
9503,0.00013906414154045746
9504,0.00013906414154045746
9505,0.00013906414154045746
9506,0.00013906414154045746
9507,0.00013906414154045746
9508,0.00013906414154045746
9509,0.00013906414154045746
9510,0.00013906414154045746
9511,0.00013906414154045746
9512,0.00013906414154045746
9530,6.945631401938989e-07
9531,6.945631401938989e-07
9532,6.945631401938989e-07
9533,6.945631401938989e-07
9534,6.945631401938989e-07
9535,6.945631401938989e-07
9536,6.945631401938989e-07
9537,6.945631401938989e-07
9561,3.735529782350383e-05
9562,3.735529782350383e-05
9563,3.735529782350383e-05
9564,3.735529782350383e-05
9565,3.735529782350383e-05
9566,3.735529782350383e-05
9691,6.050288962467102e-06
9697,1.2014903563577245e-06
9698,1.2014903563577245e-06
9699,1.2014903563577245e-06
9700,1.2014903563577245e-06
9701,1.2014903563577245e-06
9702,1.2014903563577245e-06
9703,1.2014903563577245e-06
9704,1.2014903563577245e-06
9705,1.2014903563577245e-06
9724,1.53529826181697e-07
9728,3.1542718135902784e-07
9731,1.53529826181697e-07
9736,3.582036927224927e-05
9737,3.582036927224927e-05
9738,3.582036927224927e-05
9739,3.582036927224927e-05
9740,0.0003734966508965548
9741,0.0003734966508965548
9742,0.0003734966508965548
9743,0.0003734966508965548
9775,5.044373976977829e-07
9785,5.044373976977829e-07
9789,2.3663043488278137e-05
9790,2.3663043488278137e-05
9791,2.3663043488278137e-05
9792,2.3663043488278137e-05
9793,2.3663043488278137e-05
9794,2.3663043488278137e-05
9795,2.9927478348850015e-05
9796,1.547208954710669e-05
9797,3.8969263053207844e-05
9854,9.20450694436796e-08
9855,9.20450694436796e-08
9856,9.20450694436796e-08
9857,9.20450694436796e-08
9858,9.20450694436796e-08
9859,9.20450694436796e-08
9860,9.20450694436796e-08
9861,9.20450694436796e-08
9862,9.20450694436796e-08
9863,5.781115833118265e-05
9864,5.781115833118265e-05
9865,5.781115833118265e-05
9866,5.781115833118265e-05
9867,5.781115833118265e-05
9868,5.781115833118265e-05
9869,5.781115833118265e-05
9870,5.781115833118265e-05
9871,5.781115833118265e-05
9872,5.781115833118265e-05
9873,5.781115833118265e-05
9874,5.781115833118265e-05
9875,5.781115833118265e-05
9876,5.781115833118265e-05
9877,5.781115833118265e-05
9878,2.6632462204046786e-06
9879,2.6632462204046786e-06
9880,2.6632462204046786e-06
9881,2.6632462204046786e-06
9882,2.6632462204046786e-06
9883,2.6632462204046786e-06
9884,2.6632462204046786e-06
9885,2.6632462204046786e-06
9886,2.6632462204046786e-06
9887,2.6632462204046786e-06
9888,2.6632462204046786e-06
9889,2.6632462204046786e-06
9896,2.405706351996061e-06
9905,3.358232740212164e-07
9912,3.4714767594652355e-07
9919,1.6376465766242527e-05
9920,0.0006393672638808028
9921,0.0006208643811607046
9923,1.5917481715165507e-07
9925,5.2110222411310866e-05
9927,2.2878325617852353e-06
9974,8.934634518178514e-07
9975,8.934634518178514e-07
9977,7.511260126140809e-06
9978,7.511260126140809e-06
9981,3.430783146620659e-06
9982,3.430783146620659e-06
9985,8.969064559938768e-06
9986,8.969064559938768e-06
9996,1.9236603680428176e-05
9997,2.2305634437826585e-05
9998,6.188455981049807e-05
10008,6.3282657161789855e-06
10009,6.3282657161789855e-06
10011,2.7107425246890404e-06
10023,1.234423136812218e-10
10024,1.234423136812218e-10
10028,6.779642218879652e-05
10029,6.779642218879652e-05
10030,6.779642218879652e-05
10031,6.779642218879652e-05
10032,6.779642218879652e-05
10033,6.779642218879652e-05
10034,6.779642218879652e-05
10035,6.779642218879652e-05
10036,6.779642218879652e-05
10067,5.587198545958912e-05
10068,5.587198545958912e-05
10069,5.587198545958912e-05
10070,5.587198545958912e-05
10071,5.587198545958912e-05
10072,5.587198545958912e-05
10073,5.587198545958912e-05
10074,0.00012655064831055253
10075,0.00012655064831055253
10076,0.00012655064831055253
10077,0.00012655064831055253
10078,0.00012655064831055253
10079,0.00012655064831055253
10080,0.00012655064831055253
10081,0.00010977531071081496
10082,0.00010977531071081496
10083,0.00010977531071081496
10084,0.00010977531071081496
10085,0.00010977531071081496
10086,0.00010977531071081496
10087,0.00010977531071081496
10088,4.249573422430904e-05
10089,4.249573422430904e-05
10090,4.249573422430904e-05
10091,4.249573422430904e-05
10092,4.249573422430904e-05
10093,0.00010276808060621695
10094,0.00010276808060621695
10095,0.00010276808060621695
10096,0.00010276808060621695
10097,0.00010276808060621695
10098,9.345885280201263e-05
10099,9.345885280201263e-05
10100,9.345885280201263e-05
10101,9.345885280201263e-05
10102,9.345885280201263e-05
10103,1.0381930242927208e-06
10104,6.86804283321378e-06
10129,3.11377201550927e-05
10130,3.11377201550927e-05
10138,0.00010030385823328333
10139,0.00010030385823328333
10162,7.505375520046648e-06
10163,3.507126648354587e-05
10164,0.00037756156458927176
10277,3.1595243081451997e-06
10278,3.1595243081451997e-06
10279,3.1595243081451997e-06
10280,3.1595243081451997e-06
10281,3.1595243081451997e-06
10282,3.1595243081451997e-06
10283,3.1595243081451997e-06
10284,3.1595243081451997e-06
10285,5.694791042180501e-05
10286,5.694791042180501e-05
10287,5.694791042180501e-05
10288,5.694791042180501e-05
10289,5.694791042180501e-05
10290,5.694791042180501e-05
10291,5.694791042180501e-05
10292,5.694791042180501e-05
10293,2.4798497694895837e-05
10294,2.4798497694895837e-05
10295,2.4798497694895837e-05
10296,2.4798497694895837e-05
10297,2.4798497694895837e-05
10298,2.4798497694895837e-05
10299,2.4798497694895837e-05
10300,2.4798497694895837e-05
10329,2.227086573645596e-19
10330,2.227086573645596e-19
10331,2.227086573645596e-19
10332,2.227086573645596e-19
10333,2.227086573645596e-19
10334,2.227086573645596e-19
10379,2.0854503268897412e-05
10380,7.164384512854234e-05
10381,2.738079516690561e-06
10382,1.8418553323431137e-05
10383,0.00017571564877593053
10384,0.00024771511752614276
10385,1.642513526203618e-06
10386,1.642513526203618e-06
10387,1.642513526203618e-06
10388,1.642513526203618e-06
10389,1.642513526203618e-06
10390,1.642513526203618e-06
10391,1.642513526203618e-06
10392,1.642513526203618e-06
10393,1.642513526203618e-06
10394,7.131708852437115e-07
10395,7.131708852437115e-07
10396,7.131708852437115e-07
10397,7.131708852437115e-07
10398,7.131708852437115e-07
10399,7.131708852437115e-07
10400,7.131708852437115e-07
10401,7.131708852437115e-07
10402,7.131708852437115e-07
10403,6.855807340662647e-06
10404,6.855807340662647e-06
10405,6.855807340662647e-06
10406,6.855807340662647e-06
10407,6.855807340662647e-06
10408,6.855807340662647e-06
10409,6.855807340662647e-06
10410,1.4806370559182699e-05
10411,1.4806370559182699e-05
10412,1.4806370559182699e-05
10413,1.4806370559182699e-05
10414,1.4806370559182699e-05
10415,1.4806370559182699e-05
10416,1.4806370559182699e-05
10417,1.4806370559182699e-05
10418,1.4806370559182699e-05
10419,9.12060433135616e-06
10420,9.12060433135616e-06
10421,9.12060433135616e-06
10422,9.12060433135616e-06
10423,9.12060433135616e-06
10424,9.12060433135616e-06
10425,9.12060433135616e-06
10426,9.12060433135616e-06
10427,9.12060433135616e-06
10428,2.140479425837619e-05
10429,2.140479425837619e-05
10430,2.140479425837619e-05
10431,2.140479425837619e-05
10432,2.140479425837619e-05
10433,2.140479425837619e-05
10434,2.140479425837619e-05
10435,2.140479425837619e-05
10436,2.140479425837619e-05
10452,6.906915005135429e-09
10453,6.906915005135429e-09
10454,6.906915005135429e-09
10455,6.906915005135429e-09
10456,6.906915005135429e-09
10457,6.906915005135429e-09
10458,6.906915005135429e-09
10459,6.906915005135429e-09
10460,6.906915005135429e-09
10468,5.579789277108761e-06
10479,1.662873310767886e-05
10480,1.662873310767886e-05
10481,1.662873310767886e-05
10482,1.662873310767886e-05
10483,1.662873310767886e-05
10484,1.662873310767886e-05
10485,1.662873310767886e-05
10486,1.662873310767886e-05
10487,1.662873310767886e-05
10488,1.662873310767886e-05
10489,1.8404065796963403e-05
10490,1.8404065796963403e-05
10491,1.8404065796963403e-05
10492,1.8404065796963403e-05
10493,1.8404065796963403e-05
10494,1.8404065796963403e-05
10495,1.8404065796963403e-05
10496,1.8404065796963403e-05
10497,1.8404065796963403e-05
10498,1.8404065796963403e-05
10512,9.065249245993272e-07
10513,6.915482688572775e-06
10514,3.451749486249299e-05
10574,0.00011568458313787884
10575,0.00011568458313787884
10576,0.00011568458313787884
10577,0.00011568458313787884
10578,0.00011568458313787884
10589,0.0006189619287057352
10590,0.0006189619287057352
10591,0.0006189619287057352
10592,0.0006189619287057352
10593,0.0006189619287057352
10604,0.00033536389938650964
10605,0.00033536389938650964
10606,0.00033536389938650964
10607,0.00033536389938650964
10608,0.00033536389938650964
10609,0.0005072429069704394
10610,0.0005072429069704394
10611,0.0005072429069704394
10612,0.0005072429069704394
10613,0.0005072429069704394
10624,0.000750068288250476
10625,0.000750068288250476
10626,0.000750068288250476
10627,0.000750068288250476
10628,0.000750068288250476
10629,0.0009136145688543524
10630,0.0009136145688543524
10631,0.0009136145688543524
10632,0.0009136145688543524
10633,0.0009136145688543524
10682,9.26501062420275e-05
10683,8.704881187824455e-05
10684,0.00011186907979850703
10685,0.00010357690733065723
10686,9.961460374916179e-05
10687,9.497687913809616e-05
10688,0.00012139509857289229
10689,0.00010744407845550961
10690,8.260391126912019e-08
10691,8.260391126912019e-08
10692,8.260391126912019e-08
10693,8.260391126912019e-08
10694,8.260391126912019e-08
10695,8.260391126912019e-08
10696,8.260391126912019e-08
10697,8.260391126912019e-08
10698,8.260391126912019e-08
10699,8.260391126912019e-08
10700,8.260391126912019e-08
10701,8.260391126912019e-08
10702,8.260391126912019e-08
10703,8.260391126912019e-08
10704,8.260391126912019e-08
10705,8.260391126912019e-08
10706,8.260391126912019e-08
10707,8.260391126912019e-08
10708,8.260391126912019e-08
10709,8.260391126912019e-08
10710,8.260391126912019e-08
10711,8.260391126912019e-08
10712,8.260391126912019e-08
10713,8.260391126912019e-08
10714,8.260391126912019e-08
10715,8.260391126912019e-08
10716,8.260391126912019e-08
10717,8.260391126912019e-08
10718,7.065468147848334e-08
10719,7.065468147848334e-08
10720,7.065468147848334e-08
10721,7.065468147848334e-08
10722,7.065468147848334e-08
10723,7.065468147848334e-08
10724,7.065468147848334e-08
10725,7.065468147848334e-08
10726,7.065468147848334e-08
10727,7.065468147848334e-08
10728,7.065468147848334e-08
10729,7.065468147848334e-08
10730,7.065468147848334e-08
10731,7.065468147848334e-08
10732,7.065468147848334e-08
10733,7.065468147848334e-08
10734,7.065468147848334e-08
10735,7.065468147848334e-08
10736,7.065468147848334e-08
10737,7.065468147848334e-08
10738,7.065468147848334e-08
10739,7.065468147848334e-08
10740,7.065468147848334e-08
10741,7.065468147848334e-08
10742,7.065468147848334e-08
10743,7.065468147848334e-08
10744,7.065468147848334e-08
10745,7.065468147848334e-08
10746,7.118434788646177e-08
10747,7.118434788646177e-08
10748,7.118434788646177e-08
10749,7.118434788646177e-08
10750,7.118434788646177e-08
10751,7.118434788646177e-08
10752,7.118434788646177e-08
10753,7.118434788646177e-08
10754,7.118434788646177e-08
10755,7.118434788646177e-08
10756,7.118434788646177e-08
10757,7.118434788646177e-08
10758,7.118434788646177e-08
10759,7.118434788646177e-08
10760,7.118434788646177e-08
10761,7.118434788646177e-08
10762,7.118434788646177e-08
10763,7.118434788646177e-08
10764,7.118434788646177e-08
10765,7.118434788646177e-08
10766,7.118434788646177e-08
10767,7.118434788646177e-08
10768,7.118434788646177e-08
10769,7.118434788646177e-08
10770,7.118434788646177e-08
10771,7.118434788646177e-08
10772,7.118434788646177e-08
10773,7.118434788646177e-08
10828,0.00019016411059546295
10829,0.00019016411059546295
10830,0.00019016411059546295
10831,0.00019016411059546295
10832,0.00019016411059546295
10833,0.00019016411059546295
10834,0.00019016411059546295
10835,0.00019016411059546295
10836,0.00016549570857622757
10837,0.00016549570857622757
10838,0.00016549570857622757
10839,0.00016549570857622757
10840,0.00016549570857622757
10841,0.00016549570857622757
10842,0.00016549570857622757
10843,0.00016549570857622757
10878,3.879965953582197e-05
10879,3.879965953582197e-05
10882,7.886144272531096e-07
10883,7.886144272531096e-07
10884,7.886144272531096e-07
10885,7.886144272531096e-07
10886,7.886144272531096e-07
10887,7.886144272531096e-07
10888,7.886144272531096e-07
10889,7.886144272531096e-07
10890,7.886144272531096e-07
10891,7.886144272531096e-07
10892,7.886144272531096e-07
10893,7.886144272531096e-07
10894,7.886144272531096e-07
10895,7.886144272531096e-07
10896,7.886144272531096e-07
10897,7.886144272531096e-07
10898,7.886144272531096e-07
10899,8.125929740994233e-08
10900,8.125929740994233e-08
10901,8.125929740994233e-08
10902,8.125929740994233e-08
10903,8.125929740994233e-08
10904,8.125929740994233e-08
10905,8.125929740994233e-08
10906,8.125929740994233e-08
10907,8.125929740994233e-08
10908,8.125929740994233e-08
10909,8.125929740994233e-08
10910,8.125929740994233e-08
10911,8.125929740994233e-08
10912,8.125929740994233e-08
10913,8.125929740994233e-08
10914,8.125929740994233e-08
10915,8.125929740994233e-08
10916,8.448023955538029e-08
10917,8.448023955538029e-08
10918,8.448023955538029e-08
10919,8.448023955538029e-08
10920,8.448023955538029e-08
10921,8.448023955538029e-08
10922,8.448023955538029e-08
10923,8.448023955538029e-08
10924,8.448023955538029e-08
10925,8.448023955538029e-08
10926,8.448023955538029e-08
10927,8.448023955538029e-08
10928,8.448023955538029e-08
10929,8.448023955538029e-08
10930,8.448023955538029e-08
10931,8.448023955538029e-08
10932,8.448023955538029e-08
10933,8.636844225995973e-08
10934,8.636844225995973e-08
10935,8.636844225995973e-08
10936,8.636844225995973e-08
10937,8.636844225995973e-08
10938,8.636844225995973e-08
10939,8.636844225995973e-08
10940,8.636844225995973e-08
10941,8.636844225995973e-08
10942,8.636844225995973e-08
10943,8.636844225995973e-08
10944,8.636844225995973e-08
10945,8.636844225995973e-08
10946,8.636844225995973e-08
10947,8.636844225995973e-08
10948,8.636844225995973e-08
10949,8.636844225995973e-08
10950,7.629057303591133e-07
10951,7.629057303591133e-07
10952,7.629057303591133e-07
10953,7.629057303591133e-07
10954,7.629057303591133e-07
10955,7.629057303591133e-07
10956,7.629057303591133e-07
10957,7.629057303591133e-07
10958,7.629057303591133e-07
10959,7.629057303591133e-07
10960,7.629057303591133e-07
10961,7.629057303591133e-07
10962,7.629057303591133e-07
10963,7.629057303591133e-07
10964,7.629057303591133e-07
10965,7.629057303591133e-07
10966,7.629057303591133e-07
10967,9.523365613238677e-07
10968,9.523365613238677e-07
10969,9.523365613238677e-07
10970,9.523365613238677e-07
10971,9.523365613238677e-07
10972,9.523365613238677e-07
10973,9.523365613238677e-07
10974,9.523365613238677e-07
10975,9.523365613238677e-07
10976,9.523365613238677e-07
10977,9.523365613238677e-07
10978,9.523365613238677e-07
10979,9.523365613238677e-07
10980,9.523365613238677e-07
10981,9.523365613238677e-07
10982,9.523365613238677e-07
10983,9.523365613238677e-07
10985,1.6936804455042244e-08
10987,1.6936804455042244e-08
10988,1.6936804455042244e-08
10991,9.826911060638434e-08
10993,9.826911060638434e-08
10994,9.826911060638434e-08
11013,1.7126507441980913e-05
11029,0.00010101856159849259
11031,0.00010101856159849259
11068,0.0011833462839051852
11069,0.0012150481062818707
11070,0.0011543621163274903
11071,0.0012461469253822694
11072,0.0011026545028846623
11073,0.0011240969845384646
11074,0.001082325995202907
11075,0.0011748028793326687
11076,0.0010072787709191234
11077,0.0010237185940964242
11078,0.001018748683061468
11079,0.0011028474636681888
11120,6.997617076177752e-05
11133,8.885623398836575e-18
11165,4.8211454469434806e-06
11166,4.8211454469434806e-06
11167,4.8211454469434806e-06
11168,4.8211454469434806e-06
11169,4.8211454469434806e-06
11170,4.8211454469434806e-06
11171,4.8211454469434806e-06
11177,1.9177948910835275e-09
11178,1.9177948910835275e-09
11180,1.9177948910835275e-09
11181,1.9177948910835275e-09
11182,1.9177948910835275e-09
11183,1.9177948910835275e-09
11186,8.956434335349362e-10
11187,8.956434335349362e-10
11189,8.956434335349362e-10
11190,8.956434335349362e-10
11191,8.956434335349362e-10
11192,8.956434335349362e-10
11195,1.1055893590893426e-11
11196,1.1055893590893426e-11
11198,1.1055893590893426e-11
11199,1.1055893590893426e-11
11200,1.1055893590893426e-11
11201,1.1055893590893426e-11
11204,5.229902873484102e-14
11205,5.229902873484102e-14
11207,5.229902873484102e-14
11208,5.229902873484102e-14
11209,5.229902873484102e-14
11210,5.229902873484102e-14
11212,1.6548686526015545e-10
11213,1.6548686526015545e-10
11214,1.6548686526015545e-10
11215,1.6548686526015545e-10
11216,1.6548686526015545e-10
11217,1.6548686526015545e-10
11218,6.904151182713368e-11
11224,3.7006102620101374e-14
11230,9.409798832565927e-09
11236,1.998121317074885e-06
11237,1.998121317074885e-06
11238,1.998121317074885e-06
11239,1.998121317074885e-06
11240,1.998121317074885e-06
11241,1.998121317074885e-06
11242,1.998121317074885e-06
11243,1.998121317074885e-06
11244,1.998121317074885e-06
11245,1.998121317074885e-06
11246,1.998121317074885e-06
11247,1.998121317074885e-06
11248,9.38275378246037e-06
11249,9.38275378246037e-06
11250,9.38275378246037e-06
11251,9.38275378246037e-06
11252,9.38275378246037e-06
11253,9.38275378246037e-06
11254,9.38275378246037e-06
11255,9.38275378246037e-06
11256,9.38275378246037e-06
11257,9.38275378246037e-06
11258,9.38275378246037e-06
11259,9.38275378246037e-06
11260,2.009531358154316e-06
11261,2.009531358154316e-06
11262,2.009531358154316e-06
11263,2.009531358154316e-06
11264,2.009531358154316e-06
11265,2.009531358154316e-06
11266,2.009531358154316e-06
11267,2.009531358154316e-06
11268,2.009531358154316e-06
11269,2.009531358154316e-06
11270,2.009531358154316e-06
11271,2.009531358154316e-06
11272,2.732477309921585e-06
11273,2.732477309921585e-06
11274,2.732477309921585e-06
11275,2.732477309921585e-06
11276,2.732477309921585e-06
11277,2.732477309921585e-06
11278,2.732477309921585e-06
11279,2.732477309921585e-06
11280,2.732477309921585e-06
11281,2.732477309921585e-06
11282,2.732477309921585e-06
11283,2.732477309921585e-06
11284,1.23725157088928e-06
11285,1.23725157088928e-06
11286,1.23725157088928e-06
11287,1.23725157088928e-06
11288,1.23725157088928e-06
11289,1.23725157088928e-06
11290,1.23725157088928e-06
11291,1.23725157088928e-06
11292,1.23725157088928e-06
11293,1.23725157088928e-06
11294,1.6426858443194003e-06
11295,1.6426858443194003e-06
11296,1.6426858443194003e-06
11297,1.6426858443194003e-06
11298,1.6426858443194003e-06
11299,1.6426858443194003e-06
11300,1.6426858443194003e-06
11301,1.6426858443194003e-06
11302,1.6426858443194003e-06
11303,1.6426858443194003e-06
11304,1.6426858443194003e-06
11305,1.6426858443194003e-06
11306,1.505961679067073e-06
11307,1.505961679067073e-06
11308,1.505961679067073e-06
11309,1.505961679067073e-06
11310,1.505961679067073e-06
11311,1.505961679067073e-06
11312,1.505961679067073e-06
11313,1.505961679067073e-06
11314,1.505961679067073e-06
11315,1.505961679067073e-06
11316,1.505961679067073e-06
11317,1.505961679067073e-06
11318,2.3587497593760946e-06
11319,2.3587497593760946e-06
11320,2.3587497593760946e-06
11321,2.3587497593760946e-06
11322,2.3587497593760946e-06
11323,2.3587497593760946e-06
11324,2.3587497593760946e-06
11325,2.3587497593760946e-06
11326,2.3587497593760946e-06
11327,2.3587497593760946e-06
11328,2.3587497593760946e-06
11329,2.3587497593760946e-06
11330,3.5250779364679255e-06
11331,3.5250779364679255e-06
11332,3.5250779364679255e-06
11333,3.5250779364679255e-06
11334,3.5250779364679255e-06
11335,3.5250779364679255e-06
11336,3.5250779364679255e-06
11337,3.5250779364679255e-06
11338,3.5250779364679255e-06
11339,3.5250779364679255e-06
11340,3.5250779364679255e-06
11341,0.0002858015648338925
11342,0.0002858015648338925
11343,0.0002858015648338925
11344,0.0002858015648338925
11345,0.0002858015648338925
11346,0.0002858015648338925
11347,0.0002858015648338925
11348,0.0002858015648338925
11349,0.0002858015648338925
11350,8.737308589309113e-05
11351,8.737308589309113e-05
11352,8.737308589309113e-05
11353,8.737308589309113e-05
11354,8.737308589309113e-05
11355,4.308931885319831e-05
11356,4.308931885319831e-05
11357,4.308931885319831e-05
11358,4.308931885319831e-05
11359,4.308931885319831e-05
11399,1.4076293343498525e-06
11400,1.4076293343498525e-06
11401,1.4076293343498525e-06
11402,1.4076293343498525e-06
11403,1.4076293343498525e-06
11404,1.4076293343498525e-06
11405,1.4076293343498525e-06
11420,2.0292994813280937e-08
11421,2.0292994813280937e-08
11422,2.0292994813280937e-08
11423,2.0292994813280937e-08
11424,2.0292994813280937e-08
11425,2.0292994813280937e-08
11426,2.0292994813280937e-08
11427,2.0292994813280937e-08
11444,4.384736028187167e-11
11448,1.830709768169112e-13
11451,2.6553923271980777e-13
11456,9.165087482896e-05
11457,0.00013490916358898478
11458,0.0001317792544452855
11459,0.00012091785719068091
11460,0.00010268039139756192
11461,0.0001269837392163988
11462,0.00019657003548936798
11463,0.00016394456116282908
11464,6.51039855356822e-05
11465,5.8507554287360674e-05
11466,9.904244385465558e-05
11467,9.00279590542072e-05
11468,0.00012596340026109856
11469,9.360303732011841e-05
11470,7.416231878198615e-05
11471,7.258072451443719e-05
11472,0.0001606355121283722
11473,0.00015324964633769397
11474,7.164349904798842e-05
11475,6.442022654861439e-05
11476,5.982592359351964e-05
11477,9.091739725289415e-05
11478,0.00014670733149182232
11479,0.00011304573838816151
11480,0.00010533049550135644
11481,0.0001630958972576165
11482,0.00014538683553049427
11483,0.0001797838390147284
11484,0.000266320086492122
11485,0.0002444758965630873
11486,0.00014582414677583705
11487,0.00022073770728488226
11488,0.00017069885790111752
11489,0.00020456594096400615
11490,0.00032586077245070754
11491,0.00022879903964400874
11492,4.0662420447874617e-07
11493,4.0662420447874617e-07
11494,4.0662420447874617e-07
11495,4.0662420447874617e-07
11496,4.0662420447874617e-07
11497,4.0662420447874617e-07
11498,4.0662420447874617e-07
11499,4.0662420447874617e-07
11500,4.0662420447874617e-07
11501,4.0662420447874617e-07
11502,4.0662420447874617e-07
11503,3.504164684243956e-05
11504,3.504164684243956e-05
11505,3.504164684243956e-05
11506,3.504164684243956e-05
11507,3.504164684243956e-05
11508,3.504164684243956e-05
11509,3.504164684243956e-05
11510,3.504164684243956e-05
11511,7.398087433227807e-05
11512,7.398087433227807e-05
11513,7.398087433227807e-05
11514,7.398087433227807e-05
11515,7.398087433227807e-05
11516,7.398087433227807e-05
11517,7.398087433227807e-05
11518,7.398087433227807e-05
11519,4.150620585254293e-05
11520,4.150620585254293e-05
11521,4.150620585254293e-05
11522,4.150620585254293e-05
11523,4.150620585254293e-05
11524,4.150620585254293e-05
11525,4.150620585254293e-05
11526,4.150620585254293e-05
11545,2.986736892996002e-09
11548,2.986736892996002e-09
11568,2.0229489727296966e-05
11570,4.077198383705216e-05
11574,3.204607610342263e-05
11577,1.9417201100731825e-05
11580,5.437464746441843e-05
11581,8.176224326446783e-06
11582,5.020349853836398e-05
11583,1.1433511840854596e-06
11584,2.9759938349666154e-09
11585,2.9759938349666154e-09
11586,2.9759938349666154e-09
11587,2.9759938349666154e-09
11588,2.9759938349666154e-09
11589,2.9759938349666154e-09
11590,2.9759938349666154e-09
11591,2.9759938349666154e-09
11592,2.9759938349666154e-09
11593,2.9759938349666154e-09
11595,1.3011129514157448e-11
11596,1.3011129514157448e-11
11598,1.3011129514157448e-11
11599,1.3011129514157448e-11
11600,1.3011129514157448e-11
11601,1.3011129514157448e-11
11603,1.3011129514157448e-11
11661,0.00037480247064087207
11662,0.00037480247064087207
11663,0.00037480247064087207
11664,0.00037480247064087207
11665,0.00037480247064087207
11666,0.00037480247064087207
11667,0.00037480247064087207
11668,0.00037480247064087207
11669,0.00037480247064087207
11670,0.00037480247064087207
11671,0.00037480247064087207
11672,0.00037480247064087207
11673,0.00037480247064087207
11674,0.00037480247064087207
11675,0.00037480247064087207
11676,0.00037480247064087207
11677,0.00037480247064087207
11678,0.00037480247064087207
11705,8.393278058272441e-09
11706,1.0500088326811225e-08
11713,5.262086324643182e-07
11714,5.262086324643182e-07
11715,5.262086324643182e-07
11716,5.262086324643182e-07
11717,5.262086324643182e-07
11718,5.262086324643182e-07
11719,5.262086324643182e-07
11720,5.262086324643182e-07
11721,0.0007456285503797827
11722,0.0007456285503797827
11723,0.0007456285503797827
11724,0.0007491286934521535
11725,0.0007491286934521535
11726,0.0007491286934521535
11727,0.0008862027959203326
11728,0.0008862027959203326
11729,0.0008862027959203326
11730,0.0008792383040849909
11731,0.0008792383040849909
11732,0.0008792383040849909
11733,0.0009351833547593413
11734,0.0009351833547593413
11735,0.0009351833547593413
11736,0.0009277219509223308
11737,0.0009277219509223308
11738,0.0009277219509223308
11739,3.786457462296359e-05
11740,3.786457462296359e-05
11759,5.6064879603758415e-11
11821,5.640029394535204e-10
11834,3.902008144297152e-05
11835,5.23766465578122e-05
11871,7.903178245111495e-07
11872,7.903178245111495e-07
11873,7.903178245111495e-07
11876,3.1397783729474664e-06
11877,3.1397783729474664e-06
11878,3.1397783729474664e-06
11881,1.0899151908553012e-06
11882,1.0899151908553012e-06
11883,1.0899151908553012e-06
11901,3.3522183825478086e-09
11902,4.833214944648586e-05
11903,6.7035646513213e-05
11904,5.8706006467548383e-05
11905,5.961951396848695e-05
11906,8.706800337755216e-05
11907,2.6084348845890415e-13
11933,6.376395397841166e-09
11935,6.376395397841166e-09
11936,6.376395397841166e-09
11937,6.376395397841166e-09
11939,6.376395397841166e-09
11949,2.2655161405400727e-10
11951,2.2655161405400727e-10
11952,2.2655161405400727e-10
11953,2.2655161405400727e-10
11955,2.2655161405400727e-10
11989,5.3919994157519585e-12
11998,5.3919994157519585e-12
11999,5.3919994157519585e-12
12000,5.3919994157519585e-12
12001,5.3919994157519585e-12
12002,5.3919994157519585e-12
12003,2.2754982775734625e-06
12004,4.121931043184619e-06
12021,1.061176876641248e-06
12022,1.061176876641248e-06
12025,1.883745680488555e-07
12026,1.883745680488555e-07
12027,1.883745680488555e-07
12028,1.883745680488555e-07
12029,1.883745680488555e-07
12030,1.883745680488555e-07
12031,1.883745680488555e-07
12032,1.883745680488555e-07
12033,1.883745680488555e-07
12034,1.883745680488555e-07
12035,1.883745680488555e-07
12036,1.883745680488555e-07
12037,1.883745680488555e-07
12038,1.883745680488555e-07
12039,1.883745680488555e-07
12040,1.883745680488555e-07
12041,1.883745680488555e-07
12042,1.883745680488555e-07
12043,1.883745680488555e-07
12044,1.883745680488555e-07
12045,3.602111044283875e-07
12046,3.602111044283875e-07
12047,3.602111044283875e-07
12048,3.602111044283875e-07
12049,3.602111044283875e-07
12050,3.602111044283875e-07
12051,3.602111044283875e-07
12052,3.602111044283875e-07
12053,3.602111044283875e-07
12054,3.602111044283875e-07
12055,3.602111044283875e-07
12056,3.602111044283875e-07
12057,3.602111044283875e-07
12058,3.602111044283875e-07
12059,3.602111044283875e-07
12060,3.602111044283875e-07
12061,3.602111044283875e-07
12062,3.602111044283875e-07
12063,3.602111044283875e-07
12064,3.602111044283875e-07
12065,1.7122636348818158e-06
12066,1.7122636348818158e-06
12067,1.7122636348818158e-06
12068,1.7122636348818158e-06
12069,1.7122636348818158e-06
12070,1.7122636348818158e-06
12071,1.7122636348818158e-06
12072,1.7122636348818158e-06
12073,1.7122636348818158e-06
12074,1.7122636348818158e-06
12075,1.7122636348818158e-06
12076,1.7122636348818158e-06
12077,1.7122636348818158e-06
12078,1.7122636348818158e-06
12079,1.7122636348818158e-06
12080,1.7122636348818158e-06
12081,1.7122636348818158e-06
12082,1.7122636348818158e-06
12083,1.7122636348818158e-06
12084,1.7122636348818158e-06
12116,3.9744806401411755e-05
12117,3.9744806401411755e-05
12118,3.9744806401411755e-05
12119,3.9744806401411755e-05
12124,0.0011929951225051931
12125,0.0011929951225051931
12126,0.0011929951225051931
12131,4.848503905106779e-09
12132,4.848503905106779e-09
12133,4.848503905106779e-09
12138,0.0014888536663891833
12139,0.0014888536663891833
12140,0.0014888536663891833
12141,0.0014888536663891833
12142,0.0014888536663891833
12143,0.0014888536663891833
12144,0.0014888536663891833
12145,0.0014888536663891833
12146,0.0014888536663891833
12147,0.0014888536663891833
12148,0.0014888536663891833
12149,0.0014888536663891833
12150,0.0014888536663891833
12151,0.0014888536663891833
12152,0.0014888536663891833
12153,0.0014888536663891833
12154,0.0014888536663891833
12162,0.00033078044226886793
12170,2.4240207278009677e-08
12171,2.4240207278009677e-08
12186,5.86043983767129e-09
12187,5.86043983767129e-09
12202,3.788215090971805e-09
12203,3.788215090971805e-09
12245,1.5619300410090042e-06
12246,1.5619300410090042e-06
12247,1.5619300410090042e-06
12248,1.5619300410090042e-06
12249,6.792745614759031e-07
12250,9.70610820166908e-09
12251,9.70610820166908e-09
12252,9.70610820166908e-09
12253,9.70610820166908e-09
12254,9.70610820166908e-09
12255,9.70610820166908e-09
12256,9.70610820166908e-09
12257,9.70610820166908e-09
12258,9.70610820166908e-09
12259,9.70610820166908e-09
12260,9.70610820166908e-09
12261,9.70610820166908e-09
12262,9.70610820166908e-09
12263,9.70610820166908e-09
12264,9.70610820166908e-09
12265,9.70610820166908e-09
12370,1.0936645882482619e-05
12371,6.089463521436189e-05
12372,1.2543945848415193e-09
12373,2.559434545658486e-06
12374,2.0383865713577252e-06
12375,3.921911360199186e-05
12376,7.329150217457975e-07
12377,0.0004121303087697215
12378,0.0004537715102501553
12379,0.00044902101544360665
12380,0.0005830019720414116
12381,0.0006227147424045606
12382,0.0006276174432745813
12383,0.0005837793245353574
12384,0.0005497653780701221
12385,0.0005301131410623825
12386,0.0006804219812063878
12387,0.0006489334886009467
12388,0.0006315244830650316
12389,0.0008164280317690934
12390,0.0006444922168872077
12391,0.0005488065312154394
12392,0.0005388267372353041
12393,0.0005784687188189992
12397,7.469387259609378e-05
12399,0.00014447083572632688
12402,0.00017989066547984984
12406,7.589584276927902e-05
12410,5.418712432572425e-05
12411,2.6140565576680127e-08
12461,1.198780904186943e-05
12462,1.198780904186943e-05
12463,1.198780904186943e-05
12465,1.198780904186943e-05
12467,1.198780904186943e-05
12470,4.671987617865017e-06
12471,4.671987617865017e-06
12474,4.671987617865017e-06
12480,2.7281752470455763e-08
12481,2.7281752470455763e-08
12482,2.7281752470455763e-08
12494,6.839021681492981e-08
12495,2.967959298536164e-07
12496,2.169040047551377e-10
12497,4.055108748868974e-06
12498,1.8030161670113967e-05
12499,3.325585894819074e-05
12500,5.9257816661990086e-05
12501,3.197946474031888e-06
12502,6.015112866206315e-07
12503,6.015112866206315e-07
12504,6.015112866206315e-07
12505,6.015112866206315e-07
12506,6.015112866206315e-07
12507,6.015112866206315e-07
12508,6.015112866206315e-07
12509,6.015112866206315e-07
12510,6.015112866206315e-07
12522,3.378344889040993e-05
12523,6.731006556903964e-05
12524,0.00036139160761423147
12525,0.0002042009699337262
12526,0.00043746843488780176
12527,0.002367695106315548
12565,0.00012254611360187307
12566,6.794263438760813e-05
12567,8.37830859661193e-05
12568,8.639951028651107e-05
12569,1.2879946819236145e-09
12570,3.1143701866248874e-08
12571,1.4735705351433825e-05
12572,3.0679539807018836e-05
12573,8.668120132828796e-05
12574,2.3100577360682998e-05
12575,4.2052502021569474e-05
12576,4.696148326448849e-05
12577,2.4278301718958676e-05
12578,2.4105179742898137e-05
12579,2.3264446767540938e-05
12580,2.883619599575906e-05
12581,1.1859693727684287e-06
12588,2.0168731071867737e-05
12595,6.378346157682638e-08
12602,8.816660046490508e-07
12609,0.0004343361658123195
12727,8.286898997068383e-12
12728,8.286898997068383e-12
12746,0.00032694933814173417
12747,0.00037278679984045624
12748,6.754666118929123e-13
12749,1.6936040240865439e-07
12750,2.830211055825706e-06
12751,0.0002692846622192801
12752,0.00032694933814173417
12753,0.00037278679984045624
12754,6.754666118929123e-13
12755,1.6936040240865439e-07
12756,2.830211055825706e-06
12757,0.0002692846622192801
12758,0.00032694933814173417
12759,0.00037278679984045624
12769,0.00027544631695873854
12771,0.00027544631695873854
12772,0.0004585412783977575
12773,0.0004585412783977575
12774,0.0004585412783977575
12802,0.00023118715761055256
12805,0.00023118715761055256
12817,1.7006286200037356e-09
12818,4.5054221453600045e-10
12819,7.058422351822152e-07
12820,1.6659635998002484e-05
12821,1.729457088360386e-06
12822,2.495697189414697e-09
12823,4.771758124091361e-07
12824,9.143704803667351e-08
12830,0.0005972085036157137
12832,0.0007162383310928405
12839,4.7587553419577906e-07
12840,6.59668539407406e-05
12841,0.00018298399853992827
12842,4.2068926694691786e-05
12844,0.00017687943171820235
12848,6.59668539407406e-05
12850,4.2068926694691786e-05
12855,5.463627988784335e-07
12856,5.463627988784335e-07
12857,5.463627988784335e-07
12858,5.463627988784335e-07
12879,1.9403382567545944e-08
12881,1.9403382567545944e-08
12889,2.454771027993893e-07
12891,2.454771027993893e-07
12918,2.3299895257307427e-07
12922,7.719538570194538e-06
12926,2.294741633489441e-05
12930,2.0275280465133494e-06
12934,1.0883584131464433e-05
12938,1.7930333808144575e-06
12942,9.387158963795342e-06
12946,9.711611731786421e-05
12950,0.00024328612535501253
12952,0.00023872160253199346
12954,0.00023872160253199346
12967,0.0001702794013717456
12968,0.00016130282091632084
12969,8.394557605597447e-05
12970,8.900005827918934e-05
12971,2.1922325491009156e-07
12972,6.1179276524444e-05
12979,3.184198489843134e-06
12980,3.0486243887760723e-07
12981,1.2706612654568093e-06
12982,6.221578003827871e-06
12983,6.221578003827871e-06
12984,6.221578003827871e-06
12985,6.221578003827871e-06
12986,6.221578003827871e-06
12987,6.221578003827871e-06
12988,6.221578003827871e-06
12989,6.221578003827871e-06
12990,6.221578003827871e-06
12991,6.221578003827871e-06
12992,6.221578003827871e-06
12993,6.221578003827871e-06
12995,1.4392111713437123e-07
12997,1.4392111713437123e-07
12998,1.4392111713437123e-07
12999,1.4392111713437123e-07
13001,1.1562279685729623e-08
13003,1.1562279685729623e-08
13004,1.1562279685729623e-08
13005,1.1562279685729623e-08
13007,7.346250924263284e-07
13009,7.346250924263284e-07
13010,7.346250924263284e-07
13011,7.346250924263284e-07
13015,9.541329526314434e-08
13016,4.692597598498018e-09
13022,5.720124147303041e-06
13023,1.0600318989963594e-07
13024,4.2768645034084685e-08
13025,4.612855437575066e-08
13026,1.9939609769999006e-08
13027,7.281849213238574e-07
13033,6.524251375061883e-10
13038,1.7194934797504577e-08
13042,4.692597598498018e-09
13048,5.720124147303041e-06
13049,1.0600318989963594e-07
13050,4.2768645034084685e-08
13051,4.612855437575066e-08
13052,1.9939609769999006e-08
13054,1.4996301577793251e-12
13084,1.1562943484659832e-07
13085,1.0028260724831237e-07
13086,5.33836957926905e-05
13087,0.00018694643933207973
13088,0.000182138011663073
13089,0.0003831452801588402
13090,0.0003347609195751856
13091,0.00033497971253795985
13092,0.0005418651463196233
13093,0.000536040981545871
13094,0.0005759834305386792
13095,4.9406716827513384e-05
13096,5.3908404642914546e-05
13097,1.121927038472731e-05
13098,6.011277681297283e-07
13099,6.011277681297283e-07
13100,6.011277681297283e-07
13101,6.011277681297283e-07
13102,6.011277681297283e-07
13103,6.011277681297283e-07
13104,6.011277681297283e-07
13105,6.011277681297283e-07
13106,6.011277681297283e-07
13107,6.011277681297283e-07
13108,6.011277681297283e-07
13109,6.011277681297283e-07
13110,6.011277681297283e-07
13111,6.011277681297283e-07
13112,6.011277681297283e-07
13123,7.645608705913088e-18
13126,7.645608705913088e-18
13127,7.645608705913088e-18
13128,7.645608705913088e-18
13129,7.645608705913088e-18
13130,4.014915396773249e-11
13131,4.014915396773249e-11
13132,4.014915396773249e-11
13133,0.0002122150092667227
13134,0.0007944487813484056
13135,0.0006536622103717816
13136,0.001546291678778597
13147,0.0004411366556221709
13148,0.0005150895671050919
13149,0.000627154726503859
13150,0.000566314874784401
13151,0.0006116882317928718
13152,0.00074472807050831
13153,0.0006465958374991183
13154,0.0007391125413783284
13155,0.0007217635450430972
13156,0.0008144417741981728
13157,0.000774920890072706
13158,0.0008270770009498468
13159,0.0008971484866190942
13160,0.0008338615181365305
13175,4.122030195251478e-05
13176,7.157628106529256e-05
13180,1.762954773558319e-05
13181,1.762954773558319e-05
13182,1.762954773558319e-05
13183,1.762954773558319e-05
13184,1.762954773558319e-05
13185,1.762954773558319e-05
13186,1.762954773558319e-05
13187,1.762954773558319e-05
13188,1.762954773558319e-05
13189,1.762954773558319e-05
13202,1.7226895508891003e-13
13216,6.749167520804801e-05
13219,6.749167520804801e-05
13251,7.988647436323185e-06
13252,0.00021858649469164284
13253,8.768905821633986e-05
13254,1.4437039249101594e-05
13255,2.846035071938689e-05
13256,3.4739074407905605e-05
13281,0.0005145605732969594
13282,0.0005145605732969594
13283,0.0005145605732969594
13284,0.0005145605732969594
13285,0.0005145605732969594
13286,0.0005145605732969594
13287,0.0005145605732969594
13288,0.0005145605732969594
13289,0.0005145605732969594
13295,2.6197386429915877e-08
13296,2.6197386429915877e-08
13297,2.6197386429915877e-08
13298,2.6197386429915877e-08
13323,1.6575368908052902e-08
13326,3.390940947533318e-07
13327,3.390940947533318e-07
13328,3.390940947533318e-07
13329,3.390940947533318e-07
13330,3.390940947533318e-07
13331,3.390940947533318e-07
13332,3.390940947533318e-07
13333,3.390940947533318e-07
13334,3.390940947533318e-07
13335,3.390940947533318e-07
13336,2.1806109272786237e-06
13337,2.1806109272786237e-06
13338,2.1806109272786237e-06
13339,2.1806109272786237e-06
13340,2.1806109272786237e-06
13341,2.1806109272786237e-06
13342,2.1806109272786237e-06
13343,2.1806109272786237e-06
13344,2.1806109272786237e-06
13345,2.1806109272786237e-06
13346,1.855432270913419e-05
13347,1.855432270913419e-05
13348,1.855432270913419e-05
13349,1.855432270913419e-05
13350,1.855432270913419e-05
13351,1.855432270913419e-05
13352,1.855432270913419e-05
13353,1.855432270913419e-05
13354,1.855432270913419e-05
13355,1.855432270913419e-05
13356,2.2386561832809323e-06
13357,2.2386561832809323e-06
13358,2.2386561832809323e-06
13359,2.2386561832809323e-06
13360,2.2386561832809323e-06
13361,2.2386561832809323e-06
13362,2.2386561832809323e-06
13363,2.2386561832809323e-06
13364,2.2386561832809323e-06
13365,2.2386561832809323e-06
13366,1.9559870774570807e-05
13367,1.9559870774570807e-05
13368,1.9559870774570807e-05
13369,1.9559870774570807e-05
13370,1.9559870774570807e-05
13371,1.9559870774570807e-05
13372,1.9559870774570807e-05
13373,1.9559870774570807e-05
13374,1.9559870774570807e-05
13375,1.9559870774570807e-05
13502,0.0007005669623190138
13507,7.701918984810335e-05
13508,7.701918984810335e-05
13509,7.701918984810335e-05
13510,7.701918984810335e-05
13511,7.701918984810335e-05
13512,7.701918984810335e-05
13513,7.701918984810335e-05
13514,7.701918984810335e-05
13515,7.701918984810335e-05
13516,7.701918984810335e-05
13517,7.701918984810335e-05
13518,7.701918984810335e-05
13519,7.701918984810335e-05
13520,4.550832672010692e-05
13521,4.550832672010692e-05
13522,4.550832672010692e-05
13523,4.550832672010692e-05
13524,4.550832672010692e-05
13525,4.550832672010692e-05
13526,4.550832672010692e-05
13527,4.550832672010692e-05
13528,4.550832672010692e-05
13529,4.550832672010692e-05
13530,4.550832672010692e-05
13531,4.550832672010692e-05
13532,4.550832672010692e-05
13533,1.6323887262019108e-05
13534,1.6323887262019108e-05
13535,1.6323887262019108e-05
13536,1.6323887262019108e-05
13537,1.6323887262019108e-05
13538,1.6323887262019108e-05
13539,1.6323887262019108e-05
13540,1.6323887262019108e-05
13541,1.6323887262019108e-05
13542,1.6323887262019108e-05
13543,1.6323887262019108e-05
13544,1.6323887262019108e-05
13545,1.6323887262019108e-05
13643,5.72029729170756e-09
13644,1.6974797119422546e-05
13645,7.592704900356756e-09
13646,7.721648153940583e-06
13647,8.436607718582869e-05
13648,0.00026127878388505874
13649,0.00026127878388505874
13650,0.00026127878388505874
13651,0.00026127878388505874
13652,0.00026127878388505874
13653,0.00026127878388505874
13654,0.00026127878388505874
13655,0.00026127878388505874
13656,0.00026127878388505874
13657,0.00026127878388505874
13658,0.00026127878388505874
13659,0.00026127878388505874
13660,0.00026127878388505874
13661,0.00026127878388505874
13662,0.00026127878388505874
13663,3.036676828065867e-07
13664,3.036676828065867e-07
13665,3.830763562904707e-06
13666,3.830763562904707e-06
13667,1.6519354872837498e-07
13668,1.6519354872837498e-07
13669,4.108067190344269e-06
13670,4.108067190344269e-06
13671,0.0005732720441410448
13672,0.0005732720441410448
13673,0.0005544004354850359
13674,0.0005544004354850359
13675,0.00048194245762113057
13676,0.00048194245762113057
13677,0.0005697323668005606
13678,0.0005697323668005606
13679,0.0006040488157805836
13680,0.0006040488157805836
13687,1.1831668443016225e-05
13688,1.1831668443016225e-05
13689,1.1831668443016225e-05
13690,1.1831668443016225e-05
13692,4.202031689127578e-06
13693,9.641016159210065e-07
13694,3.721096255402278e-06
13695,3.721096255402278e-06
13696,3.721096255402278e-06
13697,3.721096255402278e-06
13699,1.0707195870778805e-07
13700,1.0707195870778805e-07
13701,1.0707195870778805e-07
13702,1.0707195870778805e-07
13704,6.55375150698094e-08
13705,6.55375150698094e-08
13706,6.55375150698094e-08
13707,6.55375150698094e-08
13709,7.666400966611712e-07
13710,7.666400966611712e-07
13711,7.666400966611712e-07
13712,7.666400966611712e-07
13714,1.1831668443016225e-05
13715,4.202031689127578e-06
13716,9.641016159210065e-07
13717,3.721096255402278e-06
13718,1.0707195870778805e-07
13719,6.55375150698094e-08
13720,7.666400966611712e-07
13744,0.00023397371395236617
13745,0.00029880928746780724
13746,0.00023397371395236617
13747,0.00029880928746780724
13748,0.0003360518410234058
13749,0.0004049428950636329
13750,0.000358995522818448
13751,0.0003589521036940568
13752,0.00043737882130170344
13753,0.00045393997136952414
13759,4.093853565712901e-05
13760,4.093853565712901e-05
13761,4.093853565712901e-05
13762,4.093853565712901e-05
13763,4.093853565712901e-05
13764,4.093853565712901e-05
13765,4.093853565712901e-05
13766,4.093853565712901e-05
13767,4.093853565712901e-05
13768,4.093853565712901e-05
13769,4.093853565712901e-05
13770,4.093853565712901e-05
13771,8.124724875597517e-06
13772,8.124724875597517e-06
13773,8.124724875597517e-06
13774,8.124724875597517e-06
13775,8.124724875597517e-06
13776,8.124724875597517e-06
13777,8.124724875597517e-06
13778,8.124724875597517e-06
13779,8.124724875597517e-06
13780,8.124724875597517e-06
13781,8.124724875597517e-06
13782,8.124724875597517e-06
13783,0.00016496270799728116
13784,0.00016496270799728116
13801,3.253393650368399e-07
13802,1.1355061962262336e-05
13803,3.15647210104447e-05
13804,6.674388858449098e-05
13863,0.0006960959111105342
13864,0.0009354281227788276
13865,0.0006876140186441026
13866,0.0007532544411388708
13867,4.152966409251412e-06
13868,6.027269469281413e-06
13869,7.416488296950217e-06
13870,8.852684471713179e-06
13871,1.868312798249924e-05
13872,1.677524357055814e-05
13873,1.8707783694385827e-05
13874,2.5684040910230387e-05
13875,1.9996843170500088e-05
13876,1.7617016379040086e-05
13877,1.1516800489409302e-05
13878,1.0576572253403062e-05
13879,2.6148676428875018e-05
13880,1.608306356807058e-06
13881,2.89040550334148e-06
13882,4.152966409251412e-06
13883,6.027269469281413e-06
13884,7.416488296950217e-06
13885,8.852684471713179e-06
13886,1.868312798249924e-05
13887,1.677524357055814e-05
13888,1.8707783694385827e-05
13889,1.608306356807058e-06
13890,2.89040550334148e-06
13940,2.387096643303379e-06
13996,3.9753975196130885e-10
13997,1.5923699258667215e-05
13998,5.974431573895831e-06
13999,5.371590058329187e-06
14000,3.61346547486107e-05
14001,2.0695523412000012e-05
14046,6.869276512757419e-06
14047,6.869276512757419e-06
14048,6.869276512757419e-06
14049,6.869276512757419e-06
14050,1.3453254235390076e-06
14051,1.3453254235390076e-06
14052,1.3453254235390076e-06
14053,1.3453254235390076e-06
14060,3.26971274217841e-10
14061,3.26971274217841e-10
14119,4.619136712283532e-07
14120,1.0994624633126063e-05
14121,3.4898998674584226e-06
14170,4.779907373639521e-07
14178,1.4592143996611583e-05
14179,1.4592143996611583e-05
14180,1.4592143996611583e-05
14181,1.4592143996611583e-05
14182,1.4592143996611583e-05
14183,1.5511272300171124e-05
14184,1.5511272300171124e-05
14185,1.5511272300171124e-05
14186,1.5511272300171124e-05
14187,1.5511272300171124e-05
14192,7.7866537085324e-05
14193,7.7866537085324e-05
14194,7.7866537085324e-05
14195,7.7866537085324e-05
14196,7.7866537085324e-05
14197,7.7866537085324e-05
14198,7.7866537085324e-05
14199,7.7866537085324e-05
14200,7.7866537085324e-05
14207,1.3025720083861165e-05
14208,1.1233489513265955e-05
14209,2.7435566464105448e-05
14210,4.318944104757962e-05
14220,7.572044112861751e-09
14221,7.572044112861751e-09
14222,7.572044112861751e-09
14223,7.572044112861751e-09
14224,7.572044112861751e-09
14233,4.322515263659395e-06
14234,4.322515263659395e-06
14253,1.6128766405184298e-08
14254,7.332129582733154e-13
14255,1.8481073189829472e-16
14256,1.880178484793326e-14
14257,2.75274483358393e-06
14258,5.281934695574384e-12
14301,1.6128766405184298e-08
14302,7.332129582733154e-13
14303,1.8481073189829472e-16
14304,1.880178484793326e-14
14305,2.75274483358393e-06
14306,5.281934695574384e-12
14310,0.00016843497104319347
14311,0.0009507519635643631
14312,0.001480885487993157
14351,0.00026672713740902385
14352,0.00047301350589473354
14353,0.00047301350589473354
14354,0.00047301350589473354
14355,0.00047301350589473354
14356,0.00047301350589473354
14357,0.00047301350589473354
14358,0.00047301350589473354
14359,0.00047301350589473354
14360,0.00047301350589473354
14361,0.00047301350589473354
14362,0.00047301350589473354
14363,0.00047301350589473354
14364,1.2675522438374793e-06
14374,9.808837619110768e-07
14375,8.934149296741594e-07
14376,1.057817392096995e-06
14377,8.726677720439156e-07
14405,0.0010198227039886632
14406,0.0010734508991278751
14408,1.812605330748933e-07
14409,1.812605330748933e-07
14410,1.812605330748933e-07
14411,1.812605330748933e-07
14412,1.812605330748933e-07
14413,1.812605330748933e-07
14414,1.812605330748933e-07
14415,1.812605330748933e-07
14416,1.812605330748933e-07
14417,1.812605330748933e-07
14418,1.812605330748933e-07
14419,1.812605330748933e-07
14420,1.812605330748933e-07
14421,1.812605330748933e-07
14422,1.812605330748933e-07
14423,0.00021822697414806407
14434,2.5319214277878363e-07
14436,4.86685990364294e-07
14441,1.2008586971937944e-06
14442,1.2008586971937944e-06
14443,1.2008586971937944e-06
14444,1.2008586971937944e-06
14445,1.2008586971937944e-06
14446,1.2008586971937944e-06
14447,1.2008586971937944e-06
14448,2.7707173849386205e-05
14449,2.7707173849386205e-05
14450,2.7707173849386205e-05
14451,2.7707173849386205e-05
14452,2.7707173849386205e-05
14453,2.7707173849386205e-05
14454,2.7707173849386205e-05
14455,2.1054135813620688e-08
14456,4.490480464937029e-06
14500,3.875007143126736e-05
14501,3.875007143126736e-05
14502,3.875007143126736e-05
14503,3.875007143126736e-05
14504,4.113215697634646e-05
14509,0.0005881554140626643
14512,0.0015609775351628737
14513,5.410249114996611e-06
14514,5.410249114996611e-06
14515,5.410249114996611e-06
14516,5.410249114996611e-06
14517,5.410249114996611e-06
14525,7.203727472999534e-07
14526,1.665095876827531e-06
14527,3.4582914688261146e-06
14548,2.8180572186440006e-06
14549,2.8180572186440006e-06
14550,2.8180572186440006e-06
14551,2.8180572186440006e-06
14552,2.8180572186440006e-06
14553,2.8180572186440006e-06
14554,2.8180572186440006e-06
14555,2.8180572186440006e-06
14556,2.8180572186440006e-06
14557,2.8180572186440006e-06
14558,4.6543253308352257e-07
14559,4.6543253308352257e-07
14560,4.6543253308352257e-07
14561,4.6543253308352257e-07
14562,4.6543253308352257e-07
14563,4.6543253308352257e-07
14564,4.6543253308352257e-07
14565,4.6543253308352257e-07
14566,4.6543253308352257e-07
14567,4.6543253308352257e-07
14568,1.3680137610205264e-05
14569,1.3680137610205264e-05
14570,1.3680137610205264e-05
14571,1.3680137610205264e-05
14572,1.3680137610205264e-05
14573,1.3680137610205264e-05
14574,1.3680137610205264e-05
14575,1.3680137610205264e-05
14576,1.3680137610205264e-05
14577,1.3680137610205264e-05
14578,7.174118409424802e-06
14579,7.174118409424802e-06
14580,7.174118409424802e-06
14581,7.174118409424802e-06
14582,7.174118409424802e-06
14583,7.174118409424802e-06
14584,7.174118409424802e-06
14585,7.174118409424802e-06
14586,7.174118409424802e-06
14587,7.174118409424802e-06
14588,6.83266476281271e-05
14589,6.83266476281271e-05
14590,6.83266476281271e-05
14591,6.83266476281271e-05
14592,6.83266476281271e-05
14593,6.83266476281271e-05
14594,6.83266476281271e-05
14595,6.83266476281271e-05
14596,6.83266476281271e-05
14597,6.83266476281271e-05
14598,8.261219895128947e-05
14599,8.261219895128947e-05
14600,8.261219895128947e-05
14601,8.261219895128947e-05
14602,8.261219895128947e-05
14603,8.261219895128947e-05
14604,8.261219895128947e-05
14605,8.261219895128947e-05
14606,8.261219895128947e-05
14607,8.261219895128947e-05
14608,1.414270405097583e-05
14609,1.414270405097583e-05
14610,1.414270405097583e-05
14611,1.414270405097583e-05
14612,1.414270405097583e-05
14613,1.414270405097583e-05
14614,1.414270405097583e-05
14615,1.414270405097583e-05
14616,1.414270405097583e-05
14617,1.414270405097583e-05
14634,6.108423598378769e-06
14635,3.315964841079982e-06
14636,2.328585444197975e-06
14637,4.841848968118868e-06
14638,7.892782652773446e-06
14639,1.0686624647016057e-05
14640,5.9364714318041545e-06
14641,4.428436423421245e-06
14642,4.516254460382748e-06
14643,2.295115531217867e-05
14644,1.0787875226998866e-05
14645,1.1612955488013332e-05
14646,3.6827542419017144e-05
14647,8.859544163962745e-06
14648,2.328585444197975e-06
14649,2.328585444197975e-06
14650,2.328585444197975e-06
14651,2.328585444197975e-06
14652,2.328585444197975e-06
14689,1.4217915740163477e-05
14690,1.4217915740163477e-05
14691,1.4217915740163477e-05
14692,1.4217915740163477e-05
14693,1.4217915740163477e-05
14694,1.4217915740163477e-05
14695,1.4217915740163477e-05
14696,1.4217915740163477e-05
14697,1.4217915740163477e-05
14698,1.4217915740163477e-05
14699,1.4217915740163477e-05
14700,1.4217915740163477e-05
14701,1.4217915740163477e-05
14712,4.90195732787362e-06
14713,4.90195732787362e-06
14714,4.90195732787362e-06
14715,4.90195732787362e-06
14716,4.90195732787362e-06
14717,4.90195732787362e-06
14718,4.90195732787362e-06
14719,4.90195732787362e-06
14720,4.90195732787362e-06
14721,4.90195732787362e-06
14722,4.90195732787362e-06
14723,4.90195732787362e-06
14724,4.90195732787362e-06
14725,4.90195732787362e-06
14726,4.90195732787362e-06
14727,4.90195732787362e-06
14728,4.90195732787362e-06
14729,4.90195732787362e-06
14730,4.90195732787362e-06
14731,4.90195732787362e-06
14732,1.904484049916135e-06
14733,7.685039125824524e-06
14734,1.4746124790395078e-06
14735,6.441200139022984e-06
14736,1.904484049916135e-06
14737,7.685039125824524e-06
14738,1.4746124790395078e-06
14739,6.441200139022984e-06
14740,4.422475406776054e-06
14741,1.4913691168975862e-06
14742,5.453005170692997e-06
14743,1.8855579691918247e-06
14744,4.561792246332044e-06
14745,1.532841951847608e-06
14746,5.6866274213289005e-06
14747,6.6875490758769e-06
14748,6.116631593636544e-06
14754,0.0019958295530906715
14755,0.0017155035812225833
14756,0.00021694067127757974
14757,0.0014847735334038597
14758,0.005360921033892512
14759,0.0019958295530906715
14760,0.0017155035812225833
14761,0.00021694067127757974
14762,0.0014847735334038597
14763,0.005360921033892512
14766,2.3413456208397547e-05
14789,5.666333152356943e-07
14790,5.736606484000306e-07
14791,2.9979235137592725e-06
14792,1.6285925079050974e-05
14793,5.666333152356943e-07
14794,5.736606484000306e-07
14795,2.9979235137592725e-06
14796,1.6285925079050974e-05
14810,0.003373391607573796
14811,0.0016974934201156573
14812,0.00045606907244219853
14813,0.0005596371754758048
14814,0.00021236110857211166
14815,0.0003035327271679836
14816,0.003373391607573796
14817,0.0016974934201156573
14818,0.00045606907244219853
14819,0.0005596371754758048
14820,0.00021236110857211166
14821,0.0003035327271679836
14841,3.6120640198820104e-05
14842,1.851432633025062e-05
14843,3.5385379124550345e-06
14844,2.521578468185115e-07
14845,1.7693516857058793e-07
14846,4.0133335978342847e-07
14847,1.933404392666917e-06
14848,1.1686305424135843e-06
14849,2.181446529618322e-06
14850,6.566453422425385e-06
14851,1.8090570643016125e-05
14852,1.2167212097411334e-05
14853,2.5241877131091187e-06
14854,1.7693516857058793e-07
14855,4.0133335978342847e-07
14856,1.933404392666917e-06
14857,1.1686305424135843e-06
14858,2.181446529618322e-06
14859,6.566453422425385e-06
14860,1.8090570643016125e-05
14861,1.2167212097411334e-05
14862,2.5241877131091187e-06
14892,0.00044496513278793903
14893,0.00030444021939929903
14894,0.0003755582952526771
14895,0.00044496513278793903
14896,0.00030444021939929903
14897,0.0003755582952526771
14898,7.731439468740727e-07
14899,7.731439468740727e-07
14900,7.731439468740727e-07
14901,7.731439468740727e-07
14902,7.731439468740727e-07
14903,7.731439468740727e-07
14904,2.0857997706539658e-08
14905,2.0857997706539658e-08
14906,2.0857997706539658e-08
14907,2.0857997706539658e-08
14908,2.0857997706539658e-08
14909,2.0857997706539658e-08
14910,1.789476633645379e-06
14911,1.6486072136899793e-06
14912,2.7798889776505763e-06
14913,8.824140979688436e-07
14914,1.789476633645379e-06
14915,1.6486072136899793e-06
14916,2.7798889776505763e-06
14917,8.824140979688436e-07
14918,1.789476633645379e-06
14919,1.6486072136899793e-06
14920,2.7798889776505763e-06
14921,8.824140979688436e-07
14922,1.789476633645379e-06
14923,1.6486072136899793e-06
14924,2.7798889776505763e-06
14925,8.824140979688436e-07
14926,1.789476633645379e-06
14927,1.6486072136899793e-06
14928,2.7798889776505763e-06
14929,8.824140979688436e-07
14950,0.0003324581814183795
14951,0.00041182122127801006
14952,0.0003324581814183795
14953,0.00041182122127801006
14956,6.253315397665887e-07
14957,1.0623492560912457e-05
14958,6.820520827134866e-05
14959,0.00011726658969718683
14960,0.0001161105009469556
14961,6.253315397665887e-07
14962,1.0623492560912457e-05
14963,6.820520827134866e-05
14964,0.00011726658969718683
14965,0.0001161105009469556
14967,2.1519293457672987e-07
14969,4.2094471425497605e-05
14971,4.043085431045459e-05
14973,5.828324644072098e-05
15024,6.500667449797565e-07
15029,6.500667449797565e-07
15030,2.1127204719919454e-07
15031,2.1127204719919454e-07
15032,2.1127204719919454e-07
15033,2.1127204719919454e-07
15034,2.1127204719919454e-07
15035,2.1127204719919454e-07
15036,2.1127204719919454e-07
15037,2.1127204719919454e-07
15049,3.203415626941032e-05
15050,3.07469980188304e-05
15069,9.198860933403116e-06
15070,5.505838903186126e-06
15071,9.198860933403116e-06
15072,5.505838903186126e-06
15084,3.024838493933223e-06
15087,3.024838493933223e-06
15089,6.835087126379208e-06
15090,1.8511289091214085e-05
15092,5.2866413982178035e-06
15099,2.3809728208265647e-08
15100,3.641992272719444e-07
15102,2.24426090281352e-09
15154,3.349488829606303e-08
15155,3.349488829606303e-08
15156,3.349488829606303e-08
15157,3.349488829606303e-08
15158,3.349488829606303e-08
15159,3.349488829606303e-08
15160,3.349488829606303e-08
15161,3.349488829606303e-08
15162,3.349488829606303e-08
15163,3.349488829606303e-08
15164,1.8306104108908319e-07
15165,1.8306104108908319e-07
15166,1.8306104108908319e-07
15167,1.8306104108908319e-07
15168,1.8306104108908319e-07
15169,1.8306104108908319e-07
15170,1.8306104108908319e-07
15171,1.8306104108908319e-07
15172,1.8306104108908319e-07
15173,1.8306104108908319e-07
15174,1.3152646856874693e-07
15175,1.3152646856874693e-07
15176,1.3152646856874693e-07
15177,1.3152646856874693e-07
15178,1.3152646856874693e-07
15179,1.3152646856874693e-07
15180,1.3152646856874693e-07
15181,1.3152646856874693e-07
15182,1.3152646856874693e-07
15183,1.3152646856874693e-07
15184,2.4562213090750844e-06
15185,8.661709445157068e-06
15186,2.4763865219216778e-05
15187,2.4763865219216778e-05
15188,2.4763865219216778e-05
15189,2.4763865219216778e-05
15190,2.1485276643434636e-05
15191,2.1485276643434636e-05
15192,2.1485276643434636e-05
15193,2.1485276643434636e-05
15194,1.932025960673541e-05
15195,1.932025960673541e-05
15196,1.932025960673541e-05
15197,1.932025960673541e-05
15198,1.3829749308781692e-05
15199,1.3829749308781692e-05
15200,1.3829749308781692e-05
15201,1.3829749308781692e-05
15202,2.3077900044653674e-05
15203,2.3077900044653674e-05
15204,2.3077900044653674e-05
15205,2.3077900044653674e-05
15206,2.0979186281235097e-05
15207,2.0979186281235097e-05
15208,2.0979186281235097e-05
15209,2.0979186281235097e-05
15216,1.1810087464469303e-09
15217,1.1810087464469303e-09
15218,1.1810087464469303e-09
15223,9.020928082881162e-07
15224,9.020928082881162e-07
15225,9.020928082881162e-07
15230,2.2686671425402546e-07
15231,2.2686671425402546e-07
15232,2.2686671425402546e-07
15237,1.31866832281794e-05
15238,1.31866832281794e-05
15239,1.31866832281794e-05
15245,9.764728644469457e-05
15246,0.00011743217711264407
15247,0.00016390898193953437
15248,0.00024865886739174785
15253,0.0007891830186984948
15254,0.0007891830186984948
15255,0.0007891830186984948
15256,0.0007891830186984948
15257,0.0007891830186984948
15258,0.0007891830186984948
15259,0.0007891830186984948
15260,0.0007891830186984948
15261,1.7255649380769464e-05
15262,8.76499715911581e-06
15263,4.935055532020153e-06
15264,4.935055532020153e-06
15265,4.935055532020153e-06
15266,4.935055532020153e-06
15267,4.935055532020153e-06
15268,4.075872836647397e-06
15269,4.075872836647397e-06
15270,4.075872836647397e-06
15271,4.075872836647397e-06
15272,4.075872836647397e-06
15292,0.00027344790990677255
15293,0.00016354740700223354
15294,8.470756103651022e-05
15345,1.9305604871685104e-07
15346,2.8110079786099728e-06
15347,1.763423374760834e-07
15348,4.260685083814883e-05
15349,2.0025784390904245e-05
15350,3.670370657996847e-05
15351,4.237899943388301e-05
15352,4.8887061493526134e-05
15353,0.0003497019269269413
15354,0.0002443352557203954
15355,5.544573387492828e-06
15356,2.106260784393878e-07
15357,2.203928434150631e-07
15358,0.00016463167362592828
15359,9.229041072103796e-05
15360,0.00019871011296841088
15361,0.00011810640229341895
15362,0.00019985215136350375
15363,6.538793352116409e-05
15364,0.00014355930410947713
15365,7.878214369793854e-05
15366,0.00013355969807099256
15367,0.00022872667296532093
15368,0.0004950774334439911
15369,0.000481236705774442
15370,0.00011071356553789713
15371,0.00014346752381326348
15372,0.00017380522461042474
15381,7.597319850232113e-08
15382,2.441454010851542e-06
15383,1.6741486804164772e-06
15412,2.0324442484576395e-05
15413,1.4598072884563515e-05
15414,4.679466182504707e-06
15415,8.749597625685346e-09
15416,0.00014054465092051097
15417,3.6991593835187335e-05
15418,0.00012107397415912869
15419,0.00012107397415912869
15424,0.0006143427079544279
15430,0.0001362347548896856
15431,0.0001362347548896856
15432,0.0001362347548896856
15433,0.0001587677402658348
15434,0.0001587677402658348
15435,0.0001587677402658348
15436,0.00020301109690202984
15437,0.00020301109690202984
15438,0.00020301109690202984
15439,0.00012108553798365046
15440,0.00012108553798365046
15441,0.00012108553798365046
15443,1.7357477029646757e-09
15478,0.00014215835125757186
15479,0.00010851453955732415
15480,0.001103155012055384
15481,0.0009922585770683766
15490,0.002120475043718956
15491,0.002120475043718956
15492,0.0016312346506583896
15493,0.0016312346506583896
15497,0.0018830468313803474
15511,0.00027163472572449654
15512,0.00027163472572449654
15514,0.00011421051526286683
15515,0.00011421051526286683
15517,0.0007914692789499965
15518,0.0007914692789499965
15520,0.0003477366292091723
15521,0.0003477366292091723
15523,5.689051433287062e-06
15524,5.689051433287062e-06
15526,0.0001513379259925198
15527,0.0001513379259925198
15529,1.612752574308671e-07
15530,1.612752574308671e-07
15532,0.0006977581965715803
15533,0.0006977581965715803
15553,1.1207789716728012e-06
15554,4.720791853958398e-06
15555,1.537622208151602e-08
15556,2.824954247169193e-08
15557,3.8514571284758464e-08
15558,8.315947673869192e-07
15559,9.826973741813145e-07
15560,2.1937952994688084e-05
15561,2.1937952994688084e-05
15562,1.44037392136443e-08
15563,5.677820731912506e-08
15564,4.3550910949257696e-08
15565,8.963072811311229e-08
15566,5.63956541294591e-07
15567,2.333079534061305e-07
15568,9.208075212252652e-08
15569,8.11408440472793e-08
15570,1.0013665179267627e-06
15571,1.0013665179267627e-06
15572,1.0013665179267627e-06
15573,1.0013665179267627e-06
15574,1.0013665179267627e-06
15576,8.703811073881633e-07
15577,8.703811073881633e-07
15578,8.703811073881633e-07
15579,8.703811073881633e-07
15580,8.703811073881633e-07
15584,3.131222829162849e-07
15585,3.131222829162849e-07
15586,3.131222829162849e-07
15589,0.00045091710780990353
15594,8.465822556555473e-06
15600,0.0005681316698578192
15601,0.0005681316698578192
15629,4.1415020474714784e-06
15630,1.5216586673296642e-06
15631,3.5219402489427315e-05
15632,2.6709226595824757e-05
15633,0.00037954533342128273
15639,4.1415020474714784e-06
15640,1.5216586673296642e-06
15641,3.5219402489427315e-05
15642,2.6709226595824757e-05
15643,0.00037954533342128273
15644,4.1415020474714784e-06
15645,1.5216586673296642e-06
15646,3.5219402489427315e-05
15647,2.6709226595824757e-05
15648,0.00037954533342128273
15649,4.1415020474714784e-06
15650,1.5216586673296642e-06
15651,3.5219402489427315e-05
15652,2.6709226595824757e-05
15653,0.00037954533342128273
15654,4.1415020474714784e-06
15655,1.5216586673296642e-06
15656,3.5219402489427315e-05
15657,2.6709226595824757e-05
15658,0.00037954533342128273
15659,4.1415020474714784e-06
15660,1.5216586673296642e-06
15661,3.5219402489427315e-05
15662,2.6709226595824757e-05
15663,0.00037954533342128273
15664,4.1415020474714784e-06
15665,1.5216586673296642e-06
15666,3.5219402489427315e-05
15668,4.1415020474714784e-06
15669,1.5216586673296642e-06
15670,3.5219402489427315e-05
15671,0.00018508942494917255
15672,2.6709226595824757e-05
15673,0.00037954533342128273
15674,6.888198494034211e-07
15675,3.3972315757497374e-06
15676,6.16891887422844e-06
15677,1.4287947486718881e-06
15680,1.4287947486718881e-06
15681,1.4287947486718881e-06
15682,1.4287947486718881e-06
15683,1.4287947486718881e-06
15684,7.5977498141082175e-06
15685,7.5977498141082175e-06
15686,7.5977498141082175e-06
15687,7.5977498141082175e-06
15688,6.144528266325513e-05
15689,6.144528266325513e-05
15690,6.144528266325513e-05
15691,6.144528266325513e-05
15725,0.00011500909107205515
15726,0.00011500909107205515
15727,0.00011500909107205515
15732,5.23984641342661e-08
15733,0.00033026595985329965
15734,2.2126066641703486e-05
15735,5.421432817034784e-06
15736,0.0003855059852443006
15737,0.0003855059852443006
15738,0.0003855059852443006
15739,0.0003855059852443006
15740,8.204357527573952e-06
15741,8.204357527573952e-06
15742,8.204357527573952e-06
15743,8.204357527573952e-06
15744,0.0009530616498614976
15745,0.0009530616498614976
15746,0.0009530616498614976
15747,0.0009530616498614976
15751,7.115977355843488e-06
15752,8.127089766319002e-06
15753,2.2126066641703486e-05
15754,5.8176614290782534e-05
15755,6.696990861088071e-06
15756,6.696990861088071e-06
15757,6.696990861088071e-06
15758,4.971691503539937e-05
15759,4.971691503539937e-05
15760,4.971691503539937e-05
15762,5.687672440947224e-07
15771,5.687672440947224e-07
15772,6.009319816924315e-05
15773,0.0002266100512560049
15774,2.7280169664049865e-05
15775,6.009319816924315e-05
15776,6.009319816924315e-05
15777,6.009319816924315e-05
15778,6.009319816924315e-05
15779,4.339775526201618e-05
15780,6.009319816924315e-05
15781,0.0002266100512560049
15782,6.696990861088071e-06
15783,2.7280169664049865e-05
15785,0.000513861276154633
15787,0.0005050408940825138
15789,0.0005615250637180996
15790,0.0005050408940825138
15791,0.0005050408940825138
15792,0.0005050408940825138
15793,4.413488039665925e-05
15794,4.413488039665925e-05
15795,4.413488039665925e-05
15796,3.9934268428442696e-05
15797,3.9934268428442696e-05
15798,3.9934268428442696e-05
15799,3.08030447225476e-05
15800,3.08030447225476e-05
15801,3.08030447225476e-05
15810,0.00012352608618143191
15811,0.00033946208852473025
15812,0.00046346102723472026
15813,0.001967390817942399
15814,0.0025916797984432173
15815,0.001967390817942399
15816,0.0025916797984432173
15821,0.00022165391554228398
15822,0.00022165391554228398
15823,0.00022165391554228398
15824,0.000669858655784908
15825,0.000669858655784908
15826,0.000669858655784908
15827,0.00046540530467381407
15828,0.00046540530467381407
15829,0.00046540530467381407
15830,0.0006888289880922511
15831,0.0006888289880922511
15832,0.0006888289880922511
15833,6.696990861088071e-06
15834,4.339775526201618e-05
15835,0.000310562836305605
15836,6.756057205816658e-05
15837,4.339775526201618e-05
15838,0.000310562836305605
15839,6.756057205816658e-05
15846,5.063534870797181e-06
15847,0.00010371106410200335
15848,2.515967388430469e-06
15849,5.861452549594438e-05
15850,0.00010371106410200335
15851,6.484831776451685e-05
15852,2.7597120414735503e-06
15853,5.063534870797181e-06
15854,2.515967388430469e-06
15855,2.515967388430469e-06
15856,2.515967388430469e-06
15857,2.515967388430469e-06
15858,2.515967388430469e-06
15859,2.515967388430469e-06
15860,2.515967388430469e-06
15861,5.861452549594438e-05
15862,5.861452549594438e-05
15863,5.861452549594438e-05
15864,5.861452549594438e-05
15865,5.861452549594438e-05
15866,5.861452549594438e-05
15867,5.861452549594438e-05
15868,0.00010371106410200335
15869,0.00010371106410200335
15870,0.00010371106410200335
15871,0.00010371106410200335
15872,0.00010371106410200335
15873,0.00010371106410200335
15874,6.484831776451685e-05
15875,6.484831776451685e-05
15876,6.484831776451685e-05
15877,6.484831776451685e-05
15878,6.484831776451685e-05
15879,6.484831776451685e-05
15880,6.484831776451685e-05
15881,2.7597120414735503e-06
15882,2.7597120414735503e-06
15883,2.7597120414735503e-06
15884,2.7597120414735503e-06
15885,2.7597120414735503e-06
15886,2.7597120414735503e-06
15887,2.7597120414735503e-06
15888,5.063534870797181e-06
15889,5.063534870797181e-06
15890,5.063534870797181e-06
15891,5.063534870797181e-06
15892,5.063534870797181e-06
15893,5.063534870797181e-06
15894,1.371760207001226e-05
15895,8.309753052222139e-06
15896,2.625606967195536e-05
15897,1.371760207001226e-05
15898,8.309753052222139e-06
15899,2.625606967195536e-05
15900,1.371760207001226e-05
15901,8.309753052222139e-06
15902,2.625606967195536e-05
15903,3.2664553968029365e-05
15904,0.00011688842002094943
15905,7.322962250218701e-06
15906,3.3116731982030076e-05
15907,3.820706216972897e-05
15908,8.592131506763036e-06
15909,3.820706216972897e-05
15910,3.820706216972897e-05
15911,8.592131506763036e-06
15912,8.592131506763036e-06
15913,7.748858669897964e-05
15914,0.0003566614801258131
15915,7.986339381019145e-05
15916,0.0002675879341906815
15917,1.0976138007485434e-05
15919,5.031931522015534e-07
15921,1.891756543670719e-07
15923,1.0976138007485434e-05
15924,5.031931522015534e-07
15925,1.891756543670719e-07
15937,6.260713865530691e-05
15938,6.260713865530691e-05
15939,7.038288831538388e-05
15940,7.038288831538388e-05
15941,0.0003180599662021346
15942,0.0003180599662021346
15943,0.0003180599662021346
15944,0.0003180599662021346
15945,0.0006348332782322277
15946,0.0006028128088887857
15947,0.00028767006126358146
15948,1.348823057640323e-06
15949,0.0006348332782322277
15950,0.0006028128088887857
15951,0.00028767006126358146
15952,1.348823057640323e-06
15957,0.00014492024093243211
15958,0.00024359594391941498
15959,0.0001147291678515518
15960,4.323389369334236e-06
15961,4.565611674077237e-06
15967,5.668740496031847e-05
15968,4.117257282638767e-05
15969,3.333905808887035e-05
15973,4.573725469723656e-05
15974,1.5741733099367472e-07
15975,1.2835492964783339e-06
15976,1.8925340555482946e-05
15977,0.0001471883349659728
15978,0.00011085948204947297
15979,1.1253574632311673e-05
15980,0.00037421135870134673
15981,1.1253574632311673e-05
15982,0.00037421135870134673
15983,1.1253574632311673e-05
15984,1.1253574632311673e-05
15985,1.1253574632311673e-05
15986,1.1253574632311673e-05
15987,0.00037421135870134673
15988,0.00037421135870134673
15989,0.00037421135870134673
15990,0.00037421135870134673
15991,9.764728644469457e-05
15992,0.00013013917630641755
15993,0.00017679179180255718
15994,0.0003889779749345207
15995,0.00042881317867451334
15996,0.0003889779749345207
15997,0.00042881317867451334
15998,0.000308434251795032
16000,0.000308434251795032
16001,1.7253952587414052e-05
16002,1.7253952587414052e-05
16003,1.7253952587414052e-05
16004,0.0009215104699139851
16005,1.9764285649588007e-06
16006,9.841322944372005e-06
16007,1.0013028989370551e-05
16011,2.3935655039622323e-05
16012,3.11541177048454e-05
16013,0.00020615923610862725
16014,0.00024644019006586366
16015,2.3935655039622323e-05
16016,3.11541177048454e-05
16017,0.00020615923610862725
16018,0.00024644019006586366
16019,2.3935655039622323e-05
16020,3.11541177048454e-05
16021,0.00020615923610862725
16022,0.00024644019006586366
16023,0.00021948198816016954
16024,0.0002586266208468359
16025,0.0003636379402058273
16026,0.00021948198816016954
16027,0.0002586266208468359
16028,0.0003636379402058273
16029,2.6552291620577496e-07
16030,0.00022777619196684702
16031,6.75882491305935e-05
16032,0.00022777619196684702
16033,6.75882491305935e-05
16034,0.00022777619196684702
16035,6.75882491305935e-05
16040,0.00010589611170865774
16041,9.619175982876576e-05
16044,6.4338908128693095e-06
16045,6.850763834217616e-05
16046,0.00024039807366417186
16047,0.00014229953550456512
16048,0.00014173228524191572
16051,2.8300999060188958e-05
16052,5.526437574600173e-06
16053,1.2638112649650976e-07
16057,0.00020210842828995994
16058,0.00010967390073271672
16059,0.00018335371568477195
16060,0.00019782047445508123
16061,0.00018335371568477195
16062,0.00019782047445508123
16063,0.00018335371568477195
16064,0.00019782047445508123
16065,6.7655412492415e-06
16066,7.322962250218701e-06
16067,5.2398719007929555e-06
16068,2.1857467524615756e-05
16073,2.776194081889278e-05
16074,3.7846330198395695e-05
16075,3.757976702757263e-05
16076,2.8845726717833726e-05
16077,0.00011500909107205515
16078,0.00040066931524824524
16079,0.00029022237921920863
16080,0.0008245027960129373
16081,8.43040619581136e-05
16082,7.771434059658378e-05
16083,0.00031834114144603867
16084,1.3141115237439311e-05
16085,0.0008196215392340398
16086,8.43040619581136e-05
16087,7.771434059658378e-05
16088,0.00031834114144603867
16089,1.3141115237439311e-05
16090,0.0008196215392340398
16091,8.43040619581136e-05
16092,7.771434059658378e-05
16093,0.00031834114144603867
16094,1.3141115237439311e-05
16095,0.0008196215392340398
16096,8.43040619581136e-05
16097,7.771434059658378e-05
16098,0.00031834114144603867
16099,1.3141115237439311e-05
16100,0.0008196215392340398
16101,8.43040619581136e-05
16102,7.771434059658378e-05
16103,0.00031834114144603867
16104,1.3141115237439311e-05
16105,0.0008196215392340398
16106,0.0003644128689225527
16107,0.0003644128689225527
16108,0.0003644128689225527
16109,0.0003644128689225527
16110,0.0003644128689225527
16111,0.0003720197898910623
16112,0.0003720197898910623
16113,0.0003720197898910623
16114,0.0003720197898910623
16115,0.0003720197898910623
16116,2.900351670743377e-07
16117,0.00011447597682345927
16118,7.890482478982269e-06
16119,0.00011721282980663279
16123,7.151895192113601e-05
16124,6.117192193010875e-05
16127,7.151895192113601e-05
16128,6.117192193010875e-05
16134,4.836484821591586e-06
16135,4.836484821591586e-06
16136,4.836484821591586e-06
16137,1.7491146158300648e-05
16142,2.53374078088716e-06
16143,2.53374078088716e-06
16144,2.53374078088716e-06
16145,1.3285903679167452e-05
16146,1.3285903679167452e-05
16147,1.3285903679167452e-05
16148,1.7491146158300648e-05
16149,1.770491534586249e-05
16150,1.770491534586249e-05
16151,1.770491534586249e-05
16152,8.329201269215482e-05
16153,8.329201269215482e-05
16154,8.329201269215482e-05
16155,2.414751144935405e-06
16169,4.497261097216811e-05
16170,4.497261097216811e-05
16171,4.497261097216811e-05
16172,4.497261097216811e-05
16173,1.8104412072247403e-05
16174,1.8104412072247403e-05
16175,1.8104412072247403e-05
16176,1.8104412072247403e-05
16177,0.00013545196497631985
16178,0.00013545196497631985
16179,0.00013545196497631985
16180,0.00013545196497631985
16181,5.3023014670716475e-05
16182,5.3023014670716475e-05
16183,1.0565216966547792e-05
16184,1.0565216966547792e-05
16185,3.0291485274794394e-07
16186,3.0291485274794394e-07
16196,1.6948482735035625e-07
16197,1.6948482735035625e-07
16199,5.513858237211824e-08
16200,5.513858237211824e-08
16201,1.931790890532502e-06
16202,1.931790890532502e-06
16203,1.931790890532502e-06
16204,1.703756567973078e-06
16205,1.703756567973078e-06
16206,1.703756567973078e-06
16207,0.0001358840248988705
16208,1.6948482735035625e-07
16209,5.513858237211824e-08
16210,0.0001358840248988705
16211,4.052623473939414e-05
16212,4.052623473939414e-05
16213,4.052623473939414e-05
16214,4.052623473939414e-05
16215,4.052623473939414e-05
16216,4.052623473939414e-05
16217,4.052623473939414e-05
16218,4.052623473939414e-05
16219,4.052623473939414e-05
16220,4.052623473939414e-05
16221,4.052623473939414e-05
16222,4.052623473939414e-05
16223,4.052623473939414e-05
16224,4.052623473939414e-05
16225,4.052623473939414e-05
16226,4.052623473939414e-05
16227,4.052623473939414e-05
16228,4.052623473939414e-05
16229,4.052623473939414e-05
16230,4.052623473939414e-05
16231,4.052623473939414e-05
16232,4.052623473939414e-05
16233,4.052623473939414e-05
16234,4.052623473939414e-05
16235,4.052623473939414e-05
16236,4.052623473939414e-05
16237,4.052623473939414e-05
16238,4.052623473939414e-05
16239,4.052623473939414e-05
16240,4.052623473939414e-05
16241,4.052623473939414e-05
16242,4.052623473939414e-05
16243,4.052623473939414e-05
16244,4.052623473939414e-05
16245,4.052623473939414e-05
16246,4.052623473939414e-05
16247,4.052623473939414e-05
16248,4.052623473939414e-05
16249,4.052623473939414e-05
16250,4.052623473939414e-05
16251,4.052623473939414e-05
16252,4.052623473939414e-05
16253,4.052623473939414e-05
16254,4.052623473939414e-05
16255,4.052623473939414e-05
16256,4.052623473939414e-05
16257,4.052623473939414e-05
16258,4.052623473939414e-05
16259,4.052623473939414e-05
16260,4.052623473939414e-05
16261,4.052623473939414e-05
16262,4.052623473939414e-05
16263,4.052623473939414e-05
16264,4.052623473939414e-05
16265,4.052623473939414e-05
16266,4.052623473939414e-05
16267,4.052623473939414e-05
16268,4.052623473939414e-05
16269,4.052623473939414e-05
16270,4.052623473939414e-05
16271,4.052623473939414e-05
16272,4.052623473939414e-05
16273,4.052623473939414e-05
16274,4.052623473939414e-05
16275,4.052623473939414e-05
16276,4.052623473939414e-05
16277,4.052623473939414e-05
16278,4.052623473939414e-05
16279,4.052623473939414e-05
16280,4.052623473939414e-05
16281,4.052623473939414e-05
16282,4.052623473939414e-05
16283,4.052623473939414e-05
16284,4.052623473939414e-05
16285,4.052623473939414e-05
16286,4.052623473939414e-05
16287,4.052623473939414e-05
16288,4.052623473939414e-05
16289,4.052623473939414e-05
16290,4.052623473939414e-05
16291,4.052623473939414e-05
16292,4.052623473939414e-05
16293,4.052623473939414e-05
16294,4.052623473939414e-05
16295,4.052623473939414e-05
16296,4.052623473939414e-05
16297,4.052623473939414e-05
16298,4.052623473939414e-05
16299,4.052623473939414e-05
16300,4.052623473939414e-05
16301,4.052623473939414e-05
16302,4.052623473939414e-05
16303,4.052623473939414e-05
16304,4.052623473939414e-05
16305,4.052623473939414e-05
16306,4.052623473939414e-05
16307,4.052623473939414e-05
16308,4.052623473939414e-05
16309,4.052623473939414e-05
16310,4.052623473939414e-05
16311,4.052623473939414e-05
16312,4.052623473939414e-05
16313,4.052623473939414e-05
16314,4.052623473939414e-05
16315,4.052623473939414e-05
16316,4.052623473939414e-05
16317,4.052623473939414e-05
16318,4.052623473939414e-05
16319,4.052623473939414e-05
16320,4.052623473939414e-05
16321,4.052623473939414e-05
16322,4.052623473939414e-05
16323,4.052623473939414e-05
16324,4.052623473939414e-05
16325,4.052623473939414e-05
16326,4.052623473939414e-05
16327,4.052623473939414e-05
16328,4.052623473939414e-05
16329,4.052623473939414e-05
16330,4.052623473939414e-05
16331,4.052623473939414e-05
16332,4.052623473939414e-05
16333,4.052623473939414e-05
16334,4.052623473939414e-05
16335,4.052623473939414e-05
16336,4.052623473939414e-05
16337,4.052623473939414e-05
16338,4.052623473939414e-05
16339,4.052623473939414e-05
16340,4.052623473939414e-05
16341,4.052623473939414e-05
16342,4.052623473939414e-05
16343,4.052623473939414e-05
16344,4.052623473939414e-05
16345,4.052623473939414e-05
16346,4.052623473939414e-05
16347,4.052623473939414e-05
16348,4.052623473939414e-05
16349,4.052623473939414e-05
16350,4.052623473939414e-05
16351,4.052623473939414e-05
16352,4.052623473939414e-05
16353,4.052623473939414e-05
16354,4.052623473939414e-05
16355,4.052623473939414e-05
16356,4.052623473939414e-05
16357,4.052623473939414e-05
16358,4.052623473939414e-05
16359,4.052623473939414e-05
16360,4.052623473939414e-05
16361,4.052623473939414e-05
16362,4.052623473939414e-05
16363,4.052623473939414e-05
16364,4.052623473939414e-05
16365,4.052623473939414e-05
16366,4.052623473939414e-05
16367,4.052623473939414e-05
16368,4.052623473939414e-05
16369,4.052623473939414e-05
16370,4.052623473939414e-05
16371,4.052623473939414e-05
16372,4.052623473939414e-05
16373,4.052623473939414e-05
16374,4.052623473939414e-05
16375,4.052623473939414e-05
16376,4.052623473939414e-05
16377,4.052623473939414e-05
16378,4.052623473939414e-05
16379,4.052623473939414e-05
16380,4.052623473939414e-05
16381,4.052623473939414e-05
16382,4.052623473939414e-05
16383,4.052623473939414e-05
16384,4.052623473939414e-05
16385,4.052623473939414e-05
16386,4.052623473939414e-05
16387,4.052623473939414e-05
16388,4.052623473939414e-05
16389,4.052623473939414e-05
16390,4.052623473939414e-05
16391,4.052623473939414e-05
16392,4.052623473939414e-05
16393,4.052623473939414e-05
16394,4.052623473939414e-05
16395,4.052623473939414e-05
16396,4.052623473939414e-05
16397,4.052623473939414e-05
16398,4.052623473939414e-05
16399,4.052623473939414e-05
16400,4.052623473939414e-05
16401,4.052623473939414e-05
16402,4.052623473939414e-05
16403,4.052623473939414e-05
16404,4.052623473939414e-05
16405,4.052623473939414e-05
16406,4.052623473939414e-05
16407,4.052623473939414e-05
16408,4.052623473939414e-05
16409,4.052623473939414e-05
16410,4.052623473939414e-05
16411,4.052623473939414e-05
16412,4.052623473939414e-05
16413,4.052623473939414e-05
16414,4.052623473939414e-05
16415,4.052623473939414e-05
16416,4.052623473939414e-05
16417,4.052623473939414e-05
16418,4.052623473939414e-05
16419,4.052623473939414e-05
16420,4.052623473939414e-05
16421,4.052623473939414e-05
16422,4.052623473939414e-05
16423,4.052623473939414e-05
16424,4.052623473939414e-05
16425,4.052623473939414e-05
16426,4.052623473939414e-05
16427,4.052623473939414e-05
16428,4.052623473939414e-05
16429,4.052623473939414e-05
16430,4.052623473939414e-05
16431,4.052623473939414e-05
16432,4.052623473939414e-05
16433,4.052623473939414e-05
16434,4.052623473939414e-05
16435,4.052623473939414e-05
16436,4.052623473939414e-05
16437,4.052623473939414e-05
16438,4.052623473939414e-05
16439,4.052623473939414e-05
16440,4.052623473939414e-05
16441,4.052623473939414e-05
16442,4.052623473939414e-05
16443,4.052623473939414e-05
16444,4.052623473939414e-05
16445,4.052623473939414e-05
16446,4.052623473939414e-05
16447,4.052623473939414e-05
16448,4.052623473939414e-05
16449,4.052623473939414e-05
16450,4.052623473939414e-05
16451,4.052623473939414e-05
16452,4.052623473939414e-05
16453,4.052623473939414e-05
16454,4.052623473939414e-05
16455,4.052623473939414e-05
16456,4.052623473939414e-05
16457,4.052623473939414e-05
16458,4.052623473939414e-05
16459,4.052623473939414e-05
16460,4.052623473939414e-05
16461,4.052623473939414e-05
16462,4.052623473939414e-05
16463,4.052623473939414e-05
16464,4.052623473939414e-05
16465,4.052623473939414e-05
16466,4.052623473939414e-05
16467,4.052623473939414e-05
16468,4.052623473939414e-05
16469,4.052623473939414e-05
16470,4.052623473939414e-05
16471,4.052623473939414e-05
16472,4.052623473939414e-05
16473,4.052623473939414e-05
16474,4.052623473939414e-05
16475,4.052623473939414e-05
16476,4.052623473939414e-05
16477,4.052623473939414e-05
16478,4.052623473939414e-05
16479,4.052623473939414e-05
16480,4.052623473939414e-05
16481,4.052623473939414e-05
16482,4.052623473939414e-05
16483,4.052623473939414e-05
16484,4.052623473939414e-05
16485,4.052623473939414e-05
16486,4.052623473939414e-05
16487,4.052623473939414e-05
16488,4.052623473939414e-05
16489,4.052623473939414e-05
16490,4.052623473939414e-05
16491,4.052623473939414e-05
16492,4.052623473939414e-05
16493,4.052623473939414e-05
16494,4.052623473939414e-05
16495,4.052623473939414e-05
16496,4.052623473939414e-05
16497,4.052623473939414e-05
16498,4.052623473939414e-05
16499,4.052623473939414e-05
16500,4.052623473939414e-05
16501,4.052623473939414e-05
16502,4.052623473939414e-05
16503,4.052623473939414e-05
16504,4.052623473939414e-05
16505,4.052623473939414e-05
16506,4.052623473939414e-05
16507,4.052623473939414e-05
16508,4.052623473939414e-05
16509,4.052623473939414e-05
16510,4.052623473939414e-05
16511,4.052623473939414e-05
16512,4.052623473939414e-05
16513,4.052623473939414e-05
16514,4.052623473939414e-05
16515,4.052623473939414e-05
16516,4.052623473939414e-05
16517,4.052623473939414e-05
16518,4.052623473939414e-05
16519,4.052623473939414e-05
16520,4.052623473939414e-05
16521,4.052623473939414e-05
16522,4.052623473939414e-05
16523,4.052623473939414e-05
16524,4.052623473939414e-05
16525,4.052623473939414e-05
16526,4.052623473939414e-05
16527,4.052623473939414e-05
16528,4.052623473939414e-05
16529,4.052623473939414e-05
16530,4.052623473939414e-05
16531,4.052623473939414e-05
16532,4.052623473939414e-05
16533,4.052623473939414e-05
16534,4.052623473939414e-05
16535,4.052623473939414e-05
16536,4.052623473939414e-05
16537,4.052623473939414e-05
16538,4.052623473939414e-05
16539,4.052623473939414e-05
16540,4.052623473939414e-05
16541,4.052623473939414e-05
16542,4.052623473939414e-05
16543,4.052623473939414e-05
16544,4.052623473939414e-05
16545,4.052623473939414e-05
16547,0.00018179221572570177
16568,0.0003056092646807635
16569,0.0006070750449450052
16570,0.0009107152573307726
16571,0.0011447729697379686
16572,0.0009149100422717993
16573,0.0012750491202127687
16574,0.0013103231723132396
16601,0.0010064274936644555
16615,1.818458347824131e-05
16616,0.000314392379070681
16617,2.2150162625927918e-05
16618,2.0209021492100846e-05
16620,0.00019109135013818562
16621,0.001014159356939954
16622,0.000940496381541385
16623,0.0006310181292756147
16625,0.0011336190086966155
16644,0.0004553601887995743
16645,4.483258391210486e-05
16646,6.498772394619484e-05
16647,0.00011726089550356655
16648,0.00046377313374567963
16652,0.0021225222987823335
16661,4.66031732504365e-06
16662,4.66031732504365e-06
16663,4.66031732504365e-06
16664,4.66031732504365e-06
16665,4.66031732504365e-06
16666,4.66031732504365e-06
16667,4.66031732504365e-06
16668,4.66031732504365e-06
16669,4.66031732504365e-06
16670,2.904917822547034e-05
16671,2.904917822547034e-05
16672,2.904917822547034e-05
16673,2.904917822547034e-05
16674,2.904917822547034e-05
16675,2.904917822547034e-05
16676,2.904917822547034e-05
16677,2.904917822547034e-05
16678,2.904917822547034e-05
16700,1.0705960731846997e-07
16701,1.0705960731846997e-07
16702,1.0705960731846997e-07
16703,1.0705960731846997e-07
16704,1.0705960731846997e-07
16705,1.0705960731846997e-07
16706,1.0705960731846997e-07
16707,1.0705960731846997e-07
16708,2.7562052041310658e-05
16709,2.7562052041310658e-05
16710,2.7562052041310658e-05
16711,2.7562052041310658e-05
16712,2.7562052041310658e-05
16713,2.7562052041310658e-05
16714,2.7562052041310658e-05
16715,2.7562052041310658e-05
16716,2.7562052041310658e-05
16717,2.7562052041310658e-05
16718,2.7562052041310658e-05
16719,2.7562052041310658e-05
16720,2.7562052041310658e-05
16721,2.7562052041310658e-05
16722,2.7562052041310658e-05
16723,9.770307199186438e-05
16724,9.770307199186438e-05
16725,9.770307199186438e-05
16726,9.770307199186438e-05
16727,9.770307199186438e-05
16728,9.770307199186438e-05
16729,9.770307199186438e-05
16730,9.770307199186438e-05
16731,9.770307199186438e-05
16732,9.770307199186438e-05
16733,9.770307199186438e-05
16734,9.770307199186438e-05
16735,9.770307199186438e-05
16736,9.770307199186438e-05
16737,9.770307199186438e-05
16738,4.7306523644620745e-05
16739,4.7306523644620745e-05
16740,4.7306523644620745e-05
16741,4.7306523644620745e-05
16742,4.7306523644620745e-05
16743,4.7306523644620745e-05
16744,4.7306523644620745e-05
16745,4.7306523644620745e-05
16746,4.7306523644620745e-05
16747,4.7306523644620745e-05
16748,4.7306523644620745e-05
16749,4.7306523644620745e-05
16750,4.7306523644620745e-05
16751,4.7306523644620745e-05
16752,4.7306523644620745e-05
16753,3.277624588911797e-05
16754,3.277624588911797e-05
16755,3.277624588911797e-05
16756,3.277624588911797e-05
16757,3.277624588911797e-05
16758,3.277624588911797e-05
16759,3.277624588911797e-05
16760,3.277624588911797e-05
16761,3.277624588911797e-05
16762,3.277624588911797e-05
16763,3.277624588911797e-05
16764,3.277624588911797e-05
16765,3.277624588911797e-05
16766,3.277624588911797e-05
16767,3.277624588911797e-05
16768,0.00015389428357654152
16769,0.00015389428357654152
16770,0.00015389428357654152
16771,0.00015389428357654152
16772,0.00015389428357654152
16773,0.00015389428357654152
16774,0.00015389428357654152
16775,0.00015389428357654152
16776,0.00015389428357654152
16777,0.00015389428357654152
16778,3.5118215228813487e-06
16779,3.5118215228813487e-06
16780,3.5118215228813487e-06
16781,3.5118215228813487e-06
16782,3.1971184839205434e-05
16783,3.1971184839205434e-05
16784,3.1971184839205434e-05
16785,3.1971184839205434e-05
16786,2.4541035642758257e-05
16787,2.4541035642758257e-05
16788,2.4541035642758257e-05
16789,2.4541035642758257e-05
16801,0.0004293514698123148
16802,0.00037479060642960446
16803,0.00023747067926741173
16811,1.8694130859204637e-07
16812,0.0005395099131787632
16813,1.8694130859204637e-07
16814,0.0005395099131787632
16853,2.1410767512772461e-07
16854,2.1410767512772461e-07
16855,2.1410767512772461e-07
16856,2.1410767512772461e-07
16857,2.1410767512772461e-07
16858,2.1410767512772461e-07
16859,2.1410767512772461e-07
16860,2.1410767512772461e-07
16861,2.1410767512772461e-07
16862,2.1410767512772461e-07
16863,2.1410767512772461e-07
16864,2.1410767512772461e-07
16865,1.5362165906510694e-05
16866,2.52839236964474e-07
16867,3.214330208490347e-09
16868,4.2266899497828513e-10
16869,2.0938945405088166e-10
16870,2.3995884192766823e-10
16871,4.597185669318027e-10
16872,7.646029867366421e-10
16873,0.0008107803333387694
16874,0.0007492820512001791
16875,0.0008091697749443634
16876,2.5093382701572745e-06
16878,2.5093382701572745e-06
16879,2.5093382701572745e-06
16893,1.877222348903231e-08
16906,4.3899486022414095e-07
16908,4.3899486022414095e-07
16972,0.0007276094041064645
16973,0.0007276094041064645
16974,6.911135727916073e-08
16975,8.641419219844271e-08
16976,2.669374368493902e-07
16977,2.73702220243367e-07
16978,6.193070028741116e-06
16979,8.712521302166382e-08
16980,1.1734400954155994e-07
16981,1.913630153533403e-07
16982,1.3419297013258912e-07
16983,4.704063280353359e-08
16984,8.641419219844271e-08
16985,2.669374368493902e-07
16986,2.73702220243367e-07
16987,6.193070028741116e-06
16988,8.712521302166382e-08
16989,1.1734400954155994e-07
16990,1.913630153533403e-07
16991,1.3419297013258912e-07
16992,4.704063280353359e-08
16993,2.3547518652447947e-06
16994,8.488235895918442e-11
16995,1.9207958319733364e-05
16996,2.1875818786734814e-10
16997,1.3926093320146312e-06
16998,2.830344653845421e-09
16999,3.970434246133272e-06
17000,4.994582774434175e-06
17001,3.826159846928108e-07
17002,2.1413218476460855e-09
17003,6.5251592706160805e-09
17004,1.7655082994976433e-06
17005,7.183150385781444e-10
17006,1.1816461522160381e-09
17007,0.0003529590259959093
17008,1.0274818246966407e-07
17009,5.7264915756908635e-06
17010,1.748678564793732e-06
17011,3.56392222879222e-08
17012,4.9785146363488214e-08
17013,3.868940409261439e-06
17014,1.642678435127386e-08
17015,2.013487943019879e-07
17016,2.2046977816911347e-07
17017,7.3329665424916695e-09
17018,2.230821979904634e-06
17019,1.499055917265972e-07
17022,0.0003524691097137435
17023,0.0001566726452518511
17030,1.9826362415779216e-06
17031,1.728792929823697e-06
17032,2.315687003886625e-06
17033,1.8225726358515458e-06
17034,1.5912079867935194e-06
17035,1.7282135476737492e-06
17044,5.100977370519266e-05
17045,2.1920675482115358e-05
17046,4.32430460907088e-05
17047,1.4455426980834868e-05
17048,1.6357278244604497e-05
17049,0.00017039772159543128
17050,0.00017489935758015503
17051,5.2980557692522037e-05
17052,0.00017039772159543128
17053,0.00017039772159543128
17054,0.00017039772159543128
17055,0.00017039772159543128
17056,0.00017039772159543128
17057,0.00017489935758015503
17058,0.00017489935758015503
17059,0.00017489935758015503
17060,0.00017489935758015503
17061,0.00017489935758015503
17070,2.1233890974080516e-08
17085,4.847757756316751e-07
17091,1.3990451506992894e-05
17092,0.0002322914495826105
17093,1.3990451506992894e-05
17096,1.3783230623416192e-06
17098,1.390307123632736e-06
17099,1.8030398050739015e-06
17100,1.3783230623416192e-06
17101,8.450154815725414e-06
17106,2.0220335518749187e-06
17107,2.0220335518749187e-06
17108,2.0220335518749187e-06
17131,7.792686142593418e-06
17132,1.0231473112127495e-05
17141,5.997217343860066e-05
17142,9.43197761046818e-05
17143,0.00018209626684425727
17144,9.664717441964465e-05
17145,0.00034679639989156557
17157,5.49589681933488e-05
17158,6.480035131419e-11
17159,0.00016660457845566989
17160,1.810531742371692e-11
17161,5.431740786378581e-09
17162,0.0003422101396886413
17163,3.7717523548167904e-05
17164,6.0594316410969275e-06
17165,1.726546815044022e-06
17166,0.0007440393830600861
17167,0.0006167767610433101
17168,1.0934136868560698e-07
17169,1.0934136868560698e-07
17170,1.0934136868560698e-07
17171,1.0934136868560698e-07
17172,1.0934136868560698e-07
17173,1.0934136868560698e-07
17174,1.0934136868560698e-07
17175,1.0934136868560698e-07
17176,1.0934136868560698e-07
17177,1.0934136868560698e-07
17178,1.0934136868560698e-07
17179,1.0934136868560698e-07
17180,7.000708965574966e-08
17181,7.000708965574966e-08
17182,7.000708965574966e-08
17183,7.000708965574966e-08
17184,7.000708965574966e-08
17185,7.000708965574966e-08
17186,7.000708965574966e-08
17187,7.000708965574966e-08
17188,7.000708965574966e-08
17189,7.000708965574966e-08
17190,7.000708965574966e-08
17191,7.000708965574966e-08
17192,6.222417029857514e-10
17193,6.222417029857514e-10
17194,6.222417029857514e-10
17195,6.222417029857514e-10
17196,6.222417029857514e-10
17197,6.222417029857514e-10
17198,6.222417029857514e-10
17199,6.222417029857514e-10
17200,6.222417029857514e-10
17201,6.222417029857514e-10
17202,6.222417029857514e-10
17203,6.222417029857514e-10
17204,1.0085821438154346e-10
17205,1.0085821438154346e-10
17206,1.0085821438154346e-10
17207,1.0085821438154346e-10
17208,1.0085821438154346e-10
17209,1.0085821438154346e-10
17210,1.0085821438154346e-10
17211,1.0085821438154346e-10
17212,1.0085821438154346e-10
17213,1.0085821438154346e-10
17214,1.0085821438154346e-10
17215,1.0085821438154346e-10
17216,1.0621888416764763e-06
17217,1.0621888416764763e-06
17218,1.0621888416764763e-06
17219,1.0621888416764763e-06
17220,1.0621888416764763e-06
17221,1.0621888416764763e-06
17222,1.0621888416764763e-06
17223,1.0621888416764763e-06
17224,1.0621888416764763e-06
17225,1.0621888416764763e-06
17226,1.0621888416764763e-06
17227,1.0621888416764763e-06
17228,8.77438557624906e-07
17229,8.77438557624906e-07
17230,8.77438557624906e-07
17231,8.77438557624906e-07
17232,8.77438557624906e-07
17233,8.77438557624906e-07
17234,8.77438557624906e-07
17235,8.77438557624906e-07
17236,8.77438557624906e-07
17237,8.77438557624906e-07
17238,8.77438557624906e-07
17239,8.77438557624906e-07
17240,1.6178826961825566e-05
17241,1.6178826961825566e-05
17242,1.6178826961825566e-05
17243,1.6178826961825566e-05
17244,1.6178826961825566e-05
17245,1.6178826961825566e-05
17246,1.6178826961825566e-05
17247,1.6178826961825566e-05
17248,1.6178826961825566e-05
17249,1.6178826961825566e-05
17250,1.6178826961825566e-05
17251,1.6178826961825566e-05
17259,6.473193975061472e-06
17274,2.170250788344134e-05
17275,4.5259745011226985e-07
17276,2.3726752178933847e-09
17277,0.00016718201857633604
17278,1.0133204291925535e-07
17279,3.778675040993043e-07
17280,9.444673332308091e-08
17288,1.401597161110093e-05
17289,2.6955130310043594e-05
17290,1.7871909625696044e-05
17291,1.401597161110093e-05
17292,2.6955130310043594e-05
17293,1.7871909625696044e-05
17294,1.401597161110093e-05
17295,2.6955130310043594e-05
17296,1.7871909625696044e-05
17297,0.0005810299214981256
17298,0.0002775423201419662
17299,0.0007575206576260281
17300,0.0013418447594854691
17301,0.0005810299214981256
17302,0.0002775423201419662
17303,0.0007575206576260281
17304,0.0013418447594854691
17305,0.0002913748371285451
17306,0.000526131050018946
17307,0.000526131050018946
17318,0.00032208270854110666
17319,0.0006002148162133024
17320,0.0005711730116496159
17331,0.0007310842867984564
17332,0.003113406153821015
17333,0.0002251071784510335
17334,3.0975433911849572e-06
17335,0.00022195423364453738
17336,1.339988462971044e-05
17365,7.011101248115965e-05
17366,5.296617748727217e-05
17367,5.4495350528112354e-05
17368,5.6651466361062835e-06
17369,5.065661767295678e-05
17370,4.997449545232164e-05
17371,0.00019957293251722727
17372,3.598459344479481e-05
17373,3.075516091409149e-06
17374,1.5279012263745216e-05
17375,2.709714820993788e-05
17376,4.5828914625317515e-05
17377,9.453166113423915e-05
17378,6.854575245242166e-05
17379,0.0002410773468983541
17380,0.00032081760067216765
17381,0.0013451635296459418
17382,4.227855037973245e-05
17383,2.954591769586898e-05
17384,5.631460341296749e-05
17385,4.151020336372969e-05
17406,6.077830306685024e-05
17407,0.0007183533540020224
17411,0.0012733043577303493
17412,0.0012733043577303493
17413,0.0010798700515066283
17414,0.001319065425160673
17415,0.0017734147791590672
17416,0.0016306093622025005
17417,0.001674950718763557
17418,0.0019476260525781329
17419,0.0007952345707941195
17424,0.0006401071070774184
17425,0.0004776370061797349
17426,0.0004776370061797349
17427,0.000900072801861694
17464,2.2847610745136234e-05
17465,2.2847610745136234e-05
17466,2.545283113034562e-05
17467,2.545283113034562e-05
17474,5.070460786033527e-05
17544,2.5772253976047668e-05
17545,2.5772253976047668e-05
17546,2.5772253976047668e-05
17605,0.000155702099781821
17606,0.0016584669489249448
17607,1.5038807064859181e-05
17608,0.0014157860200627308
17609,0.0021199051196393245
17644,1.3372670977401838e-10
17645,1.3372670977401838e-10
17646,1.3372670977401838e-10
17647,1.3372670977401838e-10
17648,1.3372670977401838e-10
17674,0.0010780500073842216
17675,0.0010576068309880442
17695,0.0007863051449766033
17696,0.0007863051449766033
17698,6.495213415989082e-05
17699,6.495213415989082e-05
17700,6.495213415989082e-05
17702,6.125695215891471e-05
17703,6.125695215891471e-05
17704,6.125695215891471e-05
17706,2.0773335454205274e-07
17707,2.0773335454205274e-07
17709,3.7672602983715985e-05
17710,3.7672602983715985e-05
17711,3.7672602983715985e-05
17870,0.002189337666631568
17871,0.002215147477607359
17898,0.005109899807406272
17899,0.0047885600424034174
17900,0.003297881045754176
17901,0.0027348706311201725
17902,0.005109899807406272
17903,0.0047885600424034174
17904,0.003297881045754176
17905,0.0027348706311201725
17906,0.005109899807406272
17907,0.0047885600424034174
17908,0.003297881045754176
17909,0.0027348706311201725
17910,0.005109899807406272
17911,0.0047885600424034174
17912,0.003297881045754176
17913,0.0027348706311201725
17914,0.005109899807406272
17915,0.0047885600424034174
17916,0.003297881045754176
17917,0.0027348706311201725
17918,3.335645118310757e-06
17919,3.94809852240182e-06
17920,2.692080392460675e-05
17921,2.697211964904763e-05
17922,9.44685619415704e-05
17923,0.00010722120079740097
17998,2.2324531103713575e-05
17999,6.52929349779202e-06
18000,9.469598969274368e-05
18001,2.939243596259027e-05
18002,3.062701172929751e-05
18003,6.399044838409328e-07
18004,1.813036705620997e-06
18005,8.75724100488491e-06
18006,6.15555696385415e-05
18007,1.4352138614429754e-06
18008,2.2324531103713575e-05
18009,6.52929349779202e-06
18010,9.469598969274368e-05
18011,2.939243596259027e-05
18012,3.062701172929751e-05
18013,6.399044838409328e-07
18014,1.813036705620997e-06
18015,8.75724100488491e-06
18016,6.15555696385415e-05
18017,1.4352138614429754e-06
18018,2.2324531103713575e-05
18019,6.52929349779202e-06
18020,9.469598969274368e-05
18021,2.939243596259027e-05
18022,3.062701172929751e-05
18023,6.399044838409328e-07
18024,1.813036705620997e-06
18025,8.75724100488491e-06
18026,6.15555696385415e-05
18027,1.4352138614429754e-06
18028,2.2324531103713575e-05
18029,6.52929349779202e-06
18030,9.469598969274368e-05
18031,2.939243596259027e-05
18032,3.062701172929751e-05
18033,6.399044838409328e-07
18034,1.813036705620997e-06
18035,8.75724100488491e-06
18036,6.15555696385415e-05
18037,1.4352138614429754e-06
18050,1.0027173576802925e-12
18051,1.0027173576802925e-12
18052,1.4432515220249949e-11
18083,1.0067394810522054e-08
18084,1.0067394810522054e-08
18086,1.0067394810522054e-08
18087,1.0067394810522054e-08
18088,1.0067394810522054e-08
18094,1.0027173576802925e-12
18095,1.0027173576802925e-12
18097,1.0027173576802925e-12
18193,1.484840840808054e-07
18194,1.484840840808054e-07
18195,1.484840840808054e-07
18196,1.484840840808054e-07
18197,1.484840840808054e-07
18198,1.484840840808054e-07
18199,8.243614306177169e-08
18200,8.243614306177169e-08
18202,8.243614306177169e-08
18203,8.243614306177169e-08
18204,8.243614306177169e-08
18205,1.1277242420928055e-05
18206,1.1277242420928055e-05
18208,1.1277242420928055e-05
18209,1.1277242420928055e-05
18210,1.1277242420928055e-05
18211,6.513779383107281e-05
18212,6.513779383107281e-05
18214,6.513779383107281e-05
18215,6.513779383107281e-05
18216,6.513779383107281e-05
18217,4.439910709055333e-05
18218,4.439910709055333e-05
18220,4.439910709055333e-05
18221,4.439910709055333e-05
18222,4.439910709055333e-05
18223,6.0217327580663824e-05
18224,6.0217327580663824e-05
18226,6.0217327580663824e-05
18227,6.0217327580663824e-05
18228,6.0217327580663824e-05
18229,2.8739319132881866e-08
18230,2.8739319132881866e-08
18232,2.8739319132881866e-08
18233,2.8739319132881866e-08
18234,2.8739319132881866e-08
18235,2.076043177337921e-07
18236,2.076043177337921e-07
18238,2.076043177337921e-07
18239,2.076043177337921e-07
18240,2.076043177337921e-07
18241,1.6991869085180765e-05
18242,1.6991869085180765e-05
18244,1.6991869085180765e-05
18245,1.6991869085180765e-05
18246,1.6991869085180765e-05
18247,0.00032417047622317605
18248,0.00032417047622317605
18250,0.00032417047622317605
18251,0.00032417047622317605
18252,0.00032417047622317605
18253,6.513555223971051e-05
18254,6.513555223971051e-05
18256,6.513555223971051e-05
18257,6.513555223971051e-05
18258,6.513555223971051e-05
18259,0.0002072408003587122
18260,0.0002072408003587122
18262,0.0002072408003587122
18263,0.0002072408003587122
18264,0.0002072408003587122
18265,1.484840840808054e-07
18266,8.243614306177169e-08
18267,1.1277242420928055e-05
18268,6.513779383107281e-05
18269,4.439910709055333e-05
18270,6.0217327580663824e-05
18271,2.8739319132881866e-08
18272,2.076043177337921e-07
18273,1.6991869085180765e-05
18274,0.00032417047622317605
18275,6.513555223971051e-05
18276,0.0002072408003587122
18300,8.534706002261976e-07
18301,1.060759595443822e-05
18302,1.62451846267956e-05
18303,1.4160221761159813e-06
18304,7.911779714229808e-06
18305,2.107482932103105e-05
18306,1.062513898460731e-05
18307,2.6200779555355784e-05
18308,1.727715575086255e-05
18309,3.734679032894116e-05
18310,2.5736780460151773e-05
18311,4.9623168904881376e-05
18312,3.669951207262471e-05
18313,6.686991035224183e-05
18314,0.0004377697834715604
18315,0.0005323416428383691
18316,0.00011559657859794581
18317,7.911779714229808e-06
18318,2.107482932103105e-05
18319,1.062513898460731e-05
18320,2.6200779555355784e-05
18321,1.727715575086255e-05
18322,3.734679032894116e-05
18323,2.5736780460151773e-05
18324,4.9623168904881376e-05
18325,3.669951207262471e-05
18326,6.686991035224183e-05
18327,0.0004377697834715604
18328,0.0005323416428383691
18329,0.00011559657859794581
18363,2.501215556297822e-05
18364,2.501215556297822e-05
18365,2.501215556297822e-05
18366,0.00021764413377952337
18367,0.00021764413377952337
18368,0.00021764413377952337
18369,2.501215556297822e-05
18370,0.00021764413377952337
18372,1.2543679824537711e-06
18382,1.2543679824537711e-06
18392,1.2543679824537711e-06
18402,1.2543679824537711e-06
18411,1.2543679824537711e-06
18414,2.419209825511147e-07
18415,8.295940936774172e-10
18416,7.470747385425435e-06
18417,4.2286767254439e-09
18418,1.0888650475734947e-10
18419,1.484894874268378e-08
18420,2.940032130934124e-06
18421,1.3936720114256469e-05
18422,1.2208351605466702e-13
18425,3.1763229901002255e-05
18432,7.860747177202581e-05
18433,9.771048933986136e-08
18434,2.126701491020114e-06
18435,6.204350660050378e-06
18436,2.9020609880288216e-05
18437,4.3891012066726264e-05
18438,6.600319674335452e-05
18439,0.00015101494473759524
18440,7.860747177202581e-05
18441,9.771048933986136e-08
18442,3.1763229901002255e-05
18443,2.126701491020114e-06
18444,6.204350660050378e-06
18445,2.9020609880288216e-05
18446,0.00015101494473759524
18447,7.860747177202581e-05
18448,9.771048933986136e-08
18449,3.1763229901002255e-05
18450,4.3891012066726264e-05
18451,6.600319674335452e-05
18452,7.860747177202581e-05
18453,9.771048933986136e-08
18454,3.1763229901002255e-05
18455,2.126701491020114e-06
18456,6.204350660050378e-06
18457,2.9020609880288216e-05
18458,4.3891012066726264e-05
18459,6.600319674335452e-05
18460,0.00015101494473759524
18461,7.860747177202581e-05
18462,9.771048933986136e-08
18463,3.1763229901002255e-05
18464,2.126701491020114e-06
18465,6.204350660050378e-06
18466,2.9020609880288216e-05
18467,4.3891012066726264e-05
18468,6.600319674335452e-05
18469,0.00015101494473759524
18470,7.860747177202581e-05
18471,9.771048933986136e-08
18472,7.860747177202581e-05
18473,9.771048933986136e-08
18474,3.1763229901002255e-05
18490,0.0003115842391771358
18491,3.670988080800552e-05
18492,0.00012183645688357983
18493,0.00020452363129775734
18518,2.8340613096762993e-06
18528,7.219154399126336e-05
18548,8.562746193366593e-05
18549,0.00036795599453606705
18550,1.4972757215303086e-05
18551,0.0002198093686288316
18552,7.577192147710725e-05
18553,0.0003622265252552301
18554,3.163087062211626e-05
18555,2.3407152397605296e-05
18564,8.562746193366593e-05
18565,0.00036795599453606705
18566,1.4972757215303086e-05
18567,0.0002198093686288316
18568,7.577192147710725e-05
18569,0.0003622265252552301
18570,3.163087062211626e-05
18571,2.3407152397605296e-05
18611,2.531475492368074e-06
18612,5.067536905651758e-05
18614,5.6358605388558475e-05
18615,0.00017652048842462924
18616,9.618990548811818e-08
18619,4.386829947240399e-05
18621,8.08289205950076e-06
18622,6.252219446722484e-05
18624,1.8460469897378647e-06
18628,1.880767179527318e-05
18630,9.9704045716149e-07
18649,4.155949917369978e-09
18650,1.3487196287541927e-08
18651,1.0085492966143574e-07
18652,1.0085492966143574e-07
18654,1.0085492966143574e-07
18655,1.0085492966143574e-07
18660,3.0821527647106677e-08
18661,3.0821527647106677e-08
18668,1.5904385362638396e-06
18697,0.0006668075876813535
18699,0.0014221134977494881
18700,0.0014221134977494881
18701,0.0014221134977494881
18702,0.0012726269252303956
18703,0.0012726269252303956
18704,0.0012726269252303956
18705,0.0015209576727992777
18706,0.0015209576727992777
18707,0.0015209576727992777
18708,0.0006668075876813535
18709,0.0006668075876813535
18710,0.0006668075876813535
18711,0.0007097439133384227
18712,0.0013428217982279483
18713,0.0007586197883742694
18714,0.0008226573684976685
18715,0.0010580180010526345
18716,0.0007586197883742694
18717,0.0007586197883742694
18718,0.0007586197883742694
18719,0.0007586197883742694
18721,0.0007586197883742694
18723,0.0007097439133384227
18724,0.0007097439133384227
18725,0.0008226573684976685
18726,0.0008226573684976685
18727,0.0010580180010526345
18728,0.0010580180010526345
18747,1.3560923655609257e-06
18748,1.3560923655609257e-06
18749,1.3560923655609257e-06
18750,1.3560923655609257e-06
18751,1.3560923655609257e-06
18752,1.3560923655609257e-06
18777,1.8503787809790428e-05
18778,1.8503787809790428e-05
18779,1.8503787809790428e-05
18780,1.8503787809790428e-05
18782,1.8503787809790428e-05
18783,1.8246736499007134e-05
18784,1.8246736499007134e-05
18785,1.8246736499007134e-05
18786,1.8246736499007134e-05
18788,1.8246736499007134e-05
18789,3.852527941821605e-05
18790,3.852527941821605e-05
18791,3.852527941821605e-05
18792,3.852527941821605e-05
18794,3.852527941821605e-05
18795,3.6679493003783156e-08
18796,3.6679493003783156e-08
18797,3.6679493003783156e-08
18798,3.6679493003783156e-08
18800,3.6679493003783156e-08
18801,7.859613068032892e-05
18802,7.859613068032892e-05
18803,7.859613068032892e-05
18804,7.859613068032892e-05
18806,7.859613068032892e-05
18807,1.8503787809790428e-05
18808,1.8246736499007134e-05
18809,3.852527941821605e-05
18810,3.6679493003783156e-08
18811,7.859613068032892e-05
18986,2.9760411155937133e-05
18987,8.843303771698614e-05
18988,0.00014183946469492105
18989,5.0365972724142855e-05
19053,2.6719241802877104e-09
19055,2.0463135679483996e-05
19057,1.9740697160629114e-06
19059,2.528173324962667e-07
19069,3.054668279701507e-06
19072,3.015176397582808e-06
19073,3.015176397582808e-06
19079,0.000650299227511316
19084,0.00014033122294303656
19085,0.00011646079974486921
19086,0.00020754702417809622
19087,0.00011571544723214818
19088,0.00012834282577331782
19108,1.0146588907080205e-05
19109,3.099194526219225e-05
19110,3.7253646886587954e-05
19112,7.77133441525038e-09
19114,3.7602263761437787e-06
19116,1.5438209760173302e-05
19120,3.7602263761437787e-06
19122,1.5438209760173302e-05
19125,3.157040097822633e-05
19126,7.526968090114478e-06
19129,6.439740725396685e-07
19130,3.511851558158785e-07
19132,0.00014408652424374418
19138,3.157040097822633e-05
19144,0.0003443382801909987
19145,0.00014408652424374418
19146,0.00032991836928878744
19147,0.00039128441994533127
19148,0.0003881463041805948
19149,0.0004654608542824169
19158,2.59740298927052e-05
19159,6.76701406566838e-06
19160,0.00011043096033646767
19161,7.641719797866138e-05
19162,0.0001362509037622199
19163,0.00016532672084585827
19164,4.9704193980678746e-05
19165,4.9494575694467945e-05
19166,4.913091623090295e-05
19167,0.0007803081564297528
19168,0.00017761404840023747
19169,0.0003386514196771093
19172,8.763322644889552e-05
19173,9.323199844860681e-05
19174,1.8428501126249794e-05
19177,0.0008778460870064496
19179,0.0003001776091899954
19181,6.50341144338223e-05
19183,5.7558201780919054e-05
19184,0.0006477594515756109
19185,0.00027801446911249764
19186,2.7157400508470388e-06
19187,2.9049777902019194e-06
19188,2.55756038188918e-06
19189,1.0040687093170412e-05
19190,1.5272428369451726e-05
19191,1.1352283563236493e-05
19192,1.6877855776858568e-06
19193,1.6599983304501088e-05
19194,8.1251291181838e-05
19195,5.655268158976353e-05
19196,8.345112405271618e-06
19197,1.1176954858804614e-05
19198,0.0008131356765767813
19199,0.00021373186825178993
19219,3.967290473373853e-09
19220,6.499079542230054e-11
19221,1.0522687812238207e-08
19222,3.921234112817083e-12
19223,7.143037773262796e-12
19224,1.4842839719073727e-12
19225,1.6241800418824596e-08
19226,4.387520436947512e-09
19243,0.0009476751840455921
19287,0.00010254635429918502
19288,0.00010250265662871942
19289,0.00010534981042545663
19296,0.0005222908193057236
19297,0.000523261158988113
19298,0.0005236008574879589
19299,7.439895839255241e-05
19300,8.26118263324301e-06
19301,9.176477302949004e-06
19302,0.0010685934672598765
19303,0.001041260880446176
19304,0.0010352460017222019
19305,0.0008970223525350932
19306,0.000953794111562293
19307,0.0009940450974960757
19308,9.0435976760647e-05
19309,3.0405841140824288e-05
19310,3.2079070283703806e-05
19311,0.0009283653975217091
19312,0.00091013110676526
19313,0.0009291125750362966
19314,0.0005222908193057236
19315,0.000523261158988113
19316,0.0005236008574879589
19317,7.439895839255241e-05
19318,8.26118263324301e-06
19319,9.176477302949004e-06
19320,0.0010685934672598765
19321,0.001041260880446176
19322,0.0010352460017222019
19325,0.0035883032937255874
19328,4.730127826231608e-06
19388,0.0001995048313497373
19389,0.00011085549219012433
19390,7.78738669100255e-05
19391,6.945491719050275e-05
19392,0.00010956879824257247
19393,5.2082339093461596e-05
19394,0.0009370161472842209
19395,0.0011858110439245553
19396,0.00011052811408434009
19397,0.0008928990212887588
19412,3.315682444255613e-08
19413,2.0907596531759635e-06
19414,1.4860613320279584e-08
19415,7.914161593591507e-06
19416,1.9817836971045847e-07
19417,8.013459075810531e-07
19418,3.6068375116447265e-06
19419,1.1670757988599035e-05
19420,3.431809268180249e-07
19421,0.0005363806095470483
19422,0.0005678918186066022
19423,0.00026475909720169596
19424,0.00018407450575839675
19425,0.0001411216802793165
19426,3.189438079092026e-05
19427,3.69029006067054e-05
19428,0.00016121261015245917
19438,1.5410430652194407e-08
19444,0.0008235267402442312
19466,5.9665933582478094e-05
19467,3.6987939950408425e-05
19468,6.223048919024309e-05
19469,0.00012914532338502473
19470,0.00043616618927469974
19471,3.2672205853741663e-07
19472,1.7626936220223986e-08
19473,0.00016578036617713403
19474,4.471135393391361e-05
19475,6.20897376934888e-05
19476,3.620567611906164e-05
19477,2.428700768617347e-05
19478,2.742750014064899e-05
19479,2.3222787955848317e-05
19480,2.114728212560631e-05
19481,2.10571197512693e-05
19482,2.444265197891645e-05
19483,7.996328795684066e-05
19484,4.7815991387190307e-05
19485,3.5097252222620915e-05
19486,3.4602320759311424e-05
19487,3.052119488281212e-05
19492,3.336233021722383e-05
19494,7.996328795684066e-05
19510,0.0006779794471626809
19517,0.00018783243244319445
19518,0.00019898268857141397
19519,0.0005734849744409709
19520,0.00015101980856103492
19521,0.00021529855708621602
19522,0.000441492168502954
19523,0.00018783243244319445
19524,0.00019898268857141397
19525,0.0005734849744409709
19526,0.00015101980856103492
19527,0.00021529855708621602
19528,0.000441492168502954
19529,0.00018783243244319445
19530,0.00019898268857141397
19531,0.0005734849744409709
19532,0.00015101980856103492
19533,0.00021529855708621602
19534,0.000441492168502954
19535,5.031152388425489e-05
19536,9.220363758985529e-05
19537,7.797536974123019e-06
19538,1.0980615422927962e-05
19539,1.1348098502382056e-05
19540,1.1829984486741259e-05
19541,3.581316702006299e-05
19542,3.290102876029643e-05
19543,6.094711675266608e-06
19544,1.78010894432911e-05
19545,4.730908272213309e-08
19546,4.213678313573234e-06
19547,1.2109644532918025e-06
19549,0.0004122375060394825
19550,0.0004122375060394825
19551,0.0004122375060394825
19552,0.0004122375060394825
19553,0.0004122375060394825
19555,0.00041163963841578475
19556,0.00041163963841578475
19557,0.00041163963841578475
19558,0.00041163963841578475
19559,0.00041163963841578475
19560,0.000955827006616542
19561,0.000956750929378383
19562,0.00043180439159232426
19563,0.0004314563373275989
19570,0.0012391354106029116
19577,0.0012391354106029116
19596,1.789229432222227e-09
19603,0.0005104243546869829
19604,0.0005104243546869829
19606,0.0005104243546869829
19607,0.0005104243546869829
19608,0.001034135549454136
19609,0.001034135549454136
19611,0.001034135549454136
19612,0.001034135549454136
19613,3.218248643916841e-05
19614,3.218248643916841e-05
19616,3.218248643916841e-05
19617,3.218248643916841e-05
19618,0.0002464104991041919
19619,0.0002464104991041919
19621,0.0002464104991041919
19622,0.0002464104991041919
19623,0.0005330537283503877
19624,0.0005330537283503877
19626,0.0005330537283503877
19627,0.0005330537283503877
19633,0.00023005110924114396
19634,0.0004833505480785129
19638,8.693537390728379e-05
19639,4.5986825967792375e-05
19640,0.0004629099384323245
19641,0.00015690103150077744
19656,3.7602263761437787e-06
19657,1.5438209760173302e-05
19676,1.3137115524028835e-09
19680,8.774601039617342e-11
19684,1.0539065774708956e-08
19696,0.001669896044440095
19697,0.0014983879328344457
19698,0.0015841535481965479
19699,1.3521150830745202e-06
19700,0.0014750630936028527
19701,6.01040610178908e-06
19702,0.0015841535481965479
19703,0.0015841535481965479
19704,0.0015841535481965479
19710,4.6795905426055395e-05
19721,1.0332175904089534e-07
19729,4.955386097056298e-13
19730,2.6553923271980777e-13
19738,4.955386097056298e-13
19739,2.6553923271980777e-13
19801,5.431624580314268e-08
19802,1.4606722066054257e-06
19803,2.121390714609706e-08
19804,3.290984998201371e-06
19805,2.937024436971781e-06
19806,1.5051916664114959e-05
19807,8.644963415739418e-06
19808,1.3413477965767186e-06
19809,4.568995289640933e-05
19810,9.851049997291053e-06
19811,1.0272880035277946e-05
19812,1.954151667117156e-06
19813,3.9179137769738103e-07
19814,2.660307956568027e-06
19815,3.124233467310835e-06
19816,1.3613493848627957e-10
19905,5.250591068840759e-05
19909,4.625184704153234e-05
19912,4.1235953421447634e-05
19920,1.855069364971828e-05
19921,1.855069364971828e-05
19922,1.855069364971828e-05
19923,1.855069364971828e-05
19924,1.855069364971828e-05
19925,1.855069364971828e-05
19979,4.084920342838475e-07
19980,9.172393077200869e-05
19981,9.172393077200869e-05
19982,9.172393077200869e-05
19983,9.172393077200869e-05
19984,9.172393077200869e-05
19985,9.172393077200869e-05
19986,9.172393077200869e-05
19987,9.172393077200869e-05
19988,9.172393077200869e-05
19989,9.172393077200869e-05
19990,9.172393077200869e-05
19991,9.172393077200869e-05
19992,2.487662483589674e-05
19993,2.487662483589674e-05
19994,2.487662483589674e-05
19995,2.487662483589674e-05
19996,2.487662483589674e-05
19997,2.487662483589674e-05
19998,2.487662483589674e-05
19999,2.487662483589674e-05
20000,2.487662483589674e-05
20001,2.487662483589674e-05
20002,2.487662483589674e-05
20003,2.487662483589674e-05
20004,1.16579709564342e-05
20005,1.16579709564342e-05
20006,1.16579709564342e-05
20007,1.16579709564342e-05
20008,1.16579709564342e-05
20009,1.16579709564342e-05
20010,1.16579709564342e-05
20011,1.16579709564342e-05
20012,1.16579709564342e-05
20013,1.16579709564342e-05
20014,1.16579709564342e-05
20015,1.16579709564342e-05
20020,0.0002112592418264581
20028,0.0002686578866505952
20034,0.0004943276556038846
20035,0.0006345637410521236
20040,0.0012997227423800664
20041,0.0013933764380230588
20043,0.0009132282410622522
20044,1.5341820777176494e-05
20045,1.226833892668213e-08
20046,5.115521466613471e-05
20047,0.00014558650281952293
20048,0.0006345637410521236
20049,9.295334025872841e-07
20050,9.950317322703281e-05
20051,0.00010765336475830533
20052,0.0007451647681317138
20053,0.0001581584005721374
20054,0.0005566887875574707
20064,5.7710905384756216e-05
20071,3.061889462465532e-05
20072,5.071031311848144e-05
20073,0.0004945919804115993
20074,0.00019726476874618024
20097,3.480724562167397e-06
20122,1.2587284745254199e-05
20123,0.0005507900317401262
20124,1.2587284745254199e-05
20125,0.0005507900317401262
20148,2.9404751508537764e-07
20149,3.6150485037058626e-06
20164,8.815420287005307e-06
20169,1.0976505378417556e-05
20184,0.0005251127677629851
20185,0.0005251127677629851
20186,0.0005251127677629851
20187,0.0011317322564740435
20188,0.0011317322564740435
20189,0.0011317322564740435
20194,0.00014332884741314966
20195,0.0005732752611786838
20196,0.0005528580449912037
20197,3.1127118251554054e-06
20198,7.127504433272556e-06
20199,3.8406332302477525e-05
20200,5.74280864956476e-05
20201,9.892604617027434e-06
20202,0.0002396832696611978
20203,0.00022011078857039085
20204,0.00016352210703160278
20205,1.4566392606625962e-05
20206,1.4566392606625962e-05
20207,1.4566392606625962e-05
20208,1.4566392606625962e-05
20217,5.8959877781815805e-06
20218,3.668446026074064e-05
20219,7.43794651818608e-05
20220,7.198317268424523e-05
20221,0.00023295328767674196
20222,5.719558395997653e-05
20223,0.00023961624621376008
20224,0.00032081596545305725
20225,0.0003127524159143629
20226,0.0005895511496884064
20227,5.8964703762540424e-06
20228,3.646779190058031e-05
20229,7.4185314579173e-05
20230,7.17775777276273e-05
20231,0.00023170733611741376
20232,4.774734661297542e-05
20233,0.00021018418574670684
20234,0.0002888139214785717
20235,0.00028516191659395766
20236,0.0005530312346104428
