Tag,PTR_emission,PTR_plqy
1,0.0015413236078412051,0.17741663036772748
2,0.0009988137092490357,0.13123020162732868
3,0.21903388627932907,0.3167485481558753
4,0.00557876966076809,0.23078854381949832
5,0.00557876966076809,0.23078854381949832
6,8.902525490039892e-05,0.45475268764884436
7,8.902525490039892e-05,0.45475268764884436
8,8.902525490039892e-05,0.45475268764884436
9,8.902525490039892e-05,0.45475268764884436
10,8.902525490039892e-05,0.45475268764884436
11,0.0014486338948119792,0.5765293537256526
12,0.0014486338948119792,0.5765293537256526
13,0.0014486338948119792,0.5765293537256526
14,0.0014486338948119792,0.5765293537256526
15,0.0014486338948119792,0.5765293537256526
16,0.013149805117515068,0.3889424925144498
17,0.013149805117515068,0.3889424925144498
18,0.013149805117515068,0.3889424925144498
19,0.013149805117515068,0.3889424925144498
20,0.014105927038656874,0.4740350241152538
21,0.014105927038656874,0.4740350241152538
22,0.014105927038656874,0.4740350241152538
23,0.014105927038656874,0.4740350241152538
24,0.014105927038656874,0.4740350241152538
25,0.005927542262774366,0.5113496251685524
26,0.005927542262774366,0.5113496251685524
27,0.005927542262774366,0.5113496251685524
28,0.00011851433300769099,0.6407659011562868
29,0.0007002243892851867,0.6380196136395229
30,0.00430801504963807,0.6197281045289904
31,0.00041809362582034826,0.21663868966824207
32,0.0003228525733305343,0.5491859359191589
33,0.563601016278698,0.2257329225517859
34,0.2214353136913807,0.26448107422202627
35,0.048912593184514686,0.32561005402133825
36,0.35929077711995494,0.2878598274855054
37,0.2214353136913807,0.26448107422202627
38,0.563601016278698,0.2257329225517859
39,0.048912593184514686,0.32561005402133825
40,0.7511360532053244,0.3686978073985223
41,0.35929077711995494,0.2878598274855054
42,0.2214353136913807,0.26448107422202627
43,0.048912593184514686,0.32561005402133825
44,0.7511360532053244,0.3686978073985223
45,0.2214353136913807,0.26448107422202627
46,0.048912593184514686,0.32561005402133825
47,0.35929077711995494,0.2878598274855054
48,0.2214353136913807,0.26448107422202627
49,0.563601016278698,0.2257329225517859
50,0.048912593184514686,0.32561005402133825
51,0.7511360532053244,0.3686978073985223
52,0.35929077711995494,0.2878598274855054
53,0.2214353136913807,0.26448107422202627
54,0.563601016278698,0.2257329225517859
55,0.048912593184514686,0.32561005402133825
56,0.7511360532053244,0.3686978073985223
57,0.35929077711995494,0.2878598274855054
58,0.2214353136913807,0.26448107422202627
59,0.563601016278698,0.2257329225517859
60,0.048912593184514686,0.32561005402133825
61,0.7511360532053244,0.3686978073985223
62,0.35929077711995494,0.2878598274855054
63,0.2214353136913807,0.26448107422202627
64,0.563601016278698,0.2257329225517859
65,0.048912593184514686,0.32561005402133825
66,0.7511360532053244,0.3686978073985223
67,0.35929077711995494,0.2878598274855054
68,0.2214353136913807,0.26448107422202627
69,0.563601016278698,0.2257329225517859
70,0.048912593184514686,0.32561005402133825
71,0.7511360532053244,0.3686978073985223
84,0.0001170188347280332,0.7540297146581241
85,0.0001170188347280332,0.7540297146581241
86,0.0001170188347280332,0.7540297146581241
87,0.0001170188347280332,0.7540297146581241
88,0.0001170188347280332,0.7540297146581241
89,0.0001170188347280332,0.7540297146581241
90,0.0001170188347280332,0.7540297146581241
91,0.0001170188347280332,0.7540297146581241
92,0.0007174425978451193,0.19292734569585057
93,0.0007174425978451193,0.19292734569585057
94,0.0007174425978451193,0.19292734569585057
95,0.0007174425978451193,0.19292734569585057
96,0.0007174425978451193,0.19292734569585057
97,0.0007174425978451193,0.19292734569585057
100,4.084093263578836e-08,0.1671147749770434
101,2.8493612264091084e-06,0.22456022458501745
102,6.199843287757467e-06,0.2683131493564672
103,9.183519081268354e-05,0.24172115506452763
105,2.5529213806274598e-06,0.22308605929189596
106,0.0009447359471288497,0.22474356887646507
109,1.4690449794518834e-05,0.2365461667094365
110,2.9290194605291475e-06,0.22622759987155472
118,0.40834512452610605,0.7353353553963065
120,0.40834512452610605,0.7353353553963065
123,0.40834512452610605,0.7353353553963065
164,0.031523400025824655,0.2964954250466951
165,0.0261577887498452,0.21519657136701587
166,0.031523400025824655,0.2964954250466951
167,0.0261577887498452,0.21519657136701587
168,0.031523400025824655,0.2964954250466951
169,0.0261577887498452,0.21519657136701587
170,0.3591896596292947,0.29915121357287733
171,0.37505921525951846,0.298902052319155
172,0.26992527457840576,0.3018816798228836
173,0.2900014449567868,0.29749160294496546
174,0.03800729264941549,0.2580727717742676
175,0.4809597351051813,0.2991830662926208
176,0.3453547555202533,0.3056501740291039
177,0.7128837931151057,0.2968201409531215
178,0.393081732067021,0.2680804369215898
179,0.009791133578711753,0.16917899852310103
180,0.49893113381397836,0.30870445873769625
181,0.5002658470992667,0.30442428997334403
182,0.09566896633561428,0.289589045748625
183,0.0007002243892851867,0.6380196136395229
184,0.4564934593735498,0.2976525183716108
186,0.3511391132099003,0.35190669452065027
187,0.9323161902862838,0.242993936710184
188,0.12065350295042798,0.29248389008449927
189,0.05589224293951267,0.112272769247862
190,2.0602066719277445e-09,0.2773454063039418
191,9.35083577235929e-09,0.12702262116437635
192,0.0002360182365529484,0.22907994967932077
193,0.00034592180238934844,0.16254781185543798
194,0.0006207100104955732,0.3053559057160766
195,9.064404782321844e-11,0.11220551666010814
196,9.064404782321844e-11,0.11220551666010814
197,7.521589480252722e-06,0.20331426751600246
198,7.521589480252722e-06,0.20331426751600246
199,1.3500301288216221e-05,0.6384389770633205
200,1.3500301288216221e-05,0.6384389770633205
201,2.1630766289248982e-07,0.13962772228187748
202,0.09559484949454178,0.20343826470325976
203,0.09559484949454178,0.20343826470325976
204,0.0005812101421159843,0.6022360131527394
205,2.0602066719277445e-09,0.2773454063039418
206,2.0602066719277445e-09,0.2773454063039418
207,0.006542163452239458,0.07230474884308813
208,0.35929077711995494,0.2878598274855054
209,0.35929077711995494,0.2878598274855054
210,0.06469680675797596,0.24980128520582656
211,0.15210548629763687,0.2960874419617411
212,0.6848262001823614,0.3274092646433001
213,9.35083577235929e-09,0.12702262116437635
214,3.635815925551178e-06,0.10487564712155906
215,2.9502419459648266e-06,0.1119166775929673
216,3.943378685922205e-06,0.12554232147806
217,2.406328966531035e-06,0.11717102589579353
218,2.2082959083569165e-06,0.11271807811754786
219,3.28082565925758e-06,0.10611123413488444
220,3.635815925551178e-06,0.10487564712155906
221,2.9502419459648266e-06,0.1119166775929673
222,3.943378685922205e-06,0.12554232147806
223,2.406328966531035e-06,0.11717102589579353
224,2.2082959083569165e-06,0.11271807811754786
225,3.28082565925758e-06,0.10611123413488444
226,3.635815925551178e-06,0.10487564712155906
227,2.9502419459648266e-06,0.1119166775929673
228,3.943378685922205e-06,0.12554232147806
229,2.406328966531035e-06,0.11717102589579353
230,2.2082959083569165e-06,0.11271807811754786
231,3.28082565925758e-06,0.10611123413488444
232,3.635815925551178e-06,0.10487564712155906
233,2.9502419459648266e-06,0.1119166775929673
234,3.943378685922205e-06,0.12554232147806
235,2.406328966531035e-06,0.11717102589579353
236,2.2082959083569165e-06,0.11271807811754786
237,3.28082565925758e-06,0.10611123413488444
238,3.635815925551178e-06,0.10487564712155906
239,2.9502419459648266e-06,0.1119166775929673
240,3.943378685922205e-06,0.12554232147806
241,2.406328966531035e-06,0.11717102589579353
242,2.2082959083569165e-06,0.11271807811754786
243,3.28082565925758e-06,0.10611123413488444
244,3.635815925551178e-06,0.10487564712155906
245,2.9502419459648266e-06,0.1119166775929673
246,3.943378685922205e-06,0.12554232147806
247,2.406328966531035e-06,0.11717102589579353
248,2.2082959083569165e-06,0.11271807811754786
249,3.28082565925758e-06,0.10611123413488444
250,3.635815925551178e-06,0.10487564712155906
251,2.9502419459648266e-06,0.1119166775929673
252,3.943378685922205e-06,0.12554232147806
253,2.406328966531035e-06,0.11717102589579353
254,2.2082959083569165e-06,0.11271807811754786
255,3.28082565925758e-06,0.10611123413488444
256,3.943378685922205e-06,0.12554232147806
257,2.406328966531035e-06,0.11717102589579353
258,2.2082959083569165e-06,0.11271807811754786
259,3.28082565925758e-06,0.10611123413488444
260,3.635815925551178e-06,0.10487564712155906
261,2.9502419459648266e-06,0.1119166775929673
262,3.943378685922205e-06,0.12554232147806
263,2.406328966531035e-06,0.11717102589579353
264,2.2082959083569165e-06,0.11271807811754786
265,3.28082565925758e-06,0.10611123413488444
266,2.2082959083569165e-06,0.11271807811754786
267,3.635815925551178e-06,0.10487564712155906
268,2.9502419459648266e-06,0.1119166775929673
269,3.943378685922205e-06,0.12554232147806
270,2.406328966531035e-06,0.11717102589579353
271,2.2082959083569165e-06,0.11271807811754786
272,3.28082565925758e-06,0.10611123413488444
273,3.943378685922205e-06,0.12554232147806
274,2.406328966531035e-06,0.11717102589579353
275,2.2082959083569165e-06,0.11271807811754786
276,3.28082565925758e-06,0.10611123413488444
277,0.5363977535488371,0.7474925242090953
278,0.5363977535488371,0.7474925242090953
279,0.5363977535488371,0.7474925242090953
280,0.5363977535488371,0.7474925242090953
281,0.5363977535488371,0.7474925242090953
282,0.5363977535488371,0.7474925242090953
283,0.5363977535488371,0.7474925242090953
284,0.5363977535488371,0.7474925242090953
285,0.5363977535488371,0.7474925242090953
286,0.5363977535488371,0.7474925242090953
287,0.5363977535488371,0.7474925242090953
288,0.5363977535488371,0.7474925242090953
289,0.5363977535488371,0.7474925242090953
290,0.5363977535488371,0.7474925242090953
291,0.5363977535488371,0.7474925242090953
292,0.5363977535488371,0.7474925242090953
293,0.5363977535488371,0.7474925242090953
294,0.5363977535488371,0.7474925242090953
295,2.049015750649197e-05,0.13813980373371804
296,2.049015750649197e-05,0.13813980373371804
297,2.049015750649197e-05,0.13813980373371804
298,2.049015750649197e-05,0.13813980373371804
299,2.049015750649197e-05,0.13813980373371804
300,2.049015750649197e-05,0.13813980373371804
301,2.049015750649197e-05,0.13813980373371804
302,2.049015750649197e-05,0.13813980373371804
303,2.049015750649197e-05,0.13813980373371804
304,0.0038505510618855876,0.24168025521086756
305,0.0038505510618855876,0.24168025521086756
306,0.0038505510618855876,0.24168025521086756
307,0.0038505510618855876,0.24168025521086756
308,0.0038505510618855876,0.24168025521086756
315,7.163147804911674e-07,0.07322397771910139
316,7.163147804911674e-07,0.07322397771910139
317,7.163147804911674e-07,0.07322397771910139
318,7.163147804911674e-07,0.07322397771910139
319,9.016879599643701e-07,0.06066478893667693
320,9.016879599643701e-07,0.06066478893667693
321,9.016879599643701e-07,0.06066478893667693
322,9.016879599643701e-07,0.06066478893667693
323,4.3319783193940253e-07,0.06534229612946907
324,4.3319783193940253e-07,0.06534229612946907
325,4.3319783193940253e-07,0.06534229612946907
326,7.163147804911674e-07,0.07322397771910139
327,9.016879599643701e-07,0.06066478893667693
328,4.3319783193940253e-07,0.06534229612946907
329,0.0007798619943865104,0.1105075063754315
330,0.08158443148188255,0.21356322168902586
331,0.08158443148188255,0.21356322168902586
332,0.08158443148188255,0.21356322168902586
333,0.08158443148188255,0.21356322168902586
334,0.08158443148188255,0.21356322168902586
335,0.08158443148188255,0.21356322168902586
336,0.08158443148188255,0.21356322168902586
337,0.08158443148188255,0.21356322168902586
338,0.08158443148188255,0.21356322168902586
339,0.08158443148188255,0.21356322168902586
340,0.08158443148188255,0.21356322168902586
341,0.08158443148188255,0.21356322168902586
342,0.08158443148188255,0.21356322168902586
343,0.08158443148188255,0.21356322168902586
344,0.08158443148188255,0.21356322168902586
345,0.08158443148188255,0.21356322168902586
346,0.08158443148188255,0.21356322168902586
347,0.08158443148188255,0.21356322168902586
359,0.2628705164582128,0.05795334848535694
360,0.2628705164582128,0.05795334848535694
366,0.3013830319661006,0.20115633443215164
368,0.3013830319661006,0.20115633443215164
373,0.46070892243279526,0.1398060361031228
374,0.46070892243279526,0.1398060361031228
375,0.46070892243279526,0.1398060361031228
379,0.774566593334622,0.05183484766512858
380,0.774566593334622,0.05183484766512858
381,0.774566593334622,0.05183484766512858
382,0.774566593334622,0.05183484766512858
455,0.038643824887539924,0.31973577821948884
456,0.00010638733496837194,0.28388055270224644
457,0.006134869582371971,0.2016023612636323
458,0.004511385613958585,0.24346705250925937
459,0.002575742307871609,0.24938009292397723
460,0.00025642933427716397,0.347457784337839
508,0.03888935014727435,0.288359255096058
511,0.0006149626174575262,0.13881719210906918
516,0.0006149626174575262,0.13881719210906918
521,0.0006149626174575262,0.13881719210906918
526,0.0006149626174575262,0.13881719210906918
543,0.0009428624923459861,0.14767527564280403
544,0.0009428624923459861,0.14767527564280403
545,0.0009428624923459861,0.14767527564280403
547,0.000671590091465335,0.14134389617650278
548,0.000671590091465335,0.14134389617650278
561,4.81291673182227e-11,0.17297254315476163
562,0.0009756539362673067,0.36618876465950134
563,0.0001553879103548539,0.25043821049878623
564,0.0016175012244640241,0.2488437006212857
565,2.162697327889873e-07,0.36614639000341065
566,5.0854955699342064e-05,0.27250318230011017
567,9.089955762398017e-05,0.22396035973158912
568,0.000671590091465335,0.14134389617650278
569,0.0012134475476989204,0.2372649056231465
570,1.2237244317869767e-07,0.24221357585279757
571,0.002290858487426606,0.33183501537493754
572,0.018372865734397448,0.25876814165576956
573,0.052565299424313094,0.20661016473263194
574,0.002350377682864835,0.3263364512483956
575,0.01675917176126618,0.2663612670688037
576,0.05096560494052382,0.21054374443805002
577,0.0002106031213927606,0.09166348926186707
578,0.0005216968105886677,0.128323820777135
579,0.0015689547468997755,0.139568667359385
580,0.002350377682864835,0.3263364512483956
581,0.002350377682864835,0.3263364512483956
582,0.002350377682864835,0.3263364512483956
583,0.002350377682864835,0.3263364512483956
584,0.002350377682864835,0.3263364512483956
585,0.019865430737846523,0.11738134858538452
586,0.019865430737846523,0.11738134858538452
587,0.019865430737846523,0.11738134858538452
654,0.7122008176565439,0.5334859224382195
655,0.7122008176565439,0.5334859224382195
656,0.7122008176565439,0.5334859224382195
657,0.7122008176565439,0.5334859224382195
658,0.7122008176565439,0.5334859224382195
659,0.7122008176565439,0.5334859224382195
660,0.7122008176565439,0.5334859224382195
661,0.7122008176565439,0.5334859224382195
662,0.02147374589827511,0.2571753926049537
663,0.02147374589827511,0.2571753926049537
665,0.02147374589827511,0.2571753926049537
666,0.02147374589827511,0.2571753926049537
667,0.02147374589827511,0.2571753926049537
668,0.02147374589827511,0.2571753926049537
669,0.02147374589827511,0.2571753926049537
670,0.013045516368818677,0.2868822257301731
672,0.013045516368818677,0.2868822257301731
673,0.013045516368818677,0.2868822257301731
674,0.013045516368818677,0.2868822257301731
675,0.013045516368818677,0.2868822257301731
676,0.013045516368818677,0.2868822257301731
677,0.013045516368818677,0.2868822257301731
678,0.22925488815347372,0.17692616115150117
679,0.22925488815347372,0.17692616115150117
681,0.22925488815347372,0.17692616115150117
682,0.22925488815347372,0.17692616115150117
683,0.22925488815347372,0.17692616115150117
684,0.22925488815347372,0.17692616115150117
685,0.22925488815347372,0.17692616115150117
686,0.048833759902463525,0.08736697517653347
687,0.048833759902463525,0.08736697517653347
688,0.048833759902463525,0.08736697517653347
689,0.048833759902463525,0.08736697517653347
690,0.048833759902463525,0.08736697517653347
691,0.048833759902463525,0.08736697517653347
692,0.048833759902463525,0.08736697517653347
693,0.048833759902463525,0.08736697517653347
694,0.048833759902463525,0.08736697517653347
695,0.048833759902463525,0.08736697517653347
696,0.7777798712903404,0.2842136357448932
697,0.7777798712903404,0.2842136357448932
698,0.7777798712903404,0.2842136357448932
699,0.7777798712903404,0.2842136357448932
700,0.7777798712903404,0.2842136357448932
701,0.7777798712903404,0.2842136357448932
702,0.7777798712903404,0.2842136357448932
703,0.7777798712903404,0.2842136357448932
704,0.7777798712903404,0.2842136357448932
705,0.7777798712903404,0.2842136357448932
706,0.5721809195325775,0.2999852096376542
707,0.5721809195325775,0.2999852096376542
708,0.5721809195325775,0.2999852096376542
709,0.5721809195325775,0.2999852096376542
710,0.5721809195325775,0.2999852096376542
711,0.5721809195325775,0.2999852096376542
712,0.5721809195325775,0.2999852096376542
713,0.5721809195325775,0.2999852096376542
714,0.5721809195325775,0.2999852096376542
715,0.5721809195325775,0.2999852096376542
716,0.24549263483155448,0.301086414863038
717,0.24549263483155448,0.301086414863038
718,0.24549263483155448,0.301086414863038
719,0.24549263483155448,0.301086414863038
720,0.24549263483155448,0.301086414863038
721,0.24549263483155448,0.301086414863038
722,0.24549263483155448,0.301086414863038
723,0.24549263483155448,0.301086414863038
724,0.24549263483155448,0.301086414863038
725,0.24549263483155448,0.301086414863038
726,0.24549263483155448,0.301086414863038
727,0.24549263483155448,0.301086414863038
728,0.24549263483155448,0.301086414863038
729,0.24549263483155448,0.301086414863038
744,0.013149805117515068,0.3889424925144498
745,0.013149805117515068,0.3889424925144498
746,0.013149805117515068,0.3889424925144498
747,0.013149805117515068,0.3889424925144498
748,0.013149805117515068,0.3889424925144498
749,0.014105927038656874,0.4740350241152538
750,0.014105927038656874,0.4740350241152538
751,0.014105927038656874,0.4740350241152538
752,0.014105927038656874,0.4740350241152538
753,0.014105927038656874,0.4740350241152538
760,0.0405030846953881,0.553004372473608
777,0.8040678263474096,0.01143430753329766
908,8.902525490039892e-05,0.45475268764884436
909,0.0004593849057552557,0.4107809628447362
986,0.007261211268061563,0.09419445534465043
987,0.007261211268061563,0.09419445534465043
989,0.007261211268061563,0.09419445534465043
990,0.007261211268061563,0.09419445534465043
991,0.007261211268061563,0.09419445534465043
1027,0.5906266061935742,0.21204839164601808
1028,0.5906266061935742,0.21204839164601808
1057,0.0009211356034534157,0.24211754410512565
1072,1.6627364163745995e-05,0.2369404785124366
1073,1.6627364163745995e-05,0.2369404785124366
1074,1.6627364163745995e-05,0.2369404785124366
1075,1.6627364163745995e-05,0.2369404785124366
1076,1.6627364163745995e-05,0.2369404785124366
1077,1.6627364163745995e-05,0.2369404785124366
1078,1.6627364163745995e-05,0.2369404785124366
1079,1.6627364163745995e-05,0.2369404785124366
1090,2.647468824223953e-05,0.07530836629972304
1175,0.06490170541947948,0.4892546690035805
1193,0.05960782390458841,0.11705303952865587
1196,0.04612417447472239,0.11697680328437787
1197,0.04755139888308535,0.11496928497195158
1200,0.062226704357598916,0.11685473243389521
1203,0.06349786224657195,0.12757828433123253
1232,0.03204892645422586,0.10971465132692104
1233,0.03204892645422586,0.10971465132692104
1234,0.033427817135012194,0.10657129544879085
1235,0.033427817135012194,0.10657129544879085
1236,0.0335965259623483,0.10597631839056809
1237,0.0335965259623483,0.10597631839056809
1238,0.0459163004768367,0.13305229266719298
1239,0.0459163004768367,0.13305229266719298
1240,0.12015377094115509,0.15798875276740887
1241,0.12015377094115509,0.15798875276740887
1242,0.047009569506409554,0.1383325341046202
1243,0.047009569506409554,0.1383325341046202
1244,0.021578849517103427,0.10888593959983528
1245,0.021578849517103427,0.10888593959983528
1246,0.01788347570441695,0.113860976466158
1247,0.01788347570441695,0.113860976466158
1248,0.021089403013812125,0.12932308019586813
1249,0.021089403013812125,0.12932308019586813
1250,0.05767734899674881,0.09993112941913995
1251,0.05767734899674881,0.09993112941913995
1252,0.05102349003201201,0.07480213437959482
1253,0.05102349003201201,0.07480213437959482
1260,0.11418771668338912,0.0538454173332541
1262,0.025405297805808025,0.4679222723860036
1263,0.025405297805808025,0.4679222723860036
1264,0.025405297805808025,0.4679222723860036
1295,0.0001765001727911386,0.40630738469530825
1296,0.015966565770449193,0.31399522506014643
1297,2.544638399992749e-07,0.7476510570665345
1298,0.004572102242661025,0.4017865363447185
1300,0.01885246216533243,0.16209696887409553
1301,0.01885246216533243,0.16209696887409553
1302,0.01885246216533243,0.16209696887409553
1361,0.4369744352210756,0.2590042171412261
1362,0.3869125799991776,0.2664171204785736
1363,0.3863530610257001,0.29850936221240143
1364,0.3602387461411537,0.26423989539496584
1365,0.3684706686294694,0.2729355998673515
1366,0.38286582668509495,0.2680758537431671
1367,0.39214856145052823,0.27537369928300526
1368,0.36478701375138434,0.26469980967130613
1369,0.4369744352210756,0.2590042171412261
1370,0.3869125799991776,0.2664171204785736
1371,0.3863530610257001,0.29850936221240143
1372,0.3602387461411537,0.26423989539496584
1373,0.3684706686294694,0.2729355998673515
1374,0.38286582668509495,0.2680758537431671
1375,0.39214856145052823,0.27537369928300526
1376,0.36478701375138434,0.26469980967130613
1377,0.4369744352210756,0.2590042171412261
1378,0.3869125799991776,0.2664171204785736
1379,0.3863530610257001,0.29850936221240143
1380,0.3602387461411537,0.26423989539496584
1381,0.3684706686294694,0.2729355998673515
1382,0.38286582668509495,0.2680758537431671
1383,0.39214856145052823,0.27537369928300526
1384,0.36478701375138434,0.26469980967130613
1385,0.4369744352210756,0.2590042171412261
1386,0.3869125799991776,0.2664171204785736
1387,0.3863530610257001,0.29850936221240143
1388,0.3602387461411537,0.26423989539496584
1389,0.3684706686294694,0.2729355998673515
1390,0.38286582668509495,0.2680758537431671
1391,0.39214856145052823,0.27537369928300526
1392,0.36478701375138434,0.26469980967130613
1393,0.4369744352210756,0.2590042171412261
1394,0.3869125799991776,0.2664171204785736
1395,0.3863530610257001,0.29850936221240143
1396,0.3602387461411537,0.26423989539496584
1397,0.3684706686294694,0.2729355998673515
1398,0.38286582668509495,0.2680758537431671
1399,0.39214856145052823,0.27537369928300526
1400,0.36478701375138434,0.26469980967130613
1401,0.4369744352210756,0.2590042171412261
1402,0.3869125799991776,0.2664171204785736
1403,0.3863530610257001,0.29850936221240143
1404,0.3602387461411537,0.26423989539496584
1405,0.3684706686294694,0.2729355998673515
1406,0.38286582668509495,0.2680758537431671
1407,0.39214856145052823,0.27537369928300526
1408,0.36478701375138434,0.26469980967130613
1417,0.4369744352210756,0.2590042171412261
1418,0.3869125799991776,0.2664171204785736
1419,0.3863530610257001,0.29850936221240143
1420,0.3602387461411537,0.26423989539496584
1421,0.3684706686294694,0.2729355998673515
1422,0.38286582668509495,0.2680758537431671
1423,0.39214856145052823,0.27537369928300526
1424,0.36478701375138434,0.26469980967130613
1425,0.007181120955721765,0.13277147427325564
1426,0.007181120955721765,0.13277147427325564
1427,0.007181120955721765,0.13277147427325564
1428,0.007181120955721765,0.13277147427325564
1429,0.007181120955721765,0.13277147427325564
1430,0.007181120955721765,0.13277147427325564
1431,0.013619903316313908,0.05798853878601362
1432,0.013619903316313908,0.05798853878601362
1433,0.013619903316313908,0.05798853878601362
1434,0.013619903316313908,0.05798853878601362
1488,0.02900518170833255,0.09692384206701876
1497,0.04725064258745959,0.058940188114298686
1528,0.0673091578008499,0.09706365893058877
1532,0.0855462075109128,0.14084115624338844
1537,0.0427274928407434,0.1736980220612594
1538,0.0427274928407434,0.1736980220612594
1582,0.00027290385059852706,0.3535791199377105
1605,5.262564340968723e-07,0.7742166768708187
1606,5.262564340968723e-07,0.7742166768708187
1607,5.262564340968723e-07,0.7742166768708187
1608,5.262564340968723e-07,0.7742166768708187
1614,0.003784102764373576,0.24010143371074988
1615,0.003784102764373576,0.24010143371074988
1616,0.003784102764373576,0.24010143371074988
1617,0.003784102764373576,0.24010143371074988
1629,1.5313173153175264e-05,0.15314747608754076
1630,0.0003398795524273135,0.2751933949349129
1631,0.0004665684294534733,0.11625933247477804
1632,0.00017466483910499875,0.18787288809083813
1633,0.00021581294882688784,0.14218481851320708
1634,0.007937901170936734,0.3346489879260093
1635,0.00022554695194576535,0.3667641687912162
1636,0.008015296109931791,0.41524030115187005
1637,0.0027907722666254964,0.23793678611329117
1638,0.00011487142028454578,0.07807767812132493
1639,0.006622509776855634,0.13558846277239722
1640,1.5313173153175264e-05,0.15314747608754076
1641,0.0003398795524273135,0.2751933949349129
1642,0.0004665684294534733,0.11625933247477804
1643,0.00021581294882688784,0.14218481851320708
1644,0.007937901170936734,0.3346489879260093
1645,0.00022554695194576535,0.3667641687912162
1646,0.008015296109931791,0.41524030115187005
1647,0.0027907722666254964,0.23793678611329117
1648,0.00011487142028454578,0.07807767812132493
1649,0.006622509776855634,0.13558846277239722
1650,1.5313173153175264e-05,0.15314747608754076
1651,0.0003398795524273135,0.2751933949349129
1652,0.0004665684294534733,0.11625933247477804
1653,0.00017466483910499875,0.18787288809083813
1654,0.00021581294882688784,0.14218481851320708
1655,0.007937901170936734,0.3346489879260093
1656,0.00022554695194576535,0.3667641687912162
1657,0.008015296109931791,0.41524030115187005
1658,0.0027907722666254964,0.23793678611329117
1659,0.00011487142028454578,0.07807767812132493
1660,0.006622509776855634,0.13558846277239722
1661,1.5313173153175264e-05,0.15314747608754076
1662,0.0003398795524273135,0.2751933949349129
1663,0.0004665684294534733,0.11625933247477804
1664,0.00017466483910499875,0.18787288809083813
1665,0.00021581294882688784,0.14218481851320708
1666,0.007937901170936734,0.3346489879260093
1667,0.00022554695194576535,0.3667641687912162
1668,0.008015296109931791,0.41524030115187005
1669,0.0027907722666254964,0.23793678611329117
1670,0.00011487142028454578,0.07807767812132493
1671,0.006622509776855634,0.13558846277239722
1687,0.0022417310491278375,0.17199469436499848
1688,0.0022417310491278375,0.17199469436499848
1689,0.0022417310491278375,0.17199469436499848
1690,0.0022417310491278375,0.17199469436499848
1691,0.0022417310491278375,0.17199469436499848
1692,0.0022417310491278375,0.17199469436499848
1693,0.00415661526604616,0.1524079211120074
1694,0.00415661526604616,0.1524079211120074
1695,0.00415661526604616,0.1524079211120074
1696,0.00415661526604616,0.1524079211120074
1697,0.00415661526604616,0.1524079211120074
1698,0.00415661526604616,0.1524079211120074
1699,0.002938259565256507,0.16461068113384425
1700,0.002938259565256507,0.16461068113384425
1701,0.002938259565256507,0.16461068113384425
1702,0.002938259565256507,0.16461068113384425
1703,0.002938259565256507,0.16461068113384425
1704,0.002938259565256507,0.16461068113384425
1705,0.0029936281728594194,0.1708233677664004
1706,0.0029936281728594194,0.1708233677664004
1707,0.0029936281728594194,0.1708233677664004
1708,0.0029936281728594194,0.1708233677664004
1709,0.0029936281728594194,0.1708233677664004
1710,0.0029936281728594194,0.1708233677664004
1711,0.004171687998353102,0.1653114626730312
1712,0.004171687998353102,0.1653114626730312
1713,0.004171687998353102,0.1653114626730312
1714,0.004171687998353102,0.1653114626730312
1715,0.004171687998353102,0.1653114626730312
1716,0.004171687998353102,0.1653114626730312
1717,0.0033754562113663678,0.06865508701295897
1718,0.0033754562113663678,0.06865508701295897
1719,0.0033754562113663678,0.06865508701295897
1720,0.0033754562113663678,0.06865508701295897
1721,0.0033754562113663678,0.06865508701295897
1722,0.0033754562113663678,0.06865508701295897
1723,0.0024854379321940234,0.07738408941022623
1724,0.0024854379321940234,0.07738408941022623
1725,0.0024854379321940234,0.07738408941022623
1726,0.0024854379321940234,0.07738408941022623
1727,0.0024854379321940234,0.07738408941022623
1728,0.0024854379321940234,0.07738408941022623
1729,0.000378187381014361,0.08452847097505767
1730,0.000378187381014361,0.08452847097505767
1731,0.000378187381014361,0.08452847097505767
1732,0.000378187381014361,0.08452847097505767
1733,0.000378187381014361,0.08452847097505767
1734,0.000378187381014361,0.08452847097505767
1735,0.00033763387478447093,0.08658721585288687
1736,0.00033763387478447093,0.08658721585288687
1737,0.00033763387478447093,0.08658721585288687
1738,0.00033763387478447093,0.08658721585288687
1739,0.00033763387478447093,0.08658721585288687
1740,0.00033763387478447093,0.08658721585288687
1741,0.013429730135909645,0.09654270597663273
1742,0.013429730135909645,0.09654270597663273
1743,0.013429730135909645,0.09654270597663273
1744,0.013429730135909645,0.09654270597663273
1745,0.013429730135909645,0.09654270597663273
1747,0.01035776708199121,0.025848615108382655
1748,0.01035776708199121,0.025848615108382655
1749,0.01035776708199121,0.025848615108382655
1750,0.01035776708199121,0.025848615108382655
1751,0.01035776708199121,0.025848615108382655
1753,0.02794840711482416,0.09778680320656086
1754,0.02794840711482416,0.09778680320656086
1755,0.02794840711482416,0.09778680320656086
1756,0.02794840711482416,0.09778680320656086
1757,0.02794840711482416,0.09778680320656086
1759,0.0019388690252069019,0.19161933835539668
1760,0.0019388690252069019,0.19161933835539668
1761,0.0019388690252069019,0.19161933835539668
1762,0.0019388690252069019,0.19161933835539668
1763,0.0019388690252069019,0.19161933835539668
1765,0.008381626103517892,0.13730349385937257
1766,0.008381626103517892,0.13730349385937257
1767,0.008381626103517892,0.13730349385937257
1768,0.008381626103517892,0.13730349385937257
1769,0.008381626103517892,0.13730349385937257
1771,0.0027586487665930415,0.07960821949210717
1772,0.0027586487665930415,0.07960821949210717
1773,0.0027586487665930415,0.07960821949210717
1774,0.0027586487665930415,0.07960821949210717
1775,0.0027586487665930415,0.07960821949210717
1777,0.007854217881607561,0.056544174981592255
1778,0.007854217881607561,0.056544174981592255
1779,0.007854217881607561,0.056544174981592255
1780,0.007854217881607561,0.056544174981592255
1781,0.007854217881607561,0.056544174981592255
1783,0.008084899647294197,0.05459311738666728
1784,0.008084899647294197,0.05459311738666728
1785,0.008084899647294197,0.05459311738666728
1786,0.008084899647294197,0.05459311738666728
1787,0.008084899647294197,0.05459311738666728
1789,2.831859098706424e-05,0.02130327324306691
1790,2.831859098706424e-05,0.02130327324306691
1791,2.831859098706424e-05,0.02130327324306691
1792,2.831859098706424e-05,0.02130327324306691
1793,2.831859098706424e-05,0.02130327324306691
1795,3.7683184498038536e-05,0.022913939526085114
1796,3.7683184498038536e-05,0.022913939526085114
1797,3.7683184498038536e-05,0.022913939526085114
1798,3.7683184498038536e-05,0.022913939526085114
1799,3.7683184498038536e-05,0.022913939526085114
1804,0.30308809084737487,0.23316039337874073
1805,0.2788037142546649,0.23107166619428499
1806,0.320775059786759,0.28152582080456845
1807,0.30308809084737487,0.23316039337874073
1808,0.2788037142546649,0.23107166619428499
1809,0.320775059786759,0.28152582080456845
1835,0.7928624631769581,0.30415420317423847
1836,0.9323161902862838,0.242993936710184
1837,0.9270197107979964,0.2462681603882907
1838,0.9451303686061283,0.3143061547938828
1839,0.943976037895043,0.30955003969616535
1840,0.9294916140504239,0.2958411570860622
1841,0.4108733942478797,0.2914996936352766
1842,0.7457075087866194,0.31326508937512976
1843,0.944180423900118,0.3094147027231151
1844,0.8651401205564162,0.14957980245824865
1845,0.49768945973537515,0.319430246173829
1846,0.7928624631769581,0.30415420317423847
1847,0.7928624631769581,0.30415420317423847
1848,0.7928624631769581,0.30415420317423847
1849,0.7928624631769581,0.30415420317423847
1850,0.7928624631769581,0.30415420317423847
1851,0.7928624631769581,0.30415420317423847
1852,0.9323161902862838,0.242993936710184
1853,0.9323161902862838,0.242993936710184
1854,0.9323161902862838,0.242993936710184
1855,0.9323161902862838,0.242993936710184
1856,0.9323161902862838,0.242993936710184
1857,0.9323161902862838,0.242993936710184
1858,0.9270197107979964,0.2462681603882907
1859,0.9270197107979964,0.2462681603882907
1860,0.9270197107979964,0.2462681603882907
1861,0.9270197107979964,0.2462681603882907
1862,0.9270197107979964,0.2462681603882907
1863,0.9270197107979964,0.2462681603882907
1864,0.9451303686061283,0.3143061547938828
1865,0.9451303686061283,0.3143061547938828
1866,0.9451303686061283,0.3143061547938828
1867,0.9451303686061283,0.3143061547938828
1868,0.9451303686061283,0.3143061547938828
1869,0.9451303686061283,0.3143061547938828
1870,0.943976037895043,0.30955003969616535
1871,0.943976037895043,0.30955003969616535
1872,0.943976037895043,0.30955003969616535
1873,0.943976037895043,0.30955003969616535
1874,0.943976037895043,0.30955003969616535
1875,0.943976037895043,0.30955003969616535
1876,0.9294916140504239,0.2958411570860622
1877,0.9294916140504239,0.2958411570860622
1878,0.9294916140504239,0.2958411570860622
1879,0.9294916140504239,0.2958411570860622
1880,0.9294916140504239,0.2958411570860622
1881,0.9294916140504239,0.2958411570860622
1882,0.4108733942478797,0.2914996936352766
1883,0.4108733942478797,0.2914996936352766
1884,0.4108733942478797,0.2914996936352766
1885,0.4108733942478797,0.2914996936352766
1886,0.4108733942478797,0.2914996936352766
1887,0.4108733942478797,0.2914996936352766
1888,0.7457075087866194,0.31326508937512976
1889,0.7457075087866194,0.31326508937512976
1890,0.7457075087866194,0.31326508937512976
1891,0.7457075087866194,0.31326508937512976
1892,0.944180423900118,0.3094147027231151
1893,0.944180423900118,0.3094147027231151
1894,0.944180423900118,0.3094147027231151
1895,0.944180423900118,0.3094147027231151
1896,0.944180423900118,0.3094147027231151
1897,0.944180423900118,0.3094147027231151
1898,0.8651401205564162,0.14957980245824865
1965,2.840239154977553e-11,0.23224629019050225
1966,9.491408606732143e-06,0.094040510737736
1967,0.012034124091403697,0.25836510298698123
1968,0.006745030925463302,0.2723996174733877
1969,0.0010624137843390224,0.1619462973599175
1970,0.0005422507263138643,0.11638011907945855
1971,1.8787975868406193e-06,0.13167992791737604
1972,1.0815460380064756e-05,0.09352642314858339
1979,0.025825685804252152,0.68906270664824
1980,0.009934808724542998,0.7624905382902839
1981,0.013381905463836108,0.7781317722006174
1982,0.29207149627672646,0.4027762602813043
1983,0.336680925403433,0.35645312797021866
1984,0.00037465799081726203,0.48844897121471353
1986,0.02672202243734656,0.37387110394814826
1988,0.009318454598291503,0.5256900570050709
1990,0.003069677182493291,0.48767949322238624
1992,0.0845091475241937,0.4155381652037976
1995,0.009934808724542998,0.7624905382902839
2114,0.008311854778135674,0.11028837758805832
2115,0.008311854778135674,0.11028837758805832
2117,0.008311854778135674,0.11028837758805832
2118,0.008311854778135674,0.11028837758805832
2119,0.008311854778135674,0.11028837758805832
2120,0.008311854778135674,0.11028837758805832
2121,0.008311854778135674,0.11028837758805832
2122,0.008311854778135674,0.11028837758805832
2123,0.004166629025504243,0.1216797585850824
2124,0.004166629025504243,0.1216797585850824
2126,0.004166629025504243,0.1216797585850824
2127,0.004166629025504243,0.1216797585850824
2128,0.004166629025504243,0.1216797585850824
2129,0.004166629025504243,0.1216797585850824
2130,0.004166629025504243,0.1216797585850824
2131,0.004166629025504243,0.1216797585850824
2132,0.0021263126723984893,0.1626328311160058
2133,0.0016633592629832217,0.1826207882502081
2134,6.465953439338534e-06,0.24386658512831627
2135,4.692693464258824e-06,0.16845737428016527
2136,3.453524632934801e-08,0.0894764288898453
2137,7.079630973205742e-05,0.13372077145002748
2139,0.00262910480089118,0.11068441174116705
2149,5.071777649079401e-06,0.04438890100884163
2227,0.005181697390029716,0.22870787329326925
2234,0.009243431968490756,0.1233630712375301
2237,0.029791794765033353,0.20250043739835488
2244,0.1443182033626913,0.19496131786662907
2260,0.06481050387835885,0.17742794255882244
2261,0.22709264784774896,0.13607089425383168
2262,0.182099582113596,0.3296221442006769
2263,0.06751475024804876,0.20206973392087624
2264,0.16444482159950413,0.21167511120050053
2265,0.3133877795688643,0.2756767162042756
2266,0.21803554215380005,0.20899921274422406
2267,0.2505594776825747,0.07968502324872362
2268,0.17206821872785116,0.08296478172631672
2269,0.3614059932246615,0.1915455780065567
2270,0.06196072423912291,0.5065635491928867
2271,0.1514730687390462,0.19643227909436967
2272,0.12867295250800614,0.27242681029998683
2273,0.3186680825832675,0.32017686465807305
2274,0.1177700436319663,0.2509187233535807
2275,0.34044896087914966,0.35878022009744515
2276,0.1406319542113037,0.7418522401676134
2277,0.37776652245688214,0.16623084699889534
2278,0.3808059086734804,0.16710612507420508
2279,0.13001619149043264,0.1627426252664529
2280,0.13309388977548053,0.31580647097883097
2281,0.06481050387835885,0.17742794255882244
2282,0.22709264784774896,0.13607089425383168
2283,0.182099582113596,0.3296221442006769
2284,0.06751475024804876,0.20206973392087624
2285,0.16444482159950413,0.21167511120050053
2286,0.3133877795688643,0.2756767162042756
2287,0.21803554215380005,0.20899921274422406
2288,0.2505594776825747,0.07968502324872362
2289,0.17206821872785116,0.08296478172631672
2290,0.3614059932246615,0.1915455780065567
2291,0.06196072423912291,0.5065635491928867
2292,0.1514730687390462,0.19643227909436967
2293,0.12867295250800614,0.27242681029998683
2294,0.3186680825832675,0.32017686465807305
2295,0.1177700436319663,0.2509187233535807
2296,0.34044896087914966,0.35878022009744515
2297,0.1406319542113037,0.7418522401676134
2298,0.37776652245688214,0.16623084699889534
2299,0.3808059086734804,0.16710612507420508
2300,0.13001619149043264,0.1627426252664529
2301,0.13309388977548053,0.31580647097883097
2302,0.06481050387835885,0.17742794255882244
2303,0.22709264784774896,0.13607089425383168
2304,0.182099582113596,0.3296221442006769
2305,0.06751475024804876,0.20206973392087624
2306,0.16444482159950413,0.21167511120050053
2307,0.3133877795688643,0.2756767162042756
2308,0.21803554215380005,0.20899921274422406
2309,0.2505594776825747,0.07968502324872362
2310,0.17206821872785116,0.08296478172631672
2311,0.3614059932246615,0.1915455780065567
2312,0.06196072423912291,0.5065635491928867
2313,0.1514730687390462,0.19643227909436967
2314,0.12867295250800614,0.27242681029998683
2315,0.3186680825832675,0.32017686465807305
2316,0.1177700436319663,0.2509187233535807
2317,0.34044896087914966,0.35878022009744515
2318,0.1406319542113037,0.7418522401676134
2319,0.37776652245688214,0.16623084699889534
2320,0.3808059086734804,0.16710612507420508
2321,0.13001619149043264,0.1627426252664529
2322,0.13309388977548053,0.31580647097883097
2323,0.06481050387835885,0.17742794255882244
2324,0.22709264784774896,0.13607089425383168
2325,0.182099582113596,0.3296221442006769
2326,0.06751475024804876,0.20206973392087624
2327,0.16444482159950413,0.21167511120050053
2328,0.3133877795688643,0.2756767162042756
2329,0.21803554215380005,0.20899921274422406
2330,0.2505594776825747,0.07968502324872362
2331,0.17206821872785116,0.08296478172631672
2332,0.3614059932246615,0.1915455780065567
2333,0.06196072423912291,0.5065635491928867
2334,0.1514730687390462,0.19643227909436967
2335,0.12867295250800614,0.27242681029998683
2336,0.3186680825832675,0.32017686465807305
2337,0.1177700436319663,0.2509187233535807
2338,0.34044896087914966,0.35878022009744515
2339,0.1406319542113037,0.7418522401676134
2340,0.37776652245688214,0.16623084699889534
2341,0.3808059086734804,0.16710612507420508
2342,0.13001619149043264,0.1627426252664529
2343,0.13309388977548053,0.31580647097883097
2344,0.06481050387835885,0.17742794255882244
2345,0.22709264784774896,0.13607089425383168
2346,0.182099582113596,0.3296221442006769
2347,0.06751475024804876,0.20206973392087624
2348,0.16444482159950413,0.21167511120050053
2349,0.3133877795688643,0.2756767162042756
2350,0.21803554215380005,0.20899921274422406
2351,0.2505594776825747,0.07968502324872362
2352,0.17206821872785116,0.08296478172631672
2353,0.3614059932246615,0.1915455780065567
2354,0.06196072423912291,0.5065635491928867
2355,0.1514730687390462,0.19643227909436967
2356,0.12867295250800614,0.27242681029998683
2357,0.3186680825832675,0.32017686465807305
2358,0.1177700436319663,0.2509187233535807
2359,0.34044896087914966,0.35878022009744515
2360,0.1406319542113037,0.7418522401676134
2361,0.37776652245688214,0.16623084699889534
2362,0.3808059086734804,0.16710612507420508
2363,0.13001619149043264,0.1627426252664529
2364,0.13309388977548053,0.31580647097883097
2365,0.06481050387835885,0.17742794255882244
2366,0.22709264784774896,0.13607089425383168
2367,0.182099582113596,0.3296221442006769
2368,0.06751475024804876,0.20206973392087624
2369,0.16444482159950413,0.21167511120050053
2370,0.3133877795688643,0.2756767162042756
2371,0.21803554215380005,0.20899921274422406
2372,0.2505594776825747,0.07968502324872362
2373,0.17206821872785116,0.08296478172631672
2374,0.3614059932246615,0.1915455780065567
2375,0.06196072423912291,0.5065635491928867
2376,0.1514730687390462,0.19643227909436967
2377,0.12867295250800614,0.27242681029998683
2378,0.3186680825832675,0.32017686465807305
2379,0.1177700436319663,0.2509187233535807
2380,0.34044896087914966,0.35878022009744515
2381,0.1406319542113037,0.7418522401676134
2382,0.37776652245688214,0.16623084699889534
2383,0.3808059086734804,0.16710612507420508
2384,0.13001619149043264,0.1627426252664529
2385,0.13309388977548053,0.31580647097883097
2503,0.00010229708798770165,0.2427995787921412
2504,2.1040993125609475e-07,0.24073065205201738
2505,0.0005386648195135901,0.27444234368562437
2506,2.7428596743761524e-05,0.24367637203868298
2507,0.0007543047270752723,0.1803234800654161
2508,0.0021210237741754456,0.20587053587379944
2509,0.012803929348716991,0.2109475118038362
2555,0.0966971717315862,0.23176034728213146
2556,0.0966971717315862,0.23176034728213146
2571,2.4187227751770735e-06,0.0259322510371921
2732,0.005813249578964008,0.11117638269771102
2787,0.00022115021252278044,0.270646295953609
2788,0.00022115021252278044,0.270646295953609
2789,0.00022115021252278044,0.270646295953609
2790,0.00022115021252278044,0.270646295953609
2791,0.00022115021252278044,0.270646295953609
2792,0.00022115021252278044,0.270646295953609
2793,0.00022115021252278044,0.270646295953609
2794,0.00022115021252278044,0.270646295953609
2795,0.00022115021252278044,0.270646295953609
2796,0.00022115021252278044,0.270646295953609
2797,0.00022115021252278044,0.270646295953609
2798,0.00022115021252278044,0.270646295953609
2799,0.06469680675797596,0.24980128520582656
2800,0.06469680675797596,0.24980128520582656
2801,0.06469680675797596,0.24980128520582656
2802,0.06469680675797596,0.24980128520582656
2803,0.06469680675797596,0.24980128520582656
2804,0.06469680675797596,0.24980128520582656
2805,0.06469680675797596,0.24980128520582656
2806,0.06469680675797596,0.24980128520582656
2807,0.06469680675797596,0.24980128520582656
2808,0.06469680675797596,0.24980128520582656
2809,0.04908913709705942,0.3204717965008447
2810,0.04908913709705942,0.3204717965008447
2811,0.04908913709705942,0.3204717965008447
2812,0.04908913709705942,0.3204717965008447
2813,0.04908913709705942,0.3204717965008447
2814,0.04908913709705942,0.3204717965008447
2815,0.04908913709705942,0.3204717965008447
2816,0.04908913709705942,0.3204717965008447
2817,0.04908913709705942,0.3204717965008447
2818,0.04908913709705942,0.3204717965008447
2819,0.04908913709705942,0.3204717965008447
2820,0.04908913709705942,0.3204717965008447
2821,0.04908913709705942,0.3204717965008447
2822,0.04908913709705942,0.3204717965008447
2823,0.04908913709705942,0.3204717965008447
2824,0.04908913709705942,0.3204717965008447
2825,0.04908913709705942,0.3204717965008447
2826,0.04908913709705942,0.3204717965008447
2827,0.04908913709705942,0.3204717965008447
2828,0.04908913709705942,0.3204717965008447
2829,0.04908913709705942,0.3204717965008447
2830,0.04908913709705942,0.3204717965008447
2831,0.044238254658216514,0.28869377712324973
2832,0.044238254658216514,0.28869377712324973
2833,0.044238254658216514,0.28869377712324973
2834,0.044238254658216514,0.28869377712324973
2835,0.044238254658216514,0.28869377712324973
2836,0.044238254658216514,0.28869377712324973
2837,0.044238254658216514,0.28869377712324973
2838,0.044238254658216514,0.28869377712324973
2839,0.044238254658216514,0.28869377712324973
2964,0.030365688867987517,0.012530692626315343
2970,0.03752235616043553,0.017060451289881984
2976,0.058567193770031056,0.03769564450030105
2979,0.18139959966315955,0.020706258224435614
2982,0.22541901362025107,0.009661215196966944
2984,0.07632665252653115,0.09050615687484709
2985,0.07632665252653115,0.09050615687484709
2992,0.009375547606291446,0.3503774549007137
2993,0.009375547606291446,0.3503774549007137
2994,0.009375547606291446,0.3503774549007137
2995,0.009375547606291446,0.3503774549007137
2996,0.009375547606291446,0.3503774549007137
3042,0.00783419711270672,0.3559555265737717
3182,0.7799254866616734,0.18748265296848432
3186,0.9837861622284142,0.42601880226149336
3187,0.7593501326313141,0.2821921749374724
3210,0.9517891132284093,0.21964749809379558
3215,0.45826363571352957,0.18522791725786703
3216,0.8656276799162326,0.16800849237328264
3226,0.8377548208073635,0.2050361559172229
3252,0.5364867428560887,0.5159752985083782
3253,0.31097104934386066,0.5811115722454273
3254,0.6792915313743895,0.4426284140547442
3274,0.4764384942417277,0.4396918298349153
3275,0.5231874502815244,0.3922093191336685
3283,0.9646770917445054,0.2702389881544788
3285,0.9654159318055245,0.2698687809322641
3290,0.9802163190378921,0.1817347700909624
3302,0.9126834566901643,0.1723845665786723
3304,0.6211566904702119,0.33963656196197645
3334,0.5407877529560428,0.3948239467902357
3335,0.46324560647949153,0.48757239483634507
3368,0.024309823347419268,0.3707334206445442
3405,0.0007745609003415588,0.22972956529248545
3407,0.0007745609003415588,0.22972956529248545
3413,3.4675225124569664e-06,0.14401739598637486
3415,3.4675225124569664e-06,0.14401739598637486
3466,0.0001998270310421546,0.10775972654630661
3467,0.0001998270310421546,0.10775972654630661
3468,0.0001998270310421546,0.10775972654630661
3469,0.0001998270310421546,0.10775972654630661
3470,0.0001998270310421546,0.10775972654630661
3471,0.0001998270310421546,0.10775972654630661
3490,0.3286564259803556,0.40145158700523076
3491,0.3286564259803556,0.40145158700523076
3492,0.3286564259803556,0.40145158700523076
3493,0.3286564259803556,0.40145158700523076
3494,0.3286564259803556,0.40145158700523076
3495,0.3286564259803556,0.40145158700523076
3496,0.3286564259803556,0.40145158700523076
3497,0.3286564259803556,0.40145158700523076
3498,0.3286564259803556,0.40145158700523076
3499,0.3286564259803556,0.40145158700523076
3500,0.3286564259803556,0.40145158700523076
3632,0.0006207100104955732,0.3053559057160766
3637,0.0006207100104955732,0.3053559057160766
3662,0.0038260775109590917,0.26004649412768166
3663,0.0008132541240877256,0.21841642340574785
3664,0.009737544435841294,0.20988383537412192
3665,0.019901577591663,0.21826979398078883
3666,0.0036078689731321445,0.10131132257702535
3667,0.02531721303257406,0.273711863583867
3668,0.037083902023415605,0.25187194100418675
3669,0.0027864858590848085,0.14683392677454044
3670,0.0015406907555811644,0.3451263630581973
3671,0.015329330657688156,0.22332404551497675
3672,0.004489539671617138,0.08731162180153129
3673,0.015080874389578058,0.2674450813581174
3674,0.03026937774706595,0.2663214958099681
3675,0.00770140066358127,0.10759348398313673
3676,0.04803703311727858,0.25352536287916105
3677,0.09138750572258114,0.2728701379395422
3678,0.0051171867362291845,0.281396309463237
3679,0.006243902179862704,0.21402169617338118
3680,0.007211391536407374,0.2681731536068327
3681,0.3038436558904334,0.25605502307803185
3682,0.02263184907428495,0.38497232946233906
3683,0.0822693055026027,0.2766690145083597
3684,0.031648650147664714,0.43985921258052285
3685,0.039162410681478854,0.368930244558653
3686,0.29630880536845605,0.2985322718131237
3687,0.05159494129647624,0.3817142966897813
3688,0.049223882953559284,0.35877673127894316
3689,0.05941548019213594,0.19436950511250373
3690,0.14951278414168534,0.31739347658648376
3691,0.011701681937461905,0.2829900918617366
3692,0.23959303038646973,0.2827275334678496
3723,4.240782179087965e-06,0.19696546322546338
3724,0.11140953897102923,0.3688125043359113
3725,0.035488433835833666,0.10664129737824524
3726,0.0023277746241379127,0.49909009382128844
3727,4.240782179087965e-06,0.19696546322546338
3728,0.11140953897102923,0.3688125043359113
3729,0.035488433835833666,0.10664129737824524
3730,0.0023277746241379127,0.49909009382128844
3731,4.240782179087965e-06,0.19696546322546338
3732,0.11140953897102923,0.3688125043359113
3733,0.035488433835833666,0.10664129737824524
3734,0.0023277746241379127,0.49909009382128844
3791,2.3577007302044706e-07,0.8027710110249473
3792,0.0023381596989362485,0.34095435538878704
3793,0.012317012104647307,0.7616930993413963
3794,0.030657893140513592,0.5217269355043397
3795,0.03314970321289146,0.38643660577368366
3796,2.3577007302044706e-07,0.8027710110249473
3797,0.0023381596989362485,0.34095435538878704
3798,0.012317012104647307,0.7616930993413963
3799,0.030657893140513592,0.5217269355043397
3800,0.03314970321289146,0.38643660577368366
3801,2.3577007302044706e-07,0.8027710110249473
3802,0.0023381596989362485,0.34095435538878704
3803,0.012317012104647307,0.7616930993413963
3804,0.030657893140513592,0.5217269355043397
3805,0.03314970321289146,0.38643660577368366
3859,0.01825024785619722,0.6721164905656895
3860,0.4526748302737805,0.2821775306613906
3861,0.49374007394989217,0.14720614745350247
3862,0.3676949719473993,0.30378612164757757
3867,0.01825024785619722,0.6721164905656895
3868,0.4526748302737805,0.2821775306613906
3869,0.49374007394989217,0.14720614745350247
3870,0.3676949719473993,0.30378612164757757
3876,0.0010087152176836423,0.628319462195171
3877,0.00416719700318291,0.553672987374578
3878,0.048287461228298856,0.7503626288541283
3879,0.09010589531077162,0.6917735974829433
3880,0.1588328877590922,0.3523703249262691
3922,0.0005880377933937808,0.17643982687376292
3923,0.0005880377933937808,0.17643982687376292
3924,0.0005880377933937808,0.17643982687376292
3925,0.0005880377933937808,0.17643982687376292
3926,0.0005880377933937808,0.17643982687376292
3927,0.0005880377933937808,0.17643982687376292
3928,0.0005880377933937808,0.17643982687376292
3929,0.0005880377933937808,0.17643982687376292
3930,0.000752792993822915,0.17200363035338762
3931,0.000752792993822915,0.17200363035338762
3932,0.000752792993822915,0.17200363035338762
3933,0.000752792993822915,0.17200363035338762
3934,0.000752792993822915,0.17200363035338762
3935,0.000752792993822915,0.17200363035338762
3936,0.000752792993822915,0.17200363035338762
3937,0.000752792993822915,0.17200363035338762
3977,0.8594830678964671,0.15452183911676032
3978,0.8594830678964671,0.15452183911676032
3979,0.8594830678964671,0.15452183911676032
3980,0.8594830678964671,0.15452183911676032
3981,0.8594830678964671,0.15452183911676032
3982,0.8594830678964671,0.15452183911676032
3983,0.8594830678964671,0.15452183911676032
3985,0.9922984045480134,0.13681792941724558
3986,0.9922984045480134,0.13681792941724558
3987,0.9922984045480134,0.13681792941724558
3988,0.9922984045480134,0.13681792941724558
3989,0.9922984045480134,0.13681792941724558
3990,0.9922984045480134,0.13681792941724558
3991,0.9922984045480134,0.13681792941724558
3993,0.7962025355658622,0.13291492859954623
3994,0.7962025355658622,0.13291492859954623
3995,0.7962025355658622,0.13291492859954623
3996,0.7962025355658622,0.13291492859954623
3997,0.7962025355658622,0.13291492859954623
3998,0.7962025355658622,0.13291492859954623
3999,0.7962025355658622,0.13291492859954623
4001,0.8583349227217478,0.1507137646129063
4002,0.8583349227217478,0.1507137646129063
4003,0.8583349227217478,0.1507137646129063
4004,0.8583349227217478,0.1507137646129063
4005,0.8583349227217478,0.1507137646129063
4006,0.8583349227217478,0.1507137646129063
4007,0.8583349227217478,0.1507137646129063
4031,0.19007275362690867,0.1639154051120444
4032,0.28987285032463217,0.33042466517094904
4037,0.19007275362690867,0.1639154051120444
4038,0.28987285032463217,0.33042466517094904
4138,0.003957680305460065,0.13003284472121923
4139,0.00477051013803198,0.14608839375426208
4140,0.0038504207858351958,0.159071960019325
4141,0.003218288548351267,0.13446093477091114
4142,0.0022004456925311944,0.10723881899055587
4143,0.028576463215198022,0.2963993849658155
4144,0.024925825180851957,0.10568457171068224
4145,0.01575541529952773,0.14340401127873748
4146,0.019053955949005386,0.2560951261487945
4183,0.0035305085159755834,0.34357516210091743
4184,0.0035305085159755834,0.34357516210091743
4185,0.0035305085159755834,0.34357516210091743
4186,0.0035305085159755834,0.34357516210091743
4187,0.0035305085159755834,0.34357516210091743
4188,0.0035305085159755834,0.34357516210091743
4189,0.0035305085159755834,0.34357516210091743
4190,0.0035305085159755834,0.34357516210091743
4191,0.0035305085159755834,0.34357516210091743
4192,0.0035305085159755834,0.34357516210091743
4193,0.025840499982538456,0.29858374757655204
4194,0.025840499982538456,0.29858374757655204
4195,0.025840499982538456,0.29858374757655204
4196,0.025840499982538456,0.29858374757655204
4197,0.025840499982538456,0.29858374757655204
4198,0.025840499982538456,0.29858374757655204
4199,0.025840499982538456,0.29858374757655204
4200,0.025840499982538456,0.29858374757655204
4201,0.025840499982538456,0.29858374757655204
4202,0.025840499982538456,0.29858374757655204
4203,0.013918809523752906,0.3232155106140593
4204,0.013918809523752906,0.3232155106140593
4205,0.013918809523752906,0.3232155106140593
4206,0.013918809523752906,0.3232155106140593
4207,0.013918809523752906,0.3232155106140593
4208,0.013918809523752906,0.3232155106140593
4209,0.013918809523752906,0.3232155106140593
4210,0.013918809523752906,0.3232155106140593
4211,0.013918809523752906,0.3232155106140593
4212,0.013918809523752906,0.3232155106140593
4213,0.005926998527282845,0.3198974899110908
4214,0.005926998527282845,0.3198974899110908
4215,0.005926998527282845,0.3198974899110908
4216,0.005926998527282845,0.3198974899110908
4217,0.005926998527282845,0.3198974899110908
4218,0.005926998527282845,0.3198974899110908
4219,0.005926998527282845,0.3198974899110908
4220,0.005926998527282845,0.3198974899110908
4221,0.005926998527282845,0.3198974899110908
4222,0.005926998527282845,0.3198974899110908
4223,0.0016586807270650983,0.30810916268295574
4224,0.0016586807270650983,0.30810916268295574
4225,0.0016586807270650983,0.30810916268295574
4226,0.0016586807270650983,0.30810916268295574
4227,0.0016586807270650983,0.30810916268295574
4228,0.0016586807270650983,0.30810916268295574
4229,0.0016586807270650983,0.30810916268295574
4230,0.0016586807270650983,0.30810916268295574
4231,0.0016586807270650983,0.30810916268295574
4232,0.0016586807270650983,0.30810916268295574
4233,0.0035305085159755834,0.34357516210091743
4234,0.025840499982538456,0.29858374757655204
4235,0.013918809523752906,0.3232155106140593
4236,0.005926998527282845,0.3198974899110908
4237,0.0016586807270650983,0.30810916268295574
4238,0.0035305085159755834,0.34357516210091743
4239,0.025840499982538456,0.29858374757655204
4240,0.013918809523752906,0.3232155106140593
4241,0.005926998527282845,0.3198974899110908
4242,0.0016586807270650983,0.30810916268295574
4355,0.08293887999268235,0.2785712391681522
4356,0.08293887999268235,0.2785712391681522
4358,0.08293887999268235,0.2785712391681522
4359,0.08293887999268235,0.2785712391681522
4368,0.09691462541366125,0.27680183468047825
4374,0.00020879988385436032,0.13629395230564767
4375,0.00020879988385436032,0.13629395230564767
4376,0.00020879988385436032,0.13629395230564767
4377,0.00020879988385436032,0.13629395230564767
4378,0.00020879988385436032,0.13629395230564767
4379,0.00020879988385436032,0.13629395230564767
4380,0.00020879988385436032,0.13629395230564767
4381,0.00020879988385436032,0.13629395230564767
4382,0.00020879988385436032,0.13629395230564767
4383,0.00020879988385436032,0.13629395230564767
4384,0.00020879988385436032,0.13629395230564767
4385,0.00020879988385436032,0.13629395230564767
4431,0.0007002671795478532,0.12679108851198384
4432,0.0001961305460357332,0.11243961800458713
4433,0.0003888507960247978,0.1485910602407583
4434,0.0009566939210610137,0.29470400076544334
4435,0.00018437848893548825,0.11223831362055192
4436,0.0009666387128521858,0.1259596077889148
4444,0.8047621382041232,0.026060301299105415
4445,0.8047621382041232,0.026060301299105415
4447,0.8047621382041232,0.026060301299105415
4448,0.8047621382041232,0.026060301299105415
4598,0.0001693392460929699,0.21188747147499432
4599,0.000636456506987626,0.13933945271861603
4600,0.0008914260281425168,0.13655206575188505
4601,0.00022697786671743714,0.18212393702539664
4602,0.00030868531597605386,0.1666938120776964
4603,0.00060331740878794,0.11944048932257478
4604,0.00015691178930854477,0.22423217082530433
4605,0.0003921746362968159,0.138813390813307
4606,0.0007610148708363518,0.1349995121635127
4607,0.0003013714316000282,0.1933398942976985
4625,0.0434936916765829,0.04225854791738437
4639,9.53668096936866e-07,0.028552980521923677
4647,9.53668096936866e-07,0.028552980521923677
4648,1.7916803510931167e-05,0.07787810864745393
4649,0.00021330801398788957,0.12824469673497596
4650,0.00021330801398788957,0.12824469673497596
4651,0.00021330801398788957,0.12824469673497596
4652,0.00021330801398788957,0.12824469673497596
4653,0.00021250457637778108,0.12821429502349257
4654,0.00021250457637778108,0.12821429502349257
4655,0.00021250457637778108,0.12821429502349257
4656,0.00021250457637778108,0.12821429502349257
4657,0.00022171129029280312,0.12390032457893618
4658,0.00022171129029280312,0.12390032457893618
4659,0.00022171129029280312,0.12390032457893618
4660,0.00022171129029280312,0.12390032457893618
4661,3.028717540098924e-07,0.08169521979126404
4684,0.017673146978254284,0.1285568338437858
4685,0.028764072021383535,0.14578814318130695
4694,0.0011456433024933377,0.4738312161371026
4695,0.0011456433024933377,0.4738312161371026
4696,0.0011456433024933377,0.4738312161371026
4697,0.0011456433024933377,0.4738312161371026
4698,0.0011456433024933377,0.4738312161371026
4699,0.0011456433024933377,0.4738312161371026
4700,0.0011456433024933377,0.4738312161371026
4701,0.00040128372799208556,0.5615068934356224
4702,0.00040128372799208556,0.5615068934356224
4703,0.00040128372799208556,0.5615068934356224
4704,0.00040128372799208556,0.5615068934356224
4705,0.00040128372799208556,0.5615068934356224
4706,0.00040128372799208556,0.5615068934356224
4707,0.00040128372799208556,0.5615068934356224
4708,2.6297857911639078e-05,0.4502682981121334
4709,0.3684485003036915,0.28312904788432935
4716,0.3684485003036915,0.28312904788432935
4717,0.3684485003036915,0.28312904788432935
4718,0.3684485003036915,0.28312904788432935
4719,0.3684485003036915,0.28312904788432935
4720,0.3684485003036915,0.28312904788432935
4721,0.3684485003036915,0.28312904788432935
4722,0.3684485003036915,0.28312904788432935
4723,0.3684485003036915,0.28312904788432935
4724,0.3684485003036915,0.28312904788432935
4727,4.620239646424551e-08,0.019495587062420494
4730,0.0022873011779388497,0.10936906533374957
4777,0.007126616754690063,0.5078507121882969
4813,0.026464811834035817,0.051908252557346546
4814,0.026464811834035817,0.051908252557346546
4815,0.026464811834035817,0.051908252557346546
4816,0.026464811834035817,0.051908252557346546
4817,0.026464811834035817,0.051908252557346546
4820,0.08705800505530725,0.12979205373033798
4821,0.08705800505530725,0.12979205373033798
4822,0.08705800505530725,0.12979205373033798
4823,0.08705800505530725,0.12979205373033798
4824,0.08705800505530725,0.12979205373033798
4827,0.13573447205214284,0.19376770113455366
4828,0.13573447205214284,0.19376770113455366
4829,0.13573447205214284,0.19376770113455366
4830,0.13573447205214284,0.19376770113455366
4831,0.13573447205214284,0.19376770113455366
4834,0.07443059473514113,0.1322022089306104
4835,0.07443059473514113,0.1322022089306104
4836,0.07443059473514113,0.1322022089306104
4837,0.07443059473514113,0.1322022089306104
4838,0.07443059473514113,0.1322022089306104
4841,0.16316991100102995,0.16551366289956104
4842,0.16316991100102995,0.16551366289956104
4843,0.16316991100102995,0.16551366289956104
4844,0.16316991100102995,0.16551366289956104
4845,0.16316991100102995,0.16551366289956104
4848,0.10635068826734195,0.16963314182691813
4849,0.10635068826734195,0.16963314182691813
4850,0.10635068826734195,0.16963314182691813
4851,0.10635068826734195,0.16963314182691813
4852,0.10635068826734195,0.16963314182691813
4879,0.00026920995172985407,0.23726553456698973
4880,0.00026920995172985407,0.23726553456698973
4882,0.00026920995172985407,0.23726553456698973
4883,0.00026920995172985407,0.23726553456698973
4884,0.00026920995172985407,0.23726553456698973
4887,0.00026920995172985407,0.23726553456698973
4888,0.00026920995172985407,0.23726553456698973
4890,0.006151730347163209,0.2780003473186423
4958,0.00019493589523955634,0.19151362695347118
4959,8.992677251939973e-05,0.149899078618137
4960,8.992677251939973e-05,0.149899078618137
4961,8.992677251939973e-05,0.149899078618137
4962,8.992677251939973e-05,0.149899078618137
4963,8.992677251939973e-05,0.149899078618137
4964,8.992677251939973e-05,0.149899078618137
4965,8.992677251939973e-05,0.149899078618137
4966,8.992677251939973e-05,0.149899078618137
4967,8.992677251939973e-05,0.149899078618137
4968,8.992677251939973e-05,0.149899078618137
4969,8.992677251939973e-05,0.149899078618137
4970,8.992677251939973e-05,0.149899078618137
4971,8.992677251939973e-05,0.149899078618137
4972,8.992677251939973e-05,0.149899078618137
4973,0.0013077391062136234,0.2193580852051945
4975,0.0013077391062136234,0.2193580852051945
4976,0.0013077391062136234,0.2193580852051945
4977,0.0013077391062136234,0.2193580852051945
4980,0.0013077391062136234,0.2193580852051945
4982,0.0013077391062136234,0.2193580852051945
4996,0.0015107312226816383,0.4222280590041978
4997,0.003456751124968016,0.4692277845525976
4998,0.0026462476290125547,0.47773607308959987
4999,0.00029020438757509925,0.2920203789271476
5000,7.1698637998940384e-06,0.13005083453891308
5001,0.0015107312226816383,0.4222280590041978
5002,0.003456751124968016,0.4692277845525976
5003,0.0026462476290125547,0.47773607308959987
5004,0.00029020438757509925,0.2920203789271476
5005,7.1698637998940384e-06,0.13005083453891308
5040,0.0023868623336307238,0.3101212719876736
5043,0.0023868623336307238,0.3101212719876736
5046,0.0023868623336307238,0.3101212719876736
5074,0.3761795466341096,0.09277386494067796
5143,0.4125100987123931,0.15872278194631106
5211,0.1389349076225972,0.13829272030634754
5280,0.0011898425127633283,0.12037992563353217
5281,0.0011898425127633283,0.12037992563353217
5282,0.0011898425127633283,0.12037992563353217
5283,0.0011898425127633283,0.12037992563353217
5284,0.0011898425127633283,0.12037992563353217
5285,0.0011898425127633283,0.12037992563353217
5286,0.0011898425127633283,0.12037992563353217
5287,0.0011898425127633283,0.12037992563353217
5288,0.0011898425127633283,0.12037992563353217
5289,0.0011898425127633283,0.12037992563353217
5290,0.0011898425127633283,0.12037992563353217
5291,0.0011898425127633283,0.12037992563353217
5292,0.0011898425127633283,0.12037992563353217
5293,0.0011898425127633283,0.12037992563353217
5294,0.0011898425127633283,0.12037992563353217
5358,0.01555225490703227,0.10868889971367679
5359,0.01555225490703227,0.10868889971367679
5360,0.01555225490703227,0.10868889971367679
5361,0.01555225490703227,0.10868889971367679
5362,0.01555225490703227,0.10868889971367679
5363,0.01555225490703227,0.10868889971367679
5364,0.01555225490703227,0.10868889971367679
5365,0.01555225490703227,0.10868889971367679
5366,0.01555225490703227,0.10868889971367679
5367,0.01555225490703227,0.10868889971367679
5368,0.025187627739647445,0.017841809930840613
5369,0.025187627739647445,0.017841809930840613
5370,0.025187627739647445,0.017841809930840613
5371,0.025187627739647445,0.017841809930840613
5372,0.025187627739647445,0.017841809930840613
5373,0.025187627739647445,0.017841809930840613
5449,0.041786801035298304,0.06519421935085168
5450,0.041786801035298304,0.06519421935085168
5451,0.041786801035298304,0.06519421935085168
5452,0.041786801035298304,0.06519421935085168
5453,0.041786801035298304,0.06519421935085168
5454,0.041786801035298304,0.06519421935085168
5455,0.041786801035298304,0.06519421935085168
5456,0.041786801035298304,0.06519421935085168
5457,0.041786801035298304,0.06519421935085168
5458,0.041786801035298304,0.06519421935085168
5459,0.041786801035298304,0.06519421935085168
5460,0.041786801035298304,0.06519421935085168
5461,0.041786801035298304,0.06519421935085168
5462,0.041786801035298304,0.06519421935085168
5463,0.439957808983508,0.05188936427641866
5464,0.439957808983508,0.05188936427641866
5465,0.439957808983508,0.05188936427641866
5466,0.439957808983508,0.05188936427641866
5467,0.439957808983508,0.05188936427641866
5468,0.439957808983508,0.05188936427641866
5469,0.439957808983508,0.05188936427641866
5470,0.439957808983508,0.05188936427641866
5471,0.439957808983508,0.05188936427641866
5472,0.439957808983508,0.05188936427641866
5473,0.439957808983508,0.05188936427641866
5474,0.439957808983508,0.05188936427641866
5475,0.439957808983508,0.05188936427641866
5476,0.439957808983508,0.05188936427641866
5515,1.5175429268765583e-07,0.01137887119596126
5577,0.0005081507308442035,0.24082063596666115
5578,0.0005081507308442035,0.24082063596666115
5579,0.0005081507308442035,0.24082063596666115
5599,0.6107767106758522,0.16546716932141214
5600,0.5924134962113804,0.1370480968645611
5601,0.17477701804038204,0.1937605370806481
5602,0.6484865356895292,0.1536413764843091
5603,0.49622900419300975,0.16048912763653467
5604,0.1826628429644752,0.18555306693689577
5605,0.5314057111972914,0.16221239639359442
5606,0.6383400631827797,0.1411271950308024
5607,0.21004981968012282,0.1908797713611068
5608,0.23509852536389775,0.17249119107196842
5609,0.6107767106758522,0.16546716932141214
5610,0.5924134962113804,0.1370480968645611
5611,0.17477701804038204,0.1937605370806481
5612,0.6484865356895292,0.1536413764843091
5613,0.49622900419300975,0.16048912763653467
5614,0.1826628429644752,0.18555306693689577
5615,0.5314057111972914,0.16221239639359442
5616,0.6383400631827797,0.1411271950308024
5617,0.21004981968012282,0.1908797713611068
5618,0.23509852536389775,0.17249119107196842
5619,0.6107767106758522,0.16546716932141214
5620,0.5924134962113804,0.1370480968645611
5621,0.17477701804038204,0.1937605370806481
5622,0.6484865356895292,0.1536413764843091
5623,0.49622900419300975,0.16048912763653467
5624,0.1826628429644752,0.18555306693689577
5625,0.5314057111972914,0.16221239639359442
5626,0.6383400631827797,0.1411271950308024
5627,0.21004981968012282,0.1908797713611068
5628,0.23509852536389775,0.17249119107196842
5629,0.6107767106758522,0.16546716932141214
5630,0.5924134962113804,0.1370480968645611
5631,0.17477701804038204,0.1937605370806481
5632,0.6484865356895292,0.1536413764843091
5633,0.49622900419300975,0.16048912763653467
5634,0.1826628429644752,0.18555306693689577
5635,0.5314057111972914,0.16221239639359442
5636,0.6383400631827797,0.1411271950308024
5637,0.21004981968012282,0.1908797713611068
5638,0.23509852536389775,0.17249119107196842
5662,0.017961889291494226,0.26607031447441454
5663,6.493555875664025e-05,0.17495936342562945
5664,0.2589186305600093,0.29922101569155923
5665,0.2597860853851234,0.29922101569155923
5672,0.7058539047343031,0.22503351917603753
5673,0.7159852299031243,0.22312481678592222
5678,0.7170790424178469,0.13243435838595252
5682,0.6971176073781459,0.1629549799132176
5684,0.7022904159471963,0.18405041830258828
5685,0.7085786740361598,0.19226250397107647
5686,0.6740069455558848,0.22628694084226764
5687,0.5379469923055992,0.24719935639408963
5689,0.6887782042382578,0.16934274129276383
5691,0.6718969038836619,0.20878508128483075
5693,0.6093960475538047,0.1667746552079813
5694,0.4965571004474846,0.18432428008318358
5697,0.645822067840899,0.1261134502598963
5699,0.5383262443612613,0.1591137441584728
5700,0.7831733315460166,0.24284463592700456
5701,0.6976407769663687,0.1395144283199028
5702,0.36522617137885005,0.20734919763297666
5743,0.02784042174442314,0.059355633553379916
5745,0.02784042174442314,0.059355633553379916
5746,0.02784042174442314,0.059355633553379916
5747,0.02784042174442314,0.059355633553379916
5748,0.02784042174442314,0.059355633553379916
5749,0.02784042174442314,0.059355633553379916
5750,0.02784042174442314,0.059355633553379916
5751,0.02784042174442314,0.059355633553379916
5752,0.02784042174442314,0.059355633553379916
5753,0.02784042174442314,0.059355633553379916
5754,0.02784042174442314,0.059355633553379916
5756,0.02784042174442314,0.059355633553379916
5757,0.02784042174442314,0.059355633553379916
5758,0.02784042174442314,0.059355633553379916
5759,0.02784042174442314,0.059355633553379916
5760,0.02784042174442314,0.059355633553379916
5761,0.02784042174442314,0.059355633553379916
5762,0.02784042174442314,0.059355633553379916
5763,0.02784042174442314,0.059355633553379916
5764,0.04089461011756168,0.27659138336312517
5765,0.04089461011756168,0.27659138336312517
5766,0.04089461011756168,0.27659138336312517
5767,0.04089461011756168,0.27659138336312517
5768,0.04089461011756168,0.27659138336312517
5769,0.04089461011756168,0.27659138336312517
5770,0.04089461011756168,0.27659138336312517
5783,0.0013861116072991786,0.021374042401686943
5785,0.0013861116072991786,0.021374042401686943
5787,0.0013861116072991786,0.021374042401686943
5788,0.0013861116072991786,0.021374042401686943
5790,0.06130499681312873,0.2142095741834057
5792,0.06130499681312873,0.2142095741834057
5794,0.06130499681312873,0.2142095741834057
5795,0.06130499681312873,0.2142095741834057
5797,0.0017331416049191084,0.17614246993824811
5799,0.0017331416049191084,0.17614246993824811
5801,0.0017331416049191084,0.17614246993824811
5803,0.004510626062083523,0.19758241408468336
5805,0.004510626062083523,0.19758241408468336
5807,0.004510626062083523,0.19758241408468336
5857,1.3811187027368277e-07,0.08608114599028216
5858,1.3811187027368277e-07,0.08608114599028216
5859,1.3811187027368277e-07,0.08608114599028216
5860,1.3811187027368277e-07,0.08608114599028216
5861,1.3811187027368277e-07,0.08608114599028216
5862,1.3811187027368277e-07,0.08608114599028216
5863,1.3811187027368277e-07,0.08608114599028216
5864,1.3811187027368277e-07,0.08608114599028216
5875,8.294386349305682e-06,0.0653170028243647
5876,8.294386349305682e-06,0.0653170028243647
5877,8.294386349305682e-06,0.0653170028243647
5878,8.294386349305682e-06,0.0653170028243647
5879,8.294386349305682e-06,0.0653170028243647
5880,8.294386349305682e-06,0.0653170028243647
5881,8.294386349305682e-06,0.0653170028243647
5882,8.294386349305682e-06,0.0653170028243647
5883,8.294386349305682e-06,0.0653170028243647
5884,8.294386349305682e-06,0.0653170028243647
5892,0.2563545982375607,0.08951871847536708
5893,0.2563545982375607,0.08951871847536708
5894,0.2563545982375607,0.08951871847536708
5895,0.2563545982375607,0.08951871847536708
5896,0.2563545982375607,0.08951871847536708
5897,0.2563545982375607,0.08951871847536708
5911,0.19826894113859128,0.3071267943351923
5933,0.029933212985514213,0.07569299681001951
5934,0.029933212985514213,0.07569299681001951
5935,0.029933212985514213,0.07569299681001951
5936,0.029933212985514213,0.07569299681001951
5937,0.029933212985514213,0.07569299681001951
5938,0.029933212985514213,0.07569299681001951
5939,0.029933212985514213,0.07569299681001951
5940,0.029933212985514213,0.07569299681001951
5941,0.029933212985514213,0.07569299681001951
5942,0.029933212985514213,0.07569299681001951
5943,0.029933212985514213,0.07569299681001951
5944,0.029933212985514213,0.07569299681001951
5945,0.029933212985514213,0.07569299681001951
5946,0.39437874205004675,0.21185402630168726
5947,0.39437874205004675,0.21185402630168726
5948,0.39437874205004675,0.21185402630168726
5949,0.39437874205004675,0.21185402630168726
5950,0.39437874205004675,0.21185402630168726
5951,0.39437874205004675,0.21185402630168726
5952,0.39437874205004675,0.21185402630168726
5953,0.39437874205004675,0.21185402630168726
5954,0.39437874205004675,0.21185402630168726
5955,0.39437874205004675,0.21185402630168726
5956,0.39437874205004675,0.21185402630168726
5957,0.4321435167008153,0.23151095406382627
5958,0.4321435167008153,0.23151095406382627
5959,0.4321435167008153,0.23151095406382627
5960,0.4321435167008153,0.23151095406382627
5961,0.4321435167008153,0.23151095406382627
5962,0.4321435167008153,0.23151095406382627
5963,0.4321435167008153,0.23151095406382627
5964,0.4321435167008153,0.23151095406382627
5965,0.4321435167008153,0.23151095406382627
5966,0.4321435167008153,0.23151095406382627
5967,0.4321435167008153,0.23151095406382627
5968,0.3528025656687219,0.31515467655326757
5969,0.3528025656687219,0.31515467655326757
5970,0.3528025656687219,0.31515467655326757
5971,0.3528025656687219,0.31515467655326757
5972,0.3528025656687219,0.31515467655326757
5973,0.3528025656687219,0.31515467655326757
5974,0.3528025656687219,0.31515467655326757
5975,0.3528025656687219,0.31515467655326757
5976,0.3528025656687219,0.31515467655326757
5977,0.3528025656687219,0.31515467655326757
5978,0.3528025656687219,0.31515467655326757
6040,0.04780900462006743,0.2312624381210121
6041,0.04780900462006743,0.2312624381210121
6042,0.04780900462006743,0.2312624381210121
6043,0.04780900462006743,0.2312624381210121
6044,0.04780900462006743,0.2312624381210121
6045,0.04780900462006743,0.2312624381210121
6046,0.35227041251503877,0.2989710497956082
6047,0.35227041251503877,0.2989710497956082
6048,0.35227041251503877,0.2989710497956082
6049,0.35227041251503877,0.2989710497956082
6050,0.35227041251503877,0.2989710497956082
6051,0.35227041251503877,0.2989710497956082
6052,0.35227041251503877,0.2989710497956082
6053,0.35227041251503877,0.2989710497956082
6054,0.35227041251503877,0.2989710497956082
6055,0.35227041251503877,0.2989710497956082
6056,0.35227041251503877,0.2989710497956082
6057,0.35227041251503877,0.2989710497956082
6058,0.35227041251503877,0.2989710497956082
6059,0.35227041251503877,0.2989710497956082
6060,0.35227041251503877,0.2989710497956082
6061,0.35227041251503877,0.2989710497956082
6062,0.35227041251503877,0.2989710497956082
6063,0.35227041251503877,0.2989710497956082
6064,0.35227041251503877,0.2989710497956082
6065,0.35227041251503877,0.2989710497956082
6066,0.35227041251503877,0.2989710497956082
6067,0.35227041251503877,0.2989710497956082
6121,0.276954268964389,0.2336851405921948
6123,0.3081548014588975,0.23140334426062859
6125,0.37125755670348204,0.23580991539846385
6127,0.15650009342848759,0.26731442015063533
6206,0.018912443324126005,0.5887542930662442
6207,0.05754762408941827,0.572396768067689
6208,0.036005761681616844,0.5815301989734944
6209,0.10591442484957614,0.5272512266549019
6210,0.018912443324126005,0.5887542930662442
6211,0.05754762408941827,0.572396768067689
6212,0.036005761681616844,0.5815301989734944
6213,0.10591442484957614,0.5272512266549019
6214,0.009428250319607145,0.39493978769606264
6215,0.009534548581945468,0.4279595579753267
6216,0.009428250319607145,0.39493978769606264
6217,0.009534548581945468,0.4279595579753267
6218,0.00014761591363710025,0.7536563766546388
6219,0.0014651372644320926,0.604912647492048
6220,0.0007104689031349753,0.5408984887973933
6221,0.0017046996149634452,0.6035407056197333
6222,0.00014761591363710025,0.7536563766546388
6223,0.0014651372644320926,0.604912647492048
6224,0.0007104689031349753,0.5408984887973933
6225,0.0017046996149634452,0.6035407056197333
6226,0.00014761591363710025,0.7536563766546388
6227,0.0014651372644320926,0.604912647492048
6228,0.0007104689031349753,0.5408984887973933
6229,0.0017046996149634452,0.6035407056197333
6230,0.00014761591363710025,0.7536563766546388
6231,0.0014651372644320926,0.604912647492048
6232,0.0007104689031349753,0.5408984887973933
6233,0.0017046996149634452,0.6035407056197333
6248,0.017028601800799015,0.25871413638455887
6249,0.01392494868834493,0.24750818601285562
6259,0.00025434257524481474,0.22509854210112912
6260,0.00461439450446377,0.20102425284420622
6261,0.00025434257524481474,0.22509854210112912
6262,0.00461439450446377,0.20102425284420622
6263,0.00025434257524481474,0.22509854210112912
6264,0.00461439450446377,0.20102425284420622
6265,0.00025434257524481474,0.22509854210112912
6266,0.00461439450446377,0.20102425284420622
6267,0.00025434257524481474,0.22509854210112912
6268,0.00461439450446377,0.20102425284420622
6270,0.01706236046617038,0.4101979034742861
6271,0.03156879926289602,0.37460168221148316
6272,0.21596834910172336,0.36963740570795145
6273,0.02951291318209004,0.4242695706332733
6278,0.004390388167865744,0.41161647731437256
6279,0.017565469725408178,0.5164374463358903
6280,0.004390388167865744,0.41161647731437256
6281,0.017565469725408178,0.5164374463358903
6282,0.01375531065206903,0.25240400121911
6283,0.03722222467240599,0.29961675691930434
6284,0.01375531065206903,0.25240400121911
6285,0.03722222467240599,0.29961675691930434
6286,0.11295207612287206,0.2538837633233727
6287,0.0492225225084425,0.29846794943134813
6288,0.044216857113101415,0.5054748313218506
6289,0.040239280823471946,0.5129809063353314
6290,0.03965052604282049,0.5110192666278572
6291,0.039581082075002993,0.5126591450667269
6292,0.043245818972694194,0.5109220839211444
6293,0.018253797222289037,0.5041051922305666
6294,0.044216857113101415,0.5054748313218506
6295,0.040239280823471946,0.5129809063353314
6296,0.03965052604282049,0.5110192666278572
6297,0.039581082075002993,0.5126591450667269
6298,0.043245818972694194,0.5109220839211444
6299,0.018253797222289037,0.5041051922305666
6306,0.01405214649492259,0.7605897362626328
6307,0.01557804115670458,0.6446040238469035
6308,0.155512846558854,0.6201779513717096
6309,0.07233863555750275,0.5845647827317069
6310,0.32991054392335173,0.5586531587497159
6311,0.1686239239771331,0.6082317908549884
6312,0.01405214649492259,0.7605897362626328
6313,0.01557804115670458,0.6446040238469035
6314,0.155512846558854,0.6201779513717096
6315,0.07233863555750275,0.5845647827317069
6316,0.32991054392335173,0.5586531587497159
6317,0.1686239239771331,0.6082317908549884
6318,0.01405214649492259,0.7605897362626328
6319,0.01557804115670458,0.6446040238469035
6320,0.155512846558854,0.6201779513717096
6321,0.07233863555750275,0.5845647827317069
6351,0.0026634818188876475,0.2781465969591572
6352,0.09370647627320294,0.4591478967861953
6353,0.0026634818188876475,0.2781465969591572
6354,0.09370647627320294,0.4591478967861953
6355,0.0026634818188876475,0.2781465969591572
6356,0.0026634818188876475,0.2781465969591572
6357,0.0026634818188876475,0.2781465969591572
6358,0.0026634818188876475,0.2781465969591572
6359,0.0026634818188876475,0.2781465969591572
6360,0.0026634818188876475,0.2781465969591572
6361,0.0026634818188876475,0.2781465969591572
6362,0.0026634818188876475,0.2781465969591572
6363,0.0026634818188876475,0.2781465969591572
6364,0.0026634818188876475,0.2781465969591572
6365,0.0026634818188876475,0.2781465969591572
6366,0.0026634818188876475,0.2781465969591572
6367,0.0026634818188876475,0.2781465969591572
6368,0.09370647627320294,0.4591478967861953
6369,0.09370647627320294,0.4591478967861953
6370,0.09370647627320294,0.4591478967861953
6371,0.09370647627320294,0.4591478967861953
6372,0.09370647627320294,0.4591478967861953
6373,0.09370647627320294,0.4591478967861953
6374,0.09370647627320294,0.4591478967861953
6375,0.09370647627320294,0.4591478967861953
6376,0.09370647627320294,0.4591478967861953
6377,0.09370647627320294,0.4591478967861953
6378,0.09370647627320294,0.4591478967861953
6379,0.09370647627320294,0.4591478967861953
6380,0.10965911864720057,0.46106119119794375
6381,0.10965911864720057,0.46106119119794375
6382,0.10965911864720057,0.46106119119794375
6383,0.10965911864720057,0.46106119119794375
6384,0.10965911864720057,0.46106119119794375
6385,0.10965911864720057,0.46106119119794375
6401,0.0021828283496069245,0.2490629606549618
6402,0.0021828283496069245,0.2490629606549618
6403,0.0021828283496069245,0.2490629606549618
6404,0.0021828283496069245,0.2490629606549618
6405,0.0021828283496069245,0.2490629606549618
6406,0.0021828283496069245,0.2490629606549618
6407,0.0016527050195118687,0.259361591152393
6408,0.0016527050195118687,0.259361591152393
6409,0.0016527050195118687,0.259361591152393
6410,0.0016527050195118687,0.259361591152393
6411,0.0016527050195118687,0.259361591152393
6412,0.0016527050195118687,0.259361591152393
6416,0.006533377091254788,0.4444786092847193
6417,0.006533377091254788,0.4444786092847193
6418,0.006533377091254788,0.4444786092847193
6419,0.006533377091254788,0.4444786092847193
6421,0.002691293536567829,0.5799963118790714
6422,0.002691293536567829,0.5799963118790714
6423,0.002691293536567829,0.5799963118790714
6424,0.002691293536567829,0.5799963118790714
6426,0.1713940553660972,0.4327481475866065
6427,0.1713940553660972,0.4327481475866065
6428,0.1713940553660972,0.4327481475866065
6429,0.1713940553660972,0.4327481475866065
6430,0.006533377091254788,0.4444786092847193
6431,0.002691293536567829,0.5799963118790714
6432,0.1713940553660972,0.4327481475866065
6440,0.0009525340968323803,0.10114300561892875
6445,0.0043106097055714,0.04457323588536144
6446,0.03605002926482903,0.24366902013186031
6447,0.2402183642536595,0.3348179999387598
6448,0.2543891226964543,0.7551684355070885
6459,0.0021116260777377382,0.44689187738667946
6460,0.0021116260777377382,0.44689187738667946
6461,0.0021116260777377382,0.44689187738667946
6462,0.004306341652562828,0.4253118284387415
6463,0.004306341652562828,0.4253118284387415
6464,0.004306341652562828,0.4253118284387415
6465,0.01706633532332591,0.3101922500587828
6466,0.01706633532332591,0.3101922500587828
6467,0.01706633532332591,0.3101922500587828
6468,0.1218007403832263,0.2521768828216965
6469,0.1218007403832263,0.2521768828216965
6470,0.1218007403832263,0.2521768828216965
6476,0.0001348785203367786,0.6928795469299538
6477,0.02976271421482435,0.5018496022016706
6478,0.004130951996389576,0.5899682147137741
6479,0.00011531822430999039,0.7471387185621424
6480,0.0046277772899573355,0.535221590698144
6481,0.00015253573289963906,0.25740790916624356
6482,0.0046277772899573355,0.535221590698144
6483,0.00015253573289963906,0.25740790916624356
6487,0.39025972652513785,0.1010752641695365
6500,0.09296722507080124,0.5152297941042342
6501,0.12622710494964018,0.428748716083971
6502,0.09296722507080124,0.5152297941042342
6503,0.12622710494964018,0.428748716083971
6504,2.5430272484694427e-05,0.24313324319405105
6505,0.005764990933157632,0.4092344021096507
6506,0.12738061389450916,0.323060275129165
6507,0.03583814326590162,0.3227334343652123
6508,0.00037465799081726203,0.48844897121471353
6509,0.00037465799081726203,0.48844897121471353
6510,2.5430272484694427e-05,0.24313324319405105
6511,0.005764990933157632,0.4092344021096507
6512,0.12738061389450916,0.323060275129165
6513,0.03583814326590162,0.3227334343652123
6526,0.0845091475241937,0.4155381652037976
6536,4.890836600046633e-05,0.600769878353774
6537,7.521497915252695e-05,0.597613349251862
6538,4.792854497814858e-05,0.5993302289168606
6539,7.420385769585369e-05,0.5984048441956776
6540,0.186794841791044,0.36849382938326025
6541,0.023093436880540996,0.4891642305780335
6542,0.18196702484406968,0.39958702004076596
6543,0.14492069804259566,0.3716612920811675
6548,0.011155911650633454,0.4165939006296636
6549,0.03835767769514542,0.4046189952828255
6550,0.011155911650633454,0.4165939006296636
6551,0.03835767769514542,0.4046189952828255
6552,0.0008483882520566866,0.5499408250899857
6553,0.0039378613746914315,0.3040904742833248
6554,0.037640689106878567,0.47127473055079067
6555,0.0008483882520566866,0.5499408250899857
6556,0.0039378613746914315,0.3040904742833248
6557,0.037640689106878567,0.47127473055079067
6558,0.0008483882520566866,0.5499408250899857
6559,0.0039378613746914315,0.3040904742833248
6560,0.037640689106878567,0.47127473055079067
6561,0.0008483882520566866,0.5499408250899857
6562,0.0039378613746914315,0.3040904742833248
6563,0.037640689106878567,0.47127473055079067
6564,0.0001026709887514965,0.4803400530483736
6565,0.00510934430777743,0.4467631399932839
6566,0.0021565123398072927,0.48077463955058636
6567,0.0001026709887514965,0.4803400530483736
6568,0.00510934430777743,0.4467631399932839
6569,0.0021565123398072927,0.48077463955058636
6571,0.01589021807455382,0.1916065024903948
6590,0.02629815782792555,0.43257355846659795
6591,0.02629815782792555,0.43257355846659795
6614,0.0002430805784253698,0.5626788553144053
6621,0.05554378307890184,0.430052863898574
6622,0.05554378307890184,0.430052863898574
6623,0.05554378307890184,0.430052863898574
6624,0.05554378307890184,0.430052863898574
6625,0.005322099942792424,0.5479327606261132
6627,0.005322099942792424,0.5479327606261132
6628,0.005322099942792424,0.5479327606261132
6629,0.005322099942792424,0.5479327606261132
6630,0.008197602323362085,0.5184618149075575
6632,0.008197602323362085,0.5184618149075575
6633,0.008197602323362085,0.5184618149075575
6634,0.008197602323362085,0.5184618149075575
6635,0.0013030292703680724,0.3628783004295836
6636,0.023398219569324086,0.454268971556967
6637,0.05447933534136995,0.5444298805119601
6638,0.08013243454791175,0.5705767374020545
6639,0.000318910293723329,0.618850774848276
6640,0.0013030292703680724,0.3628783004295836
6641,0.023398219569324086,0.454268971556967
6642,0.05447933534136995,0.5444298805119601
6643,0.08013243454791175,0.5705767374020545
6644,0.000318910293723329,0.618850774848276
6645,0.0013030292703680724,0.3628783004295836
6646,0.023398219569324086,0.454268971556967
6647,0.05447933534136995,0.5444298805119601
6648,0.08013243454791175,0.5705767374020545
6649,0.000318910293723329,0.618850774848276
6650,0.0013030292703680724,0.3628783004295836
6651,0.023398219569324086,0.454268971556967
6652,0.05447933534136995,0.5444298805119601
6653,0.08013243454791175,0.5705767374020545
6654,0.000318910293723329,0.618850774848276
6655,0.0013030292703680724,0.3628783004295836
6656,0.023398219569324086,0.454268971556967
6657,0.05447933534136995,0.5444298805119601
6658,0.08013243454791175,0.5705767374020545
6659,0.000318910293723329,0.618850774848276
6662,0.00158855409419556,0.2101344668155961
6663,0.00158855409419556,0.2101344668155961
6664,0.00158855409419556,0.2101344668155961
6665,0.00158855409419556,0.2101344668155961
6666,0.00158855409419556,0.2101344668155961
6667,0.0014250337710651761,0.3670016911959981
6668,0.0014250337710651761,0.3670016911959981
6669,0.0014250337710651761,0.3670016911959981
6670,0.0014250337710651761,0.3670016911959981
6671,0.0014250337710651761,0.3670016911959981
6672,0.04207870576644235,0.14085352694813147
6673,0.04207870576644235,0.14085352694813147
6674,0.04207870576644235,0.14085352694813147
6675,0.04207870576644235,0.14085352694813147
6676,0.04207870576644235,0.14085352694813147
6677,0.07490699038448867,0.3501016416634244
6678,0.07490699038448867,0.3501016416634244
6679,0.07490699038448867,0.3501016416634244
6680,0.07490699038448867,0.3501016416634244
6681,0.07490699038448867,0.3501016416634244
6682,0.00158855409419556,0.2101344668155961
6683,0.0014250337710651761,0.3670016911959981
6684,0.04207870576644235,0.14085352694813147
6685,0.07490699038448867,0.3501016416634244
6686,0.00158855409419556,0.2101344668155961
6687,0.0014250337710651761,0.3670016911959981
6688,0.04207870576644235,0.14085352694813147
6689,0.07490699038448867,0.3501016416634244
6704,0.10339994438068345,0.3867950769957884
6705,0.26256094721384193,0.3436792936827495
6706,0.12349988938353229,0.40987722839497887
6707,0.10339994438068345,0.3867950769957884
6708,0.26256094721384193,0.3436792936827495
6709,0.12349988938353229,0.40987722839497887
6713,0.00021202261035424552,0.6523089658573923
6714,0.00021202261035424552,0.6523089658573923
6716,0.00021202261035424552,0.6523089658573923
6717,0.00021166159125907136,0.6528238844665254
6718,0.00021166159125907136,0.6528238844665254
6720,0.00021166159125907136,0.6528238844665254
6729,0.0025937623133950316,0.26110099375509965
6731,0.0025937623133950316,0.26110099375509965
6732,4.55709607954935e-05,0.1442539107549391
6733,4.55709607954935e-05,0.1442539107549391
6738,0.03514208854060974,0.5734443416994748
6739,0.00234566643971601,0.6539267854806919
6740,0.001400356592840546,0.5645659346279157
6741,0.03514208854060974,0.5734443416994748
6742,0.00234566643971601,0.6539267854806919
6743,0.001400356592840546,0.5645659346279157
6747,0.0003122354176076092,0.5667686678936982
6748,7.276811242240555e-05,0.5908369794593757
6749,0.0003122354176076092,0.5667686678936982
6750,7.276811242240555e-05,0.5908369794593757
6751,0.00018728659940769887,0.40629673407262135
6752,0.00018728659940769887,0.40629673407262135
6753,0.00018728659940769887,0.40629673407262135
6754,0.00018728659940769887,0.40629673407262135
6755,0.00018728659940769887,0.40629673407262135
6756,0.00018728659940769887,0.40629673407262135
6757,0.00018728659940769887,0.40629673407262135
6758,9.445974319555184e-05,0.3605491710765645
6759,9.445974319555184e-05,0.3605491710765645
6760,9.445974319555184e-05,0.3605491710765645
6761,9.445974319555184e-05,0.3605491710765645
6762,9.445974319555184e-05,0.3605491710765645
6763,9.445974319555184e-05,0.3605491710765645
6764,9.445974319555184e-05,0.3605491710765645
6765,0.0015680201699973528,0.23239339452864882
6766,0.0015680201699973528,0.23239339452864882
6767,0.0015680201699973528,0.23239339452864882
6768,0.0015680201699973528,0.23239339452864882
6769,0.0015680201699973528,0.23239339452864882
6770,0.0015680201699973528,0.23239339452864882
6771,0.0015680201699973528,0.23239339452864882
6779,0.000330389559694777,0.55746117648398
6780,3.863017411298575e-05,0.5976703396459982
6781,0.003823848316385714,0.5375624692017418
6782,3.832737883624482e-06,0.5538997638951895
6783,0.0042570730434401405,0.5359927677230987
6784,2.437129063559418e-06,0.5458163275820247
6785,5.389723277682279e-07,0.5253072275136437
6786,0.0035379338825095585,0.342659673747541
6788,0.0035379338825095585,0.342659673747541
6789,0.0035379338825095585,0.342659673747541
6790,0.0075754243280530265,0.4097717704308511
6792,0.0075754243280530265,0.4097717704308511
6793,0.0075754243280530265,0.4097717704308511
6794,0.0035379338825095585,0.342659673747541
6795,0.0075754243280530265,0.4097717704308511
6798,1.3441575264727668e-05,0.686305882254322
6800,1.3441575264727668e-05,0.686305882254322
6801,1.3441575264727668e-05,0.686305882254322
6802,1.3441575264727668e-05,0.686305882254322
6803,1.3441575264727668e-05,0.686305882254322
6804,1.5788864302646033e-06,0.7436298310116846
6806,1.5788864302646033e-06,0.7436298310116846
6807,1.5788864302646033e-06,0.7436298310116846
6808,1.5788864302646033e-06,0.7436298310116846
6809,1.5788864302646033e-06,0.7436298310116846
6851,0.005347283930448032,0.07164236247965905
6856,0.005347283930448032,0.07164236247965905
6877,0.00027839530155227,0.4225620914213547
6878,0.00027839530155227,0.4225620914213547
6880,0.00027839530155227,0.4225620914213547
6881,0.00027839530155227,0.4225620914213547
6882,0.00027839530155227,0.4225620914213547
6886,0.015351943943884394,0.36032053734499625
6887,0.015351943943884394,0.36032053734499625
6888,0.015351943943884394,0.36032053734499625
6890,0.015351943943884394,0.36032053734499625
6891,0.015351943943884394,0.36032053734499625
6893,0.015351943943884394,0.36032053734499625
6896,0.0768450229618367,0.2621977177124427
6897,0.0768450229618367,0.2621977177124427
6898,0.0768450229618367,0.2621977177124427
6900,0.0768450229618367,0.2621977177124427
6901,0.0768450229618367,0.2621977177124427
6903,0.0768450229618367,0.2621977177124427
6904,0.0768450229618367,0.2621977177124427
6938,6.690027698486034e-08,0.6563037099755001
6939,6.690027698486034e-08,0.6563037099755001
6940,6.690027698486034e-08,0.6563037099755001
6941,6.690027698486034e-08,0.6563037099755001
6942,0.004141009034156595,0.645061600823273
6943,0.004141009034156595,0.645061600823273
6944,0.004141009034156595,0.645061600823273
6945,0.004141009034156595,0.645061600823273
6946,6.800031823406272e-06,0.7529191292433272
6947,6.800031823406272e-06,0.7529191292433272
6948,6.800031823406272e-06,0.7529191292433272
6949,6.800031823406272e-06,0.7529191292433272
6950,0.022555304649802377,0.5866811639825623
6951,0.022555304649802377,0.5866811639825623
6952,0.022555304649802377,0.5866811639825623
6953,0.022555304649802377,0.5866811639825623
6958,0.0012192883390335085,0.260014205033384
6959,0.0016279079884979897,0.27084316315393286
6960,5.994107903795065e-05,0.5148920465989099
6961,0.0002463650196784517,0.5011411225885021
6962,0.0002313453256794773,0.5452303599922061
6963,5.994107903795065e-05,0.5148920465989099
6964,0.0002463650196784517,0.5011411225885021
6965,0.0002313453256794773,0.5452303599922061
6990,0.010729012217350231,0.23918997061480118
7008,5.706246384407088e-06,0.3682393769798957
7009,5.706246384407088e-06,0.3682393769798957
7011,0.030655267836444455,0.4048894847734248
7012,0.030655267836444455,0.4048894847734248
7013,5.706246384407088e-06,0.3682393769798957
7014,0.030655267836444455,0.4048894847734248
7028,0.05146674716361321,0.2554808073786974
7029,0.05146674716361321,0.2554808073786974
7030,0.05146674716361321,0.2554808073786974
7031,0.05146674716361321,0.2554808073786974
7032,0.05146674716361321,0.2554808073786974
7033,0.05146674716361321,0.2554808073786974
7034,0.05146674716361321,0.2554808073786974
7035,0.05146674716361321,0.2554808073786974
7036,0.05146674716361321,0.2554808073786974
7037,0.05146674716361321,0.2554808073786974
7038,0.00038220691639234694,0.6450206304193352
7039,0.00038220691639234694,0.6450206304193352
7040,0.00038220691639234694,0.6450206304193352
7041,0.00038220691639234694,0.6450206304193352
7042,0.00038220691639234694,0.6450206304193352
7043,0.00038220691639234694,0.6450206304193352
7045,0.00038220691639234694,0.6450206304193352
7046,0.00038220691639234694,0.6450206304193352
7047,0.00038220691639234694,0.6450206304193352
7048,0.00038220691639234694,0.6450206304193352
7050,0.023527412850186558,0.30903073562923145
7051,0.023527412850186558,0.30903073562923145
7052,0.023527412850186558,0.30903073562923145
7053,0.023527412850186558,0.30903073562923145
7054,0.023527412850186558,0.30903073562923145
7055,0.023527412850186558,0.30903073562923145
7056,0.023527412850186558,0.30903073562923145
7058,0.023527412850186558,0.30903073562923145
7059,0.023527412850186558,0.30903073562923145
7060,0.023527412850186558,0.30903073562923145
7061,0.001451339288400355,0.67030199561165
7062,0.001451339288400355,0.67030199561165
7063,0.001451339288400355,0.67030199561165
7064,0.001451339288400355,0.67030199561165
7065,0.001451339288400355,0.67030199561165
7066,0.001451339288400355,0.67030199561165
7067,0.001451339288400355,0.67030199561165
7069,0.001451339288400355,0.67030199561165
7070,0.001451339288400355,0.67030199561165
7071,0.001451339288400355,0.67030199561165
7072,0.00024522933613591036,0.7404739804751577
7073,0.00024522933613591036,0.7404739804751577
7074,0.00024522933613591036,0.7404739804751577
7075,0.00024522933613591036,0.7404739804751577
7076,0.00024522933613591036,0.7404739804751577
7077,0.00024522933613591036,0.7404739804751577
7078,0.00024522933613591036,0.7404739804751577
7079,0.00024522933613591036,0.7404739804751577
7081,0.00024522933613591036,0.7404739804751577
7082,0.00024522933613591036,0.7404739804751577
7103,0.0006026006868414813,0.7210761636631917
7104,0.012385342511268438,0.5604157614827452
7105,0.003215004854286385,0.3851440292003694
7106,0.03173771408260606,0.4308977689951644
7107,0.0006026006868414813,0.7210761636631917
7108,0.012385342511268438,0.5604157614827452
7109,0.003215004854286385,0.3851440292003694
7110,0.03173771408260606,0.4308977689951644
7124,0.3882368141595751,0.06194046620039273
7133,0.00018436767179608182,0.31236637810706624
7134,0.027897678740619547,0.2840587872247339
7136,1.7172440247570364e-05,0.23632344281551365
7141,2.391597558215608e-06,0.3323400731464635
7144,0.0003923764459294876,0.4128525620430893
7280,0.09258627547123488,0.23614084803605462
7289,0.11919356670727599,0.2869946781753855
7290,0.11919356670727599,0.2869946781753855
7291,0.11919356670727599,0.2869946781753855
7292,0.11919356670727599,0.2869946781753855
7293,0.11919356670727599,0.2869946781753855
7294,0.11919356670727599,0.2869946781753855
7295,0.11919356670727599,0.2869946781753855
7296,0.11919356670727599,0.2869946781753855
7297,0.11919356670727599,0.2869946781753855
7298,0.11919356670727599,0.2869946781753855
7321,0.14939146054385444,0.46490216467805323
7322,0.14939146054385444,0.46490216467805323
7345,0.00229033769765008,0.2685737884291697
7346,0.00229033769765008,0.2685737884291697
7347,0.00229033769765008,0.2685737884291697
7348,0.00229033769765008,0.2685737884291697
7349,0.00229033769765008,0.2685737884291697
7350,0.00229033769765008,0.2685737884291697
7351,0.00229033769765008,0.2685737884291697
7352,0.00229033769765008,0.2685737884291697
7353,0.00229033769765008,0.2685737884291697
7354,0.00229033769765008,0.2685737884291697
7355,0.00229033769765008,0.2685737884291697
7356,0.00229033769765008,0.2685737884291697
7357,0.00229033769765008,0.2685737884291697
7358,0.00229033769765008,0.2685737884291697
7359,0.002321079183117525,0.2313344276897158
7360,0.002321079183117525,0.2313344276897158
7361,0.002321079183117525,0.2313344276897158
7362,0.002321079183117525,0.2313344276897158
7363,0.002321079183117525,0.2313344276897158
7364,0.002321079183117525,0.2313344276897158
7365,0.002321079183117525,0.2313344276897158
7366,0.002321079183117525,0.2313344276897158
7367,0.002321079183117525,0.2313344276897158
7368,0.002321079183117525,0.2313344276897158
7369,0.002321079183117525,0.2313344276897158
7370,0.002321079183117525,0.2313344276897158
7371,0.002321079183117525,0.2313344276897158
7372,0.002321079183117525,0.2313344276897158
7373,0.0041297576307463,0.21013515039013853
7374,0.0041297576307463,0.21013515039013853
7375,0.0041297576307463,0.21013515039013853
7376,0.0041297576307463,0.21013515039013853
7377,0.0041297576307463,0.21013515039013853
7378,0.0041297576307463,0.21013515039013853
7379,0.0041297576307463,0.21013515039013853
7380,0.0041297576307463,0.21013515039013853
7381,0.0041297576307463,0.21013515039013853
7382,0.0041297576307463,0.21013515039013853
7383,0.0041297576307463,0.21013515039013853
7384,0.0041297576307463,0.21013515039013853
7385,0.0041297576307463,0.21013515039013853
7386,0.0041297576307463,0.21013515039013853
7387,0.003984977411181756,0.190194724258816
7388,0.003984977411181756,0.190194724258816
7389,0.003984977411181756,0.190194724258816
7390,0.003984977411181756,0.190194724258816
7391,0.003984977411181756,0.190194724258816
7392,0.003984977411181756,0.190194724258816
7393,0.003984977411181756,0.190194724258816
7394,0.003984977411181756,0.190194724258816
7395,0.003984977411181756,0.190194724258816
7396,0.003984977411181756,0.190194724258816
7397,0.003984977411181756,0.190194724258816
7398,0.003984977411181756,0.190194724258816
7399,0.003984977411181756,0.190194724258816
7400,0.003984977411181756,0.190194724258816
7467,0.9567148535048529,0.29816845514233437
7468,0.9567148535048529,0.29816845514233437
7530,0.3416959109364446,0.15156455545113023
7531,0.3416959109364446,0.15156455545113023
7535,0.11137176483793898,0.1248334003661794
7537,0.25062423746607665,0.1339515992394913
7538,0.25062423746607665,0.1339515992394913
7542,0.13914759267319932,0.12335197048534019
7543,0.13914759267319932,0.12335197048534019
7544,0.13914759267319932,0.12335197048534019
7546,0.05180830192619257,0.0946604253836657
7548,0.02364079844999556,0.09667625302485905
7551,0.1297490916357632,0.13156443474665802
7552,0.1297490916357632,0.13156443474665802
7553,0.1297490916357632,0.13156443474665802
7555,0.05141418081169791,0.09478113584445791
7557,0.021741879242427653,0.09584740504076339
7559,0.0745711722360376,0.13827514779319183
7560,0.0745711722360376,0.13827514779319183
7561,0.0745711722360376,0.13827514779319183
7563,0.022373762690772292,0.10625174214487387
7566,0.19362741207888678,0.12728521472784293
7567,0.19362741207888678,0.12728521472784293
7569,0.6525245119382326,0.24892245357381737
7570,0.6926401751030979,0.26462240876987575
7571,0.6400206322982991,0.2421955242774516
7572,0.674925977705032,0.25451403988281396
7573,0.6682890711954067,0.24782846680004034
7574,0.7185709210678355,0.2616613926293898
7575,0.7279419863726084,0.2615270499474689
7576,0.7236383548471749,0.26097138087092286
7577,0.6525245119382326,0.24892245357381737
7578,0.6926401751030979,0.26462240876987575
7579,0.6400206322982991,0.2421955242774516
7580,0.674925977705032,0.25451403988281396
7581,0.6682890711954067,0.24782846680004034
7582,0.7185709210678355,0.2616613926293898
7583,0.7279419863726084,0.2615270499474689
7584,0.7236383548471749,0.26097138087092286
7629,0.012931060181186838,0.174558600370184
7631,0.03630137074533113,0.3385769212099694
7632,0.20607727547036203,0.30924291966659034
7636,0.17980220485728282,0.32644983261498683
7652,0.007443690710352113,0.13557495429934563
7653,0.1542798249430899,0.3873333334555654
7654,0.1542798249430899,0.3873333334555654
7679,0.02762587433170649,0.34870190254569255
7685,0.0668065104066542,0.31524895843473755
7764,0.025359960409930604,0.07618145831882306
7765,0.15500785728493183,0.2323993566319007
7766,0.061870566643676406,0.1610397507653677
7767,0.1305647752028487,0.2568973022340869
7768,0.049717544130968294,0.03510268510225123
7769,0.2301745997775515,0.18972440137677582
7770,0.05851064726417032,0.07722090574444496
7771,0.28296546713621495,0.16514643598089973
7772,0.12975583337955143,0.041931482750839244
7773,0.0021902235122072122,0.07959945233977028
7774,0.06576485130865084,0.27745708452224616
7775,0.05051964143064125,0.25395935329490704
7776,0.014483428919294439,0.44904835467924853
7777,0.020062772178371047,0.17215023491842318
7778,0.08944632375344075,0.34662029922848125
7779,0.05533577562833514,0.336601435519188
7780,0.025359960409930604,0.07618145831882306
7781,0.15500785728493183,0.2323993566319007
7782,0.061870566643676406,0.1610397507653677
7783,0.1305647752028487,0.2568973022340869
7784,0.049717544130968294,0.03510268510225123
7785,0.2301745997775515,0.18972440137677582
7786,0.05851064726417032,0.07722090574444496
7787,0.28296546713621495,0.16514643598089973
7788,0.12975583337955143,0.041931482750839244
7789,0.0021902235122072122,0.07959945233977028
7790,0.06576485130865084,0.27745708452224616
7791,0.05051964143064125,0.25395935329490704
7792,0.014483428919294439,0.44904835467924853
7793,0.020062772178371047,0.17215023491842318
7794,0.08944632375344075,0.34662029922848125
7795,0.05533577562833514,0.336601435519188
7813,0.15500785728493183,0.2323993566319007
7814,0.061870566643676406,0.1610397507653677
7815,0.1305647752028487,0.2568973022340869
7816,0.049717544130968294,0.03510268510225123
7817,0.2301745997775515,0.18972440137677582
7818,0.05851064726417032,0.07722090574444496
7819,0.28296546713621495,0.16514643598089973
7820,0.12975583337955143,0.041931482750839244
7821,0.0021902235122072122,0.07959945233977028
7822,0.06576485130865084,0.27745708452224616
7823,0.05051964143064125,0.25395935329490704
7824,0.014483428919294439,0.44904835467924853
7825,0.020062772178371047,0.17215023491842318
7826,0.08944632375344075,0.34662029922848125
7827,0.05533577562833514,0.336601435519188
7828,0.025359960409930604,0.07618145831882306
7829,0.15500785728493183,0.2323993566319007
7830,0.061870566643676406,0.1610397507653677
7831,0.1305647752028487,0.2568973022340869
7832,0.049717544130968294,0.03510268510225123
7833,0.2301745997775515,0.18972440137677582
7834,0.05851064726417032,0.07722090574444496
7835,0.28296546713621495,0.16514643598089973
7836,0.12975583337955143,0.041931482750839244
7837,0.0021902235122072122,0.07959945233977028
7838,0.06576485130865084,0.27745708452224616
7839,0.05051964143064125,0.25395935329490704
7840,0.014483428919294439,0.44904835467924853
7841,0.020062772178371047,0.17215023491842318
7842,0.08944632375344075,0.34662029922848125
7843,0.05533577562833514,0.336601435519188
7856,0.06961670947899667,0.37461119819847144
7861,0.03170019407515701,0.43082178711008334
7863,0.03170019407515701,0.43082178711008334
7864,0.03170019407515701,0.43082178711008334
7865,0.03170019407515701,0.43082178711008334
7889,1.2331124610298616e-05,0.7775128009620713
7894,1.2331124610298616e-05,0.7775128009620713
7895,1.2331124610298616e-05,0.7775128009620713
7896,1.2331124610298616e-05,0.7775128009620713
7897,1.2331124610298616e-05,0.7775128009620713
7898,0.00027251927859317515,0.05177122492848352
7903,0.00027251927859317515,0.05177122492848352
7904,0.00027251927859317515,0.05177122492848352
7905,0.00027251927859317515,0.05177122492848352
7906,0.00027251927859317515,0.05177122492848352
7907,1.2331124610298616e-05,0.7775128009620713
7908,0.00027251927859317515,0.05177122492848352
7928,0.4407182295523705,0.13707759264391584
7937,0.00042308912014588085,0.7141418769951533
7938,1.625274220751205e-05,0.750469185811944
7939,0.01543872061805207,0.5905749125196976
7940,0.004290419435769244,0.6833159457106961
7941,0.4407182295523705,0.13707759264391584
7942,0.05225685168457039,0.5242497588084047
7943,0.15800907214243232,0.20878095410566577
8143,5.203954246624232e-05,0.19542019837689384
8153,0.0395034229673451,0.10202249691742848
8154,0.020555555618241517,0.15086238652876882
8155,0.0395034229673451,0.10202249691742848
8156,0.020555555618241517,0.15086238652876882
8157,0.0395034229673451,0.10202249691742848
8158,0.020555555618241517,0.15086238652876882
8159,0.0395034229673451,0.10202249691742848
8160,0.020555555618241517,0.15086238652876882
8165,4.969612253491462e-06,0.13616732201238124
8166,8.139963959763463e-06,0.2822835923045829
8167,0.03828846430795696,0.4100199952767116
8168,0.04521550092662441,0.3500556908742031
8169,4.969612253491462e-06,0.13616732201238124
8170,8.139963959763463e-06,0.2822835923045829
8171,0.03828846430795696,0.4100199952767116
8172,0.04521550092662441,0.3500556908742031
8173,4.760352823041103e-08,0.6589883807084099
8174,4.760352823041103e-08,0.6589883807084099
8175,4.760352823041103e-08,0.6589883807084099
8177,4.760352823041103e-08,0.6589883807084099
8178,4.760352823041103e-08,0.6589883807084099
8179,0.00015663467330895298,0.29443147726363994
8180,0.00015663467330895298,0.29443147726363994
8181,0.00015663467330895298,0.29443147726363994
8183,0.00015663467330895298,0.29443147726363994
8184,0.00015663467330895298,0.29443147726363994
8185,0.000280035747822982,0.6391328543094795
8186,0.000280035747822982,0.6391328543094795
8187,0.000280035747822982,0.6391328543094795
8189,0.000280035747822982,0.6391328543094795
8190,0.000280035747822982,0.6391328543094795
8242,0.012301191318283333,0.07668732250470023
8243,0.012301191318283333,0.07668732250470023
8244,0.012301191318283333,0.07668732250470023
8245,0.012301191318283333,0.07668732250470023
8246,0.012301191318283333,0.07668732250470023
8247,0.012301191318283333,0.07668732250470023
8248,0.012301191318283333,0.07668732250470023
8249,0.012301191318283333,0.07668732250470023
8250,0.012301191318283333,0.07668732250470023
8251,0.012301191318283333,0.07668732250470023
8283,0.0009358919170360247,0.3610450613175553
8284,0.0009358919170360247,0.3610450613175553
8290,4.099990386130514e-05,0.6417751998675475
8291,4.099990386130514e-05,0.6417751998675475
8292,4.099990386130514e-05,0.6417751998675475
8294,4.099990386130514e-05,0.6417751998675475
8295,0.004473544864265655,0.31224405035525704
8296,0.004473544864265655,0.31224405035525704
8297,0.004473544864265655,0.31224405035525704
8299,0.004473544864265655,0.31224405035525704
8300,0.0003386254314735604,0.4177998541945962
8301,0.0003386254314735604,0.4177998541945962
8302,0.0003386254314735604,0.4177998541945962
8304,0.0003386254314735604,0.4177998541945962
8305,0.0013929458018536733,0.26982384890226063
8306,0.0013929458018536733,0.26982384890226063
8307,0.0013929458018536733,0.26982384890226063
8309,0.0013929458018536733,0.26982384890226063
8310,0.004439927126576482,0.29180924012342124
8311,0.004439927126576482,0.29180924012342124
8312,0.004439927126576482,0.29180924012342124
8314,0.004439927126576482,0.29180924012342124
8315,0.005122035732691987,0.33389122521337733
8316,0.005122035732691987,0.33389122521337733
8317,0.005122035732691987,0.33389122521337733
8319,0.005122035732691987,0.33389122521337733
8320,2.582262299588578e-05,0.08511458759878465
8321,2.582262299588578e-05,0.08511458759878465
8322,2.582262299588578e-05,0.08511458759878465
8324,2.582262299588578e-05,0.08511458759878465
8325,0.0013237191624471123,0.2460170998605854
8326,0.0013237191624471123,0.2460170998605854
8327,0.0013237191624471123,0.2460170998605854
8329,0.0013237191624471123,0.2460170998605854
8330,5.682943556850617e-07,0.0327392607833088
8331,5.682943556850617e-07,0.0327392607833088
8332,5.682943556850617e-07,0.0327392607833088
8334,5.682943556850617e-07,0.0327392607833088
8335,0.018891181480900077,0.21454558523448097
8336,0.018891181480900077,0.21454558523448097
8337,0.018891181480900077,0.21454558523448097
8339,0.018891181480900077,0.21454558523448097
8417,0.09548158850392552,0.07547450462429228
8418,0.09262997239363968,0.16312876514309593
8419,0.06935234740209306,0.13118152336973388
8420,0.04697938203384722,0.2177200639119763
8421,0.09548158850392552,0.07547450462429228
8422,0.09262997239363968,0.16312876514309593
8423,0.06935234740209306,0.13118152336973388
8424,0.04697938203384722,0.2177200639119763
8426,7.193216029599547e-06,0.7836032799776635
8427,7.193216029599547e-06,0.7836032799776635
8428,7.193216029599547e-06,0.7836032799776635
8430,7.193216029599547e-06,0.7836032799776635
8431,7.193216029599547e-06,0.7836032799776635
8432,7.193216029599547e-06,0.7836032799776635
8435,0.07558804469761116,0.45699248555939476
8436,0.07558804469761116,0.45699248555939476
8437,0.07558804469761116,0.45699248555939476
8439,0.07558804469761116,0.45699248555939476
8440,0.07558804469761116,0.45699248555939476
8441,0.07558804469761116,0.45699248555939476
8444,0.05761681635961946,0.30480641913041784
8445,0.05761681635961946,0.30480641913041784
8446,0.05761681635961946,0.30480641913041784
8448,0.05761681635961946,0.30480641913041784
8449,0.05761681635961946,0.30480641913041784
8450,0.05761681635961946,0.30480641913041784
8453,0.07552862002498528,0.4569152253702714
8454,0.07552862002498528,0.4569152253702714
8455,0.07552862002498528,0.4569152253702714
8457,0.07552862002498528,0.4569152253702714
8458,0.07552862002498528,0.4569152253702714
8459,0.07552862002498528,0.4569152253702714
8463,7.480375420976237e-06,0.09604661224874123
8464,7.480375420976237e-06,0.09604661224874123
8468,9.153426276797827e-05,0.0770040240795069
8469,9.153426276797827e-05,0.0770040240795069
8473,0.0011414273661731755,0.27922284158075894
8474,0.0011414273661731755,0.27922284158075894
8557,0.7674305784488139,0.3019749108322468
8558,0.7674305784488139,0.3019749108322468
8559,0.7674305784488139,0.3019749108322468
8560,0.7674305784488139,0.3019749108322468
8561,0.7674305784488139,0.3019749108322468
8562,0.7674305784488139,0.3019749108322468
8580,0.010338442173876472,0.4831275989572356
8581,0.0027732947409466746,0.09682140958542129
8582,0.0027732947409466746,0.09682140958542129
8585,0.3033228967446562,0.10563204270934856
8586,0.3033228967446562,0.10563204270934856
8587,0.3033228967446562,0.10563204270934856
8591,0.3032104304183616,0.034603616678223315
8592,0.3032104304183616,0.034603616678223315
8596,0.18518425212404432,0.08566451179909529
8597,0.18518425212404432,0.08566451179909529
8598,9.661952191653e-07,0.76160255761467
8599,0.0007024741562735581,0.4262823305670288
8600,0.013734242706908373,0.18472376387564426
8601,7.413447501281034e-05,0.6426426602010237
8603,1.4992478160169576e-05,0.17277584551089953
8605,2.1980993759496137e-05,0.08737847914959107
8607,3.912887910129115e-05,0.10480712016431193
8618,0.0015555507934130741,0.422540979661032
8619,0.003934331592499896,0.41509411576950217
8620,0.044286383853929134,0.37908679383330035
8621,0.07157889404070805,0.28643478434936975
8622,0.020786610477975254,0.39641689029143323
8623,5.794437275552511e-07,0.5265112137072231
8630,0.0015555507934130741,0.422540979661032
8631,0.0015555507934130741,0.422540979661032
8632,0.0015555507934130741,0.422540979661032
8633,0.0015555507934130741,0.422540979661032
8634,0.0015555507934130741,0.422540979661032
8635,0.0015555507934130741,0.422540979661032
8636,0.0015555507934130741,0.422540979661032
8637,0.0015555507934130741,0.422540979661032
8638,0.0015555507934130741,0.422540979661032
8639,0.0015555507934130741,0.422540979661032
8640,0.003934331592499896,0.41509411576950217
8641,0.003934331592499896,0.41509411576950217
8642,0.003934331592499896,0.41509411576950217
8643,0.003934331592499896,0.41509411576950217
8644,0.003934331592499896,0.41509411576950217
8645,0.003934331592499896,0.41509411576950217
8646,0.003934331592499896,0.41509411576950217
8647,0.003934331592499896,0.41509411576950217
8648,0.003934331592499896,0.41509411576950217
8649,0.003934331592499896,0.41509411576950217
8650,0.044286383853929134,0.37908679383330035
8651,0.044286383853929134,0.37908679383330035
8652,0.044286383853929134,0.37908679383330035
8653,0.044286383853929134,0.37908679383330035
8654,0.044286383853929134,0.37908679383330035
8655,0.044286383853929134,0.37908679383330035
8656,0.044286383853929134,0.37908679383330035
8657,0.044286383853929134,0.37908679383330035
8658,0.044286383853929134,0.37908679383330035
8659,0.044286383853929134,0.37908679383330035
8660,0.07157889404070805,0.28643478434936975
8661,0.07157889404070805,0.28643478434936975
8662,0.07157889404070805,0.28643478434936975
8663,0.07157889404070805,0.28643478434936975
8664,0.07157889404070805,0.28643478434936975
8665,0.07157889404070805,0.28643478434936975
8666,0.07157889404070805,0.28643478434936975
8667,0.07157889404070805,0.28643478434936975
8668,0.07157889404070805,0.28643478434936975
8669,0.07157889404070805,0.28643478434936975
8670,0.020786610477975254,0.39641689029143323
8671,0.020786610477975254,0.39641689029143323
8672,0.020786610477975254,0.39641689029143323
8673,0.020786610477975254,0.39641689029143323
8674,0.020786610477975254,0.39641689029143323
8675,0.020786610477975254,0.39641689029143323
8676,0.020786610477975254,0.39641689029143323
8677,0.020786610477975254,0.39641689029143323
8678,0.020786610477975254,0.39641689029143323
8679,0.020786610477975254,0.39641689029143323
8680,5.794437275552511e-07,0.5265112137072231
8681,5.794437275552511e-07,0.5265112137072231
8682,5.794437275552511e-07,0.5265112137072231
8683,5.794437275552511e-07,0.5265112137072231
8684,5.794437275552511e-07,0.5265112137072231
8685,5.794437275552511e-07,0.5265112137072231
8686,5.794437275552511e-07,0.5265112137072231
8687,5.794437275552511e-07,0.5265112137072231
8688,5.794437275552511e-07,0.5265112137072231
8689,5.794437275552511e-07,0.5265112137072231
8690,0.0007683357077333808,0.12146051358614629
8691,0.0007683357077333808,0.12146051358614629
8692,0.0007683357077333808,0.12146051358614629
8716,0.05521371602786096,0.12406372811434752
8717,0.05521371602786096,0.12406372811434752
8718,0.05521371602786096,0.12406372811434752
8719,0.05521371602786096,0.12406372811434752
8720,0.05521371602786096,0.12406372811434752
8721,0.05521371602786096,0.12406372811434752
8722,0.05521371602786096,0.12406372811434752
8723,0.05521371602786096,0.12406372811434752
8724,0.05521371602786096,0.12406372811434752
8725,0.05521371602786096,0.12406372811434752
8726,0.05521371602786096,0.12406372811434752
8727,0.05521371602786096,0.12406372811434752
8728,0.05521371602786096,0.12406372811434752
8729,0.05521371602786096,0.12406372811434752
8730,0.05521371602786096,0.12406372811434752
8731,0.05521371602786096,0.12406372811434752
8732,0.05521371602786096,0.12406372811434752
8733,0.05521371602786096,0.12406372811434752
8734,0.05521371602786096,0.12406372811434752
8735,0.16964891441988583,0.09101584764910053
8736,0.16964891441988583,0.09101584764910053
8737,0.16964891441988583,0.09101584764910053
8738,0.16964891441988583,0.09101584764910053
8739,0.16964891441988583,0.09101584764910053
8740,0.16964891441988583,0.09101584764910053
8741,0.16964891441988583,0.09101584764910053
8742,0.16964891441988583,0.09101584764910053
8743,0.16964891441988583,0.09101584764910053
8744,0.16964891441988583,0.09101584764910053
8745,0.16964891441988583,0.09101584764910053
8746,0.16964891441988583,0.09101584764910053
8747,0.16964891441988583,0.09101584764910053
8748,0.16964891441988583,0.09101584764910053
8749,0.16964891441988583,0.09101584764910053
8750,0.16964891441988583,0.09101584764910053
8751,0.16964891441988583,0.09101584764910053
8752,0.16964891441988583,0.09101584764910053
8829,0.0050921572703538365,0.4685842478794451
8830,0.0050921572703538365,0.4685842478794451
8831,0.0050921572703538365,0.4685842478794451
8832,0.0050921572703538365,0.4685842478794451
8833,0.0050921572703538365,0.4685842478794451
8834,0.0050921572703538365,0.4685842478794451
8835,0.0050921572703538365,0.4685842478794451
8836,0.0050921572703538365,0.4685842478794451
8837,0.0050921572703538365,0.4685842478794451
8838,0.006165529786724577,0.23506412253108833
8839,0.006165529786724577,0.23506412253108833
8840,0.006165529786724577,0.23506412253108833
8841,0.006165529786724577,0.23506412253108833
8842,0.006165529786724577,0.23506412253108833
8843,0.006165529786724577,0.23506412253108833
8844,0.006165529786724577,0.23506412253108833
8845,0.006165529786724577,0.23506412253108833
8846,0.0032417414894181373,0.49122977598127027
8847,0.0032417414894181373,0.49122977598127027
8848,0.0032417414894181373,0.49122977598127027
8849,0.0032417414894181373,0.49122977598127027
8850,0.0032417414894181373,0.49122977598127027
8851,0.0032417414894181373,0.49122977598127027
8852,0.0032417414894181373,0.49122977598127027
8853,0.0032417414894181373,0.49122977598127027
8854,0.0032417414894181373,0.49122977598127027
8855,0.008469081140821122,0.2672743492567944
8856,0.008469081140821122,0.2672743492567944
8857,0.008469081140821122,0.2672743492567944
8858,0.008469081140821122,0.2672743492567944
8859,0.008469081140821122,0.2672743492567944
8860,0.008469081140821122,0.2672743492567944
8861,0.008469081140821122,0.2672743492567944
8862,0.008469081140821122,0.2672743492567944
8863,0.008469081140821122,0.2672743492567944
8864,0.005031662230363887,0.055115112535701005
8865,0.005031662230363887,0.055115112535701005
8866,0.005031662230363887,0.055115112535701005
8867,0.005031662230363887,0.055115112535701005
8868,0.005031662230363887,0.055115112535701005
8869,0.005031662230363887,0.055115112535701005
8870,0.0004688709593532181,0.3442983800096888
8871,0.0004688709593532181,0.3442983800096888
8872,0.0004688709593532181,0.3442983800096888
8873,0.0004688709593532181,0.3442983800096888
8874,0.0004688709593532181,0.3442983800096888
8875,0.0004688709593532181,0.3442983800096888
8876,0.0004688709593532181,0.3442983800096888
8877,0.0004688709593532181,0.3442983800096888
8878,0.0004688709593532181,0.3442983800096888
8879,0.0010504798997376108,0.16611356680068468
8880,0.0010504798997376108,0.16611356680068468
8881,0.0010504798997376108,0.16611356680068468
8882,0.0010504798997376108,0.16611356680068468
8883,0.0010504798997376108,0.16611356680068468
8884,0.01413978404292393,0.43247318761865505
8885,0.01413978404292393,0.43247318761865505
8886,0.01413978404292393,0.43247318761865505
8887,0.01413978404292393,0.43247318761865505
8888,0.01413978404292393,0.43247318761865505
8889,0.01413978404292393,0.43247318761865505
8890,0.01413978404292393,0.43247318761865505
8891,0.01413978404292393,0.43247318761865505
8892,0.01413978404292393,0.43247318761865505
8893,0.01049163324486857,0.4550687367219446
8894,0.01049163324486857,0.4550687367219446
8895,0.01049163324486857,0.4550687367219446
8896,0.01049163324486857,0.4550687367219446
8897,0.01049163324486857,0.4550687367219446
8898,0.01049163324486857,0.4550687367219446
8899,0.01049163324486857,0.4550687367219446
8900,0.01049163324486857,0.4550687367219446
8901,0.01049163324486857,0.4550687367219446
8902,0.01049163324486857,0.4550687367219446
8903,0.01012220876913894,0.05431293121761804
8904,0.01012220876913894,0.05431293121761804
8905,0.01012220876913894,0.05431293121761804
8906,0.01012220876913894,0.05431293121761804
8907,0.01012220876913894,0.05431293121761804
8915,0.01141463494181083,0.2569724085212056
8916,0.01141463494181083,0.2569724085212056
8917,0.01141463494181083,0.2569724085212056
8918,0.01141463494181083,0.2569724085212056
8919,0.01141463494181083,0.2569724085212056
8920,0.01141463494181083,0.2569724085212056
8921,0.01141463494181083,0.2569724085212056
8922,0.01141463494181083,0.2569724085212056
8923,0.01141463494181083,0.2569724085212056
8924,0.01141463494181083,0.2569724085212056
8925,0.0013861116072991786,0.021374042401686943
8926,0.0013861116072991786,0.021374042401686943
8927,0.0013861116072991786,0.021374042401686943
8928,0.0013861116072991786,0.021374042401686943
8929,0.0013861116072991786,0.021374042401686943
8930,0.0013861116072991786,0.021374042401686943
8931,0.0013861116072991786,0.021374042401686943
8932,0.0013861116072991786,0.021374042401686943
8933,0.0013861116072991786,0.021374042401686943
8934,0.0013861116072991786,0.021374042401686943
8935,0.08577174193847692,0.07155261064680796
8936,0.08577174193847692,0.07155261064680796
8937,0.08577174193847692,0.07155261064680796
8938,0.08577174193847692,0.07155261064680796
8939,0.08577174193847692,0.07155261064680796
8940,0.08577174193847692,0.07155261064680796
8941,0.08577174193847692,0.07155261064680796
8942,0.08577174193847692,0.07155261064680796
8943,0.08577174193847692,0.07155261064680796
8944,0.08577174193847692,0.07155261064680796
8945,0.011939441887829916,0.036891813379616556
8946,0.011939441887829916,0.036891813379616556
8947,0.011939441887829916,0.036891813379616556
8948,0.011939441887829916,0.036891813379616556
8949,0.011939441887829916,0.036891813379616556
8950,0.011939441887829916,0.036891813379616556
8951,0.011939441887829916,0.036891813379616556
8952,0.011939441887829916,0.036891813379616556
8953,0.011939441887829916,0.036891813379616556
8954,0.011939441887829916,0.036891813379616556
8955,0.019811463848640964,0.059903949942492485
8956,0.019811463848640964,0.059903949942492485
8957,0.019811463848640964,0.059903949942492485
8958,0.019811463848640964,0.059903949942492485
8959,0.019811463848640964,0.059903949942492485
8960,0.019811463848640964,0.059903949942492485
8961,0.019811463848640964,0.059903949942492485
8962,0.019811463848640964,0.059903949942492485
8963,0.019811463848640964,0.059903949942492485
8964,0.019811463848640964,0.059903949942492485
8984,0.03451678006247971,0.7754306585869304
8985,0.03451678006247971,0.7754306585869304
8986,0.03451678006247971,0.7754306585869304
8987,0.03451678006247971,0.7754306585869304
8988,0.03451678006247971,0.7754306585869304
8989,0.017924807726163783,0.7630000778918901
8990,0.017924807726163783,0.7630000778918901
8991,0.017924807726163783,0.7630000778918901
8992,0.017924807726163783,0.7630000778918901
8993,0.017924807726163783,0.7630000778918901
9016,0.016089961059290392,0.1678724567902733
9017,0.10562149430095624,0.21737184277825805
9018,0.004557764961657829,0.03538060427887446
9019,0.016022034559275866,0.027648972825620732
9020,0.03756745580482812,0.11398281638901686
9021,0.0829302017080954,0.14721532449581487
9022,0.025568859305239,0.1913844696178374
9023,0.0004296695779926196,0.10757278463256892
9024,0.14978243636835054,0.2332509745701984
9025,0.016089961059290392,0.1678724567902733
9026,0.10562149430095624,0.21737184277825805
9027,0.004557764961657829,0.03538060427887446
9028,0.016022034559275866,0.027648972825620732
9029,0.03756745580482812,0.11398281638901686
9030,0.0829302017080954,0.14721532449581487
9031,0.025568859305239,0.1913844696178374
9032,0.0004296695779926196,0.10757278463256892
9033,0.14978243636835054,0.2332509745701984
9034,0.016089961059290392,0.1678724567902733
9035,0.10562149430095624,0.21737184277825805
9036,0.004557764961657829,0.03538060427887446
9037,0.016022034559275866,0.027648972825620732
9038,0.03756745580482812,0.11398281638901686
9039,0.0829302017080954,0.14721532449581487
9040,0.025568859305239,0.1913844696178374
9041,0.0004296695779926196,0.10757278463256892
9042,0.14978243636835054,0.2332509745701984
9043,0.016089961059290392,0.1678724567902733
9044,0.10562149430095624,0.21737184277825805
9045,0.004557764961657829,0.03538060427887446
9046,0.016022034559275866,0.027648972825620732
9047,0.03756745580482812,0.11398281638901686
9048,0.0829302017080954,0.14721532449581487
9049,0.025568859305239,0.1913844696178374
9050,0.0004296695779926196,0.10757278463256892
9051,0.14978243636835054,0.2332509745701984
9052,0.00010229708798770165,0.2427995787921412
9054,0.00010229708798770165,0.2427995787921412
9055,0.00010229708798770165,0.2427995787921412
9056,2.1040993125609475e-07,0.24073065205201738
9058,2.1040993125609475e-07,0.24073065205201738
9059,2.1040993125609475e-07,0.24073065205201738
9060,0.0005386648195135901,0.27444234368562437
9062,0.0005386648195135901,0.27444234368562437
9063,0.0005386648195135901,0.27444234368562437
9065,2.7428596743761524e-05,0.24367637203868298
9066,2.7428596743761524e-05,0.24367637203868298
9067,0.0007543047270752723,0.1803234800654161
9069,0.0007543047270752723,0.1803234800654161
9070,0.0007543047270752723,0.1803234800654161
9071,0.0021210237741754456,0.20587053587379944
9073,0.0021210237741754456,0.20587053587379944
9074,0.0021210237741754456,0.20587053587379944
9076,0.012803929348716991,0.2109475118038362
9077,0.012803929348716991,0.2109475118038362
9099,0.4366963657538071,0.17264624333014622
9100,0.6107767106758522,0.16546716932141214
9124,4.800877987376495e-07,0.07761367762064375
9180,0.26448826980268336,0.5507836415079183
9211,0.9598289785684384,0.2386821579624211
9212,0.9598289785684384,0.2386821579624211
9213,0.9598289785684384,0.2386821579624211
9225,0.6165335557257887,0.028050824762914317
9228,0.5309921167621461,0.0378265876743924
9229,0.5309921167621461,0.0378265876743924
9230,0.5309921167621461,0.0378265876743924
9231,0.5309921167621461,0.0378265876743924
9242,0.603749337738652,0.03363047569305322
9248,0.8796763624118915,0.030686941158914238
9250,0.00013427015110367702,0.2933595559476617
9251,0.00032728223485012364,0.3191590353344921
9252,0.0004152889915564062,0.2862697163508542
9253,0.0008962450136948963,0.26962707830004395
9254,0.003675228707124112,0.33453081127397744
9255,0.00017568632664377581,0.3840116429592271
9256,0.0009270606835013462,0.44252846964483683
9257,0.004283749170008511,0.36681195507180453
9258,0.0032777036637565704,0.3656446623700186
9259,0.024793205121090067,0.33815350019641965
9260,0.00013427015110367702,0.2933595559476617
9261,0.00032728223485012364,0.3191590353344921
9262,0.0004152889915564062,0.2862697163508542
9263,0.0008962450136948963,0.26962707830004395
9264,0.003675228707124112,0.33453081127397744
9265,0.00017568632664377581,0.3840116429592271
9266,0.0009270606835013462,0.44252846964483683
9267,0.004283749170008511,0.36681195507180453
9268,0.0032777036637565704,0.3656446623700186
9269,0.024793205121090067,0.33815350019641965
9270,0.2649842461203532,0.25884987253850433
9271,0.2649842461203532,0.25884987253850433
9272,0.2649842461203532,0.25884987253850433
9273,0.2649842461203532,0.25884987253850433
9274,0.2649842461203532,0.25884987253850433
9275,0.2649842461203532,0.25884987253850433
9276,0.2649842461203532,0.25884987253850433
9277,0.2649842461203532,0.25884987253850433
9278,0.2649842461203532,0.25884987253850433
9279,0.2649842461203532,0.25884987253850433
9280,0.2649842461203532,0.25884987253850433
9281,0.2649842461203532,0.25884987253850433
9282,0.4228039559725012,0.25881737023305507
9283,0.4228039559725012,0.25881737023305507
9284,0.4228039559725012,0.25881737023305507
9285,0.4228039559725012,0.25881737023305507
9286,0.4228039559725012,0.25881737023305507
9287,0.4228039559725012,0.25881737023305507
9288,0.4228039559725012,0.25881737023305507
9289,0.4228039559725012,0.25881737023305507
9290,0.4228039559725012,0.25881737023305507
9291,0.4228039559725012,0.25881737023305507
9292,0.4228039559725012,0.25881737023305507
9293,0.4228039559725012,0.25881737023305507
9301,0.7861722878122701,0.04372426269034313
9302,0.0013261851360601984,0.13256145262352592
9303,0.0019994411748807117,0.26264822766737617
9304,0.001222450976424816,0.12769686285274862
9305,0.00047933546850675857,0.08136282052313659
9306,0.002337308003058758,0.17095473306905495
9307,0.0035379259941713537,0.10808363101924467
9308,0.0011572934534938017,0.08498491966003197
9309,0.00019477048894100957,0.13930053442775114
9319,8.390467645991162e-05,0.29730554853082536
9323,0.00029861645911333223,0.2078412624663959
9324,0.00029861645911333223,0.2078412624663959
9325,0.00029861645911333223,0.2078412624663959
9326,0.00029861645911333223,0.2078412624663959
9327,0.00029861645911333223,0.2078412624663959
9328,0.000519911980021659,0.27596626785685685
9329,0.000519911980021659,0.27596626785685685
9330,0.000519911980021659,0.27596626785685685
9331,0.000519911980021659,0.27596626785685685
9332,0.000519911980021659,0.27596626785685685
9333,0.0007411939811224899,0.25577321098416184
9334,0.0007411939811224899,0.25577321098416184
9335,0.0007411939811224899,0.25577321098416184
9336,0.0007411939811224899,0.25577321098416184
9337,0.0004246070729008178,0.15363735626967223
9338,0.0004246070729008178,0.15363735626967223
9339,0.0004246070729008178,0.15363735626967223
9340,0.0004246070729008178,0.15363735626967223
9341,0.0004246070729008178,0.15363735626967223
9342,9.819561071622296e-05,0.23735654706311415
9343,9.819561071622296e-05,0.23735654706311415
9344,9.819561071622296e-05,0.23735654706311415
9345,9.819561071622296e-05,0.23735654706311415
9346,9.819561071622296e-05,0.23735654706311415
9347,0.00018149974175862837,0.179319681274408
9348,0.00018149974175862837,0.179319681274408
9349,0.00018149974175862837,0.179319681274408
9350,0.00018149974175862837,0.179319681274408
9351,0.00018149974175862837,0.179319681274408
9357,0.9345306920643732,0.3775676365164924
9360,0.9582232818855069,0.380901182285751
9366,0.7611933942870246,0.27883221364212674
9369,0.8241517561470884,0.29400205656649847
9370,0.043256093152669095,0.05156770897278651
9373,0.043256093152669095,0.05156770897278651
9375,0.043256093152669095,0.05156770897278651
9376,0.043256093152669095,0.05156770897278651
9377,0.043256093152669095,0.05156770897278651
9378,0.043256093152669095,0.05156770897278651
9379,0.030990381581827542,0.13293510197239455
9380,0.030990381581827542,0.13293510197239455
9382,0.030990381581827542,0.13293510197239455
9383,0.030990381581827542,0.13293510197239455
9384,0.030990381581827542,0.13293510197239455
9385,0.030990381581827542,0.13293510197239455
9386,0.030990381581827542,0.13293510197239455
9387,0.030990381581827542,0.13293510197239455
9388,0.05936670852833448,0.19480124508560537
9389,0.05936670852833448,0.19480124508560537
9391,0.05936670852833448,0.19480124508560537
9392,0.05936670852833448,0.19480124508560537
9393,0.05936670852833448,0.19480124508560537
9394,0.05936670852833448,0.19480124508560537
9395,0.05936670852833448,0.19480124508560537
9396,0.05936670852833448,0.19480124508560537
9397,0.01988865790669747,0.17468583445602714
9398,0.01988865790669747,0.17468583445602714
9399,0.01988865790669747,0.17468583445602714
9400,0.01988865790669747,0.17468583445602714
9401,0.01988865790669747,0.17468583445602714
9402,0.01988865790669747,0.17468583445602714
9403,0.01988865790669747,0.17468583445602714
9404,0.01988865790669747,0.17468583445602714
9405,0.01988865790669747,0.17468583445602714
9410,2.9365636007305795e-06,0.2590801769733764
9412,0.0001247158830740558,0.3302654717107648
9427,0.021962640455085558,0.1088978381657314
9464,0.004839512259628864,0.1517657071824292
9465,0.0284632890599138,0.14782634789987303
9466,0.008954309041777075,0.1750647748494858
9467,0.04188216828971747,0.1621487847859565
9468,0.025053621883705857,0.09616749137302227
9469,0.004839512259628864,0.1517657071824292
9470,0.0284632890599138,0.14782634789987303
9471,0.008954309041777075,0.1750647748494858
9472,0.04188216828971747,0.1621487847859565
9473,0.025053621883705857,0.09616749137302227
9474,0.004839512259628864,0.1517657071824292
9475,0.0284632890599138,0.14782634789987303
9476,0.008954309041777075,0.1750647748494858
9477,0.04188216828971747,0.1621487847859565
9478,0.025053621883705857,0.09616749137302227
9479,0.004839512259628864,0.1517657071824292
9480,0.0284632890599138,0.14782634789987303
9481,0.008954309041777075,0.1750647748494858
9482,0.04188216828971747,0.1621487847859565
9483,0.025053621883705857,0.09616749137302227
9484,0.004839512259628864,0.1517657071824292
9485,0.0284632890599138,0.14782634789987303
9486,0.008954309041777075,0.1750647748494858
9487,0.04188216828971747,0.1621487847859565
9488,0.025053621883705857,0.09616749137302227
9489,0.004839512259628864,0.1517657071824292
9490,0.0284632890599138,0.14782634789987303
9491,0.008954309041777075,0.1750647748494858
9492,0.04188216828971747,0.1621487847859565
9493,0.025053621883705857,0.09616749137302227
9494,0.004839512259628864,0.1517657071824292
9495,0.0284632890599138,0.14782634789987303
9496,0.008954309041777075,0.1750647748494858
9497,0.04188216828971747,0.1621487847859565
9498,0.025053621883705857,0.09616749137302227
9499,0.06088836394841535,0.2923430034535306
9500,0.06088836394841535,0.2923430034535306
9501,0.06088836394841535,0.2923430034535306
9502,0.06088836394841535,0.2923430034535306
9503,0.06088836394841535,0.2923430034535306
9504,0.06088836394841535,0.2923430034535306
9505,0.06088836394841535,0.2923430034535306
9506,0.06088836394841535,0.2923430034535306
9507,0.06088836394841535,0.2923430034535306
9508,0.06088836394841535,0.2923430034535306
9509,0.06088836394841535,0.2923430034535306
9510,0.06088836394841535,0.2923430034535306
9511,0.06088836394841535,0.2923430034535306
9512,0.06088836394841535,0.2923430034535306
9530,0.3228642707995971,0.030672032307330843
9531,0.3228642707995971,0.030672032307330843
9532,0.3228642707995971,0.030672032307330843
9533,0.3228642707995971,0.030672032307330843
9534,0.3228642707995971,0.030672032307330843
9535,0.3228642707995971,0.030672032307330843
9536,0.3228642707995971,0.030672032307330843
9537,0.3228642707995971,0.030672032307330843
9561,0.1388686651404979,0.13522138750828094
9562,0.1388686651404979,0.13522138750828094
9563,0.1388686651404979,0.13522138750828094
9564,0.1388686651404979,0.13522138750828094
9565,0.1388686651404979,0.13522138750828094
9566,0.1388686651404979,0.13522138750828094
9691,0.0009037975606420723,0.5960905210370444
9697,0.002251903254318788,0.2413371166122028
9698,0.002251903254318788,0.2413371166122028
9699,0.002251903254318788,0.2413371166122028
9700,0.002251903254318788,0.2413371166122028
9701,0.002251903254318788,0.2413371166122028
9702,0.002251903254318788,0.2413371166122028
9703,0.002251903254318788,0.2413371166122028
9704,0.002251903254318788,0.2413371166122028
9705,0.002251903254318788,0.2413371166122028
9724,0.0015782652992564206,0.12042740501007743
9728,0.0051652509264678015,0.1092697679268555
9731,0.0015782652992564206,0.12042740501007743
9736,0.10927512524636318,0.14437585168873668
9737,0.10927512524636318,0.14437585168873668
9738,0.10927512524636318,0.14437585168873668
9739,0.10927512524636318,0.14437585168873668
9740,0.2996957746028329,0.2264453770187813
9741,0.2996957746028329,0.2264453770187813
9742,0.2996957746028329,0.2264453770187813
9743,0.2996957746028329,0.2264453770187813
9775,0.255692760894345,0.08950604821751318
9785,0.255692760894345,0.08950604821751318
9789,0.005811756016473546,0.4651366696966156
9790,0.005811756016473546,0.4651366696966156
9791,0.005811756016473546,0.4651366696966156
9792,0.005811756016473546,0.4651366696966156
9793,0.005811756016473546,0.4651366696966156
9794,0.005811756016473546,0.4651366696966156
9795,0.029909431373779438,0.27871800210370656
9796,0.02077846956792606,0.2531488915004412
9797,0.0545776436026838,0.2466956133554824
9854,0.001039344292882216,0.14313380229884154
9855,0.001039344292882216,0.14313380229884154
9856,0.001039344292882216,0.14313380229884154
9857,0.001039344292882216,0.14313380229884154
9858,0.001039344292882216,0.14313380229884154
9859,0.001039344292882216,0.14313380229884154
9860,0.001039344292882216,0.14313380229884154
9861,0.001039344292882216,0.14313380229884154
9862,0.001039344292882216,0.14313380229884154
9863,0.02421995149510503,0.40199101033215034
9864,0.02421995149510503,0.40199101033215034
9865,0.02421995149510503,0.40199101033215034
9866,0.02421995149510503,0.40199101033215034
9867,0.02421995149510503,0.40199101033215034
9868,0.02421995149510503,0.40199101033215034
9869,0.02421995149510503,0.40199101033215034
9870,0.02421995149510503,0.40199101033215034
9871,0.02421995149510503,0.40199101033215034
9872,0.02421995149510503,0.40199101033215034
9873,0.02421995149510503,0.40199101033215034
9874,0.02421995149510503,0.40199101033215034
9875,0.02421995149510503,0.40199101033215034
9876,0.02421995149510503,0.40199101033215034
9877,0.02421995149510503,0.40199101033215034
9878,0.015581375024571797,0.1082797714820487
9879,0.015581375024571797,0.1082797714820487
9880,0.015581375024571797,0.1082797714820487
9881,0.015581375024571797,0.1082797714820487
9882,0.015581375024571797,0.1082797714820487
9883,0.015581375024571797,0.1082797714820487
9884,0.015581375024571797,0.1082797714820487
9885,0.015581375024571797,0.1082797714820487
9886,0.015581375024571797,0.1082797714820487
9887,0.015581375024571797,0.1082797714820487
9888,0.015581375024571797,0.1082797714820487
9889,0.015581375024571797,0.1082797714820487
9896,0.004312136683033652,0.1985788441643258
9905,0.0003658832976732862,0.503228842497135
9912,0.0003754051579829554,0.502789072384771
9919,0.029001347913188646,0.18865223332570047
9920,0.31807672451062374,0.26990587448352854
9921,0.310098756077839,0.2695758639273408
9923,0.0005001544982896622,0.2302858746487576
9925,0.06882213530393078,0.3579286850841298
9927,0.01673251054261493,0.18380106793946194
9974,0.0013652982003926617,0.3624290100701988
9975,0.0013652982003926617,0.3624290100701988
9977,0.020964952661083225,0.2525845837629447
9978,0.020964952661083225,0.2525845837629447
9981,0.007619916941394411,0.2996724676829894
9982,0.007619916941394411,0.2996724676829894
9985,0.02571317999384637,0.24945894621145115
9986,0.02571317999384637,0.24945894621145115
9996,0.03239620103955909,0.1772419566069834
9997,0.037412115902438314,0.17662667722038727
9998,0.055108497787249466,0.22431698078193918
10008,0.006247130849281302,0.40459138477532663
10009,0.006247130849281302,0.40459138477532663
10011,0.00412546459614771,0.34179950468267917
10023,7.710959337381418e-06,0.15054985371856366
10024,7.710959337381418e-06,0.15054985371856366
10028,0.9019941208422321,0.0989041944848178
10029,0.9019941208422321,0.0989041944848178
10030,0.9019941208422321,0.0989041944848178
10031,0.9019941208422321,0.0989041944848178
10032,0.9019941208422321,0.0989041944848178
10033,0.9019941208422321,0.0989041944848178
10034,0.9019941208422321,0.0989041944848178
10035,0.9019941208422321,0.0989041944848178
10036,0.9019941208422321,0.0989041944848178
10067,0.04042763817558448,0.2563272709292742
10068,0.04042763817558448,0.2563272709292742
10069,0.04042763817558448,0.2563272709292742
10070,0.04042763817558448,0.2563272709292742
10071,0.04042763817558448,0.2563272709292742
10072,0.04042763817558448,0.2563272709292742
10073,0.04042763817558448,0.2563272709292742
10074,0.07127715095440113,0.27952571236597
10075,0.07127715095440113,0.27952571236597
10076,0.07127715095440113,0.27952571236597
10077,0.07127715095440113,0.27952571236597
10078,0.07127715095440113,0.27952571236597
10079,0.07127715095440113,0.27952571236597
10080,0.07127715095440113,0.27952571236597
10081,0.0857887131220122,0.2461697351438623
10082,0.0857887131220122,0.2461697351438623
10083,0.0857887131220122,0.2461697351438623
10084,0.0857887131220122,0.2461697351438623
10085,0.0857887131220122,0.2461697351438623
10086,0.0857887131220122,0.2461697351438623
10087,0.0857887131220122,0.2461697351438623
10088,0.04652508250651333,0.21955676045116468
10089,0.04652508250651333,0.21955676045116468
10090,0.04652508250651333,0.21955676045116468
10091,0.04652508250651333,0.21955676045116468
10092,0.04652508250651333,0.21955676045116468
10093,0.07693856331816717,0.2533173534459253
10094,0.07693856331816717,0.2533173534459253
10095,0.07693856331816717,0.2533173534459253
10096,0.07693856331816717,0.2533173534459253
10097,0.07693856331816717,0.2533173534459253
10098,0.10222143227621994,0.21694963723821648
10099,0.10222143227621994,0.21694963723821648
10100,0.10222143227621994,0.21694963723821648
10101,0.10222143227621994,0.21694963723821648
10102,0.10222143227621994,0.21694963723821648
10103,0.00027028183619681734,0.5759645419028342
10104,0.010558827790627334,0.2135708642809675
10129,0.1877131539162995,0.1570639669000523
10130,0.1877131539162995,0.1570639669000523
10138,0.3835376513141667,0.19218073821735993
10139,0.3835376513141667,0.19218073821735993
10162,0.016801440606895368,0.20125192997510744
10163,0.018539066809393656,0.32135848213879514
10164,0.16998033668447432,0.31851405868599036
10277,0.54365499034728,0.03743286273782542
10278,0.54365499034728,0.03743286273782542
10279,0.54365499034728,0.03743286273782542
10280,0.54365499034728,0.03743286273782542
10281,0.54365499034728,0.03743286273782542
10282,0.54365499034728,0.03743286273782542
10283,0.54365499034728,0.03743286273782542
10284,0.54365499034728,0.03743286273782542
10285,0.6142209471060445,0.1139835705411808
10286,0.6142209471060445,0.1139835705411808
10287,0.6142209471060445,0.1139835705411808
10288,0.6142209471060445,0.1139835705411808
10289,0.6142209471060445,0.1139835705411808
10290,0.6142209471060445,0.1139835705411808
10291,0.6142209471060445,0.1139835705411808
10292,0.6142209471060445,0.1139835705411808
10293,0.5411289521379039,0.10105114366189671
10294,0.5411289521379039,0.10105114366189671
10295,0.5411289521379039,0.10105114366189671
10296,0.5411289521379039,0.10105114366189671
10297,0.5411289521379039,0.10105114366189671
10298,0.5411289521379039,0.10105114366189671
10299,0.5411289521379039,0.10105114366189671
10300,0.5411289521379039,0.10105114366189671
10329,1.7219559111936178e-13,0.04351281688944597
10330,1.7219559111936178e-13,0.04351281688944597
10331,1.7219559111936178e-13,0.04351281688944597
10332,1.7219559111936178e-13,0.04351281688944597
10333,1.7219559111936178e-13,0.04351281688944597
10334,1.7219559111936178e-13,0.04351281688944597
10379,0.021892396189551966,0.24048114122209507
10380,0.05977353835608823,0.224075854932698
10381,0.005752472650596752,0.19123442581739636
10382,0.02569118949109639,0.2169952925188161
10383,0.12093026425760234,0.259745404198077
10384,0.16997484776337812,0.2536046079144092
10385,0.02704252224028325,0.08017538678228442
10386,0.02704252224028325,0.08017538678228442
10387,0.02704252224028325,0.08017538678228442
10388,0.02704252224028325,0.08017538678228442
10389,0.02704252224028325,0.08017538678228442
10390,0.02704252224028325,0.08017538678228442
10391,0.02704252224028325,0.08017538678228442
10392,0.02704252224028325,0.08017538678228442
10393,0.02704252224028325,0.08017538678228442
10394,0.013549100493070343,0.07709854699134244
10395,0.013549100493070343,0.07709854699134244
10396,0.013549100493070343,0.07709854699134244
10397,0.013549100493070343,0.07709854699134244
10398,0.013549100493070343,0.07709854699134244
10399,0.013549100493070343,0.07709854699134244
10400,0.013549100493070343,0.07709854699134244
10401,0.013549100493070343,0.07709854699134244
10402,0.013549100493070343,0.07709854699134244
10403,0.07703378329179977,0.09232838698725088
10404,0.07703378329179977,0.09232838698725088
10405,0.07703378329179977,0.09232838698725088
10406,0.07703378329179977,0.09232838698725088
10407,0.07703378329179977,0.09232838698725088
10408,0.07703378329179977,0.09232838698725088
10409,0.07703378329179977,0.09232838698725088
10410,0.06135034186492172,0.13906303120722896
10411,0.06135034186492172,0.13906303120722896
10412,0.06135034186492172,0.13906303120722896
10413,0.06135034186492172,0.13906303120722896
10414,0.06135034186492172,0.13906303120722896
10415,0.06135034186492172,0.13906303120722896
10416,0.06135034186492172,0.13906303120722896
10417,0.06135034186492172,0.13906303120722896
10418,0.06135034186492172,0.13906303120722896
10419,0.14633486538564178,0.07807313933765203
10420,0.14633486538564178,0.07807313933765203
10421,0.14633486538564178,0.07807313933765203
10422,0.14633486538564178,0.07807313933765203
10423,0.14633486538564178,0.07807313933765203
10424,0.14633486538564178,0.07807313933765203
10425,0.14633486538564178,0.07807313933765203
10426,0.14633486538564178,0.07807313933765203
10427,0.14633486538564178,0.07807313933765203
10428,0.26700447989510945,0.08362514553481737
10429,0.26700447989510945,0.08362514553481737
10430,0.26700447989510945,0.08362514553481737
10431,0.26700447989510945,0.08362514553481737
10432,0.26700447989510945,0.08362514553481737
10433,0.26700447989510945,0.08362514553481737
10434,0.26700447989510945,0.08362514553481737
10435,0.26700447989510945,0.08362514553481737
10436,0.26700447989510945,0.08362514553481737
10452,1.811542093221874e-05,0.18527954001497748
10453,1.811542093221874e-05,0.18527954001497748
10454,1.811542093221874e-05,0.18527954001497748
10455,1.811542093221874e-05,0.18527954001497748
10456,1.811542093221874e-05,0.18527954001497748
10457,1.811542093221874e-05,0.18527954001497748
10458,1.811542093221874e-05,0.18527954001497748
10459,1.811542093221874e-05,0.18527954001497748
10460,1.811542093221874e-05,0.18527954001497748
10468,0.0638725483325473,0.25130260493674705
10479,0.011494152335018826,0.2565266214611407
10480,0.011494152335018826,0.2565266214611407
10481,0.011494152335018826,0.2565266214611407
10482,0.011494152335018826,0.2565266214611407
10483,0.011494152335018826,0.2565266214611407
10484,0.011494152335018826,0.2565266214611407
10485,0.011494152335018826,0.2565266214611407
10486,0.011494152335018826,0.2565266214611407
10487,0.011494152335018826,0.2565266214611407
10488,0.011494152335018826,0.2565266214611407
10489,0.012950085599286343,0.25439440315813444
10490,0.012950085599286343,0.25439440315813444
10491,0.012950085599286343,0.25439440315813444
10492,0.012950085599286343,0.25439440315813444
10493,0.012950085599286343,0.25439440315813444
10494,0.012950085599286343,0.25439440315813444
10495,0.012950085599286343,0.25439440315813444
10496,0.012950085599286343,0.25439440315813444
10497,0.012950085599286343,0.25439440315813444
10498,0.012950085599286343,0.25439440315813444
10512,0.00737228238996579,0.18343988525819488
10513,0.021631269086814564,0.24755904672934514
10514,0.0859853689535034,0.27534255347371916
10574,0.14028526298224742,0.2337655186973333
10575,0.14028526298224742,0.2337655186973333
10576,0.14028526298224742,0.2337655186973333
10577,0.14028526298224742,0.2337655186973333
10578,0.14028526298224742,0.2337655186973333
10589,0.2696438355195929,0.3012936170998498
10590,0.2696438355195929,0.3012936170998498
10591,0.2696438355195929,0.3012936170998498
10592,0.2696438355195929,0.3012936170998498
10593,0.2696438355195929,0.3012936170998498
10604,0.36465208279226613,0.2132106024416326
10605,0.36465208279226613,0.2132106024416326
10606,0.36465208279226613,0.2132106024416326
10607,0.36465208279226613,0.2132106024416326
10608,0.36465208279226613,0.2132106024416326
10609,0.39341354078873136,0.23423676445288577
10610,0.39341354078873136,0.23423676445288577
10611,0.39341354078873136,0.23423676445288577
10612,0.39341354078873136,0.23423676445288577
10613,0.39341354078873136,0.23423676445288577
10624,0.3702967432570604,0.27576607132827624
10625,0.3702967432570604,0.27576607132827624
10626,0.3702967432570604,0.27576607132827624
10627,0.3702967432570604,0.27576607132827624
10628,0.3702967432570604,0.27576607132827624
10629,0.42997962431677383,0.274918214712652
10630,0.42997962431677383,0.274918214712652
10631,0.42997962431677383,0.274918214712652
10632,0.42997962431677383,0.274918214712652
10633,0.42997962431677383,0.274918214712652
10682,0.08491527655391706,0.3192928386613725
10683,0.07883873407821784,0.32008508985740347
10684,0.09341528414054989,0.3123040916588936
10685,0.10393008440550844,0.3036727064017667
10686,0.08996864434499374,0.32159433060602116
10687,0.0851308838765531,0.32191332289601915
10688,0.10005517218023063,0.314325087007719
10689,0.10935887887398221,0.30021295285676286
10690,0.0019119728566228122,0.07184418979573515
10691,0.0019119728566228122,0.07184418979573515
10692,0.0019119728566228122,0.07184418979573515
10693,0.0019119728566228122,0.07184418979573515
10694,0.0019119728566228122,0.07184418979573515
10695,0.0019119728566228122,0.07184418979573515
10696,0.0019119728566228122,0.07184418979573515
10697,0.0019119728566228122,0.07184418979573515
10698,0.0019119728566228122,0.07184418979573515
10699,0.0019119728566228122,0.07184418979573515
10700,0.0019119728566228122,0.07184418979573515
10701,0.0019119728566228122,0.07184418979573515
10702,0.0019119728566228122,0.07184418979573515
10703,0.0019119728566228122,0.07184418979573515
10704,0.0019119728566228122,0.07184418979573515
10705,0.0019119728566228122,0.07184418979573515
10706,0.0019119728566228122,0.07184418979573515
10707,0.0019119728566228122,0.07184418979573515
10708,0.0019119728566228122,0.07184418979573515
10709,0.0019119728566228122,0.07184418979573515
10710,0.0019119728566228122,0.07184418979573515
10711,0.0019119728566228122,0.07184418979573515
10712,0.0019119728566228122,0.07184418979573515
10713,0.0019119728566228122,0.07184418979573515
10714,0.0019119728566228122,0.07184418979573515
10715,0.0019119728566228122,0.07184418979573515
10716,0.0019119728566228122,0.07184418979573515
10717,0.0019119728566228122,0.07184418979573515
10718,0.0016447483152618458,0.07146394047803972
10719,0.0016447483152618458,0.07146394047803972
10720,0.0016447483152618458,0.07146394047803972
10721,0.0016447483152618458,0.07146394047803972
10722,0.0016447483152618458,0.07146394047803972
10723,0.0016447483152618458,0.07146394047803972
10724,0.0016447483152618458,0.07146394047803972
10725,0.0016447483152618458,0.07146394047803972
10726,0.0016447483152618458,0.07146394047803972
10727,0.0016447483152618458,0.07146394047803972
10728,0.0016447483152618458,0.07146394047803972
10729,0.0016447483152618458,0.07146394047803972
10730,0.0016447483152618458,0.07146394047803972
10731,0.0016447483152618458,0.07146394047803972
10732,0.0016447483152618458,0.07146394047803972
10733,0.0016447483152618458,0.07146394047803972
10734,0.0016447483152618458,0.07146394047803972
10735,0.0016447483152618458,0.07146394047803972
10736,0.0016447483152618458,0.07146394047803972
10737,0.0016447483152618458,0.07146394047803972
10738,0.0016447483152618458,0.07146394047803972
10739,0.0016447483152618458,0.07146394047803972
10740,0.0016447483152618458,0.07146394047803972
10741,0.0016447483152618458,0.07146394047803972
10742,0.0016447483152618458,0.07146394047803972
10743,0.0016447483152618458,0.07146394047803972
10744,0.0016447483152618458,0.07146394047803972
10745,0.0016447483152618458,0.07146394047803972
10746,0.0016019409599057344,0.06940703112450852
10747,0.0016019409599057344,0.06940703112450852
10748,0.0016019409599057344,0.06940703112450852
10749,0.0016019409599057344,0.06940703112450852
10750,0.0016019409599057344,0.06940703112450852
10751,0.0016019409599057344,0.06940703112450852
10752,0.0016019409599057344,0.06940703112450852
10753,0.0016019409599057344,0.06940703112450852
10754,0.0016019409599057344,0.06940703112450852
10755,0.0016019409599057344,0.06940703112450852
10756,0.0016019409599057344,0.06940703112450852
10757,0.0016019409599057344,0.06940703112450852
10758,0.0016019409599057344,0.06940703112450852
10759,0.0016019409599057344,0.06940703112450852
10760,0.0016019409599057344,0.06940703112450852
10761,0.0016019409599057344,0.06940703112450852
10762,0.0016019409599057344,0.06940703112450852
10763,0.0016019409599057344,0.06940703112450852
10764,0.0016019409599057344,0.06940703112450852
10765,0.0016019409599057344,0.06940703112450852
10766,0.0016019409599057344,0.06940703112450852
10767,0.0016019409599057344,0.06940703112450852
10768,0.0016019409599057344,0.06940703112450852
10769,0.0016019409599057344,0.06940703112450852
10770,0.0016019409599057344,0.06940703112450852
10771,0.0016019409599057344,0.06940703112450852
10772,0.0016019409599057344,0.06940703112450852
10773,0.0016019409599057344,0.06940703112450852
10828,0.3935048619510716,0.27575977889052017
10829,0.3935048619510716,0.27575977889052017
10830,0.3935048619510716,0.27575977889052017
10831,0.3935048619510716,0.27575977889052017
10832,0.3935048619510716,0.27575977889052017
10833,0.3935048619510716,0.27575977889052017
10834,0.3935048619510716,0.27575977889052017
10835,0.3935048619510716,0.27575977889052017
10836,0.36090529293109497,0.3004928243659537
10837,0.36090529293109497,0.3004928243659537
10838,0.36090529293109497,0.3004928243659537
10839,0.36090529293109497,0.3004928243659537
10840,0.36090529293109497,0.3004928243659537
10841,0.36090529293109497,0.3004928243659537
10842,0.36090529293109497,0.3004928243659537
10843,0.36090529293109497,0.3004928243659537
10878,0.06550079339210746,0.30537730089326764
10879,0.06550079339210746,0.30537730089326764
10882,0.007937355206980357,0.09982786400477228
10883,0.007937355206980357,0.09982786400477228
10884,0.007937355206980357,0.09982786400477228
10885,0.007937355206980357,0.09982786400477228
10886,0.007937355206980357,0.09982786400477228
10887,0.007937355206980357,0.09982786400477228
10888,0.007937355206980357,0.09982786400477228
10889,0.007937355206980357,0.09982786400477228
10890,0.007937355206980357,0.09982786400477228
10891,0.007937355206980357,0.09982786400477228
10892,0.007937355206980357,0.09982786400477228
10893,0.007937355206980357,0.09982786400477228
10894,0.007937355206980357,0.09982786400477228
10895,0.007937355206980357,0.09982786400477228
10896,0.007937355206980357,0.09982786400477228
10897,0.007937355206980357,0.09982786400477228
10898,0.007937355206980357,0.09982786400477228
10899,0.0011735502645952023,0.09164864151495378
10900,0.0011735502645952023,0.09164864151495378
10901,0.0011735502645952023,0.09164864151495378
10902,0.0011735502645952023,0.09164864151495378
10903,0.0011735502645952023,0.09164864151495378
10904,0.0011735502645952023,0.09164864151495378
10905,0.0011735502645952023,0.09164864151495378
10906,0.0011735502645952023,0.09164864151495378
10907,0.0011735502645952023,0.09164864151495378
10908,0.0011735502645952023,0.09164864151495378
10909,0.0011735502645952023,0.09164864151495378
10910,0.0011735502645952023,0.09164864151495378
10911,0.0011735502645952023,0.09164864151495378
10912,0.0011735502645952023,0.09164864151495378
10913,0.0011735502645952023,0.09164864151495378
10914,0.0011735502645952023,0.09164864151495378
10915,0.0011735502645952023,0.09164864151495378
10916,0.0008522421307821659,0.1077669907129124
10917,0.0008522421307821659,0.1077669907129124
10918,0.0008522421307821659,0.1077669907129124
10919,0.0008522421307821659,0.1077669907129124
10920,0.0008522421307821659,0.1077669907129124
10921,0.0008522421307821659,0.1077669907129124
10922,0.0008522421307821659,0.1077669907129124
10923,0.0008522421307821659,0.1077669907129124
10924,0.0008522421307821659,0.1077669907129124
10925,0.0008522421307821659,0.1077669907129124
10926,0.0008522421307821659,0.1077669907129124
10927,0.0008522421307821659,0.1077669907129124
10928,0.0008522421307821659,0.1077669907129124
10929,0.0008522421307821659,0.1077669907129124
10930,0.0008522421307821659,0.1077669907129124
10931,0.0008522421307821659,0.1077669907129124
10932,0.0008522421307821659,0.1077669907129124
10933,0.0009529931041072359,0.10250737183520686
10934,0.0009529931041072359,0.10250737183520686
10935,0.0009529931041072359,0.10250737183520686
10936,0.0009529931041072359,0.10250737183520686
10937,0.0009529931041072359,0.10250737183520686
10938,0.0009529931041072359,0.10250737183520686
10939,0.0009529931041072359,0.10250737183520686
10940,0.0009529931041072359,0.10250737183520686
10941,0.0009529931041072359,0.10250737183520686
10942,0.0009529931041072359,0.10250737183520686
10943,0.0009529931041072359,0.10250737183520686
10944,0.0009529931041072359,0.10250737183520686
10945,0.0009529931041072359,0.10250737183520686
10946,0.0009529931041072359,0.10250737183520686
10947,0.0009529931041072359,0.10250737183520686
10948,0.0009529931041072359,0.10250737183520686
10949,0.0009529931041072359,0.10250737183520686
10950,0.0019434667424497176,0.1845583766617781
10951,0.0019434667424497176,0.1845583766617781
10952,0.0019434667424497176,0.1845583766617781
10953,0.0019434667424497176,0.1845583766617781
10954,0.0019434667424497176,0.1845583766617781
10955,0.0019434667424497176,0.1845583766617781
10956,0.0019434667424497176,0.1845583766617781
10957,0.0019434667424497176,0.1845583766617781
10958,0.0019434667424497176,0.1845583766617781
10959,0.0019434667424497176,0.1845583766617781
10960,0.0019434667424497176,0.1845583766617781
10961,0.0019434667424497176,0.1845583766617781
10962,0.0019434667424497176,0.1845583766617781
10963,0.0019434667424497176,0.1845583766617781
10964,0.0019434667424497176,0.1845583766617781
10965,0.0019434667424497176,0.1845583766617781
10966,0.0019434667424497176,0.1845583766617781
10967,0.016423347417911294,0.06848456049069784
10968,0.016423347417911294,0.06848456049069784
10969,0.016423347417911294,0.06848456049069784
10970,0.016423347417911294,0.06848456049069784
10971,0.016423347417911294,0.06848456049069784
10972,0.016423347417911294,0.06848456049069784
10973,0.016423347417911294,0.06848456049069784
10974,0.016423347417911294,0.06848456049069784
10975,0.016423347417911294,0.06848456049069784
10976,0.016423347417911294,0.06848456049069784
10977,0.016423347417911294,0.06848456049069784
10978,0.016423347417911294,0.06848456049069784
10979,0.016423347417911294,0.06848456049069784
10980,0.016423347417911294,0.06848456049069784
10981,0.016423347417911294,0.06848456049069784
10982,0.016423347417911294,0.06848456049069784
10983,0.016423347417911294,0.06848456049069784
10985,0.005119274073968394,0.03985783813329047
10987,0.005119274073968394,0.03985783813329047
10988,0.005119274073968394,0.03985783813329047
10991,0.018492208583854586,0.04546897208747702
10993,0.018492208583854586,0.04546897208747702
10994,0.018492208583854586,0.04546897208747702
11013,0.03035658499127769,0.24124287616872686
11029,0.1622893595208904,0.2093264172543874
11031,0.1622893595208904,0.2093264172543874
11068,0.635320156876414,0.26658523898017816
11069,0.6587048906181899,0.26531610513460213
11070,0.63320170380164,0.2622976438460751
11071,0.6913764883487176,0.26114194871815377
11072,0.616753816660792,0.2625418917989488
11073,0.6292139978877807,0.26202594798114265
11074,0.6140319418337562,0.2589978757941266
11075,0.6660383153992401,0.2588964298185643
11076,0.5557895882157866,0.2635043382608224
11077,0.5600797582687116,0.2637843219294427
11078,0.568997663513841,0.26027988397788415
11079,0.6105459524561527,0.260904256902875
11120,0.09514597581934758,0.514112055505975
11133,1.3230305739853065e-11,0.05458701785753328
11165,0.0011456433024933377,0.4738312161371026
11166,0.0011456433024933377,0.4738312161371026
11167,0.0011456433024933377,0.4738312161371026
11168,0.0011456433024933377,0.4738312161371026
11169,0.0011456433024933377,0.4738312161371026
11170,0.0011456433024933377,0.4738312161371026
11171,0.0011456433024933377,0.4738312161371026
11177,3.3623775559377123e-06,0.40695035097930654
11178,3.3623775559377123e-06,0.40695035097930654
11180,3.3623775559377123e-06,0.40695035097930654
11181,3.3623775559377123e-06,0.40695035097930654
11182,3.3623775559377123e-06,0.40695035097930654
11183,3.3623775559377123e-06,0.40695035097930654
11186,1.9046420806079212e-06,0.38747618723233024
11187,1.9046420806079212e-06,0.38747618723233024
11189,1.9046420806079212e-06,0.38747618723233024
11190,1.9046420806079212e-06,0.38747618723233024
11191,1.9046420806079212e-06,0.38747618723233024
11192,1.9046420806079212e-06,0.38747618723233024
11195,9.641301567109295e-07,0.10086716897968206
11196,9.641301567109295e-07,0.10086716897968206
11198,9.641301567109295e-07,0.10086716897968206
11199,9.641301567109295e-07,0.10086716897968206
11200,9.641301567109295e-07,0.10086716897968206
11201,9.641301567109295e-07,0.10086716897968206
11204,1.8268919821373686e-08,0.07621070924768147
11205,1.8268919821373686e-08,0.07621070924768147
11207,1.8268919821373686e-08,0.07621070924768147
11208,1.8268919821373686e-08,0.07621070924768147
11209,1.8268919821373686e-08,0.07621070924768147
11210,1.8268919821373686e-08,0.07621070924768147
11212,1.0511153585301969e-06,0.16924141219621158
11213,1.0511153585301969e-06,0.16924141219621158
11214,1.0511153585301969e-06,0.16924141219621158
11215,1.0511153585301969e-06,0.16924141219621158
11216,1.0511153585301969e-06,0.16924141219621158
11217,1.0511153585301969e-06,0.16924141219621158
11218,5.860367467969141e-07,0.1541988603124128
11224,8.449826616185874e-09,0.08377329858723337
11230,1.835845938380487e-06,0.7246046150131167
11236,0.10031938753458702,0.07150707039805804
11237,0.10031938753458702,0.07150707039805804
11238,0.10031938753458702,0.07150707039805804
11239,0.10031938753458702,0.07150707039805804
11240,0.10031938753458702,0.07150707039805804
11241,0.10031938753458702,0.07150707039805804
11242,0.10031938753458702,0.07150707039805804
11243,0.10031938753458702,0.07150707039805804
11244,0.10031938753458702,0.07150707039805804
11245,0.10031938753458702,0.07150707039805804
11246,0.10031938753458702,0.07150707039805804
11247,0.10031938753458702,0.07150707039805804
11248,0.0702381768307303,0.13612217622067901
11249,0.0702381768307303,0.13612217622067901
11250,0.0702381768307303,0.13612217622067901
11251,0.0702381768307303,0.13612217622067901
11252,0.0702381768307303,0.13612217622067901
11253,0.0702381768307303,0.13612217622067901
11254,0.0702381768307303,0.13612217622067901
11255,0.0702381768307303,0.13612217622067901
11256,0.0702381768307303,0.13612217622067901
11257,0.0702381768307303,0.13612217622067901
11258,0.0702381768307303,0.13612217622067901
11259,0.0702381768307303,0.13612217622067901
11260,0.1026665010604142,0.07143353248111606
11261,0.1026665010604142,0.07143353248111606
11262,0.1026665010604142,0.07143353248111606
11263,0.1026665010604142,0.07143353248111606
11264,0.1026665010604142,0.07143353248111606
11265,0.1026665010604142,0.07143353248111606
11266,0.1026665010604142,0.07143353248111606
11267,0.1026665010604142,0.07143353248111606
11268,0.1026665010604142,0.07143353248111606
11269,0.1026665010604142,0.07143353248111606
11270,0.1026665010604142,0.07143353248111606
11271,0.1026665010604142,0.07143353248111606
11272,0.10135916244846865,0.07986696491293799
11273,0.10135916244846865,0.07986696491293799
11274,0.10135916244846865,0.07986696491293799
11275,0.10135916244846865,0.07986696491293799
11276,0.10135916244846865,0.07986696491293799
11277,0.10135916244846865,0.07986696491293799
11278,0.10135916244846865,0.07986696491293799
11279,0.10135916244846865,0.07986696491293799
11280,0.10135916244846865,0.07986696491293799
11281,0.10135916244846865,0.07986696491293799
11282,0.10135916244846865,0.07986696491293799
11283,0.10135916244846865,0.07986696491293799
11284,0.09311422993983498,0.0576761785838259
11285,0.09311422993983498,0.0576761785838259
11286,0.09311422993983498,0.0576761785838259
11287,0.09311422993983498,0.0576761785838259
11288,0.09311422993983498,0.0576761785838259
11289,0.09311422993983498,0.0576761785838259
11290,0.09311422993983498,0.0576761785838259
11291,0.09311422993983498,0.0576761785838259
11292,0.09311422993983498,0.0576761785838259
11293,0.09311422993983498,0.0576761785838259
11294,0.07588748008314905,0.06690677231950759
11295,0.07588748008314905,0.06690677231950759
11296,0.07588748008314905,0.06690677231950759
11297,0.07588748008314905,0.06690677231950759
11298,0.07588748008314905,0.06690677231950759
11299,0.07588748008314905,0.06690677231950759
11300,0.07588748008314905,0.06690677231950759
11301,0.07588748008314905,0.06690677231950759
11302,0.07588748008314905,0.06690677231950759
11303,0.07588748008314905,0.06690677231950759
11304,0.07588748008314905,0.06690677231950759
11305,0.07588748008314905,0.06690677231950759
11306,0.04703526051643525,0.07926475857536563
11307,0.04703526051643525,0.07926475857536563
11308,0.04703526051643525,0.07926475857536563
11309,0.04703526051643525,0.07926475857536563
11310,0.04703526051643525,0.07926475857536563
11311,0.04703526051643525,0.07926475857536563
11312,0.04703526051643525,0.07926475857536563
11313,0.04703526051643525,0.07926475857536563
11314,0.04703526051643525,0.07926475857536563
11315,0.04703526051643525,0.07926475857536563
11316,0.04703526051643525,0.07926475857536563
11317,0.04703526051643525,0.07926475857536563
11318,0.025340792779114385,0.11064733943449723
11319,0.025340792779114385,0.11064733943449723
11320,0.025340792779114385,0.11064733943449723
11321,0.025340792779114385,0.11064733943449723
11322,0.025340792779114385,0.11064733943449723
11323,0.025340792779114385,0.11064733943449723
11324,0.025340792779114385,0.11064733943449723
11325,0.025340792779114385,0.11064733943449723
11326,0.025340792779114385,0.11064733943449723
11327,0.025340792779114385,0.11064733943449723
11328,0.025340792779114385,0.11064733943449723
11329,0.025340792779114385,0.11064733943449723
11330,0.07980553662255974,0.06950477287426371
11331,0.07980553662255974,0.06950477287426371
11332,0.07980553662255974,0.06950477287426371
11333,0.07980553662255974,0.06950477287426371
11334,0.07980553662255974,0.06950477287426371
11335,0.07980553662255974,0.06950477287426371
11336,0.07980553662255974,0.06950477287426371
11337,0.07980553662255974,0.06950477287426371
11338,0.07980553662255974,0.06950477287426371
11339,0.07980553662255974,0.06950477287426371
11340,0.07980553662255974,0.06950477287426371
11341,0.18486692044271436,0.24501863963345671
11342,0.18486692044271436,0.24501863963345671
11343,0.18486692044271436,0.24501863963345671
11344,0.18486692044271436,0.24501863963345671
11345,0.18486692044271436,0.24501863963345671
11346,0.18486692044271436,0.24501863963345671
11347,0.18486692044271436,0.24501863963345671
11348,0.18486692044271436,0.24501863963345671
11349,0.18486692044271436,0.24501863963345671
11350,0.6371292638829511,0.13021819982086102
11351,0.6371292638829511,0.13021819982086102
11352,0.6371292638829511,0.13021819982086102
11353,0.6371292638829511,0.13021819982086102
11354,0.6371292638829511,0.13021819982086102
11355,0.7176534033573774,0.10640173206552828
11356,0.7176534033573774,0.10640173206552828
11357,0.7176534033573774,0.10640173206552828
11358,0.7176534033573774,0.10640173206552828
11359,0.7176534033573774,0.10640173206552828
11399,0.003873023066824688,0.21571740194055733
11400,0.003873023066824688,0.21571740194055733
11401,0.003873023066824688,0.21571740194055733
11402,0.003873023066824688,0.21571740194055733
11403,0.003873023066824688,0.21571740194055733
11404,0.003873023066824688,0.21571740194055733
11405,0.003873023066824688,0.21571740194055733
11420,5.2659778551511494e-05,0.20787170738066107
11421,5.2659778551511494e-05,0.20787170738066107
11422,5.2659778551511494e-05,0.20787170738066107
11423,5.2659778551511494e-05,0.20787170738066107
11424,5.2659778551511494e-05,0.20787170738066107
11425,5.2659778551511494e-05,0.20787170738066107
11426,5.2659778551511494e-05,0.20787170738066107
11427,5.2659778551511494e-05,0.20787170738066107
11444,2.2713805281071586e-08,0.5529487088624887
11448,1.3294849665612674e-09,0.3220101721867158
11451,1.621137668550432e-10,0.6275549866093242
11456,0.0204624178827445,0.46227704553983545
11457,0.027111747606715197,0.4820895161412067
11458,0.03156234459768692,0.45006122952912986
11459,0.027266115811171887,0.4446084840890405
11460,0.03131612644642545,0.4034225001282594
11461,0.025820087638955713,0.4785175359771782
11462,0.03562278468625779,0.4948445274750363
11463,0.03486873277563207,0.4537092394293466
11464,0.014847030932576222,0.4808124754659136
11465,0.015905087330213674,0.46331505341337764
11466,0.019803982070990434,0.5042237815300871
11467,0.020836735965771513,0.4952563019956941
11468,0.022571239114533848,0.5197956832796489
11469,0.022722582756267706,0.467376000199994
11470,0.01640414248641686,0.47434698945794057
11471,0.01888179337249607,0.46091459465470097
11472,0.02640646428054516,0.5174322850826542
11473,0.03068178748286232,0.4958649653322755
11474,0.015614790344995133,0.47681359883148805
11475,0.020732688286108747,0.4118133917243273
11476,0.022329116921684822,0.39892018890238123
11477,0.023899008084399154,0.4620250951714001
11478,0.03149514733895098,0.48865379261832753
11479,0.026088190503721687,0.46492197593266754
11480,0.025076958769463253,0.47032188188163815
11481,0.03405493258198844,0.4931870229099193
11482,0.03139478312774335,0.47110809957534944
11483,0.0494229118105336,0.44263126323317625
11484,0.06699178099213665,0.45722918100063625
11485,0.06226321118326017,0.4413429816526141
11486,0.02989178901348355,0.4969133011903224
11487,0.041311142078795604,0.5112722050154337
11488,0.03446509735599124,0.48665201154353904
11489,0.03684286430280326,0.49989145621052167
11490,0.05521828487759817,0.5069778592992353
11491,0.04223507914763447,0.48560602078322956
11492,0.000901751003394069,0.2622236758014499
11493,0.000901751003394069,0.2622236758014499
11494,0.000901751003394069,0.2622236758014499
11495,0.000901751003394069,0.2622236758014499
11496,0.000901751003394069,0.2622236758014499
11497,0.000901751003394069,0.2622236758014499
11498,0.000901751003394069,0.2622236758014499
11499,0.000901751003394069,0.2622236758014499
11500,0.000901751003394069,0.2622236758014499
11501,0.000901751003394069,0.2622236758014499
11502,0.000901751003394069,0.2622236758014499
11503,0.12651147015838882,0.22934865454483344
11504,0.12651147015838882,0.22934865454483344
11505,0.12651147015838882,0.22934865454483344
11506,0.12651147015838882,0.22934865454483344
11507,0.12651147015838882,0.22934865454483344
11508,0.12651147015838882,0.22934865454483344
11509,0.12651147015838882,0.22934865454483344
11510,0.12651147015838882,0.22934865454483344
11511,0.1497178558643153,0.2751246170749607
11512,0.1497178558643153,0.2751246170749607
11513,0.1497178558643153,0.2751246170749607
11514,0.1497178558643153,0.2751246170749607
11515,0.1497178558643153,0.2751246170749607
11516,0.1497178558643153,0.2751246170749607
11517,0.1497178558643153,0.2751246170749607
11518,0.1497178558643153,0.2751246170749607
11519,0.18281520052029177,0.14748492943319935
11520,0.18281520052029177,0.14748492943319935
11521,0.18281520052029177,0.14748492943319935
11522,0.18281520052029177,0.14748492943319935
11523,0.18281520052029177,0.14748492943319935
11524,0.18281520052029177,0.14748492943319935
11525,0.18281520052029177,0.14748492943319935
11526,0.18281520052029177,0.14748492943319935
11545,0.00016685578438724313,0.20782860989688146
11548,0.00016685578438724313,0.20782860989688146
11568,0.014853155621406322,0.3607060477822607
11570,0.03294882020463652,0.3448809182740801
11574,0.35572058772607074,0.13879081084539668
11577,0.3510648043705269,0.0964146256222238
11580,0.320479732414788,0.15134358537519677
11581,0.003302201398965421,0.427248314420259
11582,0.010395720569168487,0.47619620045924854
11583,0.002557371004763165,0.28706935685544654
11584,0.00017691684724119305,0.08249651647267131
11585,0.00017691684724119305,0.08249651647267131
11586,0.00017691684724119305,0.08249651647267131
11587,0.00017691684724119305,0.08249651647267131
11588,0.00017691684724119305,0.08249651647267131
11589,0.00017691684724119305,0.08249651647267131
11590,0.00017691684724119305,0.08249651647267131
11591,0.00017691684724119305,0.08249651647267131
11592,0.00017691684724119305,0.08249651647267131
11593,0.00017691684724119305,0.08249651647267131
11595,2.849705350549403e-05,0.03025751677145372
11596,2.849705350549403e-05,0.03025751677145372
11598,2.849705350549403e-05,0.03025751677145372
11599,2.849705350549403e-05,0.03025751677145372
11600,2.849705350549403e-05,0.03025751677145372
11601,2.849705350549403e-05,0.03025751677145372
11603,2.849705350549403e-05,0.03025751677145372
11661,0.4044123750704215,0.3362259559732318
11662,0.4044123750704215,0.3362259559732318
11663,0.4044123750704215,0.3362259559732318
11664,0.4044123750704215,0.3362259559732318
11665,0.4044123750704215,0.3362259559732318
11666,0.4044123750704215,0.3362259559732318
11667,0.4044123750704215,0.3362259559732318
11668,0.4044123750704215,0.3362259559732318
11669,0.4044123750704215,0.3362259559732318
11670,0.4044123750704215,0.3362259559732318
11671,0.4044123750704215,0.3362259559732318
11672,0.4044123750704215,0.3362259559732318
11673,0.4044123750704215,0.3362259559732318
11674,0.4044123750704215,0.3362259559732318
11675,0.4044123750704215,0.3362259559732318
11676,0.4044123750704215,0.3362259559732318
11677,0.4044123750704215,0.3362259559732318
11678,0.4044123750704215,0.3362259559732318
11705,7.795578890523736e-06,0.317071128225467
11706,3.978411573746232e-05,0.18989007185029327
11713,0.0008311915867249553,0.3257499631591876
11714,0.0008311915867249553,0.3257499631591876
11715,0.0008311915867249553,0.3257499631591876
11716,0.0008311915867249553,0.3257499631591876
11717,0.0008311915867249553,0.3257499631591876
11718,0.0008311915867249553,0.3257499631591876
11719,0.0008311915867249553,0.3257499631591876
11720,0.0008311915867249553,0.3257499631591876
11721,0.3931727131553474,0.2635903874170249
11722,0.3931727131553474,0.2635903874170249
11723,0.3931727131553474,0.2635903874170249
11724,0.3969464571827477,0.26315161848767743
11725,0.3969464571827477,0.26315161848767743
11726,0.3969464571827477,0.26315161848767743
11727,0.43168019836019444,0.2708186892414072
11728,0.43168019836019444,0.2708186892414072
11729,0.43168019836019444,0.2708186892414072
11730,0.4292168734644446,0.2706129413294588
11731,0.4292168734644446,0.2706129413294588
11732,0.4292168734644446,0.2706129413294588
11733,0.449253456437094,0.27211245790279126
11734,0.449253456437094,0.27211245790279126
11735,0.449253456437094,0.27211245790279126
11736,0.4463610655268172,0.27196145916933034
11737,0.4463610655268172,0.27196145916933034
11738,0.4463610655268172,0.27196145916933034
11739,0.08862202535642272,0.16900516546725974
11740,0.08862202535642272,0.16900516546725974
11759,2.501467842863647e-07,0.5350310672043862
11821,0.1379686558598039,0.006200628903756944
11834,0.016526535138423837,0.4506020740368386
11835,0.02769544568322735,0.4082366673818898
11871,0.05462301393222002,0.06332585655861656
11872,0.05462301393222002,0.06332585655861656
11873,0.05462301393222002,0.06332585655861656
11876,0.05572040812166512,0.1102529881267873
11877,0.05572040812166512,0.1102529881267873
11878,0.05572040812166512,0.1102529881267873
11881,0.05699822258538123,0.07046616281339668
11882,0.05699822258538123,0.07046616281339668
11883,0.05699822258538123,0.07046616281339668
11901,9.821505707185985e-05,0.09721722260367283
11902,0.026752337670794324,0.26646291852892257
11903,0.035859490625318124,0.26978923343150507
11904,0.03180504591496891,0.26804589743769525
11905,0.03371478969680208,0.2633971807431761
11906,0.049613575611874516,0.260104260106802
11907,6.310949358656615e-07,0.03120790262403006
11933,0.030487918339751507,0.02225271977976484
11935,0.030487918339751507,0.02225271977976484
11936,0.030487918339751507,0.02225271977976484
11937,0.030487918339751507,0.02225271977976484
11939,0.030487918339751507,0.02225271977976484
11949,0.06770308306454031,0.006379459220957173
11951,0.06770308306454031,0.006379459220957173
11952,0.06770308306454031,0.006379459220957173
11953,0.06770308306454031,0.006379459220957173
11955,0.06770308306454031,0.006379459220957173
11989,7.557478687303387e-08,0.3452418349114187
11998,7.557478687303387e-08,0.3452418349114187
11999,7.557478687303387e-08,0.3452418349114187
12000,7.557478687303387e-08,0.3452418349114187
12001,7.557478687303387e-08,0.3452418349114187
12002,7.557478687303387e-08,0.3452418349114187
12003,0.015875973314238956,0.1282478707320277
12004,0.021137401783973053,0.1496664398307126
12021,0.0009589099075004714,0.3287083149270875
12022,0.0009589099075004714,0.3287083149270875
12025,3.928532224461989e-05,0.5322748086922245
12026,3.928532224461989e-05,0.5322748086922245
12027,3.928532224461989e-05,0.5322748086922245
12028,3.928532224461989e-05,0.5322748086922245
12029,3.928532224461989e-05,0.5322748086922245
12030,3.928532224461989e-05,0.5322748086922245
12031,3.928532224461989e-05,0.5322748086922245
12032,3.928532224461989e-05,0.5322748086922245
12033,3.928532224461989e-05,0.5322748086922245
12034,3.928532224461989e-05,0.5322748086922245
12035,3.928532224461989e-05,0.5322748086922245
12036,3.928532224461989e-05,0.5322748086922245
12037,3.928532224461989e-05,0.5322748086922245
12038,3.928532224461989e-05,0.5322748086922245
12039,3.928532224461989e-05,0.5322748086922245
12040,3.928532224461989e-05,0.5322748086922245
12041,3.928532224461989e-05,0.5322748086922245
12042,3.928532224461989e-05,0.5322748086922245
12043,3.928532224461989e-05,0.5322748086922245
12044,3.928532224461989e-05,0.5322748086922245
12045,3.2209610929756494e-05,0.6145130648084662
12046,3.2209610929756494e-05,0.6145130648084662
12047,3.2209610929756494e-05,0.6145130648084662
12048,3.2209610929756494e-05,0.6145130648084662
12049,3.2209610929756494e-05,0.6145130648084662
12050,3.2209610929756494e-05,0.6145130648084662
12051,3.2209610929756494e-05,0.6145130648084662
12052,3.2209610929756494e-05,0.6145130648084662
12053,3.2209610929756494e-05,0.6145130648084662
12054,3.2209610929756494e-05,0.6145130648084662
12055,3.2209610929756494e-05,0.6145130648084662
12056,3.2209610929756494e-05,0.6145130648084662
12057,3.2209610929756494e-05,0.6145130648084662
12058,3.2209610929756494e-05,0.6145130648084662
12059,3.2209610929756494e-05,0.6145130648084662
12060,3.2209610929756494e-05,0.6145130648084662
12061,3.2209610929756494e-05,0.6145130648084662
12062,3.2209610929756494e-05,0.6145130648084662
12063,3.2209610929756494e-05,0.6145130648084662
12064,3.2209610929756494e-05,0.6145130648084662
12065,0.00015553086330921673,0.5575389114948188
12066,0.00015553086330921673,0.5575389114948188
12067,0.00015553086330921673,0.5575389114948188
12068,0.00015553086330921673,0.5575389114948188
12069,0.00015553086330921673,0.5575389114948188
12070,0.00015553086330921673,0.5575389114948188
12071,0.00015553086330921673,0.5575389114948188
12072,0.00015553086330921673,0.5575389114948188
12073,0.00015553086330921673,0.5575389114948188
12074,0.00015553086330921673,0.5575389114948188
12075,0.00015553086330921673,0.5575389114948188
12076,0.00015553086330921673,0.5575389114948188
12077,0.00015553086330921673,0.5575389114948188
12078,0.00015553086330921673,0.5575389114948188
12079,0.00015553086330921673,0.5575389114948188
12080,0.00015553086330921673,0.5575389114948188
12081,0.00015553086330921673,0.5575389114948188
12082,0.00015553086330921673,0.5575389114948188
12083,0.00015553086330921673,0.5575389114948188
12084,0.00015553086330921673,0.5575389114948188
12116,0.1269236696239291,0.3102243397835943
12117,0.1269236696239291,0.3102243397835943
12118,0.1269236696239291,0.3102243397835943
12119,0.1269236696239291,0.3102243397835943
12124,0.3529514978219722,0.4251687360104721
12125,0.3529514978219722,0.4251687360104721
12126,0.3529514978219722,0.4251687360104721
12131,0.007810148473581746,0.07014450009184203
12132,0.007810148473581746,0.07014450009184203
12133,0.007810148473581746,0.07014450009184203
12138,0.5704936397616762,0.29801181468135995
12139,0.5704936397616762,0.29801181468135995
12140,0.5704936397616762,0.29801181468135995
12141,0.5704936397616762,0.29801181468135995
12142,0.5704936397616762,0.29801181468135995
12143,0.5704936397616762,0.29801181468135995
12144,0.5704936397616762,0.29801181468135995
12145,0.5704936397616762,0.29801181468135995
12146,0.5704936397616762,0.29801181468135995
12147,0.5704936397616762,0.29801181468135995
12148,0.5704936397616762,0.29801181468135995
12149,0.5704936397616762,0.29801181468135995
12150,0.5704936397616762,0.29801181468135995
12151,0.5704936397616762,0.29801181468135995
12152,0.5704936397616762,0.29801181468135995
12153,0.5704936397616762,0.29801181468135995
12154,0.5704936397616762,0.29801181468135995
12162,0.12388833898070861,0.4361523616414904
12170,0.03273202368775052,0.041211630069409866
12171,0.03273202368775052,0.041211630069409866
12186,0.508807388589581,0.00798015230687188
12187,0.508807388589581,0.00798015230687188
12202,0.2582023518113159,0.010295328491897404
12203,0.2582023518113159,0.010295328491897404
12245,0.00709576906479692,0.1499085631590854
12246,0.00709576906479692,0.1499085631590854
12247,0.00709576906479692,0.1499085631590854
12248,0.00709576906479692,0.1499085631590854
12249,0.0031158485935252056,0.14884141513646143
12250,3.1537356198207966e-05,0.23852963864944876
12251,3.1537356198207966e-05,0.23852963864944876
12252,3.1537356198207966e-05,0.23852963864944876
12253,3.1537356198207966e-05,0.23852963864944876
12254,3.1537356198207966e-05,0.23852963864944876
12255,3.1537356198207966e-05,0.23852963864944876
12256,3.1537356198207966e-05,0.23852963864944876
12257,3.1537356198207966e-05,0.23852963864944876
12258,3.1537356198207966e-05,0.23852963864944876
12259,3.1537356198207966e-05,0.23852963864944876
12260,3.1537356198207966e-05,0.23852963864944876
12261,3.1537356198207966e-05,0.23852963864944876
12262,3.1537356198207966e-05,0.23852963864944876
12263,3.1537356198207966e-05,0.23852963864944876
12264,3.1537356198207966e-05,0.23852963864944876
12265,3.1537356198207966e-05,0.23852963864944876
12370,0.007241934877866951,0.4143388436141383
12371,0.00559615437914851,0.5893657878021732
12372,3.236508877346722e-06,0.442738572526706
12373,0.0001149599875545082,0.736076690532141
12374,0.00018588296740362775,0.5777614539324338
12375,0.005412264151729684,0.4803231451561224
12376,2.617234546842262e-05,0.7111973790006706
12377,0.18539229207187835,0.2786209197423294
12378,0.2142425214358069,0.27394942542312406
12379,0.2034730439623278,0.27788828816353184
12380,0.2293004544479459,0.29250736574920233
12381,0.2363131490401298,0.29643979149163713
12382,0.2349741708706632,0.29795025985931567
12383,0.21818037704560833,0.2981461946551659
12384,0.20570295821300855,0.2980174633887587
12385,0.19823434473652268,0.2980830675914018
12386,0.2653598237058761,0.2934372542307413
12387,0.25376868868555424,0.29314089867699245
12388,0.239477968682152,0.29652266798832794
12389,0.3027046170328054,0.29904513682525746
12390,0.24668958064584112,0.2954865958349878
12391,0.21100513617873373,0.2949927404404449
12392,0.2052395421568003,0.29602676107800785
12393,0.22168547041568898,0.29535331230757544
12397,0.02762587433170649,0.34870190254569255
12399,0.0668065104066542,0.31524895843473755
12402,0.08428953038978082,0.3297090924598183
12406,0.01526640906294019,0.5465777971957724
12410,0.007503413970093353,0.5548959449241958
12411,4.0571175309978e-05,0.27779772810837144
12461,0.002921495552502207,0.4572987113688083
12462,0.002921495552502207,0.4572987113688083
12463,0.002921495552502207,0.4572987113688083
12465,0.002921495552502207,0.4572987113688083
12467,0.002921495552502207,0.4572987113688083
12470,0.0018107804657248039,0.4044782248738741
12471,0.0018107804657248039,0.4044782248738741
12474,0.0018107804657248039,0.4044782248738741
12480,4.211310780632971e-05,0.5173557852686379
12481,4.211310780632971e-05,0.5173557852686379
12482,4.211310780632971e-05,0.5173557852686379
12494,9.183290205938555e-05,0.31072834117644166
12495,0.00019780956604964484,0.3638245390593462
12496,3.676415727404958e-08,0.735465389103557
12497,0.0012331334343069766,0.427629621663807
12498,0.002690581616171306,0.4700972640953438
12499,0.002282179873959733,0.572606539876254
12500,0.009491717879994255,0.49325910917405225
12501,0.0002768852525260046,0.570827724430625
12502,0.0008975659014810455,0.24573764350899274
12503,0.0008975659014810455,0.24573764350899274
12504,0.0008975659014810455,0.24573764350899274
12505,0.0008975659014810455,0.24573764350899274
12506,0.0008975659014810455,0.24573764350899274
12507,0.0008975659014810455,0.24573764350899274
12508,0.0008975659014810455,0.24573764350899274
12509,0.0008975659014810455,0.24573764350899274
12510,0.0008975659014810455,0.24573764350899274
12522,0.010252750314755699,0.4311472639528162
12523,0.020622629692859884,0.42044748774552954
12524,0.08071367702203325,0.4770839790596593
12525,0.03117117915980583,0.5686331519286701
12526,0.0754234649133293,0.5298595880689281
12527,0.22150283628222578,0.6289224893614946
12565,0.08052513703271835,0.33242195758663107
12566,0.012691653958978644,0.5354831899342363
12567,0.014397468510666367,0.5368007852205867
12568,0.012495248888319876,0.5449421442676855
12569,5.7888915424575416e-06,0.18948453509117047
12570,0.00011686387966147738,0.19053515974613666
12571,0.014269816224808052,0.27127384486743356
12572,0.012898752775380884,0.3979532061477403
12573,0.013875995090069426,0.5121945277567905
12574,0.021247463383126997,0.31259480756774716
12575,0.024041226165564034,0.3866108464873792
12576,0.03446763908175576,0.3226163015712593
12577,0.019709585530603868,0.25546098622147106
12578,0.020375833324448034,0.2555984809681905
12579,0.022093933574182767,0.2439568623288103
12580,0.020439577667624276,0.2706740986660192
12581,0.00638999519223149,0.12212459380584684
12588,0.47996623141991956,0.21522473743787351
12595,0.920153127942755,0.01787984792091757
12602,0.8593576960699422,0.03711655727168384
12609,0.5871050568415701,0.19304459856577771
12727,7.569634496329414e-06,0.03836254660076577
12728,7.569634496329414e-06,0.03836254660076577
12746,0.1900063578256752,0.2544550820288206
12747,0.21442898978354552,0.2556510023519034
12748,1.5886408388787743e-07,0.08681719959608314
12749,0.00031046442141480224,0.29012334897841685
12750,0.005981441270820231,0.2761577451755586
12751,0.15295610615344024,0.25680970168360184
12752,0.1900063578256752,0.2544550820288206
12753,0.21442898978354552,0.2556510023519034
12754,1.5886408388787743e-07,0.08681719959608314
12755,0.00031046442141480224,0.29012334897841685
12756,0.005981441270820231,0.2761577451755586
12757,0.15295610615344024,0.25680970168360184
12758,0.1900063578256752,0.2544550820288206
12759,0.21442898978354552,0.2556510023519034
12769,0.3803091911780728,0.24894961735294507
12771,0.3803091911780728,0.24894961735294507
12772,0.6313147667551193,0.24276579925843578
12773,0.6313147667551193,0.24276579925843578
12774,0.6313147667551193,0.24276579925843578
12802,0.35921211271142817,0.19314415650940342
12805,0.35921211271142817,0.19314415650940342
12817,4.106018274274703e-07,0.6892744386597769
12818,5.684257775584456e-08,0.7449264045331054
12819,4.512782013499361e-05,0.6385794553305166
12820,0.0024907886391781764,0.5201122597600554
12821,0.00015176217882795218,0.6194404085804003
12822,2.872781345031328e-07,0.7463691644835394
12823,8.005110495468148e-05,0.5982416692916181
12824,8.310783606524375e-06,0.672151957320834
12830,0.9478137333799118,0.2181992942728228
12832,0.9779118805947753,0.21941475173545533
12839,0.4124690272651006,0.04387535507554241
12840,0.33476097174749897,0.15613294790140397
12841,0.43569433568584504,0.20064677758253002
12842,0.18754738478034194,0.1641822471145088
12844,0.35013915917887173,0.21923824103454181
12848,0.33476097174749897,0.15613294790140397
12850,0.18754738478034194,0.1641822471145088
12855,0.0016051721886432002,0.16995216737766417
12856,0.0016051721886432002,0.16995216737766417
12857,0.0016051721886432002,0.16995216737766417
12858,0.0016051721886432002,0.16995216737766417
12879,2.079931674892066e-05,0.4443083020213512
12881,2.079931674892066e-05,0.4443083020213512
12889,0.00043161670742375424,0.3581930689527969
12891,0.00043161670742375424,0.3581930689527969
12918,0.9644910488233285,0.020417381977002713
12922,0.9217953259584253,0.10848524265121073
12926,0.9042613622900089,0.07651712438777802
12930,0.9751179547536728,0.059086161140728954
12934,0.9103514301126985,0.07963336769891383
12938,0.9353035662278799,0.055457466913392706
12942,0.9464178989582154,0.11625752458860394
12946,0.8753829931112755,0.1508393735614122
12950,0.7162207859008278,0.17746560987690208
12952,0.7060337583764571,0.17586678861745353
12954,0.7060337583764571,0.17586678861745353
12967,0.04994783862763885,0.3915336192402755
12968,0.043362115706880866,0.4043481170812313
12969,0.013281355544281892,0.5014184769576228
12970,0.010061732352383612,0.5490501108347853
12971,4.6154815645960134e-05,0.505513856368244
12972,0.04490212321356757,0.29281221404550906
12979,0.026128558540714164,0.12981992531496367
12980,0.006110643186836295,0.07383068924748082
12981,0.016645705704573688,0.09765614967953273
12982,0.018648514584489906,0.15096587750954982
12983,0.018648514584489906,0.15096587750954982
12984,0.018648514584489906,0.15096587750954982
12985,0.018648514584489906,0.15096587750954982
12986,0.018648514584489906,0.15096587750954982
12987,0.018648514584489906,0.15096587750954982
12988,0.018648514584489906,0.15096587750954982
12989,0.018648514584489906,0.15096587750954982
12990,0.018648514584489906,0.15096587750954982
12991,0.018648514584489906,0.15096587750954982
12992,0.018648514584489906,0.15096587750954982
12993,0.018648514584489906,0.15096587750954982
12995,0.0017331416049191084,0.17614246993824811
12997,0.0017331416049191084,0.17614246993824811
12998,0.0017331416049191084,0.17614246993824811
12999,0.0017331416049191084,0.17614246993824811
13001,0.0003626961676864715,0.11609414649020122
13003,0.0003626961676864715,0.11609414649020122
13004,0.0003626961676864715,0.11609414649020122
13005,0.0003626961676864715,0.11609414649020122
13007,0.004510626062083523,0.19758241408468336
13009,0.004510626062083523,0.19758241408468336
13010,0.004510626062083523,0.19758241408468336
13011,0.004510626062083523,0.19758241408468336
13015,0.0029246950706135477,0.10538541992802664
13016,0.00017778991143513334,0.10340348243646469
13022,0.0804090747410906,0.1449620131500069
13023,0.016505757173813085,0.04833986629975573
13024,0.0033674481337325757,0.06003796238109116
13025,0.0029153558063931273,0.06801170676163515
13026,0.001860736254639228,0.05932187716649473
13027,0.03054602544211571,0.05447307125999423
13033,2.6269452414351413e-05,0.09226378908815192
13038,0.001292078781409134,0.07207732052824545
13042,0.00017778991143513334,0.10340348243646469
13048,0.0804090747410906,0.1449620131500069
13049,0.016505757173813085,0.04833986629975573
13050,0.0033674481337325757,0.06003796238109116
13051,0.0029153558063931273,0.06801170676163515
13052,0.001860736254639228,0.05932187716649473
13054,1.7883557664744032e-06,0.028984853552445955
13084,0.0003607552276607695,0.2773021949099693
13085,0.0006601624931482641,0.17169490369898865
13086,0.12822412479811063,0.181829569947902
13087,0.2035849052033314,0.2159132045888721
13088,0.1978541559353576,0.21606840941092742
13089,0.22756295461727216,0.2550902842974061
13090,0.12745537615402924,0.29607154733888563
13091,0.12753768072140648,0.29607242561791736
13092,0.20063319951991132,0.29919854509425436
13093,0.1985440088122955,0.2991601549560856
13094,0.21329256039533018,0.29918442681090085
13095,0.13739862200889574,0.19922333212011845
13096,0.1355981800858398,0.20748510192245295
13097,0.024220168654039087,0.2528991658757582
13098,0.008224645560397148,0.09024553810930458
13099,0.008224645560397148,0.09024553810930458
13100,0.008224645560397148,0.09024553810930458
13101,0.008224645560397148,0.09024553810930458
13102,0.008224645560397148,0.09024553810930458
13103,0.008224645560397148,0.09024553810930458
13104,0.008224645560397148,0.09024553810930458
13105,0.008224645560397148,0.09024553810930458
13106,0.008224645560397148,0.09024553810930458
13107,0.008224645560397148,0.09024553810930458
13108,0.008224645560397148,0.09024553810930458
13109,0.008224645560397148,0.09024553810930458
13110,0.008224645560397148,0.09024553810930458
13111,0.008224645560397148,0.09024553810930458
13112,0.008224645560397148,0.09024553810930458
13123,4.661160346586257e-12,0.05209180926351875
13126,4.661160346586257e-12,0.05209180926351875
13127,4.661160346586257e-12,0.05209180926351875
13128,4.661160346586257e-12,0.05209180926351875
13129,4.661160346586257e-12,0.05209180926351875
13130,5.282798185568538e-07,0.09410205348987222
13131,5.282798185568538e-07,0.09410205348987222
13132,5.282798185568538e-07,0.09410205348987222
13133,0.5944032992871453,0.24807662215997373
13134,0.9848515998607734,0.2633066514757091
13135,0.7537071981118064,0.32326577875811435
13136,0.9847228010360415,0.319336637702637
13147,0.32452975630282777,0.23680964309699215
13148,0.2784682957647431,0.2616523943066503
13149,0.3247443117597514,0.26553359464219084
13150,0.3057543711791034,0.26183128489696583
13151,0.3471684931065405,0.25720789929924537
13152,0.35262119590528074,0.27376840843628725
13153,0.32920261407956586,0.2670761017824469
13154,0.3653177488667222,0.2694339385654816
13155,0.32840751638700316,0.2773567201360414
13156,0.3646922152508084,0.2789741751973478
13157,0.35176895155364385,0.2776082728352812
13158,0.3786739411009876,0.2767230026973646
13159,0.38663761113459616,0.282838910943207
13160,0.36937201764454397,0.28005687591909445
13175,0.008584973612678626,0.4186317636190463
13176,0.013014726935987375,0.42803568236071254
13180,0.034961092770143254,0.17126662594737663
13181,0.034961092770143254,0.17126662594737663
13182,0.034961092770143254,0.17126662594737663
13183,0.034961092770143254,0.17126662594737663
13184,0.034961092770143254,0.17126662594737663
13185,0.034961092770143254,0.17126662594737663
13186,0.034961092770143254,0.17126662594737663
13187,0.034961092770143254,0.17126662594737663
13188,0.034961092770143254,0.17126662594737663
13189,0.034961092770143254,0.17126662594737663
13202,1.7661239137822804e-09,0.3362016489160544
13216,0.048929840864925134,0.2526905966799796
13219,0.048929840864925134,0.2526905966799796
13251,0.08685618113496052,0.11759991385636359
13252,0.4637111144642425,0.2089433906561432
13253,0.13921341723420066,0.21475147270851314
13254,0.01578587192223846,0.25155231511890097
13255,0.06992955935805767,0.17696843311817356
13256,0.2171202173731377,0.11836343782076286
13281,0.2833289003904209,0.25995905013779574
13282,0.2833289003904209,0.25995905013779574
13283,0.2833289003904209,0.25995905013779574
13284,0.2833289003904209,0.25995905013779574
13285,0.2833289003904209,0.25995905013779574
13286,0.2833289003904209,0.25995905013779574
13287,0.2833289003904209,0.25995905013779574
13288,0.2833289003904209,0.25995905013779574
13289,0.2833289003904209,0.25995905013779574
13295,0.0001586457350716275,0.18157399452505552
13296,0.0001586457350716275,0.18157399452505552
13297,0.0001586457350716275,0.18157399452505552
13298,0.0001586457350716275,0.18157399452505552
13323,0.002042996949036313,0.05761986560792398
13326,0.0001170188347280332,0.7540297146581241
13327,0.0001170188347280332,0.7540297146581241
13328,0.0001170188347280332,0.7540297146581241
13329,0.0001170188347280332,0.7540297146581241
13330,0.0001170188347280332,0.7540297146581241
13331,0.0001170188347280332,0.7540297146581241
13332,0.0001170188347280332,0.7540297146581241
13333,0.0001170188347280332,0.7540297146581241
13334,0.0001170188347280332,0.7540297146581241
13335,0.0001170188347280332,0.7540297146581241
13336,0.00438350450502456,0.36847056382663246
13337,0.00438350450502456,0.36847056382663246
13338,0.00438350450502456,0.36847056382663246
13339,0.00438350450502456,0.36847056382663246
13340,0.00438350450502456,0.36847056382663246
13341,0.00438350450502456,0.36847056382663246
13342,0.00438350450502456,0.36847056382663246
13343,0.00438350450502456,0.36847056382663246
13344,0.00438350450502456,0.36847056382663246
13345,0.00438350450502456,0.36847056382663246
13346,0.022920115411161346,0.3050128651668004
13347,0.022920115411161346,0.3050128651668004
13348,0.022920115411161346,0.3050128651668004
13349,0.022920115411161346,0.3050128651668004
13350,0.022920115411161346,0.3050128651668004
13351,0.022920115411161346,0.3050128651668004
13352,0.022920115411161346,0.3050128651668004
13353,0.022920115411161346,0.3050128651668004
13354,0.022920115411161346,0.3050128651668004
13355,0.022920115411161346,0.3050128651668004
13356,0.004875323059714942,0.3564958992621393
13357,0.004875323059714942,0.3564958992621393
13358,0.004875323059714942,0.3564958992621393
13359,0.004875323059714942,0.3564958992621393
13360,0.004875323059714942,0.3564958992621393
13361,0.004875323059714942,0.3564958992621393
13362,0.004875323059714942,0.3564958992621393
13363,0.004875323059714942,0.3564958992621393
13364,0.004875323059714942,0.3564958992621393
13365,0.004875323059714942,0.3564958992621393
13366,0.024671351145990505,0.3026617532364708
13367,0.024671351145990505,0.3026617532364708
13368,0.024671351145990505,0.3026617532364708
13369,0.024671351145990505,0.3026617532364708
13370,0.024671351145990505,0.3026617532364708
13371,0.024671351145990505,0.3026617532364708
13372,0.024671351145990505,0.3026617532364708
13373,0.024671351145990505,0.3026617532364708
13374,0.024671351145990505,0.3026617532364708
13375,0.024671351145990505,0.3026617532364708
13502,0.097742855393256,0.5042737026746245
13507,0.3978524876970345,0.150234995931132
13508,0.3978524876970345,0.150234995931132
13509,0.3978524876970345,0.150234995931132
13510,0.3978524876970345,0.150234995931132
13511,0.3978524876970345,0.150234995931132
13512,0.3978524876970345,0.150234995931132
13513,0.3978524876970345,0.150234995931132
13514,0.3978524876970345,0.150234995931132
13515,0.3978524876970345,0.150234995931132
13516,0.3978524876970345,0.150234995931132
13517,0.3978524876970345,0.150234995931132
13518,0.3978524876970345,0.150234995931132
13519,0.3978524876970345,0.150234995931132
13520,0.2744424269790511,0.1438374529625711
13521,0.2744424269790511,0.1438374529625711
13522,0.2744424269790511,0.1438374529625711
13523,0.2744424269790511,0.1438374529625711
13524,0.2744424269790511,0.1438374529625711
13525,0.2744424269790511,0.1438374529625711
13526,0.2744424269790511,0.1438374529625711
13527,0.2744424269790511,0.1438374529625711
13528,0.2744424269790511,0.1438374529625711
13529,0.2744424269790511,0.1438374529625711
13530,0.2744424269790511,0.1438374529625711
13531,0.2744424269790511,0.1438374529625711
13532,0.2744424269790511,0.1438374529625711
13533,0.19710297732624016,0.11068679448693275
13534,0.19710297732624016,0.11068679448693275
13535,0.19710297732624016,0.11068679448693275
13536,0.19710297732624016,0.11068679448693275
13537,0.19710297732624016,0.11068679448693275
13538,0.19710297732624016,0.11068679448693275
13539,0.19710297732624016,0.11068679448693275
13540,0.19710297732624016,0.11068679448693275
13541,0.19710297732624016,0.11068679448693275
13542,0.19710297732624016,0.11068679448693275
13543,0.19710297732624016,0.11068679448693275
13544,0.19710297732624016,0.11068679448693275
13545,0.19710297732624016,0.11068679448693275
13643,0.0013235672854534641,0.1276826987138996
13644,0.1022034517932533,0.17161217370178794
13645,0.003137633519804117,0.07584335741996151
13646,0.0679972910071549,0.15066486703633497
13647,0.11289959421457796,0.21965996862103787
13648,0.12071647676499153,0.2757598103173884
13649,0.12071647676499153,0.2757598103173884
13650,0.12071647676499153,0.2757598103173884
13651,0.12071647676499153,0.2757598103173884
13652,0.12071647676499153,0.2757598103173884
13653,0.12071647676499153,0.2757598103173884
13654,0.12071647676499153,0.2757598103173884
13655,0.12071647676499153,0.2757598103173884
13656,0.12071647676499153,0.2757598103173884
13657,0.12071647676499153,0.2757598103173884
13658,0.12071647676499153,0.2757598103173884
13659,0.12071647676499153,0.2757598103173884
13660,0.12071647676499153,0.2757598103173884
13661,0.12071647676499153,0.2757598103173884
13662,0.12071647676499153,0.2757598103173884
13663,0.0012138172996254415,0.17467629815473773
13664,0.0012138172996254415,0.17467629815473773
13665,0.018305521521920776,0.12565030417015566
13666,0.018305521521920776,0.12565030417015566
13667,0.0007955510078943018,0.14336033912285817
13668,0.0007955510078943018,0.14336033912285817
13669,0.0029900570842794627,0.331725285020115
13670,0.0029900570842794627,0.331725285020115
13671,0.31166532418981996,0.2610367127853489
13672,0.31166532418981996,0.2610367127853489
13673,0.3011114144958743,0.26116249135752445
13674,0.3011114144958743,0.26116249135752445
13675,0.350742382699071,0.2375194337749552
13676,0.350742382699071,0.2375194337749552
13677,0.29594658427835485,0.26508246548307357
13678,0.29594658427835485,0.26508246548307357
13679,0.32580932159523046,0.2618611420589433
13680,0.32580932159523046,0.2618611420589433
13687,0.05668081198544139,0.13932719847567032
13688,0.05668081198544139,0.13932719847567032
13689,0.05668081198544139,0.13932719847567032
13690,0.05668081198544139,0.13932719847567032
13692,0.04848876035809002,0.07889238067306203
13693,0.011482105338768034,0.08991147446300496
13694,0.029324328230460273,0.11517626812952875
13695,0.029324328230460273,0.11517626812952875
13696,0.029324328230460273,0.11517626812952875
13697,0.029324328230460273,0.11517626812952875
13699,0.001500128355454211,0.09391027851996048
13700,0.001500128355454211,0.09391027851996048
13701,0.001500128355454211,0.09391027851996048
13702,0.001500128355454211,0.09391027851996048
13704,0.01613720665672791,0.07136679090858944
13705,0.01613720665672791,0.07136679090858944
13706,0.01613720665672791,0.07136679090858944
13707,0.01613720665672791,0.07136679090858944
13709,0.013253310105743377,0.09016642291097343
13710,0.013253310105743377,0.09016642291097343
13711,0.013253310105743377,0.09016642291097343
13712,0.013253310105743377,0.09016642291097343
13714,0.05668081198544139,0.13932719847567032
13715,0.04848876035809002,0.07889238067306203
13716,0.011482105338768034,0.08991147446300496
13717,0.029324328230460273,0.11517626812952875
13718,0.001500128355454211,0.09391027851996048
13719,0.01613720665672791,0.07136679090858944
13720,0.013253310105743377,0.09016642291097343
13744,0.06249307775112478,0.46651518825916216
13745,0.09842535636747429,0.38489201945320684
13746,0.06249307775112478,0.46651518825916216
13747,0.09842535636747429,0.38489201945320684
13748,0.12106425977817115,0.31431763018010617
13749,0.1572890074333848,0.31371942973573763
13750,0.12855524205327462,0.3169400309757856
13751,0.12585843750983994,0.3139808750544312
13752,0.15663580143362643,0.30368930237491465
13753,0.16034100187797817,0.3124559586598653
13759,0.01161041554812936,0.44697915791078613
13760,0.01161041554812936,0.44697915791078613
13761,0.01161041554812936,0.44697915791078613
13762,0.01161041554812936,0.44697915791078613
13763,0.01161041554812936,0.44697915791078613
13764,0.01161041554812936,0.44697915791078613
13765,0.01161041554812936,0.44697915791078613
13766,0.01161041554812936,0.44697915791078613
13767,0.01161041554812936,0.44697915791078613
13768,0.01161041554812936,0.44697915791078613
13769,0.01161041554812936,0.44697915791078613
13770,0.01161041554812936,0.44697915791078613
13771,0.0018689169743892897,0.4746119563242325
13772,0.0018689169743892897,0.4746119563242325
13773,0.0018689169743892897,0.4746119563242325
13774,0.0018689169743892897,0.4746119563242325
13775,0.0018689169743892897,0.4746119563242325
13776,0.0018689169743892897,0.4746119563242325
13777,0.0018689169743892897,0.4746119563242325
13778,0.0018689169743892897,0.4746119563242325
13779,0.0018689169743892897,0.4746119563242325
13780,0.0018689169743892897,0.4746119563242325
13781,0.0018689169743892897,0.4746119563242325
13782,0.0018689169743892897,0.4746119563242325
13783,0.12018727715894562,0.3217267506481586
13784,0.12018727715894562,0.3217267506481586
13801,0.0003820256318903814,0.3061487035502506
13802,0.0009331179410276835,0.5740772184294088
13803,0.002499238854736685,0.5300840455293787
13804,0.01119847435484067,0.40848865006933643
13863,0.28349889087331615,0.2897970621259237
13864,0.7125859075348561,0.23491453046313748
13865,0.772444146402408,0.20928893331088672
13866,0.8159488965926864,0.20503208764838265
13867,0.0912907143844991,0.08735672272031891
13868,0.08933047715477216,0.0989040118102309
13869,0.09447966225845628,0.10832804730618784
13870,0.1035889371547668,0.11204820369531332
13871,0.10952968124689222,0.14102017616218732
13872,0.11507363414033756,0.13305658267841647
13873,0.1303110810527096,0.13191825621099418
13874,0.13597370991398994,0.14827983425550584
13875,0.1279654460778591,0.13734506183202333
13876,0.12147022874538438,0.10712995488366173
13877,0.12736391633726074,0.08604318087612828
13878,0.05695506502425307,0.10703548005578101
13879,0.14631296121909965,0.11729135078831399
13880,0.058228729843093685,0.06434291600168096
13881,0.08111740468377715,0.0731621515215497
13882,0.0912907143844991,0.08735672272031891
13883,0.08933047715477216,0.0989040118102309
13884,0.09447966225845628,0.10832804730618784
13885,0.1035889371547668,0.11204820369531332
13886,0.10952968124689222,0.14102017616218732
13887,0.11507363414033756,0.13305658267841647
13888,0.1303110810527096,0.13191825621099418
13889,0.058228729843093685,0.06434291600168096
13890,0.08111740468377715,0.0731621515215497
13940,0.01491865539622017,0.1338023353410277
13996,1.1387697267606356e-05,0.1727649831114333
13997,0.013501434950738411,0.2657995835814365
13998,0.006936015191976508,0.25514710337299185
13999,0.003009524638836525,0.3782494139977788
14000,0.014598081055549494,0.36993303500936037
14001,0.012157386065914877,0.3494493600079317
14046,0.0061983424481926175,0.22663548884084994
14047,0.0061983424481926175,0.22663548884084994
14048,0.0061983424481926175,0.22663548884084994
14049,0.0061983424481926175,0.22663548884084994
14050,0.002079359459090324,0.18786001862369783
14051,0.002079359459090324,0.18786001862369783
14052,0.002079359459090324,0.18786001862369783
14053,0.002079359459090324,0.18786001862369783
14060,9.491912741022013e-06,0.10443629092792694
14061,9.491912741022013e-06,0.10443629092792694
14119,0.0006154848888503262,0.2736038801574636
14120,0.019490106185507616,0.21613774786215378
14121,0.004866829995365141,0.2626610210885578
14170,0.0027490179464003672,0.15280905018333346
14178,0.003138307542474905,0.43858929873183006
14179,0.003138307542474905,0.43858929873183006
14180,0.003138307542474905,0.43858929873183006
14181,0.003138307542474905,0.43858929873183006
14182,0.003138307542474905,0.43858929873183006
14183,0.00335823476988939,0.43773163619159483
14184,0.00335823476988939,0.43773163619159483
14185,0.00335823476988939,0.43773163619159483
14186,0.00335823476988939,0.43773163619159483
14187,0.00335823476988939,0.43773163619159483
14192,0.06369452505726836,0.261839762915155
14193,0.06369452505726836,0.261839762915155
14194,0.06369452505726836,0.261839762915155
14195,0.06369452505726836,0.261839762915155
14196,0.06369452505726836,0.261839762915155
14197,0.06369452505726836,0.261839762915155
14198,0.06369452505726836,0.261839762915155
14199,0.06369452505726836,0.261839762915155
14200,0.06369452505726836,0.261839762915155
14207,0.016175059132181202,0.33112751334493973
14208,0.01127396460352914,0.3560835914919962
14209,0.05585818734390324,0.25551125656962825
14210,0.06834003112419762,0.27378440505871815
14220,9.402028532723428e-05,0.17285067914108143
14221,9.402028532723428e-05,0.17285067914108143
14222,9.402028532723428e-05,0.17285067914108143
14223,9.402028532723428e-05,0.17285067914108143
14224,9.402028532723428e-05,0.17285067914108143
14233,0.010314738823689051,0.20092450530155848
14234,0.010314738823689051,0.20092450530155848
14253,1.2643240727583382e-05,0.338249372836363
14254,1.086642775760538e-09,0.5885814397766321
14255,4.2228442964642454e-12,0.34631660316410184
14256,5.207357511860522e-08,0.04339253597318604
14257,0.005898503666547317,0.3592799194241947
14258,1.4127398696439641e-06,0.08098157039068943
14301,1.2643240727583382e-05,0.338249372836363
14302,1.086642775760538e-09,0.5885814397766321
14303,4.2228442964642454e-12,0.34631660316410184
14304,5.207357511860522e-08,0.04339253597318604
14305,0.005898503666547317,0.3592799194241947
14306,1.4127398696439641e-06,0.08098157039068943
14310,0.7771754385592066,0.15301598913172443
14311,0.8195869259108328,0.2292161707227851
14312,0.7598858079167425,0.2664013314288932
14351,0.10056315705082763,0.29715840348616196
14352,0.17635900700633433,0.29841675961420766
14353,0.17635900700633433,0.29841675961420766
14354,0.17635900700633433,0.29841675961420766
14355,0.17635900700633433,0.29841675961420766
14356,0.17635900700633433,0.29841675961420766
14357,0.17635900700633433,0.29841675961420766
14358,0.17635900700633433,0.29841675961420766
14359,0.17635900700633433,0.29841675961420766
14360,0.17635900700633433,0.29841675961420766
14361,0.17635900700633433,0.29841675961420766
14362,0.17635900700633433,0.29841675961420766
14363,0.17635900700633433,0.29841675961420766
14364,0.00033315679775869356,0.6650854268900329
14374,0.0007168792666648605,0.3063094213346438
14375,0.0006352784097366504,0.30820701777682835
14376,0.00074236372630343,0.30962783406935834
14377,0.000649506871946981,0.30382044996595314
14405,0.9435274002655251,0.27130177213010565
14406,0.9376857558832834,0.2742495875699126
14408,0.03563286094328011,0.034772559348509424
14409,0.03563286094328011,0.034772559348509424
14410,0.03563286094328011,0.034772559348509424
14411,0.03563286094328011,0.034772559348509424
14412,0.03563286094328011,0.034772559348509424
14413,0.03563286094328011,0.034772559348509424
14414,0.03563286094328011,0.034772559348509424
14415,0.03563286094328011,0.034772559348509424
14416,0.03563286094328011,0.034772559348509424
14417,0.03563286094328011,0.034772559348509424
14418,0.03563286094328011,0.034772559348509424
14419,0.03563286094328011,0.034772559348509424
14420,0.03563286094328011,0.034772559348509424
14421,0.03563286094328011,0.034772559348509424
14422,0.03563286094328011,0.034772559348509424
14423,0.06483780704904085,0.39864161139422793
14434,0.0006176816634176907,0.299262242232164
14436,0.002534892056870852,0.1901266528627258
14441,0.07694056882841449,0.06841515721764335
14442,0.07694056882841449,0.06841515721764335
14443,0.07694056882841449,0.06841515721764335
14444,0.07694056882841449,0.06841515721764335
14445,0.07694056882841449,0.06841515721764335
14446,0.07694056882841449,0.06841515721764335
14447,0.07694056882841449,0.06841515721764335
14448,0.4913928117541929,0.10685844494111807
14449,0.4913928117541929,0.10685844494111807
14450,0.4913928117541929,0.10685844494111807
14451,0.4913928117541929,0.10685844494111807
14452,0.4913928117541929,0.10685844494111807
14453,0.4913928117541929,0.10685844494111807
14454,0.4913928117541929,0.10685844494111807
14455,0.002525484112040899,0.0578348114366638
14456,0.10279249589471873,0.10295745536374934
14500,0.07867920800990214,0.23540580035901315
14501,0.07867920800990214,0.23540580035901315
14502,0.07867920800990214,0.23540580035901315
14503,0.07867920800990214,0.23540580035901315
14504,0.08827612500548432,0.22729500514286716
14509,0.7631784803638879,0.19955167075801417
14512,0.9172731907245197,0.2743517505229067
14513,0.003661921088653486,0.4383118654544601
14514,0.003661921088653486,0.4383118654544601
14515,0.003661921088653486,0.4383118654544601
14516,0.003661921088653486,0.4383118654544601
14517,0.003661921088653486,0.4383118654544601
14525,0.007547783821577281,0.16906708433227402
14526,0.00640261810837961,0.2770391747934092
14527,0.012273465396739791,0.41284778452330606
14548,0.02133007130573361,0.15963216230956778
14549,0.02133007130573361,0.15963216230956778
14550,0.02133007130573361,0.15963216230956778
14551,0.02133007130573361,0.15963216230956778
14552,0.02133007130573361,0.15963216230956778
14553,0.02133007130573361,0.15963216230956778
14554,0.02133007130573361,0.15963216230956778
14555,0.02133007130573361,0.15963216230956778
14556,0.02133007130573361,0.15963216230956778
14557,0.02133007130573361,0.15963216230956778
14558,0.007067153158441086,0.13565523014147418
14559,0.007067153158441086,0.13565523014147418
14560,0.007067153158441086,0.13565523014147418
14561,0.007067153158441086,0.13565523014147418
14562,0.007067153158441086,0.13565523014147418
14563,0.007067153158441086,0.13565523014147418
14564,0.007067153158441086,0.13565523014147418
14565,0.007067153158441086,0.13565523014147418
14566,0.007067153158441086,0.13565523014147418
14567,0.007067153158441086,0.13565523014147418
14568,0.18929984058958238,0.11754812190155295
14569,0.18929984058958238,0.11754812190155295
14570,0.18929984058958238,0.11754812190155295
14571,0.18929984058958238,0.11754812190155295
14572,0.18929984058958238,0.11754812190155295
14573,0.18929984058958238,0.11754812190155295
14574,0.18929984058958238,0.11754812190155295
14575,0.18929984058958238,0.11754812190155295
14576,0.18929984058958238,0.11754812190155295
14577,0.18929984058958238,0.11754812190155295
14578,0.05815150855064233,0.15159486612896356
14579,0.05815150855064233,0.15159486612896356
14580,0.05815150855064233,0.15159486612896356
14581,0.05815150855064233,0.15159486612896356
14582,0.05815150855064233,0.15159486612896356
14583,0.05815150855064233,0.15159486612896356
14584,0.05815150855064233,0.15159486612896356
14585,0.05815150855064233,0.15159486612896356
14586,0.05815150855064233,0.15159486612896356
14587,0.05815150855064233,0.15159486612896356
14588,0.05309990425156319,0.32301594148270996
14589,0.05309990425156319,0.32301594148270996
14590,0.05309990425156319,0.32301594148270996
14591,0.05309990425156319,0.32301594148270996
14592,0.05309990425156319,0.32301594148270996
14593,0.05309990425156319,0.32301594148270996
14594,0.05309990425156319,0.32301594148270996
14595,0.05309990425156319,0.32301594148270996
14596,0.05309990425156319,0.32301594148270996
14597,0.05309990425156319,0.32301594148270996
14598,0.20993076838243907,0.2166817147213782
14599,0.20993076838243907,0.2166817147213782
14600,0.20993076838243907,0.2166817147213782
14601,0.20993076838243907,0.2166817147213782
14602,0.20993076838243907,0.2166817147213782
14603,0.20993076838243907,0.2166817147213782
14604,0.20993076838243907,0.2166817147213782
14605,0.20993076838243907,0.2166817147213782
14606,0.20993076838243907,0.2166817147213782
14607,0.20993076838243907,0.2166817147213782
14608,0.3979689060032777,0.08328651868692649
14609,0.3979689060032777,0.08328651868692649
14610,0.3979689060032777,0.08328651868692649
14611,0.3979689060032777,0.08328651868692649
14612,0.3979689060032777,0.08328651868692649
14613,0.3979689060032777,0.08328651868692649
14614,0.3979689060032777,0.08328651868692649
14615,0.3979689060032777,0.08328651868692649
14616,0.3979689060032777,0.08328651868692649
14617,0.3979689060032777,0.08328651868692649
14634,0.0062585178269976005,0.3130261040280643
14635,0.016926917441775213,0.13543085704717128
14636,0.012627768115445859,0.13221640149647673
14637,0.005050971743630228,0.3302162113589161
14638,0.010326595406791816,0.29716515793812603
14639,0.008156306968872928,0.3609704212224194
14640,0.0031277901746686876,0.37201038749982573
14641,0.004955134225779978,0.322455493980481
14642,0.004915865518888229,0.32432858554746613
14643,0.015458715721647476,0.3755497837184899
14644,0.005672407295138404,0.37380733515536857
14645,0.010156258013104158,0.3477867751958157
14646,0.056421705264788624,0.25348712198729206
14647,0.023359595172926073,0.16501626863535535
14648,0.012627768115445859,0.13221640149647673
14649,0.012627768115445859,0.13221640149647673
14650,0.012627768115445859,0.13221640149647673
14651,0.012627768115445859,0.13221640149647673
14652,0.012627768115445859,0.13221640149647673
14689,0.34027808594147924,0.09720079748700838
14690,0.34027808594147924,0.09720079748700838
14691,0.34027808594147924,0.09720079748700838
14692,0.34027808594147924,0.09720079748700838
14693,0.34027808594147924,0.09720079748700838
14694,0.34027808594147924,0.09720079748700838
14695,0.34027808594147924,0.09720079748700838
14696,0.34027808594147924,0.09720079748700838
14697,0.34027808594147924,0.09720079748700838
14698,0.34027808594147924,0.09720079748700838
14699,0.34027808594147924,0.09720079748700838
14700,0.34027808594147924,0.09720079748700838
14701,0.34027808594147924,0.09720079748700838
14712,0.005537582705450461,0.2868702592314947
14713,0.005537582705450461,0.2868702592314947
14714,0.005537582705450461,0.2868702592314947
14715,0.005537582705450461,0.2868702592314947
14716,0.005537582705450461,0.2868702592314947
14717,0.005537582705450461,0.2868702592314947
14718,0.005537582705450461,0.2868702592314947
14719,0.005537582705450461,0.2868702592314947
14720,0.005537582705450461,0.2868702592314947
14721,0.005537582705450461,0.2868702592314947
14722,0.005537582705450461,0.2868702592314947
14723,0.005537582705450461,0.2868702592314947
14724,0.005537582705450461,0.2868702592314947
14725,0.005537582705450461,0.2868702592314947
14726,0.005537582705450461,0.2868702592314947
14727,0.005537582705450461,0.2868702592314947
14728,0.005537582705450461,0.2868702592314947
14729,0.005537582705450461,0.2868702592314947
14730,0.005537582705450461,0.2868702592314947
14731,0.005537582705450461,0.2868702592314947
14732,0.000605389321335692,0.49190567267679525
14733,0.002652606627752685,0.47720938156614484
14734,0.0008040220472963489,0.43828445957436146
14735,0.004104571438092286,0.4047596174574176
14736,0.000605389321335692,0.49190567267679525
14737,0.002652606627752685,0.47720938156614484
14738,0.0008040220472963489,0.43828445957436146
14739,0.004104571438092286,0.4047596174574176
14740,0.0006239954848616946,0.5787158905034709
14741,0.0001940103949661376,0.5855847510057199
14742,0.0007470440598816852,0.5802885783421693
14743,0.00024210833728011139,0.5846692369946684
14744,0.0006241226013302681,0.5809177242801525
14745,0.00019628389627135423,0.5860117495666788
14746,0.001978471848991359,0.4874169365507818
14747,0.002298950794697885,0.48790524942947544
14748,0.0021148346001582663,0.4881992835781531
14754,0.5564488831969128,0.3682230599145081
14755,0.4945060632319008,0.3658170285825658
14756,0.9822015729491201,0.3377047119524711
14757,0.9280932143496715,0.3772401464416707
14758,0.5816576328436871,0.7484469020814221
14759,0.5564488831969128,0.3682230599145081
14760,0.4945060632319008,0.3658170285825658
14761,0.9822015729491201,0.3377047119524711
14762,0.9280932143496715,0.3772401464416707
14763,0.5816576328436871,0.7484469020814221
14766,0.010371161190207867,0.4037632495863135
14789,0.000248611742760918,0.5137543969837306
14790,0.00015426655938266531,0.5243875790608914
14791,0.0005692757337744103,0.5456492618540713
14792,0.0034789289902880105,0.4797796987736618
14793,0.000248611742760918,0.5137543969837306
14794,0.00015426655938266531,0.5243875790608914
14795,0.0005692757337744103,0.5456492618540713
14796,0.0034789289902880105,0.4797796987736618
14810,0.8248108894470308,0.3795158903583401
14811,0.7383396687630583,0.30095303239097126
14812,0.7730155876896363,0.23137921052258603
14813,0.8442329332865213,0.23383675158369777
14814,0.4791169610827224,0.15220836603567445
14815,0.7684205161351756,0.20088302203540975
14816,0.8248108894470308,0.3795158903583401
14817,0.7383396687630583,0.30095303239097126
14818,0.7730155876896363,0.23137921052258603
14819,0.8442329332865213,0.23383675158369777
14820,0.4791169610827224,0.15220836603567445
14821,0.7684205161351756,0.20088302203540975
14841,0.00446869627999491,0.5513218274491254
14842,0.0021467931702497944,0.5486516799227581
14843,0.0005243389751069527,0.5986174406501487
14844,0.00018363177650437823,0.46018199196607923
14845,0.00037213267874747213,0.24420464397517827
14846,0.0005265193229598841,0.2860478832149024
14847,0.0017646557653738792,0.31147634007469305
14848,0.0013350761031469816,0.2882382741078855
14849,0.0018792925676937022,0.2970361619554649
14850,0.0042144078126825635,0.3072145253575649
14851,0.007387790400828376,0.35236583082743933
14852,0.028621338219286363,0.21395894609552701
14853,0.0030349234893473076,0.25290150446104553
14854,0.00037213267874747213,0.24420464397517827
14855,0.0005265193229598841,0.2860478832149024
14856,0.0017646557653738792,0.31147634007469305
14857,0.0013350761031469816,0.2882382741078855
14858,0.0018792925676937022,0.2970361619554649
14859,0.0042144078126825635,0.3072145253575649
14860,0.007387790400828376,0.35236583082743933
14861,0.028621338219286363,0.21395894609552701
14862,0.0030349234893473076,0.25290150446104553
14892,0.10711241961034434,0.44814994373221906
14893,0.07681495477595424,0.45036224084538057
14894,0.10600483891825618,0.44385617583720616
14895,0.10711241961034434,0.44814994373221906
14896,0.07681495477595424,0.45036224084538057
14897,0.10600483891825618,0.44385617583720616
14898,0.002222938045657985,0.287338305043049
14899,0.002222938045657985,0.287338305043049
14900,0.002222938045657985,0.287338305043049
14901,0.002222938045657985,0.287338305043049
14902,0.002222938045657985,0.287338305043049
14903,0.002222938045657985,0.287338305043049
14904,0.00016473042549103312,0.21737336340362745
14905,0.00016473042549103312,0.21737336340362745
14906,0.00016473042549103312,0.21737336340362745
14907,0.00016473042549103312,0.21737336340362745
14908,0.00016473042549103312,0.21737336340362745
14909,0.00016473042549103312,0.21737336340362745
14910,0.0844534669803948,0.06183962566620582
14911,0.11827084510444419,0.055191424356864194
14912,0.12331611583669655,0.06896138165473886
14913,0.029933212985514213,0.07569299681001951
14914,0.0844534669803948,0.06183962566620582
14915,0.11827084510444419,0.055191424356864194
14916,0.12331611583669655,0.06896138165473886
14917,0.029933212985514213,0.07569299681001951
14918,0.0844534669803948,0.06183962566620582
14919,0.11827084510444419,0.055191424356864194
14920,0.12331611583669655,0.06896138165473886
14921,0.029933212985514213,0.07569299681001951
14922,0.0844534669803948,0.06183962566620582
14923,0.11827084510444419,0.055191424356864194
14924,0.12331611583669655,0.06896138165473886
14925,0.029933212985514213,0.07569299681001951
14926,0.0844534669803948,0.06183962566620582
14927,0.11827084510444419,0.055191424356864194
14928,0.12331611583669655,0.06896138165473886
14929,0.029933212985514213,0.07569299681001951
14950,0.06315952379103273,0.4399874853159663
14951,0.14064085414606464,0.35761872696804553
14952,0.06315952379103273,0.4399874853159663
14953,0.14064085414606464,0.35761872696804553
14956,0.0006449570669995186,0.3638873221773259
14957,0.01005447338104748,0.2959541496551089
14958,0.03594523386742221,0.2993249388018766
14959,0.040456766868743665,0.31734466677069106
14960,0.03189872663019144,0.3370405088538182
14961,0.0006449570669995186,0.3638873221773259
14962,0.01005447338104748,0.2959541496551089
14963,0.03594523386742221,0.2993249388018766
14964,0.040456766868743665,0.31734466677069106
14965,0.03189872663019144,0.3370405088538182
14967,0.2565151153718366,0.03828334057764449
14969,0.30778546754059954,0.15594939760004667
14971,0.1383720424704018,0.20171505798012868
14973,0.30218825323453424,0.16690905568558012
15024,0.0004988543837334269,0.36013748773716603
15029,0.0004988543837334269,0.36013748773716603
15030,0.0002290793893749976,0.31901632855329765
15031,0.0002290793893749976,0.31901632855329765
15032,0.0002290793893749976,0.31901632855329765
15033,0.0002290793893749976,0.31901632855329765
15034,0.0002290793893749976,0.31901632855329765
15035,0.0002290793893749976,0.31901632855329765
15036,0.0002290793893749976,0.31901632855329765
15037,0.0002290793893749976,0.31901632855329765
15049,0.007797607787348504,0.4883794209044259
15050,0.005001654710408143,0.5220059451141984
15069,0.0004930432448972955,0.5732387603334672
15070,0.00030169083962650056,0.5671984064173166
15071,0.0004930432448972955,0.5732387603334672
15072,0.00030169083962650056,0.5671984064173166
15084,0.0024577755752172026,0.3487087063170935
15087,0.0024577755752172026,0.3487087063170935
15089,0.005103182266527284,0.36308254380396043
15090,0.0523581753175717,0.16138614978911858
15092,0.004591375552197241,0.3323787804826567
15099,0.07387984371525347,0.02314097659330583
15100,0.01877911560439316,0.06834613888948504
15102,0.22098765452621671,0.007428852556535692
15154,0.00016325201698963454,0.2255092482758505
15155,0.00016325201698963454,0.2255092482758505
15156,0.00016325201698963454,0.2255092482758505
15157,0.00016325201698963454,0.2255092482758505
15158,0.00016325201698963454,0.2255092482758505
15159,0.00016325201698963454,0.2255092482758505
15160,0.00016325201698963454,0.2255092482758505
15161,0.00016325201698963454,0.2255092482758505
15162,0.00016325201698963454,0.2255092482758505
15163,0.00016325201698963454,0.2255092482758505
15164,0.0002637809522164636,0.32005600398897227
15165,0.0002637809522164636,0.32005600398897227
15166,0.0002637809522164636,0.32005600398897227
15167,0.0002637809522164636,0.32005600398897227
15168,0.0002637809522164636,0.32005600398897227
15169,0.0002637809522164636,0.32005600398897227
15170,0.0002637809522164636,0.32005600398897227
15171,0.0002637809522164636,0.32005600398897227
15172,0.0002637809522164636,0.32005600398897227
15173,0.0002637809522164636,0.32005600398897227
15174,0.0005618172762203999,0.19892300195956825
15175,0.0005618172762203999,0.19892300195956825
15176,0.0005618172762203999,0.19892300195956825
15177,0.0005618172762203999,0.19892300195956825
15178,0.0005618172762203999,0.19892300195956825
15179,0.0005618172762203999,0.19892300195956825
15180,0.0005618172762203999,0.19892300195956825
15181,0.0005618172762203999,0.19892300195956825
15182,0.0005618172762203999,0.19892300195956825
15183,0.0005618172762203999,0.19892300195956825
15184,0.008156419461639919,0.20134133911308294
15185,0.046548317357413604,0.15394366193719933
15186,0.017204175771993513,0.31719485298818195
15187,0.017204175771993513,0.31719485298818195
15188,0.017204175771993513,0.31719485298818195
15189,0.017204175771993513,0.31719485298818195
15190,0.017086864470393537,0.29755601590360126
15191,0.017086864470393537,0.29755601590360126
15192,0.017086864470393537,0.29755601590360126
15193,0.017086864470393537,0.29755601590360126
15194,0.014531615751398164,0.31109444862183633
15195,0.014531615751398164,0.31109444862183633
15196,0.014531615751398164,0.31109444862183633
15197,0.014531615751398164,0.31109444862183633
15198,0.012943984776923156,0.2851179397001318
15199,0.012943984776923156,0.2851179397001318
15200,0.012943984776923156,0.2851179397001318
15201,0.012943984776923156,0.2851179397001318
15202,0.02556412344356762,0.26105402889088425
15203,0.02556412344356762,0.26105402889088425
15204,0.02556412344356762,0.26105402889088425
15205,0.02556412344356762,0.26105402889088425
15206,0.025277768590742267,0.25008538812965164
15207,0.025277768590742267,0.25008538812965164
15208,0.025277768590742267,0.25008538812965164
15209,0.025277768590742267,0.25008538812965164
15216,0.011215589157412942,0.022779974889941546
15217,0.011215589157412942,0.022779974889941546
15218,0.011215589157412942,0.022779974889941546
15223,0.1324812111732271,0.0484008587749738
15224,0.1324812111732271,0.0484008587749738
15225,0.1324812111732271,0.0484008587749738
15230,0.00628115007405905,0.1742182622770495
15231,0.00628115007405905,0.1742182622770495
15232,0.00628115007405905,0.1742182622770495
15237,0.045252738443555374,0.21557691507749088
15238,0.045252738443555374,0.21557691507749088
15239,0.045252738443555374,0.21557691507749088
15245,0.006408410884636395,0.6168699915963602
15246,0.017993185783301224,0.5037220582131263
15247,0.008011443053479783,0.6260321179235054
15248,0.03238928075652092,0.5156870336219458
15253,0.3585290200724205,0.30546416911654595
15254,0.3585290200724205,0.30546416911654595
15255,0.3585290200724205,0.30546416911654595
15256,0.3585290200724205,0.30546416911654595
15257,0.3585290200724205,0.30546416911654595
15258,0.3585290200724205,0.30546416911654595
15259,0.3585290200724205,0.30546416911654595
15260,0.3585290200724205,0.30546416911654595
15261,0.0017207282424875903,0.5628469420214698
15262,0.0009450720734259788,0.5447331867975046
15263,0.0021660862085945976,0.3519869890963774
15264,0.0021660862085945976,0.3519869890963774
15265,0.0021660862085945976,0.3519869890963774
15266,0.0021660862085945976,0.3519869890963774
15267,0.0021660862085945976,0.3519869890963774
15268,0.0017025434465968159,0.3574227827189602
15269,0.0017025434465968159,0.3574227827189602
15270,0.0017025434465968159,0.3574227827189602
15271,0.0017025434465968159,0.3574227827189602
15272,0.0017025434465968159,0.3574227827189602
15292,0.3970402293757156,0.26397617342780755
15293,0.18102639676089782,0.2748480941332252
15294,0.07778442566302901,0.28738301534423505
15345,0.0019415821122518162,0.11363179122415534
15346,0.0325735814860425,0.10899145924034204
15347,0.005454563637013687,0.06876829015311559
15348,0.2612959133699293,0.10732101008946582
15349,0.30856642875871465,0.07206110638467089
15350,0.3269207895114059,0.08923635637570926
15351,0.07134738563391041,0.18302860512200902
15352,0.1617349201002246,0.14611996455783383
15353,0.137607657655187,0.29253861000785675
15354,0.26746105414298516,0.21103254588909215
15355,0.037770229655250676,0.11219172614243023
15356,0.003267723543421419,0.08803293444059312
15357,0.0017599221036481705,0.10906459510911914
15358,0.601383098462665,0.14946984598404456
15359,0.21031572645332652,0.17008287012411938
15360,0.39004525926885125,0.18181731318994077
15361,0.4520644577158722,0.12913616490482482
15362,0.6252931503437122,0.14117882029991624
15363,0.48582106524971036,0.09762487128552466
15364,0.8000716333918396,0.1157706071419895
15365,0.8006641116559361,0.0881763983366669
15366,0.7565878754455422,0.11165613618027792
15367,0.7768132306758211,0.14994156083608712
15368,0.19466646262097642,0.2926327874985011
15369,0.7752265236677061,0.1932564302135259
15370,0.7094647094326015,0.10710122771927166
15371,0.5443421258519837,0.14550589200586217
15372,0.4856917790112877,0.16067703900942532
15381,0.00014777979950175713,0.47814935690371163
15382,0.0030906707995476124,0.4409340569497604
15383,0.003928568538300814,0.4491494881842589
15412,0.0252444735924644,0.3321685964398665
15413,0.011322385579650818,0.34962754006421914
15414,0.0030967523008252895,0.3991331734260911
15415,0.005466506009902727,0.05229998244804335
15416,0.06236315647442292,0.36027040284605494
15417,0.018059228302890973,0.4185480215823756
15418,0.03584474826681561,0.34791251050001093
15419,0.03584474826681561,0.34791251050001093
15424,0.20624994392390195,0.3853987393536895
15430,0.022054127822855207,0.5345326711916555
15431,0.022054127822855207,0.5345326711916555
15432,0.022054127822855207,0.5345326711916555
15433,0.019656442340498015,0.5565309152523927
15434,0.019656442340498015,0.5565309152523927
15435,0.019656442340498015,0.5565309152523927
15436,0.01313584751478114,0.6275344351621355
15437,0.01313584751478114,0.6275344351621355
15438,0.01313584751478114,0.6275344351621355
15439,0.02018626627717557,0.5363784347246607
15440,0.02018626627717557,0.5363784347246607
15441,0.02018626627717557,0.5363784347246607
15443,4.969671884580418e-05,0.19018908444312566
15478,0.03545487463501218,0.490086531542978
15479,0.027504905162780702,0.488650725550293
15480,0.2091095772804762,0.49842953589774075
15481,0.18280788017226235,0.5015841830151148
15490,0.5996648955526189,0.3322657724356308
15491,0.5996648955526189,0.3322657724356308
15492,0.5323816990562629,0.31438832511695525
15493,0.5323816990562629,0.31438832511695525
15497,0.6654763296871735,0.3050383820684981
15511,0.4339068239951609,0.1765850987689509
15512,0.4339068239951609,0.1765850987689509
15514,0.47699691965980684,0.16626855167565535
15515,0.47699691965980684,0.16626855167565535
15517,0.6166780936048085,0.35575969990929146
15518,0.6166780936048085,0.35575969990929146
15520,0.24958791924692336,0.4587150940924536
15521,0.24958791924692336,0.4587150940924536
15523,0.004361694147901551,0.7202820368319661
15524,0.004361694147901551,0.7202820368319661
15526,0.3289985927927279,0.15821900990522664
15527,0.3289985927927279,0.15821900990522664
15529,0.0651966927441956,0.061966004417228215
15530,0.0651966927441956,0.061966004417228215
15532,0.27528363385330934,0.5419422637074496
15533,0.27528363385330934,0.5419422637074496
15553,0.0008785629950278651,0.46730343754328674
15554,0.0027509619810497377,0.4784520737285144
15555,4.756560504359797e-06,0.7027628024284216
15556,8.0487753626457e-06,0.6895903626489694
15557,1.069330706937599e-05,0.6906232319372663
15558,0.00014872533960452738,0.6299169404576798
15559,0.00017237764199795613,0.6316955870861911
15560,0.0033101727120514735,0.5860566891690784
15561,0.0033101727120514735,0.5860566891690784
15562,9.657848912147937e-05,0.18533488228217843
15563,0.00026478466675061707,0.20810985909010327
15564,0.00019601702797589216,0.2121776788602514
15565,0.0006177011943327981,0.18016026466569157
15566,0.0022138339558460673,0.22420769193903223
15567,0.001331147430338575,0.18801365867365472
15568,0.000718740246288152,0.16658372313548953
15569,0.00045761245097120096,0.19222660705339933
15570,0.0021828283496069245,0.2490629606549618
15571,0.0021828283496069245,0.2490629606549618
15572,0.0021828283496069245,0.2490629606549618
15573,0.0021828283496069245,0.2490629606549618
15574,0.0021828283496069245,0.2490629606549618
15576,0.0016527050195118687,0.259361591152393
15577,0.0016527050195118687,0.259361591152393
15578,0.0016527050195118687,0.259361591152393
15579,0.0016527050195118687,0.259361591152393
15580,0.0016527050195118687,0.259361591152393
15584,0.10421775088544138,0.07108722272969081
15585,0.10421775088544138,0.07108722272969081
15586,0.10421775088544138,0.07108722272969081
15589,0.19215001305611124,0.38812421504632366
15594,0.5845618587085653,0.1445034257504335
15600,0.12618794716223436,0.3759479847465339
15601,0.12618794716223436,0.3759479847465339
15629,0.007333070485936344,0.2896400262903388
15630,5.856303323714673e-05,0.7227585137725463
15631,0.004428845613318355,0.5990910461607365
15632,0.011208003857620774,0.6213092655186341
15633,0.1467063169872319,0.2950442180435089
15639,0.007333070485936344,0.2896400262903388
15640,5.856303323714673e-05,0.7227585137725463
15641,0.004428845613318355,0.5990910461607365
15642,0.011208003857620774,0.6213092655186341
15643,0.1467063169872319,0.2950442180435089
15644,0.007333070485936344,0.2896400262903388
15645,5.856303323714673e-05,0.7227585137725463
15646,0.004428845613318355,0.5990910461607365
15647,0.011208003857620774,0.6213092655186341
15648,0.1467063169872319,0.2950442180435089
15649,0.007333070485936344,0.2896400262903388
15650,5.856303323714673e-05,0.7227585137725463
15651,0.004428845613318355,0.5990910461607365
15652,0.011208003857620774,0.6213092655186341
15653,0.1467063169872319,0.2950442180435089
15654,0.007333070485936344,0.2896400262903388
15655,5.856303323714673e-05,0.7227585137725463
15656,0.004428845613318355,0.5990910461607365
15657,0.011208003857620774,0.6213092655186341
15658,0.1467063169872319,0.2950442180435089
15659,0.007333070485936344,0.2896400262903388
15660,5.856303323714673e-05,0.7227585137725463
15661,0.004428845613318355,0.5990910461607365
15662,0.011208003857620774,0.6213092655186341
15663,0.1467063169872319,0.2950442180435089
15664,0.007333070485936344,0.2896400262903388
15665,5.856303323714673e-05,0.7227585137725463
15666,0.004428845613318355,0.5990910461607365
15668,0.007333070485936344,0.2896400262903388
15669,5.856303323714673e-05,0.7227585137725463
15670,0.004428845613318355,0.5990910461607365
15671,0.029308865863259093,0.4282951357118522
15672,0.011208003857620774,0.6213092655186341
15673,0.1467063169872319,0.2950442180435089
15674,0.00029598061735591763,0.41945028607678014
15675,0.0009858148632650998,0.485096469308828
15676,0.0024329343018772986,0.406226766809475
15677,0.000249575228148613,0.6746896258629547
15680,0.000249575228148613,0.6746896258629547
15681,0.000249575228148613,0.6746896258629547
15682,0.000249575228148613,0.6746896258629547
15683,0.000249575228148613,0.6746896258629547
15684,0.0006786154678826151,0.7672837799003529
15685,0.0006786154678826151,0.7672837799003529
15686,0.0006786154678826151,0.7672837799003529
15687,0.0006786154678826151,0.7672837799003529
15688,0.010517683494982166,0.5379090785985934
15689,0.010517683494982166,0.5379090785985934
15690,0.010517683494982166,0.5379090785985934
15691,0.010517683494982166,0.5379090785985934
15725,0.018912443324126005,0.5887542930662442
15726,0.018912443324126005,0.5887542930662442
15727,0.018912443324126005,0.5887542930662442
15732,0.0030945640857823475,0.1382055591151462
15733,0.037495225569178836,0.5092463253587227
15734,0.002068284181981017,0.5841595098823694
15735,0.0006719492763224144,0.5964013835103185
15736,0.046534577688077894,0.5386805626707483
15737,0.046534577688077894,0.5386805626707483
15738,0.046534577688077894,0.5386805626707483
15739,0.046534577688077894,0.5386805626707483
15740,0.0019255036465890552,0.6948136289943543
15741,0.0019255036465890552,0.6948136289943543
15742,0.0019255036465890552,0.6948136289943543
15743,0.0019255036465890552,0.6948136289943543
15744,0.08780842807402689,0.5277732100664989
15745,0.08780842807402689,0.5277732100664989
15746,0.08780842807402689,0.5277732100664989
15747,0.08780842807402689,0.5277732100664989
15751,0.0006492539714592072,0.6123423825668609
15752,0.002228292373047114,0.5125103821812715
15753,0.002068284181981017,0.5841595098823694
15754,0.00984029539071929,0.546092327757687
15755,0.000764192877876213,0.6008715266195693
15756,0.000764192877876213,0.6008715266195693
15757,0.000764192877876213,0.6008715266195693
15758,0.006325078564448416,0.5233758869496954
15759,0.006325078564448416,0.5233758869496954
15760,0.006325078564448416,0.5233758869496954
15762,0.0008594922064529831,0.44776255608755244
15771,0.0008594922064529831,0.44776255608755244
15772,0.010814052028777277,0.4974372642028078
15773,0.07937379887363183,0.3518532854472366
15774,0.006785058694730672,0.44816631679148966
15775,0.010814052028777277,0.4974372642028078
15776,0.010814052028777277,0.4974372642028078
15777,0.010814052028777277,0.4974372642028078
15778,0.010814052028777277,0.4974372642028078
15779,0.004336693965101279,0.5784169445690872
15780,0.010814052028777277,0.4974372642028078
15781,0.07937379887363183,0.3518532854472366
15782,0.000764192877876213,0.6008715266195693
15783,0.006785058694730672,0.44816631679148966
15785,0.1894483915735392,0.3002570948211061
15787,0.19162783183996812,0.2968774620285102
15789,0.21045372718493538,0.2983255069279088
15790,0.19162783183996812,0.2968774620285102
15791,0.19162783183996812,0.2968774620285102
15792,0.19162783183996812,0.2968774620285102
15793,0.008221276389355547,0.519764579030484
15794,0.008221276389355547,0.519764579030484
15795,0.008221276389355547,0.519764579030484
15796,0.007263815216502212,0.5246168558416104
15797,0.007263815216502212,0.5246168558416104
15798,0.007263815216502212,0.5246168558416104
15799,0.005610986830465126,0.5254493086474847
15800,0.005610986830465126,0.5254493086474847
15801,0.005610986830465126,0.5254493086474847
15810,0.015616735102936041,0.5263999593798234
15811,0.035821539720299334,0.5027687958237064
15812,0.06786932015192038,0.4351511792271068
15813,0.3008049659159525,0.45966825759468205
15814,0.38304263925251325,0.44764963367611027
15815,0.3008049659159525,0.45966825759468205
15816,0.38304263925251325,0.44764963367611027
15821,0.013903447419751136,0.6479458956811712
15822,0.013903447419751136,0.6479458956811712
15823,0.013903447419751136,0.6479458956811712
15824,0.20289399092379123,0.364221256864495
15825,0.20289399092379123,0.364221256864495
15826,0.20289399092379123,0.364221256864495
15827,0.04285413727919196,0.5856554176403689
15828,0.04285413727919196,0.5856554176403689
15829,0.04285413727919196,0.5856554176403689
15830,0.38281611654895464,0.27615513075555553
15831,0.38281611654895464,0.27615513075555553
15832,0.38281611654895464,0.27615513075555553
15833,0.000764192877876213,0.6008715266195693
15834,0.004336693965101279,0.5784169445690872
15835,0.04593810870746018,0.4902359161724714
15836,0.006995091766869632,0.5731010424511442
15837,0.004336693965101279,0.5784169445690872
15838,0.04593810870746018,0.4902359161724714
15839,0.006995091766869632,0.5731010424511442
15846,0.0017164950557817527,0.7091707067169623
15847,0.049924176657652475,0.4394305476243914
15848,0.00920471880883822,0.3718053429837137
15849,0.041251738892797096,0.42042188677734016
15850,0.049924176657652475,0.4394305476243914
15851,0.013688681907341071,0.5833133975051166
15852,0.0017282202945716474,0.6444730561053876
15853,0.0017164950557817527,0.7091707067169623
15854,0.00920471880883822,0.3718053429837137
15855,0.00920471880883822,0.3718053429837137
15856,0.00920471880883822,0.3718053429837137
15857,0.00920471880883822,0.3718053429837137
15858,0.00920471880883822,0.3718053429837137
15859,0.00920471880883822,0.3718053429837137
15860,0.00920471880883822,0.3718053429837137
15861,0.041251738892797096,0.42042188677734016
15862,0.041251738892797096,0.42042188677734016
15863,0.041251738892797096,0.42042188677734016
15864,0.041251738892797096,0.42042188677734016
15865,0.041251738892797096,0.42042188677734016
15866,0.041251738892797096,0.42042188677734016
15867,0.041251738892797096,0.42042188677734016
15868,0.049924176657652475,0.4394305476243914
15869,0.049924176657652475,0.4394305476243914
15870,0.049924176657652475,0.4394305476243914
15871,0.049924176657652475,0.4394305476243914
15872,0.049924176657652475,0.4394305476243914
15873,0.049924176657652475,0.4394305476243914
15874,0.013688681907341071,0.5833133975051166
15875,0.013688681907341071,0.5833133975051166
15876,0.013688681907341071,0.5833133975051166
15877,0.013688681907341071,0.5833133975051166
15878,0.013688681907341071,0.5833133975051166
15879,0.013688681907341071,0.5833133975051166
15880,0.013688681907341071,0.5833133975051166
15881,0.0017282202945716474,0.6444730561053876
15882,0.0017282202945716474,0.6444730561053876
15883,0.0017282202945716474,0.6444730561053876
15884,0.0017282202945716474,0.6444730561053876
15885,0.0017282202945716474,0.6444730561053876
15886,0.0017282202945716474,0.6444730561053876
15887,0.0017282202945716474,0.6444730561053876
15888,0.0017164950557817527,0.7091707067169623
15889,0.0017164950557817527,0.7091707067169623
15890,0.0017164950557817527,0.7091707067169623
15891,0.0017164950557817527,0.7091707067169623
15892,0.0017164950557817527,0.7091707067169623
15893,0.0017164950557817527,0.7091707067169623
15894,0.0031873881652003666,0.5243529387943231
15895,0.0019227225754140376,0.5311379396194529
15896,0.006120289097976794,0.5115514232390634
15897,0.0031873881652003666,0.5243529387943231
15898,0.0019227225754140376,0.5311379396194529
15899,0.006120289097976794,0.5115514232390634
15900,0.0031873881652003666,0.5243529387943231
15901,0.0019227225754140376,0.5311379396194529
15902,0.006120289097976794,0.5115514232390634
15903,0.006577371398120535,0.5275794159399882
15904,0.014977895911728156,0.5418697087526623
15905,0.00087933774670923,0.5993104505720404
15906,0.0031229633935138112,0.5830519601464857
15907,0.0038879013778643223,0.5814597048059762
15908,0.0012125971191951912,0.5595877849435702
15909,0.0038879013778643223,0.5814597048059762
15910,0.0038879013778643223,0.5814597048059762
15911,0.0012125971191951912,0.5595877849435702
15912,0.0012125971191951912,0.5595877849435702
15913,0.011678314315561988,0.4952109275305874
15914,0.04633147999974041,0.5209467934034194
15915,0.010882939525703628,0.5153933201796768
15916,0.04026446614925905,0.5059047680852363
15917,0.00787066494176969,0.48131331782219555
15919,0.00037891569736681063,0.6368509427565705
15921,0.00022328760511836077,0.5790200103885595
15923,0.00787066494176969,0.48131331782219555
15924,0.00037891569736681063,0.6368509427565705
15925,0.00022328760511836077,0.5790200103885595
15937,0.0057211527516976,0.5521637915663009
15938,0.0057211527516976,0.5521637915663009
15939,0.0065007941885451,0.5510010758631885
15940,0.0065007941885451,0.5510010758631885
15941,0.04948669467898814,0.5147333072779297
15942,0.04948669467898814,0.5147333072779297
15943,0.04948669467898814,0.5147333072779297
15944,0.04948669467898814,0.5147333072779297
15945,0.0737332753059401,0.47728483049080095
15946,0.04315444383331113,0.5555931154222358
15947,0.06002537553853615,0.41374312372059985
15948,0.0006273397916155554,0.6157404540328505
15949,0.0737332753059401,0.47728483049080095
15950,0.04315444383331113,0.5555931154222358
15951,0.06002537553853615,0.41374312372059985
15952,0.0006273397916155554,0.6157404540328505
15957,0.008545157949023552,0.6262393337009566
15958,0.015045042249876905,0.6266846139361947
15959,0.01108027566768055,0.5946813159168204
15960,0.00030845274612056883,0.7570088950628499
15961,0.006161271035536875,0.33661734088561157
15967,0.0178179917160326,0.4689481261605018
15968,0.012112907311491505,0.48924229562510857
15969,0.0071758636141121546,0.5439285680067695
15973,0.014447958629980828,0.5335110426512965
15974,0.0004968491688041032,0.4190938606519773
15975,7.37253109667213e-05,0.7554529760728075
15976,0.009424478298924788,0.4494323886722107
15977,0.02803753509324558,0.569352921355298
15978,0.07108826291393733,0.41758650699076205
15979,0.0007361222946800083,0.7100847946605862
15980,0.028520060635558675,0.5856341143828192
15981,0.0007361222946800083,0.7100847946605862
15982,0.028520060635558675,0.5856341143828192
15983,0.0007361222946800083,0.7100847946605862
15984,0.0007361222946800083,0.7100847946605862
15985,0.0007361222946800083,0.7100847946605862
15986,0.0007361222946800083,0.7100847946605862
15987,0.028520060635558675,0.5856341143828192
15988,0.028520060635558675,0.5856341143828192
15989,0.028520060635558675,0.5856341143828192
15990,0.028520060635558675,0.5856341143828192
15991,0.006408410884636395,0.6168699915963602
15992,0.007830746058262172,0.624170674365521
15993,0.009849718478001535,0.6256146543407695
15994,0.0578173016639294,0.5223959619639242
15995,0.0589619384186546,0.5309439538959021
15996,0.0578173016639294,0.5223959619639242
15997,0.0589619384186546,0.5309439538959021
15998,0.02251354625124047,0.5718522823469538
16000,0.02251354625124047,0.5718522823469538
16001,0.0016091911804171355,0.6000307128444358
16002,0.0016091911804171355,0.6000307128444358
16003,0.0016091911804171355,0.6000307128444358
16004,0.06874994629211573,0.6196006115219871
16005,0.0025155932687355165,0.3064926084601902
16006,0.008169481649596522,0.3292828251473213
16007,0.012386910173279198,0.3044984624752679
16011,0.003942610605051522,0.5339359295840949
16012,0.004187834950877267,0.5520681677764123
16013,0.034205399677875725,0.4738631458126216
16014,0.035492036090616685,0.48486863052095536
16015,0.003942610605051522,0.5339359295840949
16016,0.004187834950877267,0.5520681677764123
16017,0.034205399677875725,0.4738631458126216
16018,0.035492036090616685,0.48486863052095536
16019,0.003942610605051522,0.5339359295840949
16020,0.004187834950877267,0.5520681677764123
16021,0.034205399677875725,0.4738631458126216
16022,0.035492036090616685,0.48486863052095536
16023,0.24174680797002657,0.2973302033011833
16024,0.3219397296096811,0.27166026651454533
16025,0.3069127252726407,0.31672111216027166
16026,0.24174680797002657,0.2973302033011833
16027,0.3219397296096811,0.27166026651454533
16028,0.3069127252726407,0.31672111216027166
16029,5.06128988043697e-05,0.4944547599046965
16030,0.017497191670650225,0.5709116098706141
16031,0.009095271723811527,0.5408816416408959
16032,0.017497191670650225,0.5709116098706141
16033,0.009095271723811527,0.5408816416408959
16034,0.017497191670650225,0.5709116098706141
16035,0.009095271723811527,0.5408816416408959
16040,0.020448688901833934,0.44850962448082965
16041,0.018546510408457673,0.4501211487840818
16044,0.0013657854850890327,0.5006249051331699
16045,0.014895508047573558,0.48397092795769225
16046,0.05283272432957087,0.4588104467907834
16047,0.1889074836158765,0.2380719394461117
16048,0.18795766504997602,0.23817946833476544
16051,0.009514780752693519,0.4738717973312593
16052,0.0020085135166560963,0.4742028376642112
16053,3.761866109297518e-05,0.5052084468503737
16057,0.021205886775813698,0.5041560092266104
16058,0.011539041244849169,0.5112548035578797
16059,0.06045690793334246,0.4011263873479731
16060,0.05300295028280655,0.43655999043010674
16061,0.06045690793334246,0.4011263873479731
16062,0.05300295028280655,0.43655999043010674
16063,0.06045690793334246,0.4011263873479731
16064,0.05300295028280655,0.43655999043010674
16065,0.0007778572775820614,0.6019493386506372
16066,0.00087933774670923,0.5993104505720404
16067,0.0006197085800828672,0.6010559610448126
16068,0.002427891448751218,0.5908275148639986
16073,0.01113361947088709,0.46139048890823164
16074,0.015189124688848588,0.455826440664576
16075,0.012701691560926154,0.4664213279154049
16076,0.006894066663429954,0.5141465718717264
16077,0.018912443324126005,0.5887542930662442
16078,0.05754762408941827,0.572396768067689
16079,0.036005761681616844,0.5815301989734944
16080,0.10591442484957614,0.5272512266549019
16081,0.006058095203986369,0.6053583260651669
16082,0.012671994565015554,0.495007174008867
16083,0.05405142668486407,0.49111290823175613
16084,0.0005365606852613114,0.7272274493254447
16085,0.07794530345917816,0.5338351247134133
16086,0.006058095203986369,0.6053583260651669
16087,0.012671994565015554,0.495007174008867
16088,0.05405142668486407,0.49111290823175613
16089,0.0005365606852613114,0.7272274493254447
16090,0.07794530345917816,0.5338351247134133
16091,0.006058095203986369,0.6053583260651669
16092,0.012671994565015554,0.495007174008867
16093,0.05405142668486407,0.49111290823175613
16094,0.0005365606852613114,0.7272274493254447
16095,0.07794530345917816,0.5338351247134133
16096,0.006058095203986369,0.6053583260651669
16097,0.012671994565015554,0.495007174008867
16098,0.05405142668486407,0.49111290823175613
16099,0.0005365606852613114,0.7272274493254447
16100,0.07794530345917816,0.5338351247134133
16101,0.006058095203986369,0.6053583260651669
16102,0.012671994565015554,0.495007174008867
16103,0.05405142668486407,0.49111290823175613
16104,0.0005365606852613114,0.7272274493254447
16105,0.07794530345917816,0.5338351247134133
16106,0.20289114828787946,0.4163713985865054
16107,0.20289114828787946,0.4163713985865054
16108,0.20289114828787946,0.4163713985865054
16109,0.20289114828787946,0.4163713985865054
16110,0.20289114828787946,0.4163713985865054
16111,0.21760566548117533,0.4121645644378261
16112,0.21760566548117533,0.4121645644378261
16113,0.21760566548117533,0.4121645644378261
16114,0.21760566548117533,0.4121645644378261
16115,0.21760566548117533,0.4121645644378261
16116,0.004388855944728487,0.25236185752648554
16117,0.05182100436375914,0.38603798020196833
16118,0.006761456975241997,0.35870755341029326
16119,0.03226616806455984,0.4281837567928173
16123,0.03211118564562354,0.40817678829155246
16124,0.03275590994895139,0.38171840923213207
16127,0.03211118564562354,0.40817678829155246
16128,0.03275590994895139,0.38171840923213207
16134,0.00830086124588747,0.28175796694295363
16135,0.00830086124588747,0.28175796694295363
16136,0.00830086124588747,0.28175796694295363
16137,0.0010779719494765638,0.7562963605406647
16142,0.0130247862694427,0.19792740345743898
16143,0.0130247862694427,0.19792740345743898
16144,0.0130247862694427,0.19792740345743898
16145,0.008809883917732964,0.4201354179652339
16146,0.008809883917732964,0.4201354179652339
16147,0.008809883917732964,0.4201354179652339
16148,0.0010779719494765638,0.7562963605406647
16149,0.011155911650633454,0.4165939006296636
16150,0.011155911650633454,0.4165939006296636
16151,0.011155911650633454,0.4165939006296636
16152,0.03835767769514542,0.4046189952828255
16153,0.03835767769514542,0.4046189952828255
16154,0.03835767769514542,0.4046189952828255
16155,0.0004779011951914214,0.7225626384001704
16169,0.02917236834150605,0.3515330571986435
16170,0.02917236834150605,0.3515330571986435
16171,0.02917236834150605,0.3515330571986435
16172,0.02917236834150605,0.3515330571986435
16173,0.01661891091925216,0.31163512797892634
16174,0.01661891091925216,0.31163512797892634
16175,0.01661891091925216,0.31163512797892634
16176,0.01661891091925216,0.31163512797892634
16177,0.03535299797449343,0.41490666388142783
16178,0.03535299797449343,0.41490666388142783
16179,0.03535299797449343,0.41490666388142783
16180,0.03535299797449343,0.41490666388142783
16181,0.007894818176138463,0.5470614128561031
16182,0.007894818176138463,0.5470614128561031
16183,0.0014021073092842506,0.6077016679040002
16184,0.0014021073092842506,0.6077016679040002
16185,5.123978841881094e-05,0.7420679980157744
16186,5.123978841881094e-05,0.7420679980157744
16196,0.0009669982110529496,0.3048624987254698
16197,0.0009669982110529496,0.3048624987254698
16199,0.0006186673488165484,0.2864097922730353
16200,0.0006186673488165484,0.2864097922730353
16201,0.0037649549625730083,0.34829734990618555
16202,0.0037649549625730083,0.34829734990618555
16203,0.0037649549625730083,0.34829734990618555
16204,0.003985541540553861,0.34195223596618674
16205,0.003985541540553861,0.34195223596618674
16206,0.003985541540553861,0.34195223596618674
16207,0.010197545501372307,0.6202824706048709
16208,0.0009669982110529496,0.3048624987254698
16209,0.0006186673488165484,0.2864097922730353
16210,0.010197545501372307,0.6202824706048709
16211,0.035093603091336245,0.28747165587862633
16212,0.035093603091336245,0.28747165587862633
16213,0.035093603091336245,0.28747165587862633
16214,0.035093603091336245,0.28747165587862633
16215,0.035093603091336245,0.28747165587862633
16216,0.035093603091336245,0.28747165587862633
16217,0.035093603091336245,0.28747165587862633
16218,0.035093603091336245,0.28747165587862633
16219,0.035093603091336245,0.28747165587862633
16220,0.035093603091336245,0.28747165587862633
16221,0.035093603091336245,0.28747165587862633
16222,0.035093603091336245,0.28747165587862633
16223,0.035093603091336245,0.28747165587862633
16224,0.035093603091336245,0.28747165587862633
16225,0.035093603091336245,0.28747165587862633
16226,0.035093603091336245,0.28747165587862633
16227,0.035093603091336245,0.28747165587862633
16228,0.035093603091336245,0.28747165587862633
16229,0.035093603091336245,0.28747165587862633
16230,0.035093603091336245,0.28747165587862633
16231,0.035093603091336245,0.28747165587862633
16232,0.035093603091336245,0.28747165587862633
16233,0.035093603091336245,0.28747165587862633
16234,0.035093603091336245,0.28747165587862633
16235,0.035093603091336245,0.28747165587862633
16236,0.035093603091336245,0.28747165587862633
16237,0.035093603091336245,0.28747165587862633
16238,0.035093603091336245,0.28747165587862633
16239,0.035093603091336245,0.28747165587862633
16240,0.035093603091336245,0.28747165587862633
16241,0.035093603091336245,0.28747165587862633
16242,0.035093603091336245,0.28747165587862633
16243,0.035093603091336245,0.28747165587862633
16244,0.035093603091336245,0.28747165587862633
16245,0.035093603091336245,0.28747165587862633
16246,0.035093603091336245,0.28747165587862633
16247,0.035093603091336245,0.28747165587862633
16248,0.035093603091336245,0.28747165587862633
16249,0.035093603091336245,0.28747165587862633
16250,0.035093603091336245,0.28747165587862633
16251,0.035093603091336245,0.28747165587862633
16252,0.035093603091336245,0.28747165587862633
16253,0.035093603091336245,0.28747165587862633
16254,0.035093603091336245,0.28747165587862633
16255,0.035093603091336245,0.28747165587862633
16256,0.035093603091336245,0.28747165587862633
16257,0.035093603091336245,0.28747165587862633
16258,0.035093603091336245,0.28747165587862633
16259,0.035093603091336245,0.28747165587862633
16260,0.035093603091336245,0.28747165587862633
16261,0.035093603091336245,0.28747165587862633
16262,0.035093603091336245,0.28747165587862633
16263,0.035093603091336245,0.28747165587862633
16264,0.035093603091336245,0.28747165587862633
16265,0.035093603091336245,0.28747165587862633
16266,0.035093603091336245,0.28747165587862633
16267,0.035093603091336245,0.28747165587862633
16268,0.035093603091336245,0.28747165587862633
16269,0.035093603091336245,0.28747165587862633
16270,0.035093603091336245,0.28747165587862633
16271,0.035093603091336245,0.28747165587862633
16272,0.035093603091336245,0.28747165587862633
16273,0.035093603091336245,0.28747165587862633
16274,0.035093603091336245,0.28747165587862633
16275,0.035093603091336245,0.28747165587862633
16276,0.035093603091336245,0.28747165587862633
16277,0.035093603091336245,0.28747165587862633
16278,0.035093603091336245,0.28747165587862633
16279,0.035093603091336245,0.28747165587862633
16280,0.035093603091336245,0.28747165587862633
16281,0.035093603091336245,0.28747165587862633
16282,0.035093603091336245,0.28747165587862633
16283,0.035093603091336245,0.28747165587862633
16284,0.035093603091336245,0.28747165587862633
16285,0.035093603091336245,0.28747165587862633
16286,0.035093603091336245,0.28747165587862633
16287,0.035093603091336245,0.28747165587862633
16288,0.035093603091336245,0.28747165587862633
16289,0.035093603091336245,0.28747165587862633
16290,0.035093603091336245,0.28747165587862633
16291,0.035093603091336245,0.28747165587862633
16292,0.035093603091336245,0.28747165587862633
16293,0.035093603091336245,0.28747165587862633
16294,0.035093603091336245,0.28747165587862633
16295,0.035093603091336245,0.28747165587862633
16296,0.035093603091336245,0.28747165587862633
16297,0.035093603091336245,0.28747165587862633
16298,0.035093603091336245,0.28747165587862633
16299,0.035093603091336245,0.28747165587862633
16300,0.035093603091336245,0.28747165587862633
16301,0.035093603091336245,0.28747165587862633
16302,0.035093603091336245,0.28747165587862633
16303,0.035093603091336245,0.28747165587862633
16304,0.035093603091336245,0.28747165587862633
16305,0.035093603091336245,0.28747165587862633
16306,0.035093603091336245,0.28747165587862633
16307,0.035093603091336245,0.28747165587862633
16308,0.035093603091336245,0.28747165587862633
16309,0.035093603091336245,0.28747165587862633
16310,0.035093603091336245,0.28747165587862633
16311,0.035093603091336245,0.28747165587862633
16312,0.035093603091336245,0.28747165587862633
16313,0.035093603091336245,0.28747165587862633
16314,0.035093603091336245,0.28747165587862633
16315,0.035093603091336245,0.28747165587862633
16316,0.035093603091336245,0.28747165587862633
16317,0.035093603091336245,0.28747165587862633
16318,0.035093603091336245,0.28747165587862633
16319,0.035093603091336245,0.28747165587862633
16320,0.035093603091336245,0.28747165587862633
16321,0.035093603091336245,0.28747165587862633
16322,0.035093603091336245,0.28747165587862633
16323,0.035093603091336245,0.28747165587862633
16324,0.035093603091336245,0.28747165587862633
16325,0.035093603091336245,0.28747165587862633
16326,0.035093603091336245,0.28747165587862633
16327,0.035093603091336245,0.28747165587862633
16328,0.035093603091336245,0.28747165587862633
16329,0.035093603091336245,0.28747165587862633
16330,0.035093603091336245,0.28747165587862633
16331,0.035093603091336245,0.28747165587862633
16332,0.035093603091336245,0.28747165587862633
16333,0.035093603091336245,0.28747165587862633
16334,0.035093603091336245,0.28747165587862633
16335,0.035093603091336245,0.28747165587862633
16336,0.035093603091336245,0.28747165587862633
16337,0.035093603091336245,0.28747165587862633
16338,0.035093603091336245,0.28747165587862633
16339,0.035093603091336245,0.28747165587862633
16340,0.035093603091336245,0.28747165587862633
16341,0.035093603091336245,0.28747165587862633
16342,0.035093603091336245,0.28747165587862633
16343,0.035093603091336245,0.28747165587862633
16344,0.035093603091336245,0.28747165587862633
16345,0.035093603091336245,0.28747165587862633
16346,0.035093603091336245,0.28747165587862633
16347,0.035093603091336245,0.28747165587862633
16348,0.035093603091336245,0.28747165587862633
16349,0.035093603091336245,0.28747165587862633
16350,0.035093603091336245,0.28747165587862633
16351,0.035093603091336245,0.28747165587862633
16352,0.035093603091336245,0.28747165587862633
16353,0.035093603091336245,0.28747165587862633
16354,0.035093603091336245,0.28747165587862633
16355,0.035093603091336245,0.28747165587862633
16356,0.035093603091336245,0.28747165587862633
16357,0.035093603091336245,0.28747165587862633
16358,0.035093603091336245,0.28747165587862633
16359,0.035093603091336245,0.28747165587862633
16360,0.035093603091336245,0.28747165587862633
16361,0.035093603091336245,0.28747165587862633
16362,0.035093603091336245,0.28747165587862633
16363,0.035093603091336245,0.28747165587862633
16364,0.035093603091336245,0.28747165587862633
16365,0.035093603091336245,0.28747165587862633
16366,0.035093603091336245,0.28747165587862633
16367,0.035093603091336245,0.28747165587862633
16368,0.035093603091336245,0.28747165587862633
16369,0.035093603091336245,0.28747165587862633
16370,0.035093603091336245,0.28747165587862633
16371,0.035093603091336245,0.28747165587862633
16372,0.035093603091336245,0.28747165587862633
16373,0.035093603091336245,0.28747165587862633
16374,0.035093603091336245,0.28747165587862633
16375,0.035093603091336245,0.28747165587862633
16376,0.035093603091336245,0.28747165587862633
16377,0.035093603091336245,0.28747165587862633
16378,0.035093603091336245,0.28747165587862633
16379,0.035093603091336245,0.28747165587862633
16380,0.035093603091336245,0.28747165587862633
16381,0.035093603091336245,0.28747165587862633
16382,0.035093603091336245,0.28747165587862633
16383,0.035093603091336245,0.28747165587862633
16384,0.035093603091336245,0.28747165587862633
16385,0.035093603091336245,0.28747165587862633
16386,0.035093603091336245,0.28747165587862633
16387,0.035093603091336245,0.28747165587862633
16388,0.035093603091336245,0.28747165587862633
16389,0.035093603091336245,0.28747165587862633
16390,0.035093603091336245,0.28747165587862633
16391,0.035093603091336245,0.28747165587862633
16392,0.035093603091336245,0.28747165587862633
16393,0.035093603091336245,0.28747165587862633
16394,0.035093603091336245,0.28747165587862633
16395,0.035093603091336245,0.28747165587862633
16396,0.035093603091336245,0.28747165587862633
16397,0.035093603091336245,0.28747165587862633
16398,0.035093603091336245,0.28747165587862633
16399,0.035093603091336245,0.28747165587862633
16400,0.035093603091336245,0.28747165587862633
16401,0.035093603091336245,0.28747165587862633
16402,0.035093603091336245,0.28747165587862633
16403,0.035093603091336245,0.28747165587862633
16404,0.035093603091336245,0.28747165587862633
16405,0.035093603091336245,0.28747165587862633
16406,0.035093603091336245,0.28747165587862633
16407,0.035093603091336245,0.28747165587862633
16408,0.035093603091336245,0.28747165587862633
16409,0.035093603091336245,0.28747165587862633
16410,0.035093603091336245,0.28747165587862633
16411,0.035093603091336245,0.28747165587862633
16412,0.035093603091336245,0.28747165587862633
16413,0.035093603091336245,0.28747165587862633
16414,0.035093603091336245,0.28747165587862633
16415,0.035093603091336245,0.28747165587862633
16416,0.035093603091336245,0.28747165587862633
16417,0.035093603091336245,0.28747165587862633
16418,0.035093603091336245,0.28747165587862633
16419,0.035093603091336245,0.28747165587862633
16420,0.035093603091336245,0.28747165587862633
16421,0.035093603091336245,0.28747165587862633
16422,0.035093603091336245,0.28747165587862633
16423,0.035093603091336245,0.28747165587862633
16424,0.035093603091336245,0.28747165587862633
16425,0.035093603091336245,0.28747165587862633
16426,0.035093603091336245,0.28747165587862633
16427,0.035093603091336245,0.28747165587862633
16428,0.035093603091336245,0.28747165587862633
16429,0.035093603091336245,0.28747165587862633
16430,0.035093603091336245,0.28747165587862633
16431,0.035093603091336245,0.28747165587862633
16432,0.035093603091336245,0.28747165587862633
16433,0.035093603091336245,0.28747165587862633
16434,0.035093603091336245,0.28747165587862633
16435,0.035093603091336245,0.28747165587862633
16436,0.035093603091336245,0.28747165587862633
16437,0.035093603091336245,0.28747165587862633
16438,0.035093603091336245,0.28747165587862633
16439,0.035093603091336245,0.28747165587862633
16440,0.035093603091336245,0.28747165587862633
16441,0.035093603091336245,0.28747165587862633
16442,0.035093603091336245,0.28747165587862633
16443,0.035093603091336245,0.28747165587862633
16444,0.035093603091336245,0.28747165587862633
16445,0.035093603091336245,0.28747165587862633
16446,0.035093603091336245,0.28747165587862633
16447,0.035093603091336245,0.28747165587862633
16448,0.035093603091336245,0.28747165587862633
16449,0.035093603091336245,0.28747165587862633
16450,0.035093603091336245,0.28747165587862633
16451,0.035093603091336245,0.28747165587862633
16452,0.035093603091336245,0.28747165587862633
16453,0.035093603091336245,0.28747165587862633
16454,0.035093603091336245,0.28747165587862633
16455,0.035093603091336245,0.28747165587862633
16456,0.035093603091336245,0.28747165587862633
16457,0.035093603091336245,0.28747165587862633
16458,0.035093603091336245,0.28747165587862633
16459,0.035093603091336245,0.28747165587862633
16460,0.035093603091336245,0.28747165587862633
16461,0.035093603091336245,0.28747165587862633
16462,0.035093603091336245,0.28747165587862633
16463,0.035093603091336245,0.28747165587862633
16464,0.035093603091336245,0.28747165587862633
16465,0.035093603091336245,0.28747165587862633
16466,0.035093603091336245,0.28747165587862633
16467,0.035093603091336245,0.28747165587862633
16468,0.035093603091336245,0.28747165587862633
16469,0.035093603091336245,0.28747165587862633
16470,0.035093603091336245,0.28747165587862633
16471,0.035093603091336245,0.28747165587862633
16472,0.035093603091336245,0.28747165587862633
16473,0.035093603091336245,0.28747165587862633
16474,0.035093603091336245,0.28747165587862633
16475,0.035093603091336245,0.28747165587862633
16476,0.035093603091336245,0.28747165587862633
16477,0.035093603091336245,0.28747165587862633
16478,0.035093603091336245,0.28747165587862633
16479,0.035093603091336245,0.28747165587862633
16480,0.035093603091336245,0.28747165587862633
16481,0.035093603091336245,0.28747165587862633
16482,0.035093603091336245,0.28747165587862633
16483,0.035093603091336245,0.28747165587862633
16484,0.035093603091336245,0.28747165587862633
16485,0.035093603091336245,0.28747165587862633
16486,0.035093603091336245,0.28747165587862633
16487,0.035093603091336245,0.28747165587862633
16488,0.035093603091336245,0.28747165587862633
16489,0.035093603091336245,0.28747165587862633
16490,0.035093603091336245,0.28747165587862633
16491,0.035093603091336245,0.28747165587862633
16492,0.035093603091336245,0.28747165587862633
16493,0.035093603091336245,0.28747165587862633
16494,0.035093603091336245,0.28747165587862633
16495,0.035093603091336245,0.28747165587862633
16496,0.035093603091336245,0.28747165587862633
16497,0.035093603091336245,0.28747165587862633
16498,0.035093603091336245,0.28747165587862633
16499,0.035093603091336245,0.28747165587862633
16500,0.035093603091336245,0.28747165587862633
16501,0.035093603091336245,0.28747165587862633
16502,0.035093603091336245,0.28747165587862633
16503,0.035093603091336245,0.28747165587862633
16504,0.035093603091336245,0.28747165587862633
16505,0.035093603091336245,0.28747165587862633
16506,0.035093603091336245,0.28747165587862633
16507,0.035093603091336245,0.28747165587862633
16508,0.035093603091336245,0.28747165587862633
16509,0.035093603091336245,0.28747165587862633
16510,0.035093603091336245,0.28747165587862633
16511,0.035093603091336245,0.28747165587862633
16512,0.035093603091336245,0.28747165587862633
16513,0.035093603091336245,0.28747165587862633
16514,0.035093603091336245,0.28747165587862633
16515,0.035093603091336245,0.28747165587862633
16516,0.035093603091336245,0.28747165587862633
16517,0.035093603091336245,0.28747165587862633
16518,0.035093603091336245,0.28747165587862633
16519,0.035093603091336245,0.28747165587862633
16520,0.035093603091336245,0.28747165587862633
16521,0.035093603091336245,0.28747165587862633
16522,0.035093603091336245,0.28747165587862633
16523,0.035093603091336245,0.28747165587862633
16524,0.035093603091336245,0.28747165587862633
16525,0.035093603091336245,0.28747165587862633
16526,0.035093603091336245,0.28747165587862633
16527,0.035093603091336245,0.28747165587862633
16528,0.035093603091336245,0.28747165587862633
16529,0.035093603091336245,0.28747165587862633
16530,0.035093603091336245,0.28747165587862633
16531,0.035093603091336245,0.28747165587862633
16532,0.035093603091336245,0.28747165587862633
16533,0.035093603091336245,0.28747165587862633
16534,0.035093603091336245,0.28747165587862633
16535,0.035093603091336245,0.28747165587862633
16536,0.035093603091336245,0.28747165587862633
16537,0.035093603091336245,0.28747165587862633
16538,0.035093603091336245,0.28747165587862633
16539,0.035093603091336245,0.28747165587862633
16540,0.035093603091336245,0.28747165587862633
16541,0.035093603091336245,0.28747165587862633
16542,0.035093603091336245,0.28747165587862633
16543,0.035093603091336245,0.28747165587862633
16544,0.035093603091336245,0.28747165587862633
16545,0.035093603091336245,0.28747165587862633
16547,0.12667592254215532,0.2940925795230105
16568,0.3427676858948737,0.25515488870332814
16569,0.45956558116102797,0.28374318837783186
16570,0.6873617282810123,0.26211999640788775
16571,0.6550030908550921,0.29229210955103513
16572,0.6480939984037937,0.27718342243819183
16573,0.6792554964460009,0.2958452685072632
16574,0.7144813602265416,0.28741553590752245
16601,0.3425679243565588,0.49727116082813566
16615,0.08397806640819416,0.20804937749882058
16616,0.0740688427177304,0.5126198098878
16617,0.008899250752557486,0.42878307683655714
16618,0.02231091187176204,0.3039643283841382
16620,0.3373850864124075,0.27912682896043584
16621,0.2150633065122014,0.40232787664116487
16622,0.45993941361066004,0.28105803790843065
16623,0.31375589866532116,0.28342101921007645
16625,0.629927510788087,0.2608282404741019
16644,0.5698345552261548,0.20420271757880715
16645,0.017331315762408428,0.43098795371264176
16646,0.023438843184432456,0.41327146022072414
16647,0.039162716167356004,0.3822832213939723
16648,0.22984426778707923,0.307412506094337
16652,0.4148821505164004,0.44237671031848314
16661,0.07040210183492523,0.10906388960544244
16662,0.07040210183492523,0.10906388960544244
16663,0.07040210183492523,0.10906388960544244
16664,0.07040210183492523,0.10906388960544244
16665,0.07040210183492523,0.10906388960544244
16666,0.07040210183492523,0.10906388960544244
16667,0.07040210183492523,0.10906388960544244
16668,0.07040210183492523,0.10906388960544244
16669,0.07040210183492523,0.10906388960544244
16670,0.07148054306305585,0.21870510847858626
16671,0.07148054306305585,0.21870510847858626
16672,0.07148054306305585,0.21870510847858626
16673,0.07148054306305585,0.21870510847858626
16674,0.07148054306305585,0.21870510847858626
16675,0.07148054306305585,0.21870510847858626
16676,0.07148054306305585,0.21870510847858626
16677,0.07148054306305585,0.21870510847858626
16678,0.07148054306305585,0.21870510847858626
16700,0.0015924182856300595,0.09288682693737982
16701,0.0015924182856300595,0.09288682693737982
16702,0.0015924182856300595,0.09288682693737982
16703,0.0015924182856300595,0.09288682693737982
16704,0.0015924182856300595,0.09288682693737982
16705,0.0015924182856300595,0.09288682693737982
16706,0.0015924182856300595,0.09288682693737982
16707,0.0015924182856300595,0.09288682693737982
16708,0.020318216754988794,0.2999968090686618
16709,0.020318216754988794,0.2999968090686618
16710,0.020318216754988794,0.2999968090686618
16711,0.020318216754988794,0.2999968090686618
16712,0.020318216754988794,0.2999968090686618
16713,0.020318216754988794,0.2999968090686618
16714,0.020318216754988794,0.2999968090686618
16715,0.020318216754988794,0.2999968090686618
16716,0.020318216754988794,0.2999968090686618
16717,0.020318216754988794,0.2999968090686618
16718,0.020318216754988794,0.2999968090686618
16719,0.020318216754988794,0.2999968090686618
16720,0.020318216754988794,0.2999968090686618
16721,0.020318216754988794,0.2999968090686618
16722,0.020318216754988794,0.2999968090686618
16723,0.06181434073547398,0.326170683751996
16724,0.06181434073547398,0.326170683751996
16725,0.06181434073547398,0.326170683751996
16726,0.06181434073547398,0.326170683751996
16727,0.06181434073547398,0.326170683751996
16728,0.06181434073547398,0.326170683751996
16729,0.06181434073547398,0.326170683751996
16730,0.06181434073547398,0.326170683751996
16731,0.06181434073547398,0.326170683751996
16732,0.06181434073547398,0.326170683751996
16733,0.06181434073547398,0.326170683751996
16734,0.06181434073547398,0.326170683751996
16735,0.06181434073547398,0.326170683751996
16736,0.06181434073547398,0.326170683751996
16737,0.06181434073547398,0.326170683751996
16738,0.0646869213873067,0.22570926054989693
16739,0.0646869213873067,0.22570926054989693
16740,0.0646869213873067,0.22570926054989693
16741,0.0646869213873067,0.22570926054989693
16742,0.0646869213873067,0.22570926054989693
16743,0.0646869213873067,0.22570926054989693
16744,0.0646869213873067,0.22570926054989693
16745,0.0646869213873067,0.22570926054989693
16746,0.0646869213873067,0.22570926054989693
16747,0.0646869213873067,0.22570926054989693
16748,0.0646869213873067,0.22570926054989693
16749,0.0646869213873067,0.22570926054989693
16750,0.0646869213873067,0.22570926054989693
16751,0.0646869213873067,0.22570926054989693
16752,0.0646869213873067,0.22570926054989693
16753,0.02843839097055334,0.28566053916849543
16754,0.02843839097055334,0.28566053916849543
16755,0.02843839097055334,0.28566053916849543
16756,0.02843839097055334,0.28566053916849543
16757,0.02843839097055334,0.28566053916849543
16758,0.02843839097055334,0.28566053916849543
16759,0.02843839097055334,0.28566053916849543
16760,0.02843839097055334,0.28566053916849543
16761,0.02843839097055334,0.28566053916849543
16762,0.02843839097055334,0.28566053916849543
16763,0.02843839097055334,0.28566053916849543
16764,0.02843839097055334,0.28566053916849543
16765,0.02843839097055334,0.28566053916849543
16766,0.02843839097055334,0.28566053916849543
16767,0.02843839097055334,0.28566053916849543
16768,0.09708383522879627,0.3202150000823729
16769,0.09708383522879627,0.3202150000823729
16770,0.09708383522879627,0.3202150000823729
16771,0.09708383522879627,0.3202150000823729
16772,0.09708383522879627,0.3202150000823729
16773,0.09708383522879627,0.3202150000823729
16774,0.09708383522879627,0.3202150000823729
16775,0.09708383522879627,0.3202150000823729
16776,0.09708383522879627,0.3202150000823729
16777,0.09708383522879627,0.3202150000823729
16778,0.031138478104832057,0.09497468158881517
16779,0.031138478104832057,0.09497468158881517
16780,0.031138478104832057,0.09497468158881517
16781,0.031138478104832057,0.09497468158881517
16782,0.08642598222956044,0.14883646894443014
16783,0.08642598222956044,0.14883646894443014
16784,0.08642598222956044,0.14883646894443014
16785,0.08642598222956044,0.14883646894443014
16786,0.06276515838751451,0.15899376126615483
16787,0.06276515838751451,0.15899376126615483
16788,0.06276515838751451,0.15899376126615483
16789,0.06276515838751451,0.15899376126615483
16801,0.08747397869572437,0.4767607676802098
16802,0.073771643364974,0.4804709741684674
16803,0.049125857633694925,0.4746441804244916
16811,0.0005681239459828236,0.2097817170028341
16812,0.15115071559994853,0.44221296225469786
16813,0.0005681239459828236,0.2097817170028341
16814,0.15115071559994853,0.44221296225469786
16853,0.0054691664545695184,0.07096868469194051
16854,0.0054691664545695184,0.07096868469194051
16855,0.0054691664545695184,0.07096868469194051
16856,0.0054691664545695184,0.07096868469194051
16857,0.0054691664545695184,0.07096868469194051
16858,0.0054691664545695184,0.07096868469194051
16859,0.0054691664545695184,0.07096868469194051
16860,0.0054691664545695184,0.07096868469194051
16861,0.0054691664545695184,0.07096868469194051
16862,0.0054691664545695184,0.07096868469194051
16863,0.0054691664545695184,0.07096868469194051
16864,0.0054691664545695184,0.07096868469194051
16865,0.007159307425393946,0.27428393845068155
16866,0.00022532001504482757,0.21851348378701807
16867,5.534197187961887e-06,0.18062764092017425
16868,9.131932302564039e-07,0.17948799243433278
16869,4.970707868645619e-07,0.18139456435456214
16870,5.126186719550674e-07,0.19451484553931064
16871,8.995840846681702e-07,0.2024974015137775
16872,1.2646756455403363e-06,0.21640517821734118
16873,0.30014345666272024,0.2992209601818848
16874,0.2773772197781217,0.29922101569155923
16875,0.29954717348227844,0.299220986366465
16876,0.1469521996978217,0.1134733668157929
16878,0.1469521996978217,0.1134733668157929
16879,0.1469521996978217,0.1134733668157929
16893,0.08128722381616371,0.028588592143399927
16906,0.036259867041093075,0.13405404985558023
16908,0.036259867041093075,0.13405404985558023
16972,0.26935420816793043,0.29922101569155923
16973,0.26935420816793043,0.29922101569155923
16974,0.0001870235403114151,0.16507877620588207
16975,0.0012930047765284947,0.0832960204101183
16976,0.0038676301703577387,0.07700740877682832
16977,0.003881861473601589,0.07898825670094134
16978,0.025872266431587132,0.12300746369718552
16979,0.0005003777843607393,0.12160791318090092
16980,0.0009419767842722138,0.1036480629748413
16981,0.0010731542373755287,0.12196054191189132
16982,0.0017253935772829632,0.08337206243497852
16983,7.248328788711511e-05,0.22372642941886833
16984,0.0012930047765284947,0.0832960204101183
16985,0.0038676301703577387,0.07700740877682832
16986,0.003881861473601589,0.07898825670094134
16987,0.025872266431587132,0.12300746369718552
16988,0.0005003777843607393,0.12160791318090092
16989,0.0009419767842722138,0.1036480629748413
16990,0.0010731542373755287,0.12196054191189132
16991,0.0017253935772829632,0.08337206243497852
16992,7.248328788711511e-05,0.22372642941886833
16993,0.0016936518902993525,0.2339652036991965
16994,2.830686121058079e-07,0.17892243977117994
16995,0.010262540996849423,0.2607760211424618
16996,7.707022037228839e-07,0.16816447574665505
16997,0.0012271200050261166,0.21674823274665267
16998,1.0801673451688032e-05,0.1292800894385292
16999,0.003327127216042669,0.21903542201587733
17000,0.0032105034083935724,0.24385598249605644
17001,0.0005034971481582273,0.18999926666176448
17002,6.180306200587182e-06,0.15260735688236504
17003,1.0015394470319627e-05,0.2272619162194245
17004,0.0027321686171327686,0.17637741366700666
17005,4.6957211404796695e-06,0.11432865577764806
17006,4.154364432906732e-06,0.1440121064200922
17007,0.15752974221380467,0.2793021514709775
17008,0.00016504881129864035,0.202490834131413
17009,0.007160300855066359,0.18752928608127828
17010,0.0015753765029475897,0.2145174762067188
17011,0.0001106692887685723,0.1424306625385584
17012,0.00012898218491907976,0.16164356921026424
17013,0.004669882388456226,0.19554215046660683
17014,5.071869343853397e-05,0.1441566380692706
17015,0.00030246599350713943,0.1850361309694052
17016,0.0003312386786010757,0.18257636045847314
17017,2.5237446640180572e-05,0.15129890244899447
17018,0.0020177946321066065,0.22098656254850246
17019,0.0004033294667418197,0.1636199654742444
17022,0.05290205482679666,0.5176159465986498
17023,0.02730389550743184,0.4922442659718905
17030,0.0009555274522239365,0.35337859373999225
17031,0.0008909756889575737,0.3539402267948343
17032,0.0012022989582769483,0.3525717643101498
17033,0.0009160002339695383,0.3558979185593354
17034,0.0007895939374267247,0.35757084201594
17035,0.0008243959848698301,0.3549821166756221
17044,0.049698178062063,0.3166851956325366
17045,0.041291892334208935,0.23041905651078776
17046,0.03145040444044911,0.3493966609469411
17047,0.030126114668522552,0.21107243381707397
17048,0.04877870608855217,0.17431216515800918
17049,0.11903523461086074,0.3527078293110629
17050,0.19877196505047567,0.2783335528067463
17051,0.06548408507328751,0.27547286083538847
17052,0.11903523461086074,0.3527078293110629
17053,0.11903523461086074,0.3527078293110629
17054,0.11903523461086074,0.3527078293110629
17055,0.11903523461086074,0.3527078293110629
17056,0.11903523461086074,0.3527078293110629
17057,0.19877196505047567,0.2783335528067463
17058,0.19877196505047567,0.2783335528067463
17059,0.19877196505047567,0.2783335528067463
17060,0.19877196505047567,0.2783335528067463
17061,0.19877196505047567,0.2783335528067463
17070,0.00027967884336077553,0.11366148758764416
17085,0.0023059121551891604,0.1660656774277145
17091,0.006035347767633037,0.43419442868041014
17092,0.014682316202353496,0.5703776801507281
17093,0.006035347767633037,0.43419442868041014
17096,0.0004604934933143401,0.49821214951431775
17098,0.000466119684645272,0.4977019673991438
17099,0.0008251267494375769,0.43693854785870645
17100,0.0004604934933143401,0.49821214951431775
17101,0.003398643502450782,0.47966453262540687
17106,8.336193142899351e-05,0.6517989401332913
17107,8.336193142899351e-05,0.6517989401332913
17108,8.336193142899351e-05,0.6517989401332913
17131,0.0004688496195823788,0.6521652599457797
17132,0.0006266325379447046,0.6511552740568386
17141,0.0059827560981148276,0.539970953077315
17142,0.008759199577223153,0.5404343471375257
17143,0.014619731891385546,0.5400486271393048
17144,0.007276057930246882,0.5785168496940692
17145,0.02856120700638831,0.5535933034626253
17157,0.010203958846921712,0.44845637598378385
17158,8.35109741581519e-07,0.3068299077361136
17159,0.03746199353392321,0.4508608396823711
17160,3.5599887338033653e-07,0.26723126521992313
17161,2.3116823923086116e-05,0.33183961175289245
17162,0.04847985373005492,0.46823728910942186
17163,0.006904133262201961,0.4485428290178165
17164,0.0050773384473292715,0.36486784600913247
17165,0.0014239872483142735,0.37745289998823073
17166,0.11727577353399421,0.4885010820971358
17167,0.06699952592268421,0.5303264273641863
17168,0.00026661232634583865,0.2589244240889682
17169,0.00026661232634583865,0.2589244240889682
17170,0.00026661232634583865,0.2589244240889682
17171,0.00026661232634583865,0.2589244240889682
17172,0.00026661232634583865,0.2589244240889682
17173,0.00026661232634583865,0.2589244240889682
17174,0.00026661232634583865,0.2589244240889682
17175,0.00026661232634583865,0.2589244240889682
17176,0.00026661232634583865,0.2589244240889682
17177,0.00026661232634583865,0.2589244240889682
17178,0.00026661232634583865,0.2589244240889682
17179,0.00026661232634583865,0.2589244240889682
17180,6.348945612377754e-05,0.38539298364537633
17181,6.348945612377754e-05,0.38539298364537633
17182,6.348945612377754e-05,0.38539298364537633
17183,6.348945612377754e-05,0.38539298364537633
17184,6.348945612377754e-05,0.38539298364537633
17185,6.348945612377754e-05,0.38539298364537633
17186,6.348945612377754e-05,0.38539298364537633
17187,6.348945612377754e-05,0.38539298364537633
17188,6.348945612377754e-05,0.38539298364537633
17189,6.348945612377754e-05,0.38539298364537633
17190,6.348945612377754e-05,0.38539298364537633
17191,6.348945612377754e-05,0.38539298364537633
17192,2.0373888252045447e-06,0.3605463800218328
17193,2.0373888252045447e-06,0.3605463800218328
17194,2.0373888252045447e-06,0.3605463800218328
17195,2.0373888252045447e-06,0.3605463800218328
17196,2.0373888252045447e-06,0.3605463800218328
17197,2.0373888252045447e-06,0.3605463800218328
17198,2.0373888252045447e-06,0.3605463800218328
17199,2.0373888252045447e-06,0.3605463800218328
17200,2.0373888252045447e-06,0.3605463800218328
17201,2.0373888252045447e-06,0.3605463800218328
17202,2.0373888252045447e-06,0.3605463800218328
17203,2.0373888252045447e-06,0.3605463800218328
17204,6.674486546787151e-07,0.3292005780744671
17205,6.674486546787151e-07,0.3292005780744671
17206,6.674486546787151e-07,0.3292005780744671
17207,6.674486546787151e-07,0.3292005780744671
17208,6.674486546787151e-07,0.3292005780744671
17209,6.674486546787151e-07,0.3292005780744671
17210,6.674486546787151e-07,0.3292005780744671
17211,6.674486546787151e-07,0.3292005780744671
17212,6.674486546787151e-07,0.3292005780744671
17213,6.674486546787151e-07,0.3292005780744671
17214,6.674486546787151e-07,0.3292005780744671
17215,6.674486546787151e-07,0.3292005780744671
17216,0.0003259718868035,0.4919133473274289
17217,0.0003259718868035,0.4919133473274289
17218,0.0003259718868035,0.4919133473274289
17219,0.0003259718868035,0.4919133473274289
17220,0.0003259718868035,0.4919133473274289
17221,0.0003259718868035,0.4919133473274289
17222,0.0003259718868035,0.4919133473274289
17223,0.0003259718868035,0.4919133473274289
17224,0.0003259718868035,0.4919133473274289
17225,0.0003259718868035,0.4919133473274289
17226,0.0003259718868035,0.4919133473274289
17227,0.0003259718868035,0.4919133473274289
17228,0.00027906467904359467,0.49529274526989564
17229,0.00027906467904359467,0.49529274526989564
17230,0.00027906467904359467,0.49529274526989564
17231,0.00027906467904359467,0.49529274526989564
17232,0.00027906467904359467,0.49529274526989564
17233,0.00027906467904359467,0.49529274526989564
17234,0.00027906467904359467,0.49529274526989564
17235,0.00027906467904359467,0.49529274526989564
17236,0.00027906467904359467,0.49529274526989564
17237,0.00027906467904359467,0.49529274526989564
17238,0.00027906467904359467,0.49529274526989564
17239,0.00027906467904359467,0.49529274526989564
17240,0.002195430771693263,0.5536708399836208
17241,0.002195430771693263,0.5536708399836208
17242,0.002195430771693263,0.5536708399836208
17243,0.002195430771693263,0.5536708399836208
17244,0.002195430771693263,0.5536708399836208
17245,0.002195430771693263,0.5536708399836208
17246,0.002195430771693263,0.5536708399836208
17247,0.002195430771693263,0.5536708399836208
17248,0.002195430771693263,0.5536708399836208
17249,0.002195430771693263,0.5536708399836208
17250,0.002195430771693263,0.5536708399836208
17251,0.002195430771693263,0.5536708399836208
17259,0.001482346618814634,0.46601731868388796
17274,0.0013425185878007673,0.6051325277300146
17275,7.246071101263407e-05,0.6150228916252444
17276,1.7947664651130069e-06,0.5761552555075572
17277,0.009812027038518911,0.5930306861366
17278,7.233508353077234e-06,0.7533587867955225
17279,2.9540952533935183e-05,0.7510339298050113
17280,5.982050534036887e-06,0.7553011001509451
17288,0.006373837795031312,0.35986589859395046
17289,0.002221801279200908,0.5419454342910174
17290,0.0014923461861627851,0.5350719516422661
17291,0.006373837795031312,0.35986589859395046
17292,0.002221801279200908,0.5419454342910174
17293,0.0014923461861627851,0.5350719516422661
17294,0.006373837795031312,0.35986589859395046
17295,0.002221801279200908,0.5419454342910174
17296,0.0014923461861627851,0.5350719516422661
17297,0.2852803855478576,0.27196766804622563
17298,0.06336022273785369,0.4428145209414659
17299,0.356189384918425,0.27535805734402674
17300,0.6802337447018827,0.27053680808429603
17301,0.2852803855478576,0.27196766804622563
17302,0.06336022273785369,0.4428145209414659
17303,0.356189384918425,0.27535805734402674
17304,0.6802337447018827,0.27053680808429603
17305,0.08557427195705292,0.34338506479788733
17306,0.12494673613652152,0.3712452588731989
17307,0.12494673613652152,0.3712452588731989
17318,0.058509491461263496,0.45936491375483407
17319,0.17224816485157524,0.390244021702299
17320,0.0988277296425587,0.4260847620952216
17331,0.1994014235015198,0.543425053199145
17332,0.2226016231253819,0.7471480991627043
17333,0.3319753125261097,0.22186293811569935
17334,0.34631252288826764,0.10758775709954549
17335,0.3070401779153129,0.2275404024130484
17336,0.3595917622574941,0.15086624215536204
17365,0.11021414575389554,0.33290266734601226
17366,0.09053283469392592,0.32029936174927154
17367,0.12566078093726984,0.2525974426428662
17368,0.05400671265125423,0.29334156974584324
17369,0.07538707298507275,0.2679764097531182
17370,0.12950403872549798,0.2227675164361811
17371,0.13645870963639717,0.4066953795592462
17372,0.1620235664729397,0.2581591017452184
17373,0.096013759184572,0.20412914153991124
17374,0.13821167316151706,0.2224275558293326
17375,0.15938972519943462,0.22547737489133068
17376,0.16036025306659663,0.2507187438809778
17377,0.16713652491520714,0.3165068228266521
17378,0.1625572060554641,0.23094027719419008
17379,0.10557999139014218,0.4462574145301553
17380,0.12197683851956242,0.4596126701645098
17381,0.18715801299558388,0.5452810498496022
17382,0.09076376288838828,0.19985508289906562
17383,0.06813499120246547,0.18871791238688973
17384,0.20114865236789414,0.14816766925674496
17385,0.1394267535415289,0.15679859995369771
17406,0.4210938815476202,0.29631036688463386
17407,0.26592770483719574,0.29922101569155923
17411,0.5824247671686029,0.624431358699726
17412,0.5824247671686029,0.624431358699726
17413,0.28036056725838143,0.3581184891779531
17414,0.29191634931104826,0.37897172518804434
17415,0.4723106753200528,0.34849397697803053
17416,0.3007198904381213,0.3984169330312247
17417,0.41924970318219557,0.3670794680138113
17418,0.5751797467673352,0.3359919757179629
17419,0.14465784234547907,0.41450882041546233
17424,0.24229856308024478,0.3186330142844024
17425,0.09200745905632757,0.455030272803137
17426,0.09200745905632757,0.455030272803137
17427,0.32839149777493604,0.32322431573083055
17464,0.49880669446674764,0.09082581457358307
17465,0.49880669446674764,0.09082581457358307
17466,0.7736818918363682,0.08498859769426548
17467,0.7736818918363682,0.08498859769426548
17474,0.0497812430043868,0.30075140791267907
17544,0.05798082205352073,0.5362995349668587
17545,0.05798082205352073,0.5362995349668587
17546,0.05798082205352073,0.5362995349668587
17605,0.7420645688137747,0.2017606953192741
17606,0.927165300878039,0.32569677604082425
17607,0.20525724716926974,0.15584811268087728
17608,0.8805572388819254,0.34021479451593295
17609,0.905966605689392,0.3180864789919067
17644,8.452112639489862e-05,0.026677019330014762
17645,8.452112639489862e-05,0.026677019330014762
17646,8.452112639489862e-05,0.026677019330014762
17647,8.452112639489862e-05,0.026677019330014762
17648,8.452112639489862e-05,0.026677019330014762
17674,0.9779914558940438,0.32405078150233546
17675,0.9864244905430497,0.31250332005267734
17695,0.5926463111348711,0.2509865665349088
17696,0.5926463111348711,0.2509865665349088
17698,0.11923276779331304,0.2730533462525526
17699,0.11923276779331304,0.2730533462525526
17700,0.11923276779331304,0.2730533462525526
17702,0.07147780409581617,0.29029207831639536
17703,0.07147780409581617,0.29029207831639536
17704,0.07147780409581617,0.29029207831639536
17706,0.02726973154168233,0.1012284534369331
17707,0.02726973154168233,0.1012284534369331
17709,0.030803151901804826,0.28930476020346885
17710,0.030803151901804826,0.28930476020346885
17711,0.030803151901804826,0.28930476020346885
17870,0.8490204436450535,0.33291612359390743
17871,0.8445258955006864,0.31927982928521603
17898,0.20759610277466867,0.7275790419972287
17899,0.4606985262676906,0.5559834297296261
17900,0.4940725847557379,0.5106070102596847
17901,0.7727450030609728,0.4088354562658095
17902,0.20759610277466867,0.7275790419972287
17903,0.4606985262676906,0.5559834297296261
17904,0.4940725847557379,0.5106070102596847
17905,0.7727450030609728,0.4088354562658095
17906,0.20759610277466867,0.7275790419972287
17907,0.4606985262676906,0.5559834297296261
17908,0.4940725847557379,0.5106070102596847
17909,0.7727450030609728,0.4088354562658095
17910,0.20759610277466867,0.7275790419972287
17911,0.4606985262676906,0.5559834297296261
17912,0.4940725847557379,0.5106070102596847
17913,0.7727450030609728,0.4088354562658095
17914,0.20759610277466867,0.7275790419972287
17915,0.4606985262676906,0.5559834297296261
17916,0.4940725847557379,0.5106070102596847
17917,0.7727450030609728,0.4088354562658095
17918,0.009237280639724288,0.19479166588471863
17919,0.006947606446812582,0.2332170688285644
17920,0.04027347423587235,0.2651824600370307
17921,0.02504629710958406,0.31197434801529556
17922,0.04268708766028695,0.3603105881573079
17923,0.04593397906609131,0.36948096946748243
17998,0.004099645439731625,0.6491325304734804
17999,0.001439013259995514,0.6634799844816341
18000,0.016220918331394496,0.6093587834708094
18001,0.005348483424505335,0.6547358523443232
18002,0.005012633439777092,0.6566913195684425
18003,0.00019020963908478183,0.7106020729376339
18004,0.0004517396510055338,0.6909404194818988
18005,0.002322673771802508,0.6087839626291309
18006,0.013667169062449136,0.5872048170001999
18007,0.0005223088356696159,0.6856310417989468
18008,0.004099645439731625,0.6491325304734804
18009,0.001439013259995514,0.6634799844816341
18010,0.016220918331394496,0.6093587834708094
18011,0.005348483424505335,0.6547358523443232
18012,0.005012633439777092,0.6566913195684425
18013,0.00019020963908478183,0.7106020729376339
18014,0.0004517396510055338,0.6909404194818988
18015,0.002322673771802508,0.6087839626291309
18016,0.013667169062449136,0.5872048170001999
18017,0.0005223088356696159,0.6856310417989468
18018,0.004099645439731625,0.6491325304734804
18019,0.001439013259995514,0.6634799844816341
18020,0.016220918331394496,0.6093587834708094
18021,0.005348483424505335,0.6547358523443232
18022,0.005012633439777092,0.6566913195684425
18023,0.00019020963908478183,0.7106020729376339
18024,0.0004517396510055338,0.6909404194818988
18025,0.002322673771802508,0.6087839626291309
18026,0.013667169062449136,0.5872048170001999
18027,0.0005223088356696159,0.6856310417989468
18028,0.004099645439731625,0.6491325304734804
18029,0.001439013259995514,0.6634799844816341
18030,0.016220918331394496,0.6093587834708094
18031,0.005348483424505335,0.6547358523443232
18032,0.005012633439777092,0.6566913195684425
18033,0.00019020963908478183,0.7106020729376339
18034,0.0004517396510055338,0.6909404194818988
18035,0.002322673771802508,0.6087839626291309
18036,0.013667169062449136,0.5872048170001999
18037,0.0005223088356696159,0.6856310417989468
18050,5.196208497704191e-06,0.03108540666763393
18051,5.196208497704191e-06,0.03108540666763393
18052,4.764939294599202e-05,0.02189778659912789
18083,0.00029581825741797907,0.09763656713929447
18084,0.00029581825741797907,0.09763656713929447
18086,0.00029581825741797907,0.09763656713929447
18087,0.00029581825741797907,0.09763656713929447
18088,0.00029581825741797907,0.09763656713929447
18094,5.196208497704191e-06,0.03108540666763393
18095,5.196208497704191e-06,0.03108540666763393
18097,5.196208497704191e-06,0.03108540666763393
18193,0.00018732612070215815,0.3631201511690768
18194,0.00018732612070215815,0.3631201511690768
18195,0.00018732612070215815,0.3631201511690768
18196,0.00018732612070215815,0.3631201511690768
18197,0.00018732612070215815,0.3631201511690768
18198,0.00018732612070215815,0.3631201511690768
18199,0.00043016324024225394,0.19999454637639968
18200,0.00043016324024225394,0.19999454637639968
18202,0.00043016324024225394,0.19999454637639968
18203,0.00043016324024225394,0.19999454637639968
18204,0.00043016324024225394,0.19999454637639968
18205,0.00812033288336289,0.38683386137415565
18206,0.00812033288336289,0.38683386137415565
18208,0.00812033288336289,0.38683386137415565
18209,0.00812033288336289,0.38683386137415565
18210,0.00812033288336289,0.38683386137415565
18211,0.011848027865826172,0.5476603246454761
18212,0.011848027865826172,0.5476603246454761
18214,0.011848027865826172,0.5476603246454761
18215,0.011848027865826172,0.5476603246454761
18216,0.011848027865826172,0.5476603246454761
18217,0.05154321518607263,0.3184581801646096
18218,0.05154321518607263,0.3184581801646096
18220,0.05154321518607263,0.3184581801646096
18221,0.05154321518607263,0.3184581801646096
18222,0.05154321518607263,0.3184581801646096
18223,0.03352189148299456,0.41738305873160086
18224,0.03352189148299456,0.41738305873160086
18226,0.03352189148299456,0.41738305873160086
18227,0.03352189148299456,0.41738305873160086
18228,0.03352189148299456,0.41738305873160086
18229,0.00022233739207899728,0.1271170779659827
18230,0.00022233739207899728,0.1271170779659827
18232,0.00022233739207899728,0.1271170779659827
18233,0.00022233739207899728,0.1271170779659827
18234,0.00022233739207899728,0.1271170779659827
18235,0.0018409930824265786,0.11257634490474167
18236,0.0018409930824265786,0.11257634490474167
18238,0.0018409930824265786,0.11257634490474167
18239,0.0018409930824265786,0.11257634490474167
18240,0.0018409930824265786,0.11257634490474167
18241,0.04116701338500184,0.1961138519702159
18242,0.04116701338500184,0.1961138519702159
18244,0.04116701338500184,0.1961138519702159
18245,0.04116701338500184,0.1961138519702159
18246,0.04116701338500184,0.1961138519702159
18247,0.061427284690637185,0.46243786079108773
18248,0.061427284690637185,0.46243786079108773
18250,0.061427284690637185,0.46243786079108773
18251,0.061427284690637185,0.46243786079108773
18252,0.061427284690637185,0.46243786079108773
18253,0.15434189861029146,0.19339830232779753
18254,0.15434189861029146,0.19339830232779753
18256,0.15434189861029146,0.19339830232779753
18257,0.15434189861029146,0.19339830232779753
18258,0.15434189861029146,0.19339830232779753
18259,0.12031756965636431,0.33183032744242413
18260,0.12031756965636431,0.33183032744242413
18262,0.12031756965636431,0.33183032744242413
18263,0.12031756965636431,0.33183032744242413
18264,0.12031756965636431,0.33183032744242413
18265,0.00018732612070215815,0.3631201511690768
18266,0.00043016324024225394,0.19999454637639968
18267,0.00812033288336289,0.38683386137415565
18268,0.011848027865826172,0.5476603246454761
18269,0.05154321518607263,0.3184581801646096
18270,0.03352189148299456,0.41738305873160086
18271,0.00022233739207899728,0.1271170779659827
18272,0.0018409930824265786,0.11257634490474167
18273,0.04116701338500184,0.1961138519702159
18274,0.061427284690637185,0.46243786079108773
18275,0.15434189861029146,0.19339830232779753
18276,0.12031756965636431,0.33183032744242413
18300,0.00034703260227064714,0.45996526893535683
18301,0.002701666287273752,0.40295512243148324
18302,0.005607312169114698,0.36353446284414426
18303,0.00012432120633054655,0.5360831953162204
18304,0.001103027211901697,0.4534571521067557
18305,0.003674649067064939,0.4261433262363129
18306,0.001768589959868505,0.42662280430223853
18307,0.005351105137866963,0.4014180210439158
18308,0.003994358186163338,0.3781027416917807
18309,0.010144341641811772,0.35831099957493473
18310,0.007637236245877532,0.342011309821749
18311,0.016488134784277575,0.32826135748228724
18312,0.012677543462648821,0.31958260571520447
18313,0.02512186875196476,0.31034615336554605
18314,0.16391860839174144,0.2991961409743571
18315,0.20267273932835228,0.2974355139592618
18316,0.0401240823099549,0.31291715338491566
18317,0.001103027211901697,0.4534571521067557
18318,0.003674649067064939,0.4261433262363129
18319,0.001768589959868505,0.42662280430223853
18320,0.005351105137866963,0.4014180210439158
18321,0.003994358186163338,0.3781027416917807
18322,0.010144341641811772,0.35831099957493473
18323,0.007637236245877532,0.342011309821749
18324,0.016488134784277575,0.32826135748228724
18325,0.012677543462648821,0.31958260571520447
18326,0.02512186875196476,0.31034615336554605
18327,0.16391860839174144,0.2991961409743571
18328,0.20267273932835228,0.2974355139592618
18329,0.0401240823099549,0.31291715338491566
18363,0.009616886800260294,0.46775462930377354
18364,0.009616886800260294,0.46775462930377354
18365,0.009616886800260294,0.46775462930377354
18366,0.0396547180366047,0.5429114472155778
18367,0.0396547180366047,0.5429114472155778
18368,0.0396547180366047,0.5429114472155778
18369,0.009616886800260294,0.46775462930377354
18370,0.0396547180366047,0.5429114472155778
18372,0.005301733864810254,0.213915392761444
18382,0.005301733864810254,0.213915392761444
18392,0.005301733864810254,0.213915392761444
18402,0.005301733864810254,0.213915392761444
18411,0.005301733864810254,0.213915392761444
18414,0.0031432916735377736,0.13851015642264664
18415,7.982437790376995e-05,0.1258401494560375
18416,0.010559331338400813,0.30592283632716033
18417,5.27643611358819e-07,0.7703701638708493
18418,1.9077483770502113e-07,0.5151959940546637
18419,6.863431446513246e-07,0.7559715193175255
18420,0.0015990032243378138,0.39622334408425564
18421,0.004214256905876179,0.4728159674922617
18422,3.399703196738102e-08,0.11427540120991553
18425,0.029532891266010552,0.3133434847385478
18432,0.014703761728214415,0.45435453990728225
18433,0.00440073038683686,0.1502818294078032
18434,0.00027243150461453425,0.5713529456004276
18435,0.00042346921085090194,0.6064652290409234
18436,0.0025995656083434016,0.5424348398145631
18437,0.007666768149361292,0.46865332261401627
18438,0.03230385130126445,0.3420731691656014
18439,0.08462087278721908,0.286173953580819
18440,0.014703761728214415,0.45435453990728225
18441,0.00440073038683686,0.1502818294078032
18442,0.029532891266010552,0.3133434847385478
18443,0.00027243150461453425,0.5713529456004276
18444,0.00042346921085090194,0.6064652290409234
18445,0.0025995656083434016,0.5424348398145631
18446,0.08462087278721908,0.286173953580819
18447,0.014703761728214415,0.45435453990728225
18448,0.00440073038683686,0.1502818294078032
18449,0.029532891266010552,0.3133434847385478
18450,0.007666768149361292,0.46865332261401627
18451,0.03230385130126445,0.3420731691656014
18452,0.014703761728214415,0.45435453990728225
18453,0.00440073038683686,0.1502818294078032
18454,0.029532891266010552,0.3133434847385478
18455,0.00027243150461453425,0.5713529456004276
18456,0.00042346921085090194,0.6064652290409234
18457,0.0025995656083434016,0.5424348398145631
18458,0.007666768149361292,0.46865332261401627
18459,0.03230385130126445,0.3420731691656014
18460,0.08462087278721908,0.286173953580819
18461,0.014703761728214415,0.45435453990728225
18462,0.00440073038683686,0.1502818294078032
18463,0.029532891266010552,0.3133434847385478
18464,0.00027243150461453425,0.5713529456004276
18465,0.00042346921085090194,0.6064652290409234
18466,0.0025995656083434016,0.5424348398145631
18467,0.007666768149361292,0.46865332261401627
18468,0.03230385130126445,0.3420731691656014
18469,0.08462087278721908,0.286173953580819
18470,0.014703761728214415,0.45435453990728225
18471,0.00440073038683686,0.1502818294078032
18472,0.014703761728214415,0.45435453990728225
18473,0.00440073038683686,0.1502818294078032
18474,0.029532891266010552,0.3133434847385478
18490,0.2579031197701591,0.35690220088794067
18491,0.04804227489469315,0.5065237837238711
18492,0.0983559001413884,0.44776253727497684
18493,0.22462132539747393,0.3045112217444018
18518,0.006485879222341118,0.18219047409727807
18528,0.02048685966519781,0.4083016534435039
18548,0.00420104808821431,0.7612379090803024
18549,0.03761485605922665,0.7148737650199414
18550,0.000740298780073978,0.7585704261384136
18551,0.03148516190338824,0.6369833115584611
18552,0.003665251960241145,0.7620982011902642
18553,0.032876778194335654,0.7536881879452091
18554,0.019640795052582427,0.40727927403570163
18555,0.021252954124793666,0.3654370186941075
18564,0.00420104808821431,0.7612379090803024
18565,0.03761485605922665,0.7148737650199414
18566,0.000740298780073978,0.7585704261384136
18567,0.03148516190338824,0.6369833115584611
18568,0.003665251960241145,0.7620982011902642
18569,0.032876778194335654,0.7536881879452091
18570,0.019640795052582427,0.40727927403570163
18571,0.021252954124793666,0.3654370186941075
18611,0.011474392249186116,0.19487941283199783
18612,0.0668595683636064,0.22985572655511222
18614,0.09636642824955866,0.1805110884300719
18615,0.15591553122262192,0.2210839190493723
18616,0.02061742106306097,0.07404206927054302
18619,0.04637609306886881,0.2567976149429638
18621,0.022711779609742244,0.16464526545012736
18622,0.0440552239012566,0.3496236927519816
18624,0.02076045279313654,0.10157915548946339
18628,0.02057318947015896,0.2941587753384054
18630,0.014106016749050099,0.09174037866806295
18649,1.0100308971416894e-06,0.7153292723041409
18650,1.658474839238977e-06,0.7491654446348484
18651,0.00041338572909199733,0.24809225376902122
18652,0.00041338572909199733,0.24809225376902122
18654,0.00041338572909199733,0.24809225376902122
18655,0.00041338572909199733,0.24809225376902122
18660,0.05641339863248496,0.03211004935250095
18661,0.05641339863248496,0.03211004935250095
18668,0.016136728465940275,0.13991115299643242
18697,0.6511921458066237,0.23392696797279566
18699,0.5257071985022876,0.2998496907277446
18700,0.5257071985022876,0.2998496907277446
18701,0.5257071985022876,0.2998496907277446
18702,0.4760140366824157,0.29812634692803497
18703,0.4760140366824157,0.29812634692803497
18704,0.4760140366824157,0.29812634692803497
18705,0.556079389251801,0.30097268539005606
18706,0.556079389251801,0.30097268539005606
18707,0.556079389251801,0.30097268539005606
18708,0.6511921458066237,0.23392696797279566
18709,0.6511921458066237,0.23392696797279566
18710,0.6511921458066237,0.23392696797279566
18711,0.42126525361479294,0.29245431241119313
18712,0.4785832493024982,0.33070754881331466
18713,0.38385290377027315,0.3061851089256036
18714,0.500186290844622,0.2713506316422828
18715,0.48156975793588264,0.2965849831357499
18716,0.38385290377027315,0.3061851089256036
18717,0.38385290377027315,0.3061851089256036
18718,0.38385290377027315,0.3061851089256036
18719,0.38385290377027315,0.3061851089256036
18721,0.38385290377027315,0.3061851089256036
18723,0.42126525361479294,0.29245431241119313
18724,0.42126525361479294,0.29245431241119313
18725,0.500186290844622,0.2713506316422828
18726,0.500186290844622,0.2713506316422828
18727,0.48156975793588264,0.2965849831357499
18728,0.48156975793588264,0.2965849831357499
18747,0.007809719217634958,0.19635750735465007
18748,0.007809719217634958,0.19635750735465007
18749,0.007809719217634958,0.19635750735465007
18750,0.007809719217634958,0.19635750735465007
18751,0.007809719217634958,0.19635750735465007
18752,0.007809719217634958,0.19635750735465007
18777,0.10457630997052647,0.15014017342001118
18778,0.10457630997052647,0.15014017342001118
18779,0.10457630997052647,0.15014017342001118
18780,0.10457630997052647,0.15014017342001118
18782,0.10457630997052647,0.15014017342001118
18783,0.2410676029334281,0.10662586143907948
18784,0.2410676029334281,0.10662586143907948
18785,0.2410676029334281,0.10662586143907948
18786,0.2410676029334281,0.10662586143907948
18788,0.2410676029334281,0.10662586143907948
18789,0.2235870068772069,0.14031390106496433
18790,0.2235870068772069,0.14031390106496433
18791,0.2235870068772069,0.14031390106496433
18792,0.2235870068772069,0.14031390106496433
18794,0.2235870068772069,0.14031390106496433
18795,0.33943079021186495,0.015245874591474307
18796,0.33943079021186495,0.015245874591474307
18797,0.33943079021186495,0.015245874591474307
18798,0.33943079021186495,0.015245874591474307
18800,0.33943079021186495,0.015245874591474307
18801,0.38360528333634414,0.12275673000414677
18802,0.38360528333634414,0.12275673000414677
18803,0.38360528333634414,0.12275673000414677
18804,0.38360528333634414,0.12275673000414677
18806,0.38360528333634414,0.12275673000414677
18807,0.10457630997052647,0.15014017342001118
18808,0.2410676029334281,0.10662586143907948
18809,0.2235870068772069,0.14031390106496433
18810,0.33943079021186495,0.015245874591474307
18811,0.38360528333634414,0.12275673000414677
18986,0.013059166637854558,0.35870019402725206
18987,0.061826382864735185,0.2955858290881087
18988,0.0848103202073982,0.2932752649560977
18989,0.01787708755571915,0.39530359417843375
19053,0.0002779743976699667,0.12858557319662256
19055,0.060916927212499306,0.19870991125963988
19057,0.013910491766541688,0.2251364569329103
19059,0.01201357999556285,0.1727232853193963
19069,0.013480484184604569,0.2118927070906943
19072,0.02918511455965722,0.11561816668795066
19073,0.02918511455965722,0.11561816668795066
19079,0.20505902036441426,0.4965742051493839
19084,0.05691484655723256,0.29982791860362934
19085,0.04683368419775691,0.3010101503273911
19086,0.08038621765841425,0.2962147611288467
19087,0.04651578245542909,0.3010464509614693
19088,0.05158973308692372,0.30099399578444375
19108,0.01878135180886764,0.25915121691724974
19109,0.04073133521138894,0.2743782421306883
19110,0.014518114058715836,0.4047626745260039
19112,0.0071000498461597505,0.0432490524586584
19114,0.13776309020392297,0.10420962907038556
19116,0.3432244153855233,0.12863058208366118
19120,0.13776309020392297,0.10420962907038556
19122,0.3432244153855233,0.12863058208366118
19125,0.04368415763372979,0.2751579304394194
19126,0.053048025589213954,0.15543801981587535
19129,0.32703313226123143,0.0577846706785865
19130,0.12859053965715106,0.06606744350328897
19132,0.19573374644605124,0.27452097502996875
19138,0.04368415763372979,0.2751579304394194
19144,0.2729570090772956,0.31899436520728275
19145,0.19573374644605124,0.27452097502996875
19146,0.27395811923790125,0.30685157108428307
19147,0.28425315391639416,0.32022040927636597
19148,0.21473799135433702,0.3493875324397242
19149,0.23883770532496473,0.3557172737415545
19158,0.045002491473232875,0.1889441996896778
19159,0.010289917295104978,0.22336487454057252
19160,0.08458929334931264,0.2609734316143538
19161,0.04977551016413828,0.2985093526687429
19162,0.08554122702868794,0.32958989719883636
19163,0.07136126945690913,0.37658959218200583
19164,0.026255620294727944,0.3482737805937929
19165,0.044185064932737106,0.2806509403154427
19166,0.03521585260043614,0.29577190234308026
19167,0.18529331125098247,0.3929950852061229
19168,0.07810078434527079,0.338134531306461
19169,0.13703449563028614,0.311087228468358
19172,0.06859870900742182,0.35263430414245567
19173,0.03370995692741696,0.4507232019978201
19174,0.029856638043453954,0.26535228331257943
19177,0.1724295775603838,0.4415589373246773
19179,0.1179676451517383,0.3256121962047278
19181,0.03898765819077443,0.36445237546395914
19183,0.04751248294227517,0.3225171345994797
19184,0.1389695794277448,0.42761619609145896
19185,0.13318159955751308,0.36177709094490595
19186,0.002536434183510017,0.315696278111398
19187,0.00448861045430593,0.2693054812284148
19188,0.004511161050146595,0.2560131778640312
19189,0.023491475126412364,0.1852377886302462
19190,0.03960920859959327,0.17746081704255134
19191,0.033631151487381716,0.1698615715028876
19192,0.0032855508479671114,0.23609948210762488
19193,0.04594119703800481,0.17088065380641493
19194,0.048843427616047985,0.3786147942298369
19195,0.020603340453059005,0.44220915311009834
19196,0.01137161786315255,0.2723993100280937
19197,0.012264053162839739,0.28849185058250026
19198,0.15326584046112246,0.4468901402109643
19199,0.0911005465189082,0.31670121156860387
19219,3.270444178360421e-06,0.4685451600556979
19220,1.418693514887437e-07,0.3845108224101126
19221,6.231490316976895e-06,0.44212649845841523
19222,4.180659374242168e-09,0.5446492947675843
19223,1.4163391681698556e-08,0.4895037514463759
19224,8.228199344095799e-09,0.3582594024144542
19225,1.028503594979746e-05,0.4337115809991565
19226,7.860017523064755e-06,0.33615209425607095
19243,0.4526325631961351,0.27525446390754704
19287,0.09601710431973765,0.21723122856330412
19288,0.09597969704078257,0.2172278025091643
19289,0.09919599459741502,0.21680738135969735
19296,0.10309262936690977,0.4343593371541633
19297,0.10316872616394512,0.43448160442580286
19298,0.1031362054630911,0.4345825128489358
19299,0.16688504836092044,0.2689867542790917
19300,0.10854242997617536,0.23371369863629354
19301,0.11082512457482951,0.23524510131733833
19302,0.2502665981616867,0.3711375158885247
19303,0.2419803465971364,0.3722531771086811
19304,0.23852280739884646,0.37342991334241016
19305,0.12103598121822479,0.48738838373070104
19306,0.13648840346466284,0.4794519862696557
19307,0.15288180111808036,0.4682739154928658
19308,0.11512252622775465,0.39212160031282073
19309,0.08679603587910534,0.3932824276273217
19310,0.0881394497124145,0.39337920042243246
19311,0.21388334094009964,0.375417245878486
19312,0.20956671151288486,0.3752146267111567
19313,0.21390327770842443,0.375516552054743
19314,0.10309262936690977,0.4343593371541633
19315,0.10316872616394512,0.43448160442580286
19316,0.1031362054630911,0.4345825128489358
19317,0.16688504836092044,0.2689867542790917
19318,0.10854242997617536,0.23371369863629354
19319,0.11082512457482951,0.23524510131733833
19320,0.2502665981616867,0.3711375158885247
19321,0.2419803465971364,0.3722531771086811
19322,0.23852280739884646,0.37342991334241016
19325,0.8720577922253678,0.41241243878974865
19328,0.9988415907352359,0.07496360588345174
19388,0.06090151319364534,0.3870379763311068
19389,0.05347129710648868,0.33970475847392223
19390,0.046341573206517106,0.30901406178341906
19391,0.056481480984946764,0.27264899842993484
19392,0.058258349375952645,0.31789298962418666
19393,0.05496194481970118,0.23223055759136846
19394,0.4126891132224588,0.28448496972550186
19395,0.4835984947352794,0.2926830696102487
19396,0.03539138828706434,0.37929380593412143
19397,0.3021309144068215,0.31542733315996163
19412,0.0012656465416964746,0.06777845702816665
19413,0.023889214672006664,0.09248962104847258
19414,0.0004132060121211367,0.09099500798013982
19415,0.04050682142956452,0.15067606194009564
19416,0.026174751541885866,0.046681871251823215
19417,0.021907279041582295,0.08904098839894758
19418,0.04746785403531306,0.099790960883826
19419,0.0459679198589259,0.19329931957451396
19420,0.008106083512554707,0.08456943629582514
19421,0.39354910218159933,0.28423770449438335
19422,0.41588756892651946,0.2766834595506118
19423,0.2062274528664364,0.28425702512233486
19424,0.29495150430231276,0.2103183119957609
19425,0.14365568926806382,0.28992596179692653
19426,0.04829314349215719,0.2602690582398738
19427,0.08588848681277927,0.22421567154114908
19428,0.30230060584901786,0.22094142442973608
19438,0.00016174340479035987,0.12819916048241375
19444,0.2815739071353386,0.3156457432654818
19466,0.11241888924339327,0.20092431533311828
19467,0.11371553122843836,0.15850266111795874
19468,0.1778468761201384,0.16919329316879317
19469,0.24504750085336235,0.1814582432052151
19470,0.3496846853074169,0.2293727338495356
19471,0.3588813283444804,0.036311394975617195
19472,0.029156351797173685,0.029523924573766402
19473,0.3947329817801922,0.16322514962232804
19474,0.08180913166932635,0.241320132521894
19475,0.21442311924408697,0.18248027890349272
19476,0.12835645283461583,0.19085492209557708
19477,0.06759216297023429,0.2088062282305625
19478,0.07824658805745477,0.20754346758649012
19479,0.0642043969946986,0.20041542953597646
19480,0.06500506896045222,0.18824126665572227
19481,0.07883576385162927,0.16751201195591991
19482,0.10706993134600751,0.17265057793948657
19483,0.30453160462089546,0.174733459948331
19484,0.18946792880242802,0.18117564676455733
19485,0.11377235851015555,0.19574166116528557
19486,0.10397888477840833,0.19386153768742642
19487,0.10390619535440859,0.18092583856909306
19492,0.1606055326251027,0.16490782268804405
19494,0.30453160462089546,0.174733459948331
19510,0.1422766262859626,0.3738209760755322
19517,0.07054077573946005,0.4053826129395659
19518,0.3307456217456368,0.2188545552186273
19519,0.11356973227541345,0.5225336479797497
19520,0.04148820062814773,0.4541767888691327
19521,0.3415209336554227,0.23664328497058817
19522,0.07722052728386031,0.5455438625370337
19523,0.07054077573946005,0.4053826129395659
19524,0.3307456217456368,0.2188545552186273
19525,0.11356973227541345,0.5225336479797497
19526,0.04148820062814773,0.4541767888691327
19527,0.3415209336554227,0.23664328497058817
19528,0.07722052728386031,0.5455438625370337
19529,0.07054077573946005,0.4053826129395659
19530,0.3307456217456368,0.2188545552186273
19531,0.11356973227541345,0.5225336479797497
19532,0.04148820062814773,0.4541767888691327
19533,0.3415209336554227,0.23664328497058817
19534,0.07722052728386031,0.5455438625370337
19535,0.10497330897419166,0.19851346832921624
19536,0.3311211811059309,0.14273920837006826
19537,0.06844555624935955,0.10022853471652349
19538,0.08357267765896692,0.103978486829297
19539,0.12666289970187128,0.08412120027451586
19540,0.10200651536454264,0.09638060091402922
19541,0.2145958850412517,0.10678031660162901
19542,0.2104162129520173,0.12072595504861938
19543,0.048655485026639855,0.11284304523182376
19544,0.13392963867943664,0.10659212979430444
19545,0.0006714900602372564,0.08905407406512578
19546,0.033314007295355386,0.10524357496935177
19547,0.009653237285261573,0.12463933132729965
19549,0.11015135454379965,0.4494375070643313
19550,0.11015135454379965,0.4494375070643313
19551,0.11015135454379965,0.4494375070643313
19552,0.11015135454379965,0.4494375070643313
19553,0.11015135454379965,0.4494375070643313
19555,0.10998649859652099,0.44944214625295287
19556,0.10998649859652099,0.44944214625295287
19557,0.10998649859652099,0.44944214625295287
19558,0.10998649859652099,0.44944214625295287
19559,0.10998649859652099,0.44944214625295287
19560,0.32841007202889017,0.38586537822383904
19561,0.3260949529304613,0.3870874545688012
19562,0.14343066455557962,0.32038643651330634
19563,0.14332276483865447,0.32037919502338463
19570,0.483790857358378,0.2939076773089434
19577,0.483790857358378,0.2939076773089434
19596,0.00030087150949764663,0.0534570624356997
19603,0.18717037527698055,0.377398424227372
19604,0.18717037527698055,0.377398424227372
19606,0.18717037527698055,0.377398424227372
19607,0.18717037527698055,0.377398424227372
19608,0.07208120515370298,0.6300245430199282
19609,0.07208120515370298,0.6300245430199282
19611,0.07208120515370298,0.6300245430199282
19612,0.07208120515370298,0.6300245430199282
19613,0.00515063566528251,0.6354803346505243
19614,0.00515063566528251,0.6354803346505243
19616,0.00515063566528251,0.6354803346505243
19617,0.00515063566528251,0.6354803346505243
19618,0.053283340174485994,0.49917814640869235
19619,0.053283340174485994,0.49917814640869235
19621,0.053283340174485994,0.49917814640869235
19622,0.053283340174485994,0.49917814640869235
19623,0.45731163471381053,0.27862005133964807
19624,0.45731163471381053,0.27862005133964807
19626,0.45731163471381053,0.27862005133964807
19627,0.45731163471381053,0.27862005133964807
19633,0.035600942890877896,0.49228198010701824
19634,0.18050731833831424,0.3415101039488875
19638,0.04582331605008394,0.3315138157593043
19639,0.0286451611554307,0.28912104152154594
19640,0.23721104518085045,0.2863771725394304
19641,0.12356862293009108,0.31780075482679493
19656,0.13776309020392297,0.10420962907038556
19657,0.3432244153855233,0.12863058208366118
19676,2.4525806362474256e-06,0.57764498364291
19680,4.831379107894662e-08,0.6492515795162547
19684,0.0006038725866475136,0.16415150571218928
19696,0.6628566571068164,0.29150970661250786
19697,0.5846369598853906,0.2933570327693896
19698,0.6188979529387908,0.2932980193265551
19699,0.9986717618857316,0.04093343106137359
19700,0.7112492923907661,0.27200906883129283
19701,0.9653359962980737,0.08293457163387541
19702,0.6188979529387908,0.2932980193265551
19703,0.6188979529387908,0.2932980193265551
19704,0.6188979529387908,0.2932980193265551
19710,0.004198472470071324,0.5628867462047352
19721,6.000289143615056e-05,0.4502944309128707
19729,2.0602066719277445e-09,0.2773454063039418
19730,1.621137668550432e-10,0.6275549866093242
19738,2.0602066719277445e-09,0.2773454063039418
19739,1.621137668550432e-10,0.6275549866093242
19801,0.0004484346034233644,0.2008386394888687
19802,0.000618198478116172,0.45782930432667457
19803,0.00015406467724954354,0.17123640872176515
19804,0.0028449135025176986,0.3756193931271117
19805,0.0003639911822016506,0.5710838355719727
19806,0.0032012692131316856,0.5527861972857614
19807,0.0030151947710334026,0.4846594219794143
19808,0.00023658977626761502,0.5604780848137665
19809,0.007406653338286606,0.546081313273197
19810,0.0018435407131702775,0.5307636400956822
19811,0.0033469577076441492,0.4611341597087194
19812,0.0035082524257276093,0.3152883193591812
19813,0.0018803456135624286,0.22306233244357832
19814,0.007562947158858413,0.263809125692264
19815,0.0008932321502074236,0.49944284208446116
19816,5.390595346765892e-06,0.08065655555563112
19905,0.07036518693516214,0.29971994668136637
19909,0.04565979951343846,0.2830030326148244
19912,0.026815922616899135,0.2618166475819449
19920,0.016578752968558375,0.25021588505254233
19921,0.016578752968558375,0.25021588505254233
19922,0.016578752968558375,0.25021588505254233
19923,0.016578752968558375,0.25021588505254233
19924,0.016578752968558375,0.25021588505254233
19925,0.016578752968558375,0.25021588505254233
19979,0.024258152424668777,0.06009959608615911
19980,0.03783307476958975,0.39273089750623535
19981,0.03783307476958975,0.39273089750623535
19982,0.03783307476958975,0.39273089750623535
19983,0.03783307476958975,0.39273089750623535
19984,0.03783307476958975,0.39273089750623535
19985,0.03783307476958975,0.39273089750623535
19986,0.03783307476958975,0.39273089750623535
19987,0.03783307476958975,0.39273089750623535
19988,0.03783307476958975,0.39273089750623535
19989,0.03783307476958975,0.39273089750623535
19990,0.03783307476958975,0.39273089750623535
19991,0.03783307476958975,0.39273089750623535
19992,0.01782066201740551,0.35653902688672945
19993,0.01782066201740551,0.35653902688672945
19994,0.01782066201740551,0.35653902688672945
19995,0.01782066201740551,0.35653902688672945
19996,0.01782066201740551,0.35653902688672945
19997,0.01782066201740551,0.35653902688672945
19998,0.01782066201740551,0.35653902688672945
19999,0.01782066201740551,0.35653902688672945
20000,0.01782066201740551,0.35653902688672945
20001,0.01782066201740551,0.35653902688672945
20002,0.01782066201740551,0.35653902688672945
20003,0.01782066201740551,0.35653902688672945
20004,0.010251245478868687,0.33218184658799155
20005,0.010251245478868687,0.33218184658799155
20006,0.010251245478868687,0.33218184658799155
20007,0.010251245478868687,0.33218184658799155
20008,0.010251245478868687,0.33218184658799155
20009,0.010251245478868687,0.33218184658799155
20010,0.010251245478868687,0.33218184658799155
20011,0.010251245478868687,0.33218184658799155
20012,0.010251245478868687,0.33218184658799155
20013,0.010251245478868687,0.33218184658799155
20014,0.010251245478868687,0.33218184658799155
20015,0.010251245478868687,0.33218184658799155
20020,0.02714104394297623,0.5704509496840783
20028,0.07102497005098007,0.3471018604116296
20034,0.6583786342350685,0.19460259103444222
20035,0.5802681666592291,0.21841656427035383
20040,0.7389215563348718,0.2621561823072963
20041,0.6846094334232727,0.27143268695497713
20043,0.435035495826962,0.2916020977862618
20044,0.029549183582924687,0.4377979521896813
20045,0.0009764418624994553,0.1159615051727444
20046,0.16467068176315813,0.15488600028521415
20047,0.18710720692636096,0.20830224416792942
20048,0.5802681666592291,0.21841656427035383
20049,0.0007132362914149537,0.5719263290592729
20050,0.09875570154951274,0.24180423179346233
20051,0.14906520292273429,0.2064778390289026
20052,0.2484019597265953,0.32453027460022255
20053,0.14161363397200322,0.24191165453488683
20054,0.32351773407377926,0.26795091124176695
20064,0.01659637288203497,0.4118811415229796
20071,0.10623172064553277,0.15540160944432724
20072,0.4379051189619807,0.1304896488922227
20073,0.3750507567115705,0.2934553931096371
20074,0.344985192652677,0.17807542623788497
20097,0.13604889255036556,0.11610367377009123
20122,0.002247430433908182,0.45292493673954026
20123,0.25923254221525427,0.28757622598369004
20124,0.002247430433908182,0.45292493673954026
20125,0.25923254221525427,0.28757622598369004
20148,0.00014311287927848415,0.4403147242113502
20149,0.0003487040147281961,0.6071777611894782
20164,0.009577437993614324,0.35964832887012455
20169,0.012296724549691662,0.3215797097155254
20184,0.8640827985344505,0.21589336476281662
20185,0.8640827985344505,0.21589336476281662
20186,0.8640827985344505,0.21589336476281662
20187,0.8921774161297863,0.25048620433085045
20188,0.8921774161297863,0.25048620433085045
20189,0.8921774161297863,0.25048620433085045
20194,0.19441511255681398,0.21865973878354739
20195,0.4115296512495227,0.2566461016122462
20196,0.685310099936007,0.2023441284838332
20197,0.012317213868938692,0.16983841503203667
20198,0.022279961203941046,0.16978961005534288
20199,0.03458621046792587,0.24329776473230202
20200,0.04476142547053741,0.24996767262337105
20201,0.03077074833525484,0.16972312313878224
20202,0.19632530068780651,0.319963118303092
20203,0.09198372918730968,0.45902134328141286
20204,0.08707248461452444,0.36299582834844724
20205,0.0382939216056416,0.17286901013196354
20206,0.0382939216056416,0.17286901013196354
20207,0.0382939216056416,0.17286901013196354
20208,0.0382939216056416,0.17286901013196354
20217,0.018703765280961626,0.2069618677333548
20218,0.042419953825356016,0.2971567138082304
20219,0.07417524244607365,0.316590107602453
20220,0.07375896569596341,0.3138047293160121
20221,0.13505977120675106,0.3719920017590692
20222,0.3076889393137504,0.159812485209893
20223,0.3344790257035487,0.25941316876140585
20224,0.428338245407745,0.2659245176352022
20225,0.4234339588293149,0.26531973360396666
20226,0.5225689077728983,0.30498293291392153
20227,0.018014640080711852,0.20989233064306734
20228,0.04115897316059747,0.2993691027741666
20229,0.07222625167639807,0.31857519828003134
20230,0.071856963022628,0.31572868994673076
20231,0.13204003663984076,0.37308773420255137
20232,0.29536083202513397,0.15035553481485264
20233,0.3241364602754607,0.2502127701689534
20234,0.4164024844267815,0.2587344625375082
20235,0.416866135533972,0.2577457420816577
20236,0.5171584391658142,0.2990544275678225
