Tag,sum_of_log_probabilities
1,-1e+100
2,-1e+100
3,-15.13401278282772
4,-38.203053952087835
5,-38.203053952087835
6,-1e+100
7,-1e+100
8,-1e+100
9,-1e+100
10,-1e+100
11,-1e+100
12,-1e+100
13,-1e+100
14,-1e+100
15,-1e+100
16,-1e+100
17,-1e+100
18,-1e+100
19,-1e+100
20,-37.483274639155425
21,-37.483274639155425
22,-37.483274639155425
23,-37.483274639155425
24,-37.483274639155425
25,-1e+100
26,-1e+100
27,-1e+100
28,-1e+100
29,-1e+100
30,-1e+100
31,-1e+100
32,-1e+100
33,-19.909248302275476
34,-19.041049715816047
35,-28.68072828695214
36,-1e+100
37,-19.041049715816047
38,-19.909248302275476
39,-28.68072828695214
40,-14.507924664699118
41,-1e+100
42,-19.041049715816047
43,-28.68072828695214
44,-14.507924664699118
45,-19.041049715816047
46,-28.68072828695214
47,-1e+100
48,-19.041049715816047
49,-19.909248302275476
50,-28.68072828695214
51,-14.507924664699118
52,-1e+100
53,-19.041049715816047
54,-19.909248302275476
55,-28.68072828695214
56,-14.507924664699118
57,-1e+100
58,-19.041049715816047
59,-19.909248302275476
60,-28.68072828695214
61,-14.507924664699118
62,-1e+100
63,-19.041049715816047
64,-19.909248302275476
65,-28.68072828695214
66,-14.507924664699118
67,-1e+100
68,-19.041049715816047
69,-19.909248302275476
70,-28.68072828695214
71,-14.507924664699118
84,-1e+100
85,-1e+100
86,-1e+100
87,-1e+100
88,-1e+100
89,-1e+100
90,-1e+100
91,-1e+100
92,-1e+100
93,-1e+100
94,-1e+100
95,-1e+100
96,-1e+100
97,-1e+100
100,-1e+100
101,-1e+100
102,-1e+100
103,-1e+100
105,-1e+100
106,-1e+100
109,-1e+100
110,-1e+100
118,-1e+100
120,-1e+100
123,-1e+100
164,-29.860896648598803
165,-28.269535327908493
166,-29.860896648598803
167,-28.269535327908493
168,-29.860896648598803
169,-28.269535327908493
170,-7.4457368887794795
171,-7.456992729422105
172,-7.770583623967528
173,-9.016463264300699
174,-21.787064637640068
175,-7.560332727220243
176,-8.6097197540006
177,-5.487170222506332
178,-16.66011081533783
179,-1e+100
180,-9.06548223913395
181,-10.440901589379104
182,-12.068101359380393
183,-1e+100
184,-14.277933068300786
186,-15.555992090672532
187,-9.787934751209189
188,-11.340398280197348
189,-27.6692754808709
190,-1e+100
191,-1e+100
192,-1e+100
193,-1e+100
194,-1e+100
195,-1e+100
196,-1e+100
197,-1e+100
198,-1e+100
199,-1e+100
200,-1e+100
201,-1e+100
202,-18.24352869117978
203,-18.24352869117978
204,-1e+100
205,-1e+100
206,-1e+100
207,-1e+100
208,-1e+100
209,-1e+100
210,-22.81902083045665
211,-9.434847125749865
212,-13.169198077011488
213,-1e+100
214,-1e+100
215,-1e+100
216,-1e+100
217,-1e+100
218,-1e+100
219,-1e+100
220,-1e+100
221,-1e+100
222,-1e+100
223,-1e+100
224,-1e+100
225,-1e+100
226,-1e+100
227,-1e+100
228,-1e+100
229,-1e+100
230,-1e+100
231,-1e+100
232,-1e+100
233,-1e+100
234,-1e+100
235,-1e+100
236,-1e+100
237,-1e+100
238,-1e+100
239,-1e+100
240,-1e+100
241,-1e+100
242,-1e+100
243,-1e+100
244,-1e+100
245,-1e+100
246,-1e+100
247,-1e+100
248,-1e+100
249,-1e+100
250,-1e+100
251,-1e+100
252,-1e+100
253,-1e+100
254,-1e+100
255,-1e+100
256,-1e+100
257,-1e+100
258,-1e+100
259,-1e+100
260,-1e+100
261,-1e+100
262,-1e+100
263,-1e+100
264,-1e+100
265,-1e+100
266,-1e+100
267,-1e+100
268,-1e+100
269,-1e+100
270,-1e+100
271,-1e+100
272,-1e+100
273,-1e+100
274,-1e+100
275,-1e+100
276,-1e+100
277,-1e+100
278,-1e+100
279,-1e+100
280,-1e+100
281,-1e+100
282,-1e+100
283,-1e+100
284,-1e+100
285,-1e+100
286,-1e+100
287,-1e+100
288,-1e+100
289,-1e+100
290,-1e+100
291,-1e+100
292,-1e+100
293,-1e+100
294,-1e+100
295,-1e+100
296,-1e+100
297,-1e+100
298,-1e+100
299,-1e+100
300,-1e+100
301,-1e+100
302,-1e+100
303,-1e+100
304,-38.15694025559467
305,-38.15694025559467
306,-38.15694025559467
307,-38.15694025559467
308,-38.15694025559467
315,-1e+100
316,-1e+100
317,-1e+100
318,-1e+100
319,-1e+100
320,-1e+100
321,-1e+100
322,-1e+100
323,-1e+100
324,-1e+100
325,-1e+100
326,-1e+100
327,-1e+100
328,-1e+100
329,-1e+100
330,-21.725973222618737
331,-21.725973222618737
332,-21.725973222618737
333,-21.725973222618737
334,-21.725973222618737
335,-21.725973222618737
336,-21.725973222618737
337,-21.725973222618737
338,-21.725973222618737
339,-21.725973222618737
340,-21.725973222618737
341,-21.725973222618737
342,-21.725973222618737
343,-21.725973222618737
344,-21.725973222618737
345,-21.725973222618737
346,-21.725973222618737
347,-21.725973222618737
359,-1e+100
360,-1e+100
366,-30.50647711796281
368,-30.50647711796281
373,-1e+100
374,-1e+100
375,-1e+100
379,-35.935293075036846
380,-35.935293075036846
381,-35.935293075036846
382,-35.935293075036846
455,-1e+100
456,-1e+100
457,-1e+100
458,-1e+100
459,-1e+100
460,-1e+100
508,-29.20125292148863
511,-1e+100
516,-1e+100
521,-1e+100
526,-1e+100
543,-1e+100
544,-1e+100
545,-1e+100
547,-1e+100
548,-1e+100
561,-1e+100
562,-1e+100
563,-1e+100
564,-1e+100
565,-1e+100
566,-1e+100
567,-1e+100
568,-1e+100
569,-1e+100
570,-1e+100
571,-1e+100
572,-36.99001110519003
573,-30.077036770410384
574,-1e+100
575,-38.059702314449595
576,-29.999313888843727
577,-1e+100
578,-1e+100
579,-1e+100
580,-1e+100
581,-1e+100
582,-1e+100
583,-1e+100
584,-1e+100
585,-1e+100
586,-1e+100
587,-1e+100
654,-20.01687177451026
655,-20.01687177451026
656,-20.01687177451026
657,-20.01687177451026
658,-20.01687177451026
659,-20.01687177451026
660,-20.01687177451026
661,-20.01687177451026
662,-36.99618524636899
663,-36.99618524636899
665,-36.99618524636899
666,-36.99618524636899
667,-36.99618524636899
668,-36.99618524636899
669,-36.99618524636899
670,-37.985484080431185
672,-37.985484080431185
673,-37.985484080431185
674,-37.985484080431185
675,-37.985484080431185
676,-37.985484080431185
677,-37.985484080431185
678,-26.02985488347298
679,-26.02985488347298
681,-26.02985488347298
682,-26.02985488347298
683,-26.02985488347298
684,-26.02985488347298
685,-26.02985488347298
686,-37.382679026568226
687,-37.382679026568226
688,-37.382679026568226
689,-37.382679026568226
690,-37.382679026568226
691,-37.382679026568226
692,-37.382679026568226
693,-37.382679026568226
694,-37.382679026568226
695,-37.382679026568226
696,-6.626706940388859
697,-6.626706940388859
698,-6.626706940388859
699,-6.626706940388859
700,-6.626706940388859
701,-6.626706940388859
702,-6.626706940388859
703,-6.626706940388859
704,-6.626706940388859
705,-6.626706940388859
706,-11.721521260782078
707,-11.721521260782078
708,-11.721521260782078
709,-11.721521260782078
710,-11.721521260782078
711,-11.721521260782078
712,-11.721521260782078
713,-11.721521260782078
714,-11.721521260782078
715,-11.721521260782078
716,-8.702627097254922
717,-8.702627097254922
718,-8.702627097254922
719,-8.702627097254922
720,-8.702627097254922
721,-8.702627097254922
722,-8.702627097254922
723,-8.702627097254922
724,-8.702627097254922
725,-8.702627097254922
726,-8.702627097254922
727,-8.702627097254922
728,-8.702627097254922
729,-8.702627097254922
744,-1e+100
745,-1e+100
746,-1e+100
747,-1e+100
748,-1e+100
749,-37.483274639155425
750,-37.483274639155425
751,-37.483274639155425
752,-37.483274639155425
753,-37.483274639155425
760,-1e+100
777,-1e+100
908,-1e+100
909,-1e+100
986,-37.15328438021414
987,-37.15328438021414
989,-37.15328438021414
990,-37.15328438021414
991,-37.15328438021414
1027,-19.660319900632892
1028,-19.660319900632892
1057,-1e+100
1072,-1e+100
1073,-1e+100
1074,-1e+100
1075,-1e+100
1076,-1e+100
1077,-1e+100
1078,-1e+100
1079,-1e+100
1090,-1e+100
1175,-26.340060971258396
1193,-30.811647793885516
1196,-31.07303887139137
1197,-31.01005709177625
1200,-28.25087462165144
1203,-27.1554837281288
1232,-1e+100
1233,-1e+100
1234,-38.9757416466516
1235,-38.9757416466516
1236,-38.98134019091695
1237,-38.98134019091695
1238,-31.729164589309224
1239,-31.729164589309224
1240,-23.904807708971607
1241,-23.904807708971607
1242,-31.416450293162153
1243,-31.416450293162153
1244,-38.954254940005285
1245,-38.954254940005285
1246,-38.9095776491485
1247,-38.9095776491485
1248,-34.21789388621488
1249,-34.21789388621488
1250,-27.602088227440802
1251,-27.602088227440802
1252,-29.135681393762955
1253,-29.135681393762955
1260,-1e+100
1262,-1e+100
1263,-1e+100
1264,-1e+100
1295,-1e+100
1296,-29.7799560971191
1297,-1e+100
1298,-36.55002261652234
1300,-25.787754091836785
1301,-25.787754091836785
1302,-25.787754091836785
1361,-8.951453147126163
1362,-9.043644299260372
1363,-5.189328657261078
1364,-9.425200905354343
1365,-8.782620288396158
1366,-8.970830045696472
1367,-8.44646195034314
1368,-9.37785710385248
1369,-8.951453147126163
1370,-9.043644299260372
1371,-5.189328657261078
1372,-9.425200905354343
1373,-8.782620288396158
1374,-8.970830045696472
1375,-8.44646195034314
1376,-9.37785710385248
1377,-8.951453147126163
1378,-9.043644299260372
1379,-5.189328657261078
1380,-9.425200905354343
1381,-8.782620288396158
1382,-8.970830045696472
1383,-8.44646195034314
1384,-9.37785710385248
1385,-8.951453147126163
1386,-9.043644299260372
1387,-5.189328657261078
1388,-9.425200905354343
1389,-8.782620288396158
1390,-8.970830045696472
1391,-8.44646195034314
1392,-9.37785710385248
1393,-8.951453147126163
1394,-9.043644299260372
1395,-5.189328657261078
1396,-9.425200905354343
1397,-8.782620288396158
1398,-8.970830045696472
1399,-8.44646195034314
1400,-9.37785710385248
1401,-8.951453147126163
1402,-9.043644299260372
1403,-5.189328657261078
1404,-9.425200905354343
1405,-8.782620288396158
1406,-8.970830045696472
1407,-8.44646195034314
1408,-9.37785710385248
1417,-8.951453147126163
1418,-9.043644299260372
1419,-5.189328657261078
1420,-9.425200905354343
1421,-8.782620288396158
1422,-8.970830045696472
1423,-8.44646195034314
1424,-9.37785710385248
1425,-33.234465518987165
1426,-33.234465518987165
1427,-33.234465518987165
1428,-33.234465518987165
1429,-33.234465518987165
1430,-33.234465518987165
1431,-37.186415191979
1432,-37.186415191979
1433,-37.186415191979
1434,-37.186415191979
1488,-1e+100
1497,-32.052143594516
1528,-35.60345290497718
1532,-28.405727205727448
1537,-30.760143077794122
1538,-30.760143077794122
1582,-1e+100
1605,-1e+100
1606,-1e+100
1607,-1e+100
1608,-1e+100
1614,-37.470347193583166
1615,-37.470347193583166
1616,-37.470347193583166
1617,-37.470347193583166
1629,-1e+100
1630,-1e+100
1631,-1e+100
1632,-1e+100
1633,-1e+100
1634,-1e+100
1635,-1e+100
1636,-1e+100
1637,-1e+100
1638,-1e+100
1639,-1e+100
1640,-1e+100
1641,-1e+100
1642,-1e+100
1643,-1e+100
1644,-1e+100
1645,-1e+100
1646,-1e+100
1647,-1e+100
1648,-1e+100
1649,-1e+100
1650,-1e+100
1651,-1e+100
1652,-1e+100
1653,-1e+100
1654,-1e+100
1655,-1e+100
1656,-1e+100
1657,-1e+100
1658,-1e+100
1659,-1e+100
1660,-1e+100
1661,-1e+100
1662,-1e+100
1663,-1e+100
1664,-1e+100
1665,-1e+100
1666,-1e+100
1667,-1e+100
1668,-1e+100
1669,-1e+100
1670,-1e+100
1671,-1e+100
1687,-35.50135994548269
1688,-35.50135994548269
1689,-35.50135994548269
1690,-35.50135994548269
1691,-35.50135994548269
1692,-35.50135994548269
1693,-34.42834048893039
1694,-34.42834048893039
1695,-34.42834048893039
1696,-34.42834048893039
1697,-34.42834048893039
1698,-34.42834048893039
1699,-35.075236768264766
1700,-35.075236768264766
1701,-35.075236768264766
1702,-35.075236768264766
1703,-35.075236768264766
1704,-35.075236768264766
1705,-33.73324113857662
1706,-33.73324113857662
1707,-33.73324113857662
1708,-33.73324113857662
1709,-33.73324113857662
1710,-33.73324113857662
1711,-34.03691483124179
1712,-34.03691483124179
1713,-34.03691483124179
1714,-34.03691483124179
1715,-34.03691483124179
1716,-34.03691483124179
1717,-1e+100
1718,-1e+100
1719,-1e+100
1720,-1e+100
1721,-1e+100
1722,-1e+100
1723,-1e+100
1724,-1e+100
1725,-1e+100
1726,-1e+100
1727,-1e+100
1728,-1e+100
1729,-1e+100
1730,-1e+100
1731,-1e+100
1732,-1e+100
1733,-1e+100
1734,-1e+100
1735,-1e+100
1736,-1e+100
1737,-1e+100
1738,-1e+100
1739,-1e+100
1740,-1e+100
1741,-1e+100
1742,-1e+100
1743,-1e+100
1744,-1e+100
1745,-1e+100
1747,-1e+100
1748,-1e+100
1749,-1e+100
1750,-1e+100
1751,-1e+100
1753,-1e+100
1754,-1e+100
1755,-1e+100
1756,-1e+100
1757,-1e+100
1759,-1e+100
1760,-1e+100
1761,-1e+100
1762,-1e+100
1763,-1e+100
1765,-1e+100
1766,-1e+100
1767,-1e+100
1768,-1e+100
1769,-1e+100
1771,-1e+100
1772,-1e+100
1773,-1e+100
1774,-1e+100
1775,-1e+100
1777,-1e+100
1778,-1e+100
1779,-1e+100
1780,-1e+100
1781,-1e+100
1783,-1e+100
1784,-1e+100
1785,-1e+100
1786,-1e+100
1787,-1e+100
1789,-1e+100
1790,-1e+100
1791,-1e+100
1792,-1e+100
1793,-1e+100
1795,-1e+100
1796,-1e+100
1797,-1e+100
1798,-1e+100
1799,-1e+100
1804,-27.120333076495136
1805,-1e+100
1806,-28.57847678338903
1807,-27.120333076495136
1808,-1e+100
1809,-28.57847678338903
1835,-9.154687471040035
1836,-9.787934751209189
1837,-9.28637770567781
1838,-6.588313800688823
1839,-7.150171081264778
1840,-6.83155744942208
1841,-9.127095372067485
1842,-7.65495953966447
1843,-7.198559166913638
1844,-12.913074526518852
1845,-13.0376012594111
1846,-9.154687471040035
1847,-9.154687471040035
1848,-9.154687471040035
1849,-9.154687471040035
1850,-9.154687471040035
1851,-9.154687471040035
1852,-9.787934751209189
1853,-9.787934751209189
1854,-9.787934751209189
1855,-9.787934751209189
1856,-9.787934751209189
1857,-9.787934751209189
1858,-9.28637770567781
1859,-9.28637770567781
1860,-9.28637770567781
1861,-9.28637770567781
1862,-9.28637770567781
1863,-9.28637770567781
1864,-6.588313800688823
1865,-6.588313800688823
1866,-6.588313800688823
1867,-6.588313800688823
1868,-6.588313800688823
1869,-6.588313800688823
1870,-7.150171081264778
1871,-7.150171081264778
1872,-7.150171081264778
1873,-7.150171081264778
1874,-7.150171081264778
1875,-7.150171081264778
1876,-6.83155744942208
1877,-6.83155744942208
1878,-6.83155744942208
1879,-6.83155744942208
1880,-6.83155744942208
1881,-6.83155744942208
1882,-9.127095372067485
1883,-9.127095372067485
1884,-9.127095372067485
1885,-9.127095372067485
1886,-9.127095372067485
1887,-9.127095372067485
1888,-7.65495953966447
1889,-7.65495953966447
1890,-7.65495953966447
1891,-7.65495953966447
1892,-7.198559166913638
1893,-7.198559166913638
1894,-7.198559166913638
1895,-7.198559166913638
1896,-7.198559166913638
1897,-7.198559166913638
1898,-12.913074526518852
1965,-1e+100
1966,-1e+100
1967,-23.125677694015373
1968,-24.49493252208524
1969,-1e+100
1970,-1e+100
1971,-1e+100
1972,-1e+100
1979,-1e+100
1980,-1e+100
1981,-1e+100
1982,-17.921617225298398
1983,-14.957120685729137
1984,-1e+100
1986,-33.750352838945105
1988,-35.18261947749602
1990,-1e+100
1992,-20.713074057167503
1995,-1e+100
2114,-1e+100
2115,-1e+100
2117,-1e+100
2118,-1e+100
2119,-1e+100
2120,-1e+100
2121,-1e+100
2122,-1e+100
2123,-1e+100
2124,-1e+100
2126,-1e+100
2127,-1e+100
2128,-1e+100
2129,-1e+100
2130,-1e+100
2131,-1e+100
2132,-37.85991357798478
2133,-37.05084968001939
2134,-1e+100
2135,-1e+100
2136,-1e+100
2137,-1e+100
2139,-32.864828300105934
2149,-1e+100
2227,-1e+100
2234,-1e+100
2237,-38.3338138021231
2244,-33.07343731314009
2260,-35.47025900602788
2261,-35.473283279443415
2262,-33.61250236320861
2263,-32.830611457469416
2264,-36.68006533136092
2265,-28.32218240642738
2266,-29.35585053733385
2267,-1e+100
2268,-1e+100
2269,-26.81333263530895
2270,-1e+100
2271,-30.177495325288984
2272,-1e+100
2273,-27.408843092938948
2274,-28.953979170220535
2275,-22.464211792811238
2276,-1e+100
2277,-30.124693312349862
2278,-30.03733882418191
2279,-38.5523858818602
2280,-34.79838380293938
2281,-35.47025900602788
2282,-35.473283279443415
2283,-33.61250236320861
2284,-32.830611457469416
2285,-36.68006533136092
2286,-28.32218240642738
2287,-29.35585053733385
2288,-1e+100
2289,-1e+100
2290,-26.81333263530895
2291,-1e+100
2292,-30.177495325288984
2293,-1e+100
2294,-27.408843092938948
2295,-28.953979170220535
2296,-22.464211792811238
2297,-1e+100
2298,-30.124693312349862
2299,-30.03733882418191
2300,-38.5523858818602
2301,-34.79838380293938
2302,-35.47025900602788
2303,-35.473283279443415
2304,-33.61250236320861
2305,-32.830611457469416
2306,-36.68006533136092
2307,-28.32218240642738
2308,-29.35585053733385
2309,-1e+100
2310,-1e+100
2311,-26.81333263530895
2312,-1e+100
2313,-30.177495325288984
2314,-1e+100
2315,-27.408843092938948
2316,-28.953979170220535
2317,-22.464211792811238
2318,-1e+100
2319,-30.124693312349862
2320,-30.03733882418191
2321,-38.5523858818602
2322,-34.79838380293938
2323,-35.47025900602788
2324,-35.473283279443415
2325,-33.61250236320861
2326,-32.830611457469416
2327,-36.68006533136092
2328,-28.32218240642738
2329,-29.35585053733385
2330,-1e+100
2331,-1e+100
2332,-26.81333263530895
2333,-1e+100
2334,-30.177495325288984
2335,-1e+100
2336,-27.408843092938948
2337,-28.953979170220535
2338,-22.464211792811238
2339,-1e+100
2340,-30.124693312349862
2341,-30.03733882418191
2342,-38.5523858818602
2343,-34.79838380293938
2344,-35.47025900602788
2345,-35.473283279443415
2346,-33.61250236320861
2347,-32.830611457469416
2348,-36.68006533136092
2349,-28.32218240642738
2350,-29.35585053733385
2351,-1e+100
2352,-1e+100
2353,-26.81333263530895
2354,-1e+100
2355,-30.177495325288984
2356,-1e+100
2357,-27.408843092938948
2358,-28.953979170220535
2359,-22.464211792811238
2360,-1e+100
2361,-30.124693312349862
2362,-30.03733882418191
2363,-38.5523858818602
2364,-34.79838380293938
2365,-35.47025900602788
2366,-35.473283279443415
2367,-33.61250236320861
2368,-32.830611457469416
2369,-36.68006533136092
2370,-28.32218240642738
2371,-29.35585053733385
2372,-1e+100
2373,-1e+100
2374,-26.81333263530895
2375,-1e+100
2376,-30.177495325288984
2377,-1e+100
2378,-27.408843092938948
2379,-28.953979170220535
2380,-22.464211792811238
2381,-1e+100
2382,-30.124693312349862
2383,-30.03733882418191
2384,-38.5523858818602
2385,-34.79838380293938
2503,-1e+100
2504,-1e+100
2505,-1e+100
2506,-1e+100
2507,-1e+100
2508,-1e+100
2509,-33.54801437698916
2555,-14.636934648940157
2556,-14.636934648940157
2571,-1e+100
2732,-31.643144992765173
2787,-1e+100
2788,-1e+100
2789,-1e+100
2790,-1e+100
2791,-1e+100
2792,-1e+100
2793,-1e+100
2794,-1e+100
2795,-1e+100
2796,-1e+100
2797,-1e+100
2798,-1e+100
2799,-22.81902083045665
2800,-22.81902083045665
2801,-22.81902083045665
2802,-22.81902083045665
2803,-22.81902083045665
2804,-22.81902083045665
2805,-22.81902083045665
2806,-22.81902083045665
2807,-22.81902083045665
2808,-22.81902083045665
2809,-24.461750027969238
2810,-24.461750027969238
2811,-24.461750027969238
2812,-24.461750027969238
2813,-24.461750027969238
2814,-24.461750027969238
2815,-24.461750027969238
2816,-24.461750027969238
2817,-24.461750027969238
2818,-24.461750027969238
2819,-24.461750027969238
2820,-24.461750027969238
2821,-24.461750027969238
2822,-24.461750027969238
2823,-24.461750027969238
2824,-24.461750027969238
2825,-24.461750027969238
2826,-24.461750027969238
2827,-24.461750027969238
2828,-24.461750027969238
2829,-24.461750027969238
2830,-24.461750027969238
2831,-23.910621517047435
2832,-23.910621517047435
2833,-23.910621517047435
2834,-23.910621517047435
2835,-23.910621517047435
2836,-23.910621517047435
2837,-23.910621517047435
2838,-23.910621517047435
2839,-23.910621517047435
2964,-1e+100
2970,-1e+100
2976,-1e+100
2979,-1e+100
2982,-1e+100
2984,-35.227114963073
2985,-35.227114963073
2992,-1e+100
2993,-1e+100
2994,-1e+100
2995,-1e+100
2996,-1e+100
3042,-1e+100
3182,-13.073002507747654
3186,-11.634405184998935
3187,-15.463550026431546
3210,-9.539572801925246
3215,-24.944082686914804
3216,-11.536160069912128
3226,-11.868271858629285
3252,-24.03539532528809
3253,-27.72696041031875
3254,-18.662707810147882
3274,-17.06674441006557
3275,-14.706888805386898
3283,-10.116550601303985
3285,-10.057928932801993
3290,-10.03575744616965
3302,-15.50407595360586
3304,-13.641135851397793
3334,-17.71037736208761
3335,-17.089883255858357
3368,-31.903072479683992
3405,-1e+100
3407,-1e+100
3413,-1e+100
3415,-1e+100
3466,-1e+100
3467,-1e+100
3468,-1e+100
3469,-1e+100
3470,-1e+100
3471,-1e+100
3490,-20.970330482582217
3491,-20.970330482582217
3492,-20.970330482582217
3493,-20.970330482582217
3494,-20.970330482582217
3495,-20.970330482582217
3496,-20.970330482582217
3497,-20.970330482582217
3498,-20.970330482582217
3499,-20.970330482582217
3500,-20.970330482582217
3632,-1e+100
3637,-1e+100
3662,-38.08369541006273
3663,-1e+100
3664,-33.588471434566706
3665,-30.572661660489025
3666,-38.33321049036593
3667,-29.74068278329365
3668,-26.95574830188813
3669,-1e+100
3670,-1e+100
3671,-30.59340787882058
3672,-39.17507226979966
3673,-35.976200065055096
3674,-31.104259030422998
3675,-30.38922536509069
3676,-26.328784093197267
3677,-22.697162573435048
3678,-38.00479181897882
3679,-38.27847845478863
3680,-36.95431069256226
3681,-11.705920478299081
3682,-30.255946368666176
3683,-21.846614883600356
3684,-27.599510065594455
3685,-25.784653513408326
3686,-13.835204071573477
3687,-26.72728106388963
3688,-25.95055293171698
3689,-19.74657662835416
3690,-17.08119008012314
3691,-36.38970605028407
3692,-16.172320262725712
3723,-1e+100
3724,-28.823681733795308
3725,-1e+100
3726,-1e+100
3727,-1e+100
3728,-28.823681733795308
3729,-1e+100
3730,-1e+100
3731,-1e+100
3732,-28.823681733795308
3733,-1e+100
3734,-1e+100
3791,-1e+100
3792,-1e+100
3793,-1e+100
3794,-37.3874115097081
3795,-35.28969274257048
3796,-1e+100
3797,-1e+100
3798,-1e+100
3799,-37.3874115097081
3800,-35.28969274257048
3801,-1e+100
3802,-1e+100
3803,-1e+100
3804,-37.3874115097081
3805,-35.28969274257048
3859,-1e+100
3860,-14.327413150240625
3861,-17.260681831470453
3862,-14.97943456810545
3867,-1e+100
3868,-14.327413150240625
3869,-17.260681831470453
3870,-14.97943456810545
3876,-1e+100
3877,-1e+100
3878,-1e+100
3879,-1e+100
3880,-1e+100
3922,-1e+100
3923,-1e+100
3924,-1e+100
3925,-1e+100
3926,-1e+100
3927,-1e+100
3928,-1e+100
3929,-1e+100
3930,-1e+100
3931,-1e+100
3932,-1e+100
3933,-1e+100
3934,-1e+100
3935,-1e+100
3936,-1e+100
3937,-1e+100
3977,-16.751641201559046
3978,-16.751641201559046
3979,-16.751641201559046
3980,-16.751641201559046
3981,-16.751641201559046
3982,-16.751641201559046
3983,-16.751641201559046
3985,-23.590021213445542
3986,-23.590021213445542
3987,-23.590021213445542
3988,-23.590021213445542
3989,-23.590021213445542
3990,-23.590021213445542
3991,-23.590021213445542
3993,-13.942099666892794
3994,-13.942099666892794
3995,-13.942099666892794
3996,-13.942099666892794
3997,-13.942099666892794
3998,-13.942099666892794
3999,-13.942099666892794
4001,-14.23289312160863
4002,-14.23289312160863
4003,-14.23289312160863
4004,-14.23289312160863
4005,-14.23289312160863
4006,-14.23289312160863
4007,-14.23289312160863
4031,-31.315366598253508
4032,-22.351481070467287
4037,-31.315366598253508
4038,-22.351481070467287
4138,-38.776768778413036
4139,-1e+100
4140,-1e+100
4141,-1e+100
4142,-38.96949754812202
4143,-27.891288923146956
4144,-29.52822548727072
4145,-30.155118441453514
4146,-31.605253046830434
4183,-1e+100
4184,-1e+100
4185,-1e+100
4186,-1e+100
4187,-1e+100
4188,-1e+100
4189,-1e+100
4190,-1e+100
4191,-1e+100
4192,-1e+100
4193,-37.94550539378108
4194,-37.94550539378108
4195,-37.94550539378108
4196,-37.94550539378108
4197,-37.94550539378108
4198,-37.94550539378108
4199,-37.94550539378108
4200,-37.94550539378108
4201,-37.94550539378108
4202,-37.94550539378108
4203,-35.92032638334718
4204,-35.92032638334718
4205,-35.92032638334718
4206,-35.92032638334718
4207,-35.92032638334718
4208,-35.92032638334718
4209,-35.92032638334718
4210,-35.92032638334718
4211,-35.92032638334718
4212,-35.92032638334718
4213,-1e+100
4214,-1e+100
4215,-1e+100
4216,-1e+100
4217,-1e+100
4218,-1e+100
4219,-1e+100
4220,-1e+100
4221,-1e+100
4222,-1e+100
4223,-1e+100
4224,-1e+100
4225,-1e+100
4226,-1e+100
4227,-1e+100
4228,-1e+100
4229,-1e+100
4230,-1e+100
4231,-1e+100
4232,-1e+100
4233,-1e+100
4234,-37.94550539378108
4235,-35.92032638334718
4236,-1e+100
4237,-1e+100
4238,-1e+100
4239,-37.94550539378108
4240,-35.92032638334718
4241,-1e+100
4242,-1e+100
4355,-16.74780509251022
4356,-16.74780509251022
4358,-16.74780509251022
4359,-16.74780509251022
4368,-19.291992462806427
4374,-1e+100
4375,-1e+100
4376,-1e+100
4377,-1e+100
4378,-1e+100
4379,-1e+100
4380,-1e+100
4381,-1e+100
4382,-1e+100
4383,-1e+100
4384,-1e+100
4385,-1e+100
4431,-36.16295775938455
4432,-1e+100
4433,-1e+100
4434,-1e+100
4435,-1e+100
4436,-37.0168350969781
4444,-1e+100
4445,-1e+100
4447,-1e+100
4448,-1e+100
4598,-1e+100
4599,-1e+100
4600,-1e+100
4601,-1e+100
4602,-1e+100
4603,-1e+100
4604,-1e+100
4605,-1e+100
4606,-1e+100
4607,-1e+100
4625,-1e+100
4639,-1e+100
4647,-1e+100
4648,-1e+100
4649,-1e+100
4650,-1e+100
4651,-1e+100
4652,-1e+100
4653,-1e+100
4654,-1e+100
4655,-1e+100
4656,-1e+100
4657,-1e+100
4658,-1e+100
4659,-1e+100
4660,-1e+100
4661,-1e+100
4684,-29.35582145976015
4685,-28.82869269695093
4694,-1e+100
4695,-1e+100
4696,-1e+100
4697,-1e+100
4698,-1e+100
4699,-1e+100
4700,-1e+100
4701,-1e+100
4702,-1e+100
4703,-1e+100
4704,-1e+100
4705,-1e+100
4706,-1e+100
4707,-1e+100
4708,-1e+100
4709,-13.36212731755703
4716,-13.36212731755703
4717,-13.36212731755703
4718,-13.36212731755703
4719,-13.36212731755703
4720,-13.36212731755703
4721,-13.36212731755703
4722,-13.36212731755703
4723,-13.36212731755703
4724,-13.36212731755703
4727,-1e+100
4730,-1e+100
4777,-1e+100
4813,-1e+100
4814,-1e+100
4815,-1e+100
4816,-1e+100
4817,-1e+100
4820,-32.88974430726519
4821,-32.88974430726519
4822,-32.88974430726519
4823,-32.88974430726519
4824,-32.88974430726519
4827,-23.379363203742088
4828,-23.379363203742088
4829,-23.379363203742088
4830,-23.379363203742088
4831,-23.379363203742088
4834,-33.066491073572415
4835,-33.066491073572415
4836,-33.066491073572415
4837,-33.066491073572415
4838,-33.066491073572415
4841,-29.06141380783293
4842,-29.06141380783293
4843,-29.06141380783293
4844,-29.06141380783293
4845,-29.06141380783293
4848,-27.0228588954364
4849,-27.0228588954364
4850,-27.0228588954364
4851,-27.0228588954364
4852,-27.0228588954364
4879,-1e+100
4880,-1e+100
4882,-1e+100
4883,-1e+100
4884,-1e+100
4887,-1e+100
4888,-1e+100
4890,-25.17949598247548
4958,-1e+100
4959,-1e+100
4960,-1e+100
4961,-1e+100
4962,-1e+100
4963,-1e+100
4964,-1e+100
4965,-1e+100
4966,-1e+100
4967,-1e+100
4968,-1e+100
4969,-1e+100
4970,-1e+100
4971,-1e+100
4972,-1e+100
4973,-1e+100
4975,-1e+100
4976,-1e+100
4977,-1e+100
4980,-1e+100
4982,-1e+100
4996,-1e+100
4997,-1e+100
4998,-1e+100
4999,-1e+100
5000,-1e+100
5001,-1e+100
5002,-1e+100
5003,-1e+100
5004,-1e+100
5005,-1e+100
5040,-32.45655397415286
5043,-32.45655397415286
5046,-32.45655397415286
5074,-29.751501105889588
5143,-1e+100
5211,-30.115304690314126
5280,-1e+100
5281,-1e+100
5282,-1e+100
5283,-1e+100
5284,-1e+100
5285,-1e+100
5286,-1e+100
5287,-1e+100
5288,-1e+100
5289,-1e+100
5290,-1e+100
5291,-1e+100
5292,-1e+100
5293,-1e+100
5294,-1e+100
5358,-1e+100
5359,-1e+100
5360,-1e+100
5361,-1e+100
5362,-1e+100
5363,-1e+100
5364,-1e+100
5365,-1e+100
5366,-1e+100
5367,-1e+100
5368,-1e+100
5369,-1e+100
5370,-1e+100
5371,-1e+100
5372,-1e+100
5373,-1e+100
5449,-31.860797654147543
5450,-31.860797654147543
5451,-31.860797654147543
5452,-31.860797654147543
5453,-31.860797654147543
5454,-31.860797654147543
5455,-31.860797654147543
5456,-31.860797654147543
5457,-31.860797654147543
5458,-31.860797654147543
5459,-31.860797654147543
5460,-31.860797654147543
5461,-31.860797654147543
5462,-31.860797654147543
5463,-19.986859808681253
5464,-19.986859808681253
5465,-19.986859808681253
5466,-19.986859808681253
5467,-19.986859808681253
5468,-19.986859808681253
5469,-19.986859808681253
5470,-19.986859808681253
5471,-19.986859808681253
5472,-19.986859808681253
5473,-19.986859808681253
5474,-19.986859808681253
5475,-19.986859808681253
5476,-19.986859808681253
5515,-1e+100
5577,-35.76260816856205
5578,-35.76260816856205
5579,-35.76260816856205
5599,-16.546863507003465
5600,-16.992150920538272
5601,-18.227639093404697
5602,-14.637273926544529
5603,-17.20913866433274
5604,-16.752748265284964
5605,-16.328414137200344
5606,-15.837961876861376
5607,-15.762004990588458
5608,-16.60600072825227
5609,-16.546863507003465
5610,-16.992150920538272
5611,-18.227639093404697
5612,-14.637273926544529
5613,-17.20913866433274
5614,-16.752748265284964
5615,-16.328414137200344
5616,-15.837961876861376
5617,-15.762004990588458
5618,-16.60600072825227
5619,-16.546863507003465
5620,-16.992150920538272
5621,-18.227639093404697
5622,-14.637273926544529
5623,-17.20913866433274
5624,-16.752748265284964
5625,-16.328414137200344
5626,-15.837961876861376
5627,-15.762004990588458
5628,-16.60600072825227
5629,-16.546863507003465
5630,-16.992150920538272
5631,-18.227639093404697
5632,-14.637273926544529
5633,-17.20913866433274
5634,-16.752748265284964
5635,-16.328414137200344
5636,-15.837961876861376
5637,-15.762004990588458
5638,-16.60600072825227
5662,-27.799318602060268
5663,-1e+100
5664,-3.6485133922087876
5665,-3.6399704807828863
5672,-12.1473241890766
5673,-12.214431969346307
5678,-14.051369975119602
5682,-11.98110490142772
5684,-12.107073907221057
5685,-11.843735942119546
5686,-11.098846154685024
5687,-11.850418340948464
5689,-11.841720038643077
5691,-11.037615146253723
5693,-12.42029463405778
5694,-15.005792578847437
5697,-15.285708435820155
5699,-14.560082357044232
5700,-9.119231462103224
5701,-14.867047765516643
5702,-17.616869236935095
5743,-1e+100
5745,-1e+100
5746,-1e+100
5747,-1e+100
5748,-1e+100
5749,-1e+100
5750,-1e+100
5751,-1e+100
5752,-1e+100
5753,-1e+100
5754,-1e+100
5756,-1e+100
5757,-1e+100
5758,-1e+100
5759,-1e+100
5760,-1e+100
5761,-1e+100
5762,-1e+100
5763,-1e+100
5764,-25.910730752098967
5765,-25.910730752098967
5766,-25.910730752098967
5767,-25.910730752098967
5768,-25.910730752098967
5769,-25.910730752098967
5770,-25.910730752098967
5783,-1e+100
5785,-1e+100
5787,-1e+100
5788,-1e+100
5790,-1e+100
5792,-1e+100
5794,-1e+100
5795,-1e+100
5797,-1e+100
5799,-1e+100
5801,-1e+100
5803,-1e+100
5805,-1e+100
5807,-1e+100
5857,-1e+100
5858,-1e+100
5859,-1e+100
5860,-1e+100
5861,-1e+100
5862,-1e+100
5863,-1e+100
5864,-1e+100
5875,-1e+100
5876,-1e+100
5877,-1e+100
5878,-1e+100
5879,-1e+100
5880,-1e+100
5881,-1e+100
5882,-1e+100
5883,-1e+100
5884,-1e+100
5892,-31.694231412778198
5893,-31.694231412778198
5894,-31.694231412778198
5895,-31.694231412778198
5896,-31.694231412778198
5897,-31.694231412778198
5911,-20.91508183904327
5933,-38.219257916244445
5934,-38.219257916244445
5935,-38.219257916244445
5936,-38.219257916244445
5937,-38.219257916244445
5938,-38.219257916244445
5939,-38.219257916244445
5940,-38.219257916244445
5941,-38.219257916244445
5942,-38.219257916244445
5943,-38.219257916244445
5944,-38.219257916244445
5945,-38.219257916244445
5946,-18.927821285156135
5947,-18.927821285156135
5948,-18.927821285156135
5949,-18.927821285156135
5950,-18.927821285156135
5951,-18.927821285156135
5952,-18.927821285156135
5953,-18.927821285156135
5954,-18.927821285156135
5955,-18.927821285156135
5956,-18.927821285156135
5957,-18.902905979357364
5958,-18.902905979357364
5959,-18.902905979357364
5960,-18.902905979357364
5961,-18.902905979357364
5962,-18.902905979357364
5963,-18.902905979357364
5964,-18.902905979357364
5965,-18.902905979357364
5966,-18.902905979357364
5967,-18.902905979357364
5968,-18.32944630963271
5969,-18.32944630963271
5970,-18.32944630963271
5971,-18.32944630963271
5972,-18.32944630963271
5973,-18.32944630963271
5974,-18.32944630963271
5975,-18.32944630963271
5976,-18.32944630963271
5977,-18.32944630963271
5978,-18.32944630963271
6040,-19.206339643946933
6041,-19.206339643946933
6042,-19.206339643946933
6043,-19.206339643946933
6044,-19.206339643946933
6045,-19.206339643946933
6046,-5.8256964339034285
6047,-5.8256964339034285
6048,-5.8256964339034285
6049,-5.8256964339034285
6050,-5.8256964339034285
6051,-5.8256964339034285
6052,-5.8256964339034285
6053,-5.8256964339034285
6054,-5.8256964339034285
6055,-5.8256964339034285
6056,-5.8256964339034285
6057,-5.8256964339034285
6058,-5.8256964339034285
6059,-5.8256964339034285
6060,-5.8256964339034285
6061,-5.8256964339034285
6062,-5.8256964339034285
6063,-5.8256964339034285
6064,-5.8256964339034285
6065,-5.8256964339034285
6066,-5.8256964339034285
6067,-5.8256964339034285
6121,-15.225104640404021
6123,-14.72126159572876
6125,-13.829132057263237
6127,-17.792134052892134
6206,-1e+100
6207,-33.090030827884775
6208,-34.388521187266335
6209,-25.93404313939399
6210,-1e+100
6211,-33.090030827884775
6212,-34.388521187266335
6213,-25.93404313939399
6214,-1e+100
6215,-1e+100
6216,-1e+100
6217,-1e+100
6218,-1e+100
6219,-1e+100
6220,-1e+100
6221,-1e+100
6222,-1e+100
6223,-1e+100
6224,-1e+100
6225,-1e+100
6226,-1e+100
6227,-1e+100
6228,-1e+100
6229,-1e+100
6230,-1e+100
6231,-1e+100
6232,-1e+100
6233,-1e+100
6248,-1e+100
6249,-1e+100
6259,-1e+100
6260,-1e+100
6261,-1e+100
6262,-1e+100
6263,-1e+100
6264,-1e+100
6265,-1e+100
6266,-1e+100
6267,-1e+100
6268,-1e+100
6270,-1e+100
6271,-35.521467990635756
6272,-27.00224537887959
6273,-35.51474527397434
6278,-1e+100
6279,-37.39760167810995
6280,-1e+100
6281,-37.39760167810995
6282,-1e+100
6283,-37.248904487047994
6284,-1e+100
6285,-37.248904487047994
6286,-30.520368805071364
6287,-31.20537393407444
6288,-27.97261796665758
6289,-28.461725586568523
6290,-28.469879408355037
6291,-28.473657032668267
6292,-28.065217264520854
6293,-31.074381677966567
6294,-27.97261796665758
6295,-28.461725586568523
6296,-28.469879408355037
6297,-28.473657032668267
6298,-28.065217264520854
6299,-31.074381677966567
6306,-1e+100
6307,-1e+100
6308,-1e+100
6309,-32.54630042073385
6310,-26.521248991295973
6311,-26.925380532642738
6312,-1e+100
6313,-1e+100
6314,-1e+100
6315,-32.54630042073385
6316,-26.521248991295973
6317,-26.925380532642738
6318,-1e+100
6319,-1e+100
6320,-1e+100
6321,-32.54630042073385
6351,-1e+100
6352,-29.12219388732147
6353,-1e+100
6354,-29.12219388732147
6355,-1e+100
6356,-1e+100
6357,-1e+100
6358,-1e+100
6359,-1e+100
6360,-1e+100
6361,-1e+100
6362,-1e+100
6363,-1e+100
6364,-1e+100
6365,-1e+100
6366,-1e+100
6367,-1e+100
6368,-29.12219388732147
6369,-29.12219388732147
6370,-29.12219388732147
6371,-29.12219388732147
6372,-29.12219388732147
6373,-29.12219388732147
6374,-29.12219388732147
6375,-29.12219388732147
6376,-29.12219388732147
6377,-29.12219388732147
6378,-29.12219388732147
6379,-29.12219388732147
6380,-31.410706126663843
6381,-31.410706126663843
6382,-31.410706126663843
6383,-31.410706126663843
6384,-31.410706126663843
6385,-31.410706126663843
6401,-1e+100
6402,-1e+100
6403,-1e+100
6404,-1e+100
6405,-1e+100
6406,-1e+100
6407,-1e+100
6408,-1e+100
6409,-1e+100
6410,-1e+100
6411,-1e+100
6412,-1e+100
6416,-1e+100
6417,-1e+100
6418,-1e+100
6419,-1e+100
6421,-1e+100
6422,-1e+100
6423,-1e+100
6424,-1e+100
6426,-20.163997220795135
6427,-20.163997220795135
6428,-20.163997220795135
6429,-20.163997220795135
6430,-1e+100
6431,-1e+100
6432,-20.163997220795135
6440,-1e+100
6445,-1e+100
6446,-1e+100
6447,-33.98082114652111
6448,-1e+100
6459,-1e+100
6460,-1e+100
6461,-1e+100
6462,-1e+100
6463,-1e+100
6464,-1e+100
6465,-37.214216401360815
6466,-37.214216401360815
6467,-37.214216401360815
6468,-26.00071447575849
6469,-26.00071447575849
6470,-26.00071447575849
6476,-1e+100
6477,-28.35058990241396
6478,-1e+100
6479,-1e+100
6480,-1e+100
6481,-1e+100
6482,-1e+100
6483,-1e+100
6487,-1e+100
6500,-23.36568558809389
6501,-25.12042283995861
6502,-23.36568558809389
6503,-25.12042283995861
6504,-1e+100
6505,-37.630267746488876
6506,-19.817542069182508
6507,-28.766422695819106
6508,-1e+100
6509,-1e+100
6510,-1e+100
6511,-37.630267746488876
6512,-19.817542069182508
6513,-28.766422695819106
6526,-20.713074057167503
6536,-1e+100
6537,-1e+100
6538,-1e+100
6539,-1e+100
6540,-21.40610365150267
6541,-1e+100
6542,-22.759678433348707
6543,-24.030424888746445
6548,-1e+100
6549,-33.690366258144614
6550,-1e+100
6551,-33.690366258144614
6552,-1e+100
6553,-1e+100
6554,-35.091219359853234
6555,-1e+100
6556,-1e+100
6557,-35.091219359853234
6558,-1e+100
6559,-1e+100
6560,-35.091219359853234
6561,-1e+100
6562,-1e+100
6563,-35.091219359853234
6564,-1e+100
6565,-1e+100
6566,-1e+100
6567,-1e+100
6568,-1e+100
6569,-1e+100
6571,-1e+100
6590,-29.485320985008652
6591,-29.485320985008652
6614,-1e+100
6621,-32.067218962064054
6622,-32.067218962064054
6623,-32.067218962064054
6624,-32.067218962064054
6625,-1e+100
6627,-1e+100
6628,-1e+100
6629,-1e+100
6630,-37.39368946901008
6632,-37.39368946901008
6633,-37.39368946901008
6634,-37.39368946901008
6635,-1e+100
6636,-36.83271919712283
6637,-31.18783770674905
6638,-27.504458732044675
6639,-1e+100
6640,-1e+100
6641,-36.83271919712283
6642,-31.18783770674905
6643,-27.504458732044675
6644,-1e+100
6645,-1e+100
6646,-36.83271919712283
6647,-31.18783770674905
6648,-27.504458732044675
6649,-1e+100
6650,-1e+100
6651,-36.83271919712283
6652,-31.18783770674905
6653,-27.504458732044675
6654,-1e+100
6655,-1e+100
6656,-36.83271919712283
6657,-31.18783770674905
6658,-27.504458732044675
6659,-1e+100
6662,-1e+100
6663,-1e+100
6664,-1e+100
6665,-1e+100
6666,-1e+100
6667,-1e+100
6668,-1e+100
6669,-1e+100
6670,-1e+100
6671,-1e+100
6672,-34.89017282442473
6673,-34.89017282442473
6674,-34.89017282442473
6675,-34.89017282442473
6676,-34.89017282442473
6677,-30.53356991352925
6678,-30.53356991352925
6679,-30.53356991352925
6680,-30.53356991352925
6681,-30.53356991352925
6682,-1e+100
6683,-1e+100
6684,-34.89017282442473
6685,-30.53356991352925
6686,-1e+100
6687,-1e+100
6688,-34.89017282442473
6689,-30.53356991352925
6704,-28.940103458136235
6705,-21.18448199869627
6706,-27.859599527244473
6707,-28.940103458136235
6708,-21.18448199869627
6709,-27.859599527244473
6713,-1e+100
6714,-1e+100
6716,-1e+100
6717,-1e+100
6718,-1e+100
6720,-1e+100
6729,-1e+100
6731,-1e+100
6732,-1e+100
6733,-1e+100
6738,-1e+100
6739,-1e+100
6740,-1e+100
6741,-1e+100
6742,-1e+100
6743,-1e+100
6747,-1e+100
6748,-1e+100
6749,-1e+100
6750,-1e+100
6751,-1e+100
6752,-1e+100
6753,-1e+100
6754,-1e+100
6755,-1e+100
6756,-1e+100
6757,-1e+100
6758,-1e+100
6759,-1e+100
6760,-1e+100
6761,-1e+100
6762,-1e+100
6763,-1e+100
6764,-1e+100
6765,-1e+100
6766,-1e+100
6767,-1e+100
6768,-1e+100
6769,-1e+100
6770,-1e+100
6771,-1e+100
6779,-1e+100
6780,-1e+100
6781,-37.35751087363997
6782,-1e+100
6783,-37.36043518073339
6784,-1e+100
6785,-1e+100
6786,-1e+100
6788,-1e+100
6789,-1e+100
6790,-1e+100
6792,-1e+100
6793,-1e+100
6794,-1e+100
6795,-1e+100
6798,-1e+100
6800,-1e+100
6801,-1e+100
6802,-1e+100
6803,-1e+100
6804,-1e+100
6806,-1e+100
6807,-1e+100
6808,-1e+100
6809,-1e+100
6851,-1e+100
6856,-1e+100
6877,-1e+100
6878,-1e+100
6880,-1e+100
6881,-1e+100
6882,-1e+100
6886,-1e+100
6887,-1e+100
6888,-1e+100
6890,-1e+100
6891,-1e+100
6893,-1e+100
6896,-36.28369751251611
6897,-36.28369751251611
6898,-36.28369751251611
6900,-36.28369751251611
6901,-36.28369751251611
6903,-36.28369751251611
6904,-36.28369751251611
6938,-1e+100
6939,-1e+100
6940,-1e+100
6941,-1e+100
6942,-1e+100
6943,-1e+100
6944,-1e+100
6945,-1e+100
6946,-1e+100
6947,-1e+100
6948,-1e+100
6949,-1e+100
6950,-30.591732223612226
6951,-30.591732223612226
6952,-30.591732223612226
6953,-30.591732223612226
6958,-1e+100
6959,-1e+100
6960,-1e+100
6961,-1e+100
6962,-1e+100
6963,-1e+100
6964,-1e+100
6965,-1e+100
6990,-1e+100
7008,-1e+100
7009,-1e+100
7011,-27.157335693095018
7012,-27.157335693095018
7013,-1e+100
7014,-27.157335693095018
7028,-37.408261379168614
7029,-37.408261379168614
7030,-37.408261379168614
7031,-37.408261379168614
7032,-37.408261379168614
7033,-37.408261379168614
7034,-37.408261379168614
7035,-37.408261379168614
7036,-37.408261379168614
7037,-37.408261379168614
7038,-1e+100
7039,-1e+100
7040,-1e+100
7041,-1e+100
7042,-1e+100
7043,-1e+100
7045,-1e+100
7046,-1e+100
7047,-1e+100
7048,-1e+100
7050,-36.52482074753246
7051,-36.52482074753246
7052,-36.52482074753246
7053,-36.52482074753246
7054,-36.52482074753246
7055,-36.52482074753246
7056,-36.52482074753246
7058,-36.52482074753246
7059,-36.52482074753246
7060,-36.52482074753246
7061,-1e+100
7062,-1e+100
7063,-1e+100
7064,-1e+100
7065,-1e+100
7066,-1e+100
7067,-1e+100
7069,-1e+100
7070,-1e+100
7071,-1e+100
7072,-1e+100
7073,-1e+100
7074,-1e+100
7075,-1e+100
7076,-1e+100
7077,-1e+100
7078,-1e+100
7079,-1e+100
7081,-1e+100
7082,-1e+100
7103,-1e+100
7104,-1e+100
7105,-1e+100
7106,-32.25080881280788
7107,-1e+100
7108,-1e+100
7109,-1e+100
7110,-32.25080881280788
7124,-1e+100
7133,-1e+100
7134,-33.884500770475505
7136,-1e+100
7141,-1e+100
7144,-1e+100
7280,-23.648626082297064
7289,-21.517418051606704
7290,-21.517418051606704
7291,-21.517418051606704
7292,-21.517418051606704
7293,-21.517418051606704
7294,-21.517418051606704
7295,-21.517418051606704
7296,-21.517418051606704
7297,-21.517418051606704
7298,-21.517418051606704
7321,-1e+100
7322,-1e+100
7345,-1e+100
7346,-1e+100
7347,-1e+100
7348,-1e+100
7349,-1e+100
7350,-1e+100
7351,-1e+100
7352,-1e+100
7353,-1e+100
7354,-1e+100
7355,-1e+100
7356,-1e+100
7357,-1e+100
7358,-1e+100
7359,-1e+100
7360,-1e+100
7361,-1e+100
7362,-1e+100
7363,-1e+100
7364,-1e+100
7365,-1e+100
7366,-1e+100
7367,-1e+100
7368,-1e+100
7369,-1e+100
7370,-1e+100
7371,-1e+100
7372,-1e+100
7373,-1e+100
7374,-1e+100
7375,-1e+100
7376,-1e+100
7377,-1e+100
7378,-1e+100
7379,-1e+100
7380,-1e+100
7381,-1e+100
7382,-1e+100
7383,-1e+100
7384,-1e+100
7385,-1e+100
7386,-1e+100
7387,-1e+100
7388,-1e+100
7389,-1e+100
7390,-1e+100
7391,-1e+100
7392,-1e+100
7393,-1e+100
7394,-1e+100
7395,-1e+100
7396,-1e+100
7397,-1e+100
7398,-1e+100
7399,-1e+100
7400,-1e+100
7467,-10.469414916327331
7468,-10.469414916327331
7530,-15.816398823277954
7531,-15.816398823277954
7535,-21.287088890895642
7537,-19.868069054249084
7538,-19.868069054249084
7542,-21.976102672006167
7543,-21.976102672006167
7544,-21.976102672006167
7546,-29.24840139068585
7548,-29.26825092123424
7551,-21.300007254948106
7552,-21.300007254948106
7553,-21.300007254948106
7555,-28.26943429001893
7557,-29.12273429223634
7559,-23.58911916398793
7560,-23.58911916398793
7561,-23.58911916398793
7563,-31.599112491721947
7566,-20.92071862092909
7567,-20.92071862092909
7569,-13.228009642319048
7570,-12.19762890307414
7571,-13.500721652243636
7572,-12.685765327804653
7573,-12.881811541980152
7574,-11.796987300522714
7575,-11.654612284358553
7576,-11.763678342341485
7577,-13.228009642319048
7578,-12.19762890307414
7579,-13.500721652243636
7580,-12.685765327804653
7581,-12.881811541980152
7582,-11.796987300522714
7583,-11.654612284358553
7584,-11.763678342341485
7629,-1e+100
7631,-35.62257996339771
7632,-31.369398733635585
7636,-29.09128923360081
7652,-1e+100
7653,-1e+100
7654,-1e+100
7679,-26.019064454072264
7685,-22.576028770265708
7764,-1e+100
7765,-37.502951411490685
7766,-1e+100
7767,-1e+100
7768,-1e+100
7769,-37.30037105992144
7770,-1e+100
7771,-1e+100
7772,-1e+100
7773,-1e+100
7774,-1e+100
7775,-1e+100
7776,-1e+100
7777,-1e+100
7778,-37.79632590636309
7779,-1e+100
7780,-1e+100
7781,-37.502951411490685
7782,-1e+100
7783,-1e+100
7784,-1e+100
7785,-37.30037105992144
7786,-1e+100
7787,-1e+100
7788,-1e+100
7789,-1e+100
7790,-1e+100
7791,-1e+100
7792,-1e+100
7793,-1e+100
7794,-37.79632590636309
7795,-1e+100
7813,-37.502951411490685
7814,-1e+100
7815,-1e+100
7816,-1e+100
7817,-37.30037105992144
7818,-1e+100
7819,-1e+100
7820,-1e+100
7821,-1e+100
7822,-1e+100
7823,-1e+100
7824,-1e+100
7825,-1e+100
7826,-37.79632590636309
7827,-1e+100
7828,-1e+100
7829,-37.502951411490685
7830,-1e+100
7831,-1e+100
7832,-1e+100
7833,-37.30037105992144
7834,-1e+100
7835,-1e+100
7836,-1e+100
7837,-1e+100
7838,-1e+100
7839,-1e+100
7840,-1e+100
7841,-1e+100
7842,-37.79632590636309
7843,-1e+100
7856,-30.12731011864825
7861,-33.81766121535481
7863,-33.81766121535481
7864,-33.81766121535481
7865,-33.81766121535481
7889,-1e+100
7894,-1e+100
7895,-1e+100
7896,-1e+100
7897,-1e+100
7898,-1e+100
7903,-1e+100
7904,-1e+100
7905,-1e+100
7906,-1e+100
7907,-1e+100
7908,-1e+100
7928,-1e+100
7937,-1e+100
7938,-1e+100
7939,-37.26345935820677
7940,-1e+100
7941,-1e+100
7942,-35.1853630616109
7943,-22.210340586454066
8143,-1e+100
8153,-34.23187075889826
8154,-37.24189341374563
8155,-34.23187075889826
8156,-37.24189341374563
8157,-34.23187075889826
8158,-37.24189341374563
8159,-34.23187075889826
8160,-37.24189341374563
8165,-1e+100
8166,-1e+100
8167,-27.860853927857683
8168,-23.902044697505325
8169,-1e+100
8170,-1e+100
8171,-27.860853927857683
8172,-23.902044697505325
8173,-1e+100
8174,-1e+100
8175,-1e+100
8177,-1e+100
8178,-1e+100
8179,-1e+100
8180,-1e+100
8181,-1e+100
8183,-1e+100
8184,-1e+100
8185,-1e+100
8186,-1e+100
8187,-1e+100
8189,-1e+100
8190,-1e+100
8242,-37.918525079598034
8243,-37.918525079598034
8244,-37.918525079598034
8245,-37.918525079598034
8246,-37.918525079598034
8247,-37.918525079598034
8248,-37.918525079598034
8249,-37.918525079598034
8250,-37.918525079598034
8251,-37.918525079598034
8283,-1e+100
8284,-1e+100
8290,-1e+100
8291,-1e+100
8292,-1e+100
8294,-1e+100
8295,-1e+100
8296,-1e+100
8297,-1e+100
8299,-1e+100
8300,-1e+100
8301,-1e+100
8302,-1e+100
8304,-1e+100
8305,-1e+100
8306,-1e+100
8307,-1e+100
8309,-1e+100
8310,-1e+100
8311,-1e+100
8312,-1e+100
8314,-1e+100
8315,-1e+100
8316,-1e+100
8317,-1e+100
8319,-1e+100
8320,-1e+100
8321,-1e+100
8322,-1e+100
8324,-1e+100
8325,-1e+100
8326,-1e+100
8327,-1e+100
8329,-1e+100
8330,-1e+100
8331,-1e+100
8332,-1e+100
8334,-1e+100
8335,-34.40483260338648
8336,-34.40483260338648
8337,-34.40483260338648
8339,-34.40483260338648
8417,-1e+100
8418,-26.591590931917636
8419,-33.246512892178785
8420,-24.30945545625564
8421,-1e+100
8422,-26.591590931917636
8423,-33.246512892178785
8424,-24.30945545625564
8426,-1e+100
8427,-1e+100
8428,-1e+100
8430,-1e+100
8431,-1e+100
8432,-1e+100
8435,-31.558883561254202
8436,-31.558883561254202
8437,-31.558883561254202
8439,-31.558883561254202
8440,-31.558883561254202
8441,-31.558883561254202
8444,-24.665025789733818
8445,-24.665025789733818
8446,-24.665025789733818
8448,-24.665025789733818
8449,-24.665025789733818
8450,-24.665025789733818
8453,-31.56163328441502
8454,-31.56163328441502
8455,-31.56163328441502
8457,-31.56163328441502
8458,-31.56163328441502
8459,-31.56163328441502
8463,-1e+100
8464,-1e+100
8468,-1e+100
8469,-1e+100
8473,-1e+100
8474,-1e+100
8557,-17.610415579216458
8558,-17.610415579216458
8559,-17.610415579216458
8560,-17.610415579216458
8561,-17.610415579216458
8562,-17.610415579216458
8580,-33.937914525244224
8581,-34.45656718858757
8582,-34.45656718858757
8585,-28.917246006979973
8586,-28.917246006979973
8587,-28.917246006979973
8591,-1e+100
8592,-1e+100
8596,-32.79718755162852
8597,-32.79718755162852
8598,-1e+100
8599,-1e+100
8600,-32.018814321638
8601,-1e+100
8603,-1e+100
8605,-1e+100
8607,-1e+100
8618,-1e+100
8619,-1e+100
8620,-25.62097222828695
8621,-23.862904042499313
8622,-28.1982703148132
8623,-1e+100
8630,-1e+100
8631,-1e+100
8632,-1e+100
8633,-1e+100
8634,-1e+100
8635,-1e+100
8636,-1e+100
8637,-1e+100
8638,-1e+100
8639,-1e+100
8640,-1e+100
8641,-1e+100
8642,-1e+100
8643,-1e+100
8644,-1e+100
8645,-1e+100
8646,-1e+100
8647,-1e+100
8648,-1e+100
8649,-1e+100
8650,-25.62097222828695
8651,-25.62097222828695
8652,-25.62097222828695
8653,-25.62097222828695
8654,-25.62097222828695
8655,-25.62097222828695
8656,-25.62097222828695
8657,-25.62097222828695
8658,-25.62097222828695
8659,-25.62097222828695
8660,-23.862904042499313
8661,-23.862904042499313
8662,-23.862904042499313
8663,-23.862904042499313
8664,-23.862904042499313
8665,-23.862904042499313
8666,-23.862904042499313
8667,-23.862904042499313
8668,-23.862904042499313
8669,-23.862904042499313
8670,-28.1982703148132
8671,-28.1982703148132
8672,-28.1982703148132
8673,-28.1982703148132
8674,-28.1982703148132
8675,-28.1982703148132
8676,-28.1982703148132
8677,-28.1982703148132
8678,-28.1982703148132
8679,-28.1982703148132
8680,-1e+100
8681,-1e+100
8682,-1e+100
8683,-1e+100
8684,-1e+100
8685,-1e+100
8686,-1e+100
8687,-1e+100
8688,-1e+100
8689,-1e+100
8690,-1e+100
8691,-1e+100
8692,-1e+100
8716,-34.798408787933106
8717,-34.798408787933106
8718,-34.798408787933106
8719,-34.798408787933106
8720,-34.798408787933106
8721,-34.798408787933106
8722,-34.798408787933106
8723,-34.798408787933106
8724,-34.798408787933106
8725,-34.798408787933106
8726,-34.798408787933106
8727,-34.798408787933106
8728,-34.798408787933106
8729,-34.798408787933106
8730,-34.798408787933106
8731,-34.798408787933106
8732,-34.798408787933106
8733,-34.798408787933106
8734,-34.798408787933106
8735,-30.861462585104206
8736,-30.861462585104206
8737,-30.861462585104206
8738,-30.861462585104206
8739,-30.861462585104206
8740,-30.861462585104206
8741,-30.861462585104206
8742,-30.861462585104206
8743,-30.861462585104206
8744,-30.861462585104206
8745,-30.861462585104206
8746,-30.861462585104206
8747,-30.861462585104206
8748,-30.861462585104206
8749,-30.861462585104206
8750,-30.861462585104206
8751,-30.861462585104206
8752,-30.861462585104206
8829,-1e+100
8830,-1e+100
8831,-1e+100
8832,-1e+100
8833,-1e+100
8834,-1e+100
8835,-1e+100
8836,-1e+100
8837,-1e+100
8838,-34.71896160710095
8839,-34.71896160710095
8840,-34.71896160710095
8841,-34.71896160710095
8842,-34.71896160710095
8843,-34.71896160710095
8844,-34.71896160710095
8845,-34.71896160710095
8846,-1e+100
8847,-1e+100
8848,-1e+100
8849,-1e+100
8850,-1e+100
8851,-1e+100
8852,-1e+100
8853,-1e+100
8854,-1e+100
8855,-36.44684228006132
8856,-36.44684228006132
8857,-36.44684228006132
8858,-36.44684228006132
8859,-36.44684228006132
8860,-36.44684228006132
8861,-36.44684228006132
8862,-36.44684228006132
8863,-36.44684228006132
8864,-1e+100
8865,-1e+100
8866,-1e+100
8867,-1e+100
8868,-1e+100
8869,-1e+100
8870,-1e+100
8871,-1e+100
8872,-1e+100
8873,-1e+100
8874,-1e+100
8875,-1e+100
8876,-1e+100
8877,-1e+100
8878,-1e+100
8879,-1e+100
8880,-1e+100
8881,-1e+100
8882,-1e+100
8883,-1e+100
8884,-1e+100
8885,-1e+100
8886,-1e+100
8887,-1e+100
8888,-1e+100
8889,-1e+100
8890,-1e+100
8891,-1e+100
8892,-1e+100
8893,-1e+100
8894,-1e+100
8895,-1e+100
8896,-1e+100
8897,-1e+100
8898,-1e+100
8899,-1e+100
8900,-1e+100
8901,-1e+100
8902,-1e+100
8903,-1e+100
8904,-1e+100
8905,-1e+100
8906,-1e+100
8907,-1e+100
8915,-24.644642567964393
8916,-24.644642567964393
8917,-24.644642567964393
8918,-24.644642567964393
8919,-24.644642567964393
8920,-24.644642567964393
8921,-24.644642567964393
8922,-24.644642567964393
8923,-24.644642567964393
8924,-24.644642567964393
8925,-1e+100
8926,-1e+100
8927,-1e+100
8928,-1e+100
8929,-1e+100
8930,-1e+100
8931,-1e+100
8932,-1e+100
8933,-1e+100
8934,-1e+100
8935,-35.940135651809896
8936,-35.940135651809896
8937,-35.940135651809896
8938,-35.940135651809896
8939,-35.940135651809896
8940,-35.940135651809896
8941,-35.940135651809896
8942,-35.940135651809896
8943,-35.940135651809896
8944,-35.940135651809896
8945,-1e+100
8946,-1e+100
8947,-1e+100
8948,-1e+100
8949,-1e+100
8950,-1e+100
8951,-1e+100
8952,-1e+100
8953,-1e+100
8954,-1e+100
8955,-1e+100
8956,-1e+100
8957,-1e+100
8958,-1e+100
8959,-1e+100
8960,-1e+100
8961,-1e+100
8962,-1e+100
8963,-1e+100
8964,-1e+100
8984,-1e+100
8985,-1e+100
8986,-1e+100
8987,-1e+100
8988,-1e+100
8989,-1e+100
8990,-1e+100
8991,-1e+100
8992,-1e+100
8993,-1e+100
9016,-1e+100
9017,-1e+100
9018,-1e+100
9019,-1e+100
9020,-1e+100
9021,-1e+100
9022,-1e+100
9023,-1e+100
9024,-1e+100
9025,-1e+100
9026,-1e+100
9027,-1e+100
9028,-1e+100
9029,-1e+100
9030,-1e+100
9031,-1e+100
9032,-1e+100
9033,-1e+100
9034,-1e+100
9035,-1e+100
9036,-1e+100
9037,-1e+100
9038,-1e+100
9039,-1e+100
9040,-1e+100
9041,-1e+100
9042,-1e+100
9043,-1e+100
9044,-1e+100
9045,-1e+100
9046,-1e+100
9047,-1e+100
9048,-1e+100
9049,-1e+100
9050,-1e+100
9051,-1e+100
9052,-1e+100
9054,-1e+100
9055,-1e+100
9056,-1e+100
9058,-1e+100
9059,-1e+100
9060,-1e+100
9062,-1e+100
9063,-1e+100
9065,-1e+100
9066,-1e+100
9067,-1e+100
9069,-1e+100
9070,-1e+100
9071,-1e+100
9073,-1e+100
9074,-1e+100
9076,-33.54801437698916
9077,-33.54801437698916
9099,-19.423927326569046
9100,-16.546863507003465
9124,-1e+100
9180,-1e+100
9211,-10.122133459473112
9212,-10.122133459473112
9213,-10.122133459473112
9225,-1e+100
9228,-38.06563346660306
9229,-38.06563346660306
9230,-38.06563346660306
9231,-38.06563346660306
9242,-38.33736370887708
9248,-34.02223993748549
9250,-1e+100
9251,-1e+100
9252,-1e+100
9253,-1e+100
9254,-1e+100
9255,-1e+100
9256,-1e+100
9257,-1e+100
9258,-1e+100
9259,-30.08912519172631
9260,-1e+100
9261,-1e+100
9262,-1e+100
9263,-1e+100
9264,-1e+100
9265,-1e+100
9266,-1e+100
9267,-1e+100
9268,-1e+100
9269,-30.08912519172631
9270,-21.57774548958959
9271,-21.57774548958959
9272,-21.57774548958959
9273,-21.57774548958959
9274,-21.57774548958959
9275,-21.57774548958959
9276,-21.57774548958959
9277,-21.57774548958959
9278,-21.57774548958959
9279,-21.57774548958959
9280,-21.57774548958959
9281,-21.57774548958959
9282,-18.785947736549705
9283,-18.785947736549705
9284,-18.785947736549705
9285,-18.785947736549705
9286,-18.785947736549705
9287,-18.785947736549705
9288,-18.785947736549705
9289,-18.785947736549705
9290,-18.785947736549705
9291,-18.785947736549705
9292,-18.785947736549705
9293,-18.785947736549705
9301,-1e+100
9302,-1e+100
9303,-1e+100
9304,-1e+100
9305,-1e+100
9306,-1e+100
9307,-1e+100
9308,-1e+100
9309,-1e+100
9319,-1e+100
9323,-1e+100
9324,-1e+100
9325,-1e+100
9326,-1e+100
9327,-1e+100
9328,-1e+100
9329,-1e+100
9330,-1e+100
9331,-1e+100
9332,-1e+100
9333,-1e+100
9334,-1e+100
9335,-1e+100
9336,-1e+100
9337,-1e+100
9338,-1e+100
9339,-1e+100
9340,-1e+100
9341,-1e+100
9342,-1e+100
9343,-1e+100
9344,-1e+100
9345,-1e+100
9346,-1e+100
9347,-1e+100
9348,-1e+100
9349,-1e+100
9350,-1e+100
9351,-1e+100
9357,-12.690570428236546
9360,-11.006632342672656
9366,-18.92506402091975
9369,-16.002349052788848
9370,-1e+100
9373,-1e+100
9375,-1e+100
9376,-1e+100
9377,-1e+100
9378,-1e+100
9379,-37.145256882186985
9380,-37.145256882186985
9382,-37.145256882186985
9383,-37.145256882186985
9384,-37.145256882186985
9385,-37.145256882186985
9386,-37.145256882186985
9387,-37.145256882186985
9388,-27.47418994887245
9389,-27.47418994887245
9391,-27.47418994887245
9392,-27.47418994887245
9393,-27.47418994887245
9394,-27.47418994887245
9395,-27.47418994887245
9396,-27.47418994887245
9397,-33.54709278664446
9398,-33.54709278664446
9399,-33.54709278664446
9400,-33.54709278664446
9401,-33.54709278664446
9402,-33.54709278664446
9403,-33.54709278664446
9404,-33.54709278664446
9405,-33.54709278664446
9410,-1e+100
9412,-1e+100
9427,-36.556250397673345
9464,-36.54277637542804
9465,-28.883947335431213
9466,-35.388357347866
9467,-27.89760637631449
9468,-28.31065339682828
9469,-36.54277637542804
9470,-28.883947335431213
9471,-35.388357347866
9472,-27.89760637631449
9473,-28.31065339682828
9474,-36.54277637542804
9475,-28.883947335431213
9476,-35.388357347866
9477,-27.89760637631449
9478,-28.31065339682828
9479,-36.54277637542804
9480,-28.883947335431213
9481,-35.388357347866
9482,-27.89760637631449
9483,-28.31065339682828
9484,-36.54277637542804
9485,-28.883947335431213
9486,-35.388357347866
9487,-27.89760637631449
9488,-28.31065339682828
9489,-36.54277637542804
9490,-28.883947335431213
9491,-35.388357347866
9492,-27.89760637631449
9493,-28.31065339682828
9494,-36.54277637542804
9495,-28.883947335431213
9496,-35.388357347866
9497,-27.89760637631449
9498,-28.31065339682828
9499,-17.54794201552561
9500,-17.54794201552561
9501,-17.54794201552561
9502,-17.54794201552561
9503,-17.54794201552561
9504,-17.54794201552561
9505,-17.54794201552561
9506,-17.54794201552561
9507,-17.54794201552561
9508,-17.54794201552561
9509,-17.54794201552561
9510,-17.54794201552561
9511,-17.54794201552561
9512,-17.54794201552561
9530,-34.58284993970603
9531,-34.58284993970603
9532,-34.58284993970603
9533,-34.58284993970603
9534,-34.58284993970603
9535,-34.58284993970603
9536,-34.58284993970603
9537,-34.58284993970603
9561,-21.963140528959734
9562,-21.963140528959734
9563,-21.963140528959734
9564,-21.963140528959734
9565,-21.963140528959734
9566,-21.963140528959734
9691,-1e+100
9697,-1e+100
9698,-1e+100
9699,-1e+100
9700,-1e+100
9701,-1e+100
9702,-1e+100
9703,-1e+100
9704,-1e+100
9705,-1e+100
9724,-1e+100
9728,-1e+100
9731,-1e+100
9736,-22.343679053728472
9737,-22.343679053728472
9738,-22.343679053728472
9739,-22.343679053728472
9740,-12.656557946961536
9741,-12.656557946961536
9742,-12.656557946961536
9743,-12.656557946961536
9775,-1e+100
9785,-1e+100
9789,-37.50222457292989
9790,-37.50222457292989
9791,-37.50222457292989
9792,-37.50222457292989
9793,-37.50222457292989
9794,-37.50222457292989
9795,-30.95990566500027
9796,-32.80727312101887
9797,-29.37016222632003
9854,-1e+100
9855,-1e+100
9856,-1e+100
9857,-1e+100
9858,-1e+100
9859,-1e+100
9860,-1e+100
9861,-1e+100
9862,-1e+100
9863,-33.217309323804784
9864,-33.217309323804784
9865,-33.217309323804784
9866,-33.217309323804784
9867,-33.217309323804784
9868,-33.217309323804784
9869,-33.217309323804784
9870,-33.217309323804784
9871,-33.217309323804784
9872,-33.217309323804784
9873,-33.217309323804784
9874,-33.217309323804784
9875,-33.217309323804784
9876,-33.217309323804784
9877,-33.217309323804784
9878,-29.01972875835905
9879,-29.01972875835905
9880,-29.01972875835905
9881,-29.01972875835905
9882,-29.01972875835905
9883,-29.01972875835905
9884,-29.01972875835905
9885,-29.01972875835905
9886,-29.01972875835905
9887,-29.01972875835905
9888,-29.01972875835905
9889,-29.01972875835905
9896,-33.748199441586586
9905,-1e+100
9912,-1e+100
9919,-26.8174250023338
9920,-10.90533077832548
9921,-11.045702110063182
9923,-1e+100
9925,-37.76422208577784
9927,-1e+100
9974,-1e+100
9975,-1e+100
9977,-1e+100
9978,-1e+100
9981,-1e+100
9982,-1e+100
9985,-1e+100
9986,-1e+100
9996,-23.411849170875662
9997,-22.822872469927763
9998,-19.750054385448202
10008,-1e+100
10009,-1e+100
10011,-1e+100
10023,-1e+100
10024,-1e+100
10028,-14.794003708716884
10029,-14.794003708716884
10030,-14.794003708716884
10031,-14.794003708716884
10032,-14.794003708716884
10033,-14.794003708716884
10034,-14.794003708716884
10035,-14.794003708716884
10036,-14.794003708716884
10067,-22.680616133046545
10068,-22.680616133046545
10069,-22.680616133046545
10070,-22.680616133046545
10071,-22.680616133046545
10072,-22.680616133046545
10073,-22.680616133046545
10074,-20.3462781361548
10075,-20.3462781361548
10076,-20.3462781361548
10077,-20.3462781361548
10078,-20.3462781361548
10079,-20.3462781361548
10080,-20.3462781361548
10081,-20.047115207881887
10082,-20.047115207881887
10083,-20.047115207881887
10084,-20.047115207881887
10085,-20.047115207881887
10086,-20.047115207881887
10087,-20.047115207881887
10088,-22.89070106012289
10089,-22.89070106012289
10090,-22.89070106012289
10091,-22.89070106012289
10092,-22.89070106012289
10093,-20.67263318474396
10094,-20.67263318474396
10095,-20.67263318474396
10096,-20.67263318474396
10097,-20.67263318474396
10098,-19.995754933610428
10099,-19.995754933610428
10100,-19.995754933610428
10101,-19.995754933610428
10102,-19.995754933610428
10103,-1e+100
10104,-31.60855420859488
10129,-28.562861445715892
10130,-28.562861445715892
10138,-24.581211019717777
10139,-24.581211019717777
10162,-33.051731311773594
10163,-29.073996886937003
10164,-19.15402316385111
10277,-26.05631834746032
10278,-26.05631834746032
10279,-26.05631834746032
10280,-26.05631834746032
10281,-26.05631834746032
10282,-26.05631834746032
10283,-26.05631834746032
10284,-26.05631834746032
10285,-20.3076155324243
10286,-20.3076155324243
10287,-20.3076155324243
10288,-20.3076155324243
10289,-20.3076155324243
10290,-20.3076155324243
10291,-20.3076155324243
10292,-20.3076155324243
10293,-24.84529744292605
10294,-24.84529744292605
10295,-24.84529744292605
10296,-24.84529744292605
10297,-24.84529744292605
10298,-24.84529744292605
10299,-24.84529744292605
10300,-24.84529744292605
10329,-1e+100
10330,-1e+100
10331,-1e+100
10332,-1e+100
10333,-1e+100
10334,-1e+100
10379,-28.19568659470766
10380,-18.266289308953972
10381,-34.128375935861705
10382,-28.288081589462312
10383,-19.29087400831184
10384,-17.101430485521174
10385,-32.620463445039555
10386,-32.620463445039555
10387,-32.620463445039555
10388,-32.620463445039555
10389,-32.620463445039555
10390,-32.620463445039555
10391,-32.620463445039555
10392,-32.620463445039555
10393,-32.620463445039555
10394,-35.407651115924196
10395,-35.407651115924196
10396,-35.407651115924196
10397,-35.407651115924196
10398,-35.407651115924196
10399,-35.407651115924196
10400,-35.407651115924196
10401,-35.407651115924196
10402,-35.407651115924196
10403,-28.001976700489116
10404,-28.001976700489116
10405,-28.001976700489116
10406,-28.001976700489116
10407,-28.001976700489116
10408,-28.001976700489116
10409,-28.001976700489116
10410,-26.65639828023072
10411,-26.65639828023072
10412,-26.65639828023072
10413,-26.65639828023072
10414,-26.65639828023072
10415,-26.65639828023072
10416,-26.65639828023072
10417,-26.65639828023072
10418,-26.65639828023072
10419,-25.902312913414427
10420,-25.902312913414427
10421,-25.902312913414427
10422,-25.902312913414427
10423,-25.902312913414427
10424,-25.902312913414427
10425,-25.902312913414427
10426,-25.902312913414427
10427,-25.902312913414427
10428,-22.105874803645538
10429,-22.105874803645538
10430,-22.105874803645538
10431,-22.105874803645538
10432,-22.105874803645538
10433,-22.105874803645538
10434,-22.105874803645538
10435,-22.105874803645538
10436,-22.105874803645538
10452,-1e+100
10453,-1e+100
10454,-1e+100
10455,-1e+100
10456,-1e+100
10457,-1e+100
10458,-1e+100
10459,-1e+100
10460,-1e+100
10468,-1e+100
10479,-24.625871988656684
10480,-24.625871988656684
10481,-24.625871988656684
10482,-24.625871988656684
10483,-24.625871988656684
10484,-24.625871988656684
10485,-24.625871988656684
10486,-24.625871988656684
10487,-24.625871988656684
10488,-24.625871988656684
10489,-24.297412700906953
10490,-24.297412700906953
10491,-24.297412700906953
10492,-24.297412700906953
10493,-24.297412700906953
10494,-24.297412700906953
10495,-24.297412700906953
10496,-24.297412700906953
10497,-24.297412700906953
10498,-24.297412700906953
10512,-1e+100
10513,-1e+100
10514,-36.41710196474027
10574,-22.578486485723065
10575,-22.578486485723065
10576,-22.578486485723065
10577,-22.578486485723065
10578,-22.578486485723065
10589,-14.841769383620735
10590,-14.841769383620735
10591,-14.841769383620735
10592,-14.841769383620735
10593,-14.841769383620735
10604,-14.919806450289714
10605,-14.919806450289714
10606,-14.919806450289714
10607,-14.919806450289714
10608,-14.919806450289714
10609,-12.226110581248108
10610,-12.226110581248108
10611,-12.226110581248108
10612,-12.226110581248108
10613,-12.226110581248108
10624,-11.715255722764722
10625,-11.715255722764722
10626,-11.715255722764722
10627,-11.715255722764722
10628,-11.715255722764722
10629,-9.152799701616111
10630,-9.152799701616111
10631,-9.152799701616111
10632,-9.152799701616111
10633,-9.152799701616111
10682,-30.444189795301877
10683,-30.675544089462807
10684,-28.45968209975664
10685,-29.21732673577657
10686,-30.259917222818814
10687,-30.42135742035976
10688,-28.230739522549385
10689,-28.70454311245996
10690,-1e+100
10691,-1e+100
10692,-1e+100
10693,-1e+100
10694,-1e+100
10695,-1e+100
10696,-1e+100
10697,-1e+100
10698,-1e+100
10699,-1e+100
10700,-1e+100
10701,-1e+100
10702,-1e+100
10703,-1e+100
10704,-1e+100
10705,-1e+100
10706,-1e+100
10707,-1e+100
10708,-1e+100
10709,-1e+100
10710,-1e+100
10711,-1e+100
10712,-1e+100
10713,-1e+100
10714,-1e+100
10715,-1e+100
10716,-1e+100
10717,-1e+100
10718,-1e+100
10719,-1e+100
10720,-1e+100
10721,-1e+100
10722,-1e+100
10723,-1e+100
10724,-1e+100
10725,-1e+100
10726,-1e+100
10727,-1e+100
10728,-1e+100
10729,-1e+100
10730,-1e+100
10731,-1e+100
10732,-1e+100
10733,-1e+100
10734,-1e+100
10735,-1e+100
10736,-1e+100
10737,-1e+100
10738,-1e+100
10739,-1e+100
10740,-1e+100
10741,-1e+100
10742,-1e+100
10743,-1e+100
10744,-1e+100
10745,-1e+100
10746,-1e+100
10747,-1e+100
10748,-1e+100
10749,-1e+100
10750,-1e+100
10751,-1e+100
10752,-1e+100
10753,-1e+100
10754,-1e+100
10755,-1e+100
10756,-1e+100
10757,-1e+100
10758,-1e+100
10759,-1e+100
10760,-1e+100
10761,-1e+100
10762,-1e+100
10763,-1e+100
10764,-1e+100
10765,-1e+100
10766,-1e+100
10767,-1e+100
10768,-1e+100
10769,-1e+100
10770,-1e+100
10771,-1e+100
10772,-1e+100
10773,-1e+100
10828,-26.249205370409165
10829,-26.249205370409165
10830,-26.249205370409165
10831,-26.249205370409165
10832,-26.249205370409165
10833,-26.249205370409165
10834,-26.249205370409165
10835,-26.249205370409165
10836,-29.087182302696988
10837,-29.087182302696988
10838,-29.087182302696988
10839,-29.087182302696988
10840,-29.087182302696988
10841,-29.087182302696988
10842,-29.087182302696988
10843,-29.087182302696988
10878,-36.53671342334139
10879,-36.53671342334139
10882,-35.78301196784436
10883,-35.78301196784436
10884,-35.78301196784436
10885,-35.78301196784436
10886,-35.78301196784436
10887,-35.78301196784436
10888,-35.78301196784436
10889,-35.78301196784436
10890,-35.78301196784436
10891,-35.78301196784436
10892,-35.78301196784436
10893,-35.78301196784436
10894,-35.78301196784436
10895,-35.78301196784436
10896,-35.78301196784436
10897,-35.78301196784436
10898,-35.78301196784436
10899,-1e+100
10900,-1e+100
10901,-1e+100
10902,-1e+100
10903,-1e+100
10904,-1e+100
10905,-1e+100
10906,-1e+100
10907,-1e+100
10908,-1e+100
10909,-1e+100
10910,-1e+100
10911,-1e+100
10912,-1e+100
10913,-1e+100
10914,-1e+100
10915,-1e+100
10916,-1e+100
10917,-1e+100
10918,-1e+100
10919,-1e+100
10920,-1e+100
10921,-1e+100
10922,-1e+100
10923,-1e+100
10924,-1e+100
10925,-1e+100
10926,-1e+100
10927,-1e+100
10928,-1e+100
10929,-1e+100
10930,-1e+100
10931,-1e+100
10932,-1e+100
10933,-1e+100
10934,-1e+100
10935,-1e+100
10936,-1e+100
10937,-1e+100
10938,-1e+100
10939,-1e+100
10940,-1e+100
10941,-1e+100
10942,-1e+100
10943,-1e+100
10944,-1e+100
10945,-1e+100
10946,-1e+100
10947,-1e+100
10948,-1e+100
10949,-1e+100
10950,-38.42659003055317
10951,-38.42659003055317
10952,-38.42659003055317
10953,-38.42659003055317
10954,-38.42659003055317
10955,-38.42659003055317
10956,-38.42659003055317
10957,-38.42659003055317
10958,-38.42659003055317
10959,-38.42659003055317
10960,-38.42659003055317
10961,-38.42659003055317
10962,-38.42659003055317
10963,-38.42659003055317
10964,-38.42659003055317
10965,-38.42659003055317
10966,-38.42659003055317
10967,-31.453791804251615
10968,-31.453791804251615
10969,-31.453791804251615
10970,-31.453791804251615
10971,-31.453791804251615
10972,-31.453791804251615
10973,-31.453791804251615
10974,-31.453791804251615
10975,-31.453791804251615
10976,-31.453791804251615
10977,-31.453791804251615
10978,-31.453791804251615
10979,-31.453791804251615
10980,-31.453791804251615
10981,-31.453791804251615
10982,-31.453791804251615
10983,-31.453791804251615
10985,-1e+100
10987,-1e+100
10988,-1e+100
10991,-1e+100
10993,-1e+100
10994,-1e+100
11013,-33.54363112086916
11029,-22.25010186297407
11031,-22.25010186297407
11068,-9.178468130360148
11069,-8.916196014552783
11070,-8.785438825944878
11071,-8.251098703979862
11072,-9.428745646065764
11073,-9.224781474335074
11074,-9.033326097875412
11075,-8.50082615341855
11076,-9.897862294932688
11077,-9.71254401372427
11078,-9.346911309155715
11079,-8.873750627647963
11120,-1e+100
11133,-1e+100
11165,-1e+100
11166,-1e+100
11167,-1e+100
11168,-1e+100
11169,-1e+100
11170,-1e+100
11171,-1e+100
11177,-1e+100
11178,-1e+100
11180,-1e+100
11181,-1e+100
11182,-1e+100
11183,-1e+100
11186,-1e+100
11187,-1e+100
11189,-1e+100
11190,-1e+100
11191,-1e+100
11192,-1e+100
11195,-1e+100
11196,-1e+100
11198,-1e+100
11199,-1e+100
11200,-1e+100
11201,-1e+100
11204,-1e+100
11205,-1e+100
11207,-1e+100
11208,-1e+100
11209,-1e+100
11210,-1e+100
11212,-1e+100
11213,-1e+100
11214,-1e+100
11215,-1e+100
11216,-1e+100
11217,-1e+100
11218,-1e+100
11224,-1e+100
11230,-1e+100
11236,-35.94077231267697
11237,-35.94077231267697
11238,-35.94077231267697
11239,-35.94077231267697
11240,-35.94077231267697
11241,-35.94077231267697
11242,-35.94077231267697
11243,-35.94077231267697
11244,-35.94077231267697
11245,-35.94077231267697
11246,-35.94077231267697
11247,-35.94077231267697
11248,-32.01926261658215
11249,-32.01926261658215
11250,-32.01926261658215
11251,-32.01926261658215
11252,-32.01926261658215
11253,-32.01926261658215
11254,-32.01926261658215
11255,-32.01926261658215
11256,-32.01926261658215
11257,-32.01926261658215
11258,-32.01926261658215
11259,-32.01926261658215
11260,-35.91005254416888
11261,-35.91005254416888
11262,-35.91005254416888
11263,-35.91005254416888
11264,-35.91005254416888
11265,-35.91005254416888
11266,-35.91005254416888
11267,-35.91005254416888
11268,-35.91005254416888
11269,-35.91005254416888
11270,-35.91005254416888
11271,-35.91005254416888
11272,-35.07453879476437
11273,-35.07453879476437
11274,-35.07453879476437
11275,-35.07453879476437
11276,-35.07453879476437
11277,-35.07453879476437
11278,-35.07453879476437
11279,-35.07453879476437
11280,-35.07453879476437
11281,-35.07453879476437
11282,-35.07453879476437
11283,-35.07453879476437
11284,-36.29387474388709
11285,-36.29387474388709
11286,-36.29387474388709
11287,-36.29387474388709
11288,-36.29387474388709
11289,-36.29387474388709
11290,-36.29387474388709
11291,-36.29387474388709
11292,-36.29387474388709
11293,-36.29387474388709
11294,-35.433922470930135
11295,-35.433922470930135
11296,-35.433922470930135
11297,-35.433922470930135
11298,-35.433922470930135
11299,-35.433922470930135
11300,-35.433922470930135
11301,-35.433922470930135
11302,-35.433922470930135
11303,-35.433922470930135
11304,-35.433922470930135
11305,-35.433922470930135
11306,-36.70681286769828
11307,-36.70681286769828
11308,-36.70681286769828
11309,-36.70681286769828
11310,-36.70681286769828
11311,-36.70681286769828
11312,-36.70681286769828
11313,-36.70681286769828
11314,-36.70681286769828
11315,-36.70681286769828
11316,-36.70681286769828
11317,-36.70681286769828
11318,-35.1315453375567
11319,-35.1315453375567
11320,-35.1315453375567
11321,-35.1315453375567
11322,-35.1315453375567
11323,-35.1315453375567
11324,-35.1315453375567
11325,-35.1315453375567
11326,-35.1315453375567
11327,-35.1315453375567
11328,-35.1315453375567
11329,-35.1315453375567
11330,-29.325509502368018
11331,-29.325509502368018
11332,-29.325509502368018
11333,-29.325509502368018
11334,-29.325509502368018
11335,-29.325509502368018
11336,-29.325509502368018
11337,-29.325509502368018
11338,-29.325509502368018
11339,-29.325509502368018
11340,-29.325509502368018
11341,-13.624744267991758
11342,-13.624744267991758
11343,-13.624744267991758
11344,-13.624744267991758
11345,-13.624744267991758
11346,-13.624744267991758
11347,-13.624744267991758
11348,-13.624744267991758
11349,-13.624744267991758
11350,-19.14422110645813
11351,-19.14422110645813
11352,-19.14422110645813
11353,-19.14422110645813
11354,-19.14422110645813
11355,-20.80803702837753
11356,-20.80803702837753
11357,-20.80803702837753
11358,-20.80803702837753
11359,-20.80803702837753
11399,-1e+100
11400,-1e+100
11401,-1e+100
11402,-1e+100
11403,-1e+100
11404,-1e+100
11405,-1e+100
11420,-1e+100
11421,-1e+100
11422,-1e+100
11423,-1e+100
11424,-1e+100
11425,-1e+100
11426,-1e+100
11427,-1e+100
11444,-1e+100
11448,-1e+100
11451,-1e+100
11456,-32.12389640884538
11457,-31.779450677377014
11458,-30.51408824524153
11459,-29.825569987972216
11460,-29.127978437127602
11461,-31.76013018511818
11462,-30.825586621131116
11463,-29.17666932403578
11464,-35.071183245668024
11465,-35.308923987709335
11466,-34.71348546705697
11467,-35.360038896603974
11468,-34.44668105189925
11469,-33.277914070150715
11470,-33.89909781105258
11471,-34.045607181078516
11472,-32.79050699617507
11473,-32.4684389067383
11474,-34.11013438228915
11475,-31.771783054848186
11476,-32.10671839469597
11477,-33.53864472694776
11478,-32.64071724511118
11479,-32.07773623336261
11480,-32.99132886296377
11481,-32.46693364731833
11482,-31.233718228447334
11483,-29.867494720444093
11484,-29.00397952384502
11485,-28.126141562108756
11486,-33.07943145537526
11487,-32.16062963729189
11488,-31.579270754565442
11489,-31.06713675784246
11490,-29.56754503358617
11491,-29.691047831817315
11492,-1e+100
11493,-1e+100
11494,-1e+100
11495,-1e+100
11496,-1e+100
11497,-1e+100
11498,-1e+100
11499,-1e+100
11500,-1e+100
11501,-1e+100
11502,-1e+100
11503,-33.666017711747244
11504,-33.666017711747244
11505,-33.666017711747244
11506,-33.666017711747244
11507,-33.666017711747244
11508,-33.666017711747244
11509,-33.666017711747244
11510,-33.666017711747244
11511,-31.704766460708342
11512,-31.704766460708342
11513,-31.704766460708342
11514,-31.704766460708342
11515,-31.704766460708342
11516,-31.704766460708342
11517,-31.704766460708342
11518,-31.704766460708342
11519,-24.69376678120867
11520,-24.69376678120867
11521,-24.69376678120867
11522,-24.69376678120867
11523,-24.69376678120867
11524,-24.69376678120867
11525,-24.69376678120867
11526,-24.69376678120867
11545,-1e+100
11548,-1e+100
11568,-37.75649249409724
11570,-34.80562438207979
11574,-28.154630091118847
11577,-26.121364039184094
11580,-24.997384883147852
11581,-1e+100
11582,-34.7706756924121
11583,-1e+100
11584,-1e+100
11585,-1e+100
11586,-1e+100
11587,-1e+100
11588,-1e+100
11589,-1e+100
11590,-1e+100
11591,-1e+100
11592,-1e+100
11593,-1e+100
11595,-1e+100
11596,-1e+100
11598,-1e+100
11599,-1e+100
11600,-1e+100
11601,-1e+100
11603,-1e+100
11661,-25.05062742561769
11662,-25.05062742561769
11663,-25.05062742561769
11664,-25.05062742561769
11665,-25.05062742561769
11666,-25.05062742561769
11667,-25.05062742561769
11668,-25.05062742561769
11669,-25.05062742561769
11670,-25.05062742561769
11671,-25.05062742561769
11672,-25.05062742561769
11673,-25.05062742561769
11674,-25.05062742561769
11675,-25.05062742561769
11676,-25.05062742561769
11677,-25.05062742561769
11678,-25.05062742561769
11705,-1e+100
11706,-1e+100
11713,-1e+100
11714,-1e+100
11715,-1e+100
11716,-1e+100
11717,-1e+100
11718,-1e+100
11719,-1e+100
11720,-1e+100
11721,-9.069624842027526
11722,-9.069624842027526
11723,-9.069624842027526
11724,-9.06149453409632
11725,-9.06149453409632
11726,-9.06149453409632
11727,-8.284988836543784
11728,-8.284988836543784
11729,-8.284988836543784
11730,-8.318124446780951
11731,-8.318124446780951
11732,-8.318124446780951
11733,-8.052448832059696
11734,-8.052448832059696
11735,-8.052448832059696
11736,-8.083551322287892
11737,-8.083551322287892
11738,-8.083551322287892
11739,-23.437090643049476
11740,-23.437090643049476
11759,-1e+100
11821,-1e+100
11834,-1e+100
11835,-36.02327086288239
11871,-39.496262126473454
11872,-39.496262126473454
11873,-39.496262126473454
11876,-36.86233668982892
11877,-36.86233668982892
11878,-36.86233668982892
11881,-38.29081092548429
11882,-38.29081092548429
11883,-38.29081092548429
11901,-1e+100
11902,-20.154696008270562
11903,-19.32009918272321
11904,-19.56649605886084
11905,-19.374548999140703
11906,-17.65404483149124
11907,-1e+100
11933,-1e+100
11935,-1e+100
11936,-1e+100
11937,-1e+100
11939,-1e+100
11949,-1e+100
11951,-1e+100
11952,-1e+100
11953,-1e+100
11955,-1e+100
11989,-1e+100
11998,-1e+100
11999,-1e+100
12000,-1e+100
12001,-1e+100
12002,-1e+100
12003,-35.153004807499116
12004,-34.40204026059669
12021,-1e+100
12022,-1e+100
12025,-1e+100
12026,-1e+100
12027,-1e+100
12028,-1e+100
12029,-1e+100
12030,-1e+100
12031,-1e+100
12032,-1e+100
12033,-1e+100
12034,-1e+100
12035,-1e+100
12036,-1e+100
12037,-1e+100
12038,-1e+100
12039,-1e+100
12040,-1e+100
12041,-1e+100
12042,-1e+100
12043,-1e+100
12044,-1e+100
12045,-1e+100
12046,-1e+100
12047,-1e+100
12048,-1e+100
12049,-1e+100
12050,-1e+100
12051,-1e+100
12052,-1e+100
12053,-1e+100
12054,-1e+100
12055,-1e+100
12056,-1e+100
12057,-1e+100
12058,-1e+100
12059,-1e+100
12060,-1e+100
12061,-1e+100
12062,-1e+100
12063,-1e+100
12064,-1e+100
12065,-1e+100
12066,-1e+100
12067,-1e+100
12068,-1e+100
12069,-1e+100
12070,-1e+100
12071,-1e+100
12072,-1e+100
12073,-1e+100
12074,-1e+100
12075,-1e+100
12076,-1e+100
12077,-1e+100
12078,-1e+100
12079,-1e+100
12080,-1e+100
12081,-1e+100
12082,-1e+100
12083,-1e+100
12084,-1e+100
12116,-1e+100
12117,-1e+100
12118,-1e+100
12119,-1e+100
12124,-20.60155900197994
12125,-20.60155900197994
12126,-20.60155900197994
12131,-1e+100
12132,-1e+100
12133,-1e+100
12138,-7.929951593115652
12139,-7.929951593115652
12140,-7.929951593115652
12141,-7.929951593115652
12142,-7.929951593115652
12143,-7.929951593115652
12144,-7.929951593115652
12145,-7.929951593115652
12146,-7.929951593115652
12147,-7.929951593115652
12148,-7.929951593115652
12149,-7.929951593115652
12150,-7.929951593115652
12151,-7.929951593115652
12152,-7.929951593115652
12153,-7.929951593115652
12154,-7.929951593115652
12162,-28.974820290368086
12170,-1e+100
12171,-1e+100
12186,-1e+100
12187,-1e+100
12202,-1e+100
12203,-1e+100
12245,-36.43730574203497
12246,-36.43730574203497
12247,-36.43730574203497
12248,-36.43730574203497
12249,-38.64167443745619
12250,-1e+100
12251,-1e+100
12252,-1e+100
12253,-1e+100
12254,-1e+100
12255,-1e+100
12256,-1e+100
12257,-1e+100
12258,-1e+100
12259,-1e+100
12260,-1e+100
12261,-1e+100
12262,-1e+100
12263,-1e+100
12264,-1e+100
12265,-1e+100
12370,-1e+100
12371,-1e+100
12372,-1e+100
12373,-1e+100
12374,-1e+100
12375,-32.104120737170504
12376,-1e+100
12377,-10.49018608735348
12378,-10.49327496774247
12379,-10.286180511480605
12380,-8.649031724766367
12381,-8.020326085713025
12382,-7.617437228357356
12383,-7.698686221364522
12384,-7.88795137722023
12385,-7.961235101220566
12386,-8.195942717471173
12387,-8.352307505547532
12388,-7.969363980219309
12389,-6.144734811304984
12390,-8.087543760756581
12391,-8.59088819413885
12392,-8.471321718327383
12393,-8.411584075008204
12397,-26.019064454072264
12399,-22.576028770265708
12402,-23.322291017119316
12406,-1e+100
12410,-1e+100
12411,-1e+100
12461,-1e+100
12462,-1e+100
12463,-1e+100
12465,-1e+100
12467,-1e+100
12470,-1e+100
12471,-1e+100
12474,-1e+100
12480,-1e+100
12481,-1e+100
12482,-1e+100
12494,-1e+100
12495,-1e+100
12496,-1e+100
12497,-1e+100
12498,-33.301961488455134
12499,-35.68491912225671
12500,-33.436188051033035
12501,-1e+100
12502,-1e+100
12503,-1e+100
12504,-1e+100
12505,-1e+100
12506,-1e+100
12507,-1e+100
12508,-1e+100
12509,-1e+100
12510,-1e+100
12522,-34.53358369948637
12523,-31.728305526702464
12524,-28.152747930303192
12525,-35.69188243422551
12526,-30.419215160759705
12527,-28.44150710038792
12565,-28.049849587411135
12566,-1e+100
12567,-37.35892880022231
12568,-36.65072903637813
12569,-1e+100
12570,-1e+100
12571,-32.122533186049665
12572,-34.95017122167789
12573,-34.27035714282339
12574,-34.68077221640948
12575,-35.60769568450102
12576,-31.50678967483283
12577,-26.38464888047409
12578,-26.8425149338147
12579,-26.675252650645344
12580,-26.303746646541605
12581,-33.436836682481974
12588,-1e+100
12595,-37.39358575450509
12602,-31.466415913641008
12609,-11.925867866357542
12727,-1e+100
12728,-1e+100
12746,-12.244401687612587
12747,-11.911985720682011
12748,-1e+100
12749,-1e+100
12750,-1e+100
12751,-12.876001331419518
12752,-12.244401687612587
12753,-11.911985720682011
12754,-1e+100
12755,-1e+100
12756,-1e+100
12757,-12.876001331419518
12758,-12.244401687612587
12759,-11.911985720682011
12769,-20.83586823427597
12771,-20.83586823427597
12772,-16.76951977137316
12773,-16.76951977137316
12774,-16.76951977137316
12802,-16.295884157502208
12805,-16.295884157502208
12817,-1e+100
12818,-1e+100
12819,-1e+100
12820,-1e+100
12821,-1e+100
12822,-1e+100
12823,-1e+100
12824,-1e+100
12830,-10.318106974213865
12832,-7.563520812294085
12839,-1e+100
12840,-24.107338712340685
12841,-20.415078914109476
12842,-26.98465752262486
12844,-21.862048423806478
12848,-24.107338712340685
12850,-26.98465752262486
12855,-37.81589163900722
12856,-37.81589163900722
12857,-37.81589163900722
12858,-37.81589163900722
12879,-1e+100
12881,-1e+100
12889,-1e+100
12891,-1e+100
12918,-28.66313049059107
12922,-30.027579813451055
12926,-18.374070672812366
12930,-26.935444972511007
12934,-23.23580709513622
12938,-29.66261798692562
12942,-28.54632840516541
12946,-18.327381997175173
12950,-16.058743119937144
12952,-16.104763825770654
12954,-16.104763825770654
12967,-25.694747960698635
12968,-26.322963222025702
12969,-33.252727542985184
12970,-34.93847086195069
12971,-1e+100
12972,-26.469723289189325
12979,-35.4825706823466
12980,-37.551021890801884
12981,-35.80500667854909
12982,-28.749691308392713
12983,-28.749691308392713
12984,-28.749691308392713
12985,-28.749691308392713
12986,-28.749691308392713
12987,-28.749691308392713
12988,-28.749691308392713
12989,-28.749691308392713
12990,-28.749691308392713
12991,-28.749691308392713
12992,-28.749691308392713
12993,-28.749691308392713
12995,-1e+100
12997,-1e+100
12998,-1e+100
12999,-1e+100
13001,-1e+100
13003,-1e+100
13004,-1e+100
13005,-1e+100
13007,-1e+100
13009,-1e+100
13010,-1e+100
13011,-1e+100
13015,-1e+100
13016,-1e+100
13022,-38.66808411883678
13023,-1e+100
13024,-1e+100
13025,-1e+100
13026,-1e+100
13027,-34.17038582249
13033,-1e+100
13038,-1e+100
13042,-1e+100
13048,-38.66808411883678
13049,-1e+100
13050,-1e+100
13051,-1e+100
13052,-1e+100
13054,-1e+100
13084,-1e+100
13085,-1e+100
13086,-24.211555907495075
13087,-17.172326846066206
13088,-17.265547556816287
13089,-12.662924437252641
13090,-9.56498800482606
13091,-9.563435616578099
13092,-6.071308324846963
13093,-6.3364895800091405
13094,-6.005962047306515
13095,-27.75690044128952
13096,-27.749421831745895
13097,-37.41841781266622
13098,-36.94479711456427
13099,-36.94479711456427
13100,-36.94479711456427
13101,-36.94479711456427
13102,-36.94479711456427
13103,-36.94479711456427
13104,-36.94479711456427
13105,-36.94479711456427
13106,-36.94479711456427
13107,-36.94479711456427
13108,-36.94479711456427
13109,-36.94479711456427
13110,-36.94479711456427
13111,-36.94479711456427
13112,-36.94479711456427
13123,-1e+100
13126,-1e+100
13127,-1e+100
13128,-1e+100
13129,-1e+100
13130,-1e+100
13131,-1e+100
13132,-1e+100
13133,-23.167937560565033
13134,-8.934631046447404
13135,-18.932504915000084
13136,-7.178907022309592
13147,-11.507738481107838
13148,-10.56113378290032
13149,-9.828501449092034
13150,-10.263188980143578
13151,-9.909477116835818
13152,-9.027006769602314
13153,-9.693650559030438
13154,-8.889514636132581
13155,-8.769822942526332
13156,-8.341624803862928
13157,-8.547580667901492
13158,-8.213047928675504
13159,-7.876532319414631
13160,-8.225707423944916
13175,-28.386976472498667
13176,-26.297168654261817
13180,-24.815922167271136
13181,-24.815922167271136
13182,-24.815922167271136
13183,-24.815922167271136
13184,-24.815922167271136
13185,-24.815922167271136
13186,-24.815922167271136
13187,-24.815922167271136
13188,-24.815922167271136
13189,-24.815922167271136
13202,-1e+100
13216,-21.544070539957712
13219,-21.544070539957712
13251,-31.94970963943058
13252,-19.83179045580024
13253,-23.508916158913554
13254,-30.513006899827946
13255,-26.014379125127842
13256,-22.460786668472437
13281,-10.569765230614552
13282,-10.569765230614552
13283,-10.569765230614552
13284,-10.569765230614552
13285,-10.569765230614552
13286,-10.569765230614552
13287,-10.569765230614552
13288,-10.569765230614552
13289,-10.569765230614552
13295,-1e+100
13296,-1e+100
13297,-1e+100
13298,-1e+100
13323,-1e+100
13326,-1e+100
13327,-1e+100
13328,-1e+100
13329,-1e+100
13330,-1e+100
13331,-1e+100
13332,-1e+100
13333,-1e+100
13334,-1e+100
13335,-1e+100
13336,-1e+100
13337,-1e+100
13338,-1e+100
13339,-1e+100
13340,-1e+100
13341,-1e+100
13342,-1e+100
13343,-1e+100
13344,-1e+100
13345,-1e+100
13346,-36.825589603398555
13347,-36.825589603398555
13348,-36.825589603398555
13349,-36.825589603398555
13350,-36.825589603398555
13351,-36.825589603398555
13352,-36.825589603398555
13353,-36.825589603398555
13354,-36.825589603398555
13355,-36.825589603398555
13356,-1e+100
13357,-1e+100
13358,-1e+100
13359,-1e+100
13360,-1e+100
13361,-1e+100
13362,-1e+100
13363,-1e+100
13364,-1e+100
13365,-1e+100
13366,-36.54564563153814
13367,-36.54564563153814
13368,-36.54564563153814
13369,-36.54564563153814
13370,-36.54564563153814
13371,-36.54564563153814
13372,-36.54564563153814
13373,-36.54564563153814
13374,-36.54564563153814
13375,-36.54564563153814
13502,-25.167135920119648
13507,-22.3247159909527
13508,-22.3247159909527
13509,-22.3247159909527
13510,-22.3247159909527
13511,-22.3247159909527
13512,-22.3247159909527
13513,-22.3247159909527
13514,-22.3247159909527
13515,-22.3247159909527
13516,-22.3247159909527
13517,-22.3247159909527
13518,-22.3247159909527
13519,-22.3247159909527
13520,-24.95437325059766
13521,-24.95437325059766
13522,-24.95437325059766
13523,-24.95437325059766
13524,-24.95437325059766
13525,-24.95437325059766
13526,-24.95437325059766
13527,-24.95437325059766
13528,-24.95437325059766
13529,-24.95437325059766
13530,-24.95437325059766
13531,-24.95437325059766
13532,-24.95437325059766
13533,-27.93538486638956
13534,-27.93538486638956
13535,-27.93538486638956
13536,-27.93538486638956
13537,-27.93538486638956
13538,-27.93538486638956
13539,-27.93538486638956
13540,-27.93538486638956
13541,-27.93538486638956
13542,-27.93538486638956
13543,-27.93538486638956
13544,-27.93538486638956
13545,-27.93538486638956
13643,-1e+100
13644,-33.32316898922972
13645,-1e+100
13646,-35.739126144119396
13647,-22.769455283313942
13648,-12.686507762826734
13649,-12.686507762826734
13650,-12.686507762826734
13651,-12.686507762826734
13652,-12.686507762826734
13653,-12.686507762826734
13654,-12.686507762826734
13655,-12.686507762826734
13656,-12.686507762826734
13657,-12.686507762826734
13658,-12.686507762826734
13659,-12.686507762826734
13660,-12.686507762826734
13661,-12.686507762826734
13662,-12.686507762826734
13663,-1e+100
13664,-1e+100
13665,-29.713433661987278
13666,-29.713433661987278
13667,-1e+100
13668,-1e+100
13669,-1e+100
13670,-1e+100
13671,-10.16624842877997
13672,-10.16624842877997
13673,-10.297345935830897
13674,-10.297345935830897
13675,-11.13564944331579
13676,-11.13564944331579
13677,-10.094445450595057
13678,-10.094445450595057
13679,-10.01721399218136
13680,-10.01721399218136
13687,-28.890182407992395
13688,-28.890182407992395
13689,-28.890182407992395
13690,-28.890182407992395
13692,-26.574620575730133
13693,-34.27053295627427
13694,-32.29009150214354
13695,-32.29009150214354
13696,-32.29009150214354
13697,-32.29009150214354
13699,-1e+100
13700,-1e+100
13701,-1e+100
13702,-1e+100
13704,-1e+100
13705,-1e+100
13706,-1e+100
13707,-1e+100
13709,-38.044286453766674
13710,-38.044286453766674
13711,-38.044286453766674
13712,-38.044286453766674
13714,-28.890182407992395
13715,-26.574620575730133
13716,-34.27053295627427
13717,-32.29009150214354
13718,-1e+100
13719,-1e+100
13720,-38.044286453766674
13744,-30.521051528373686
13745,-24.22018957291902
13746,-30.521051528373686
13747,-24.22018957291902
13748,-16.454275690095933
13749,-17.396304447100764
13750,-16.82083025000759
13751,-14.854450741630979
13752,-10.996436316895362
13753,-14.714613637727718
13759,-35.14414860893214
13760,-35.14414860893214
13761,-35.14414860893214
13762,-35.14414860893214
13763,-35.14414860893214
13764,-35.14414860893214
13765,-35.14414860893214
13766,-35.14414860893214
13767,-35.14414860893214
13768,-35.14414860893214
13769,-35.14414860893214
13770,-35.14414860893214
13771,-1e+100
13772,-1e+100
13773,-1e+100
13774,-1e+100
13775,-1e+100
13776,-1e+100
13777,-1e+100
13778,-1e+100
13779,-1e+100
13780,-1e+100
13781,-1e+100
13782,-1e+100
13783,-26.738880798493923
13784,-26.738880798493923
13801,-1e+100
13802,-1e+100
13803,-31.146961848939107
13804,-22.357818242449788
13863,-9.914782236041566
13864,-9.186878908535961
13865,-10.051173888562744
13866,-8.715320455970176
13867,-32.679290296077696
13868,-31.360577377807083
13869,-31.41505964223112
13870,-30.838601209150987
13871,-28.553975535780197
13872,-28.665600083761287
13873,-28.09614263304529
13874,-27.67539596116507
13875,-28.18178339050816
13876,-23.853183169811054
13877,-24.601474546391422
13878,-23.78943746404673
13879,-22.84355580617221
13880,-33.724586792534
13881,-32.34246868441927
13882,-32.679290296077696
13883,-31.360577377807083
13884,-31.41505964223112
13885,-30.838601209150987
13886,-28.553975535780197
13887,-28.665600083761287
13888,-28.09614263304529
13889,-33.724586792534
13890,-32.34246868441927
13940,-35.34699486548645
13996,-1e+100
13997,-28.069582506672067
13998,-32.85569152169679
13999,-1e+100
14000,-31.55121719220961
14001,-34.69715473680619
14046,-26.485255887837532
14047,-26.485255887837532
14048,-26.485255887837532
14049,-26.485255887837532
14050,-31.77949549151938
14051,-31.77949549151938
14052,-31.77949549151938
14053,-31.77949549151938
14060,-1e+100
14061,-1e+100
14119,-1e+100
14120,-31.69915850223473
14121,-38.07369154101813
14170,-1e+100
14178,-34.85294221056713
14179,-34.85294221056713
14180,-34.85294221056713
14181,-34.85294221056713
14182,-34.85294221056713
14183,-34.67257807092459
14184,-34.67257807092459
14185,-34.67257807092459
14186,-34.67257807092459
14187,-34.67257807092459
14192,-24.430841893327962
14193,-24.430841893327962
14194,-24.430841893327962
14195,-24.430841893327962
14196,-24.430841893327962
14197,-24.430841893327962
14198,-24.430841893327962
14199,-24.430841893327962
14200,-24.430841893327962
14207,-1e+100
14208,-1e+100
14209,-34.34008926726841
14210,-32.73389752829784
14220,-1e+100
14221,-1e+100
14222,-1e+100
14223,-1e+100
14224,-1e+100
14233,-34.786278545179044
14234,-34.786278545179044
14253,-1e+100
14254,-1e+100
14255,-1e+100
14256,-1e+100
14257,-1e+100
14258,-1e+100
14301,-1e+100
14302,-1e+100
14303,-1e+100
14304,-1e+100
14305,-1e+100
14306,-1e+100
14310,-15.847996920207938
14311,-8.770382727799516
14312,-6.588783155568086
14351,-8.963912140414573
14352,-7.9701018905963394
14353,-7.9701018905963394
14354,-7.9701018905963394
14355,-7.9701018905963394
14356,-7.9701018905963394
14357,-7.9701018905963394
14358,-7.9701018905963394
14359,-7.9701018905963394
14360,-7.9701018905963394
14361,-7.9701018905963394
14362,-7.9701018905963394
14363,-7.9701018905963394
14364,-1e+100
14374,-1e+100
14375,-1e+100
14376,-1e+100
14377,-1e+100
14405,-10.16370341291584
14406,-10.159884791805332
14408,-40.09572729739587
14409,-40.09572729739587
14410,-40.09572729739587
14411,-40.09572729739587
14412,-40.09572729739587
14413,-40.09572729739587
14414,-40.09572729739587
14415,-40.09572729739587
14416,-40.09572729739587
14417,-40.09572729739587
14418,-40.09572729739587
14419,-40.09572729739587
14420,-40.09572729739587
14421,-40.09572729739587
14422,-40.09572729739587
14423,-25.96769175985099
14434,-1e+100
14436,-1e+100
14441,-38.72581427127055
14442,-38.72581427127055
14443,-38.72581427127055
14444,-38.72581427127055
14445,-38.72581427127055
14446,-38.72581427127055
14447,-38.72581427127055
14448,-24.925680422831526
14449,-24.925680422831526
14450,-24.925680422831526
14451,-24.925680422831526
14452,-24.925680422831526
14453,-24.925680422831526
14454,-24.925680422831526
14455,-1e+100
14456,-35.321360546367146
14500,-30.772293138115387
14501,-30.772293138115387
14502,-30.772293138115387
14503,-30.772293138115387
14504,-30.02324940188153
14509,-10.72722569380332
14512,-7.573129284443529
14513,-1e+100
14514,-1e+100
14515,-1e+100
14516,-1e+100
14517,-1e+100
14525,-1e+100
14526,-1e+100
14527,-1e+100
14548,-1e+100
14549,-1e+100
14550,-1e+100
14551,-1e+100
14552,-1e+100
14553,-1e+100
14554,-1e+100
14555,-1e+100
14556,-1e+100
14557,-1e+100
14558,-1e+100
14559,-1e+100
14560,-1e+100
14561,-1e+100
14562,-1e+100
14563,-1e+100
14564,-1e+100
14565,-1e+100
14566,-1e+100
14567,-1e+100
14568,-30.40071204915381
14569,-30.40071204915381
14570,-30.40071204915381
14571,-30.40071204915381
14572,-30.40071204915381
14573,-30.40071204915381
14574,-30.40071204915381
14575,-30.40071204915381
14576,-30.40071204915381
14577,-30.40071204915381
14578,-35.850755518369276
14579,-35.850755518369276
14580,-35.850755518369276
14581,-35.850755518369276
14582,-35.850755518369276
14583,-35.850755518369276
14584,-35.850755518369276
14585,-35.850755518369276
14586,-35.850755518369276
14587,-35.850755518369276
14588,-30.5325248219183
14589,-30.5325248219183
14590,-30.5325248219183
14591,-30.5325248219183
14592,-30.5325248219183
14593,-30.5325248219183
14594,-30.5325248219183
14595,-30.5325248219183
14596,-30.5325248219183
14597,-30.5325248219183
14598,-26.371065792523165
14599,-26.371065792523165
14600,-26.371065792523165
14601,-26.371065792523165
14602,-26.371065792523165
14603,-26.371065792523165
14604,-26.371065792523165
14605,-26.371065792523165
14606,-26.371065792523165
14607,-26.371065792523165
14608,-26.19880498835737
14609,-26.19880498835737
14610,-26.19880498835737
14611,-26.19880498835737
14612,-26.19880498835737
14613,-26.19880498835737
14614,-26.19880498835737
14615,-26.19880498835737
14616,-26.19880498835737
14617,-26.19880498835737
14634,-1e+100
14635,-32.84445040684558
14636,-33.87731394056807
14637,-1e+100
14638,-1e+100
14639,-1e+100
14640,-1e+100
14641,-1e+100
14642,-1e+100
14643,-37.71616480643341
14644,-37.720815330621726
14645,-1e+100
14646,-31.0522058460596
14647,-29.04224087043991
14648,-33.87731394056807
14649,-33.87731394056807
14650,-33.87731394056807
14651,-33.87731394056807
14652,-33.87731394056807
14689,-28.52272500950893
14690,-28.52272500950893
14691,-28.52272500950893
14692,-28.52272500950893
14693,-28.52272500950893
14694,-28.52272500950893
14695,-28.52272500950893
14696,-28.52272500950893
14697,-28.52272500950893
14698,-28.52272500950893
14699,-28.52272500950893
14700,-28.52272500950893
14701,-28.52272500950893
14712,-37.98552579353568
14713,-37.98552579353568
14714,-37.98552579353568
14715,-37.98552579353568
14716,-37.98552579353568
14717,-37.98552579353568
14718,-37.98552579353568
14719,-37.98552579353568
14720,-37.98552579353568
14721,-37.98552579353568
14722,-37.98552579353568
14723,-37.98552579353568
14724,-37.98552579353568
14725,-37.98552579353568
14726,-37.98552579353568
14727,-37.98552579353568
14728,-37.98552579353568
14729,-37.98552579353568
14730,-37.98552579353568
14731,-37.98552579353568
14732,-1e+100
14733,-1e+100
14734,-1e+100
14735,-1e+100
14736,-1e+100
14737,-1e+100
14738,-1e+100
14739,-1e+100
14740,-1e+100
14741,-1e+100
14742,-1e+100
14743,-1e+100
14744,-1e+100
14745,-1e+100
14746,-1e+100
14747,-1e+100
14748,-1e+100
14754,-12.90202694655311
14755,-13.796717083696619
14756,-22.239509951848277
14757,-13.751124308487373
14758,-36.33340840585888
14759,-12.90202694655311
14760,-13.796717083696619
14761,-22.239509951848277
14762,-13.751124308487373
14763,-36.33340840585888
14766,-37.643727158347964
14789,-1e+100
14790,-1e+100
14791,-1e+100
14792,-37.471228811000294
14793,-1e+100
14794,-1e+100
14795,-1e+100
14796,-37.471228811000294
14810,-8.878204227182666
14811,-9.472663588198042
14812,-15.388661638876437
14813,-13.46323959349181
14814,-13.66443578244674
14815,-16.037808667816105
14816,-8.878204227182666
14817,-9.472663588198042
14818,-15.388661638876437
14819,-13.46323959349181
14820,-13.66443578244674
14821,-16.037808667816105
14841,-1e+100
14842,-1e+100
14843,-1e+100
14844,-1e+100
14845,-1e+100
14846,-1e+100
14847,-1e+100
14848,-1e+100
14849,-1e+100
14850,-34.306091652794315
14851,-31.824048551163063
14852,-33.49964819960474
14853,-37.01294345749524
14854,-1e+100
14855,-1e+100
14856,-1e+100
14857,-1e+100
14858,-1e+100
14859,-34.306091652794315
14860,-31.824048551163063
14861,-33.49964819960474
14862,-37.01294345749524
14892,-25.778322991855916
14893,-27.894721220595034
14894,-27.233988005353552
14895,-25.778322991855916
14896,-27.894721220595034
14897,-27.233988005353552
14898,-1e+100
14899,-1e+100
14900,-1e+100
14901,-1e+100
14902,-1e+100
14903,-1e+100
14904,-1e+100
14905,-1e+100
14906,-1e+100
14907,-1e+100
14908,-1e+100
14909,-1e+100
14910,-33.90688339127349
14911,-34.24467653348257
14912,-33.54737801130985
14913,-38.219257916244445
14914,-33.90688339127349
14915,-34.24467653348257
14916,-33.54737801130985
14917,-38.219257916244445
14918,-33.90688339127349
14919,-34.24467653348257
14920,-33.54737801130985
14921,-38.219257916244445
14922,-33.90688339127349
14923,-34.24467653348257
14924,-33.54737801130985
14925,-38.219257916244445
14926,-33.90688339127349
14927,-34.24467653348257
14928,-33.54737801130985
14929,-38.219257916244445
14950,-24.756776050434844
14951,-21.337975365705553
14952,-24.756776050434844
14953,-21.337975365705553
14956,-1e+100
14957,-35.31529397653196
14958,-23.731105992064805
14959,-18.782120310901362
14960,-17.470893615374646
14961,-1e+100
14962,-35.31529397653196
14963,-23.731105992064805
14964,-18.782120310901362
14965,-17.470893615374646
14967,-1e+100
14969,-27.478242491267988
14971,-29.928091770419005
14973,-25.91411007243672
15024,-1e+100
15029,-1e+100
15030,-1e+100
15031,-1e+100
15032,-1e+100
15033,-1e+100
15034,-1e+100
15035,-1e+100
15036,-1e+100
15037,-1e+100
15049,-1e+100
15050,-1e+100
15069,-37.29325353403282
15070,-37.30384668300571
15071,-37.29325353403282
15072,-37.30384668300571
15084,-1e+100
15087,-1e+100
15089,-1e+100
15090,-26.59555808927454
15092,-1e+100
15099,-1e+100
15100,-1e+100
15102,-1e+100
15154,-1e+100
15155,-1e+100
15156,-1e+100
15157,-1e+100
15158,-1e+100
15159,-1e+100
15160,-1e+100
15161,-1e+100
15162,-1e+100
15163,-1e+100
15164,-1e+100
15165,-1e+100
15166,-1e+100
15167,-1e+100
15168,-1e+100
15169,-1e+100
15170,-1e+100
15171,-1e+100
15172,-1e+100
15173,-1e+100
15174,-1e+100
15175,-1e+100
15176,-1e+100
15177,-1e+100
15178,-1e+100
15179,-1e+100
15180,-1e+100
15181,-1e+100
15182,-1e+100
15183,-1e+100
15184,-38.33955417637639
15185,-32.19287218558334
15186,-32.566919591578845
15187,-32.566919591578845
15188,-32.566919591578845
15189,-32.566919591578845
15190,-32.1713010294234
15191,-32.1713010294234
15192,-32.1713010294234
15193,-32.1713010294234
15194,-33.46180803277737
15195,-33.46180803277737
15196,-33.46180803277737
15197,-33.46180803277737
15198,-33.72897305344137
15199,-33.72897305344137
15200,-33.72897305344137
15201,-33.72897305344137
15202,-30.993090521004245
15203,-30.993090521004245
15204,-30.993090521004245
15205,-30.993090521004245
15206,-30.77095356753639
15207,-30.77095356753639
15208,-30.77095356753639
15209,-30.77095356753639
15216,-1e+100
15217,-1e+100
15218,-1e+100
15223,-36.9924495695697
15224,-36.9924495695697
15225,-36.9924495695697
15230,-1e+100
15231,-1e+100
15232,-1e+100
15237,-35.09318425793361
15238,-35.09318425793361
15239,-35.09318425793361
15245,-1e+100
15246,-32.32878100369696
15247,-37.20515417228821
15248,-29.639015110295855
15253,-15.551663101625483
15254,-15.551663101625483
15255,-15.551663101625483
15256,-15.551663101625483
15257,-15.551663101625483
15258,-15.551663101625483
15259,-15.551663101625483
15260,-15.551663101625483
15261,-1e+100
15262,-1e+100
15263,-35.70152009485883
15264,-35.70152009485883
15265,-35.70152009485883
15266,-35.70152009485883
15267,-35.70152009485883
15268,-36.156198589815304
15269,-36.156198589815304
15270,-36.156198589815304
15271,-36.156198589815304
15272,-36.156198589815304
15292,-22.264868769260797
15293,-25.03408914058912
15294,-27.626949984321417
15345,-1e+100
15346,-34.609480903239564
15347,-1e+100
15348,-19.925163024348837
15349,-20.644431208327326
15350,-19.02941958435027
15351,-22.133667281776706
15352,-21.97504755324289
15353,-10.289222939752573
15354,-16.028662082732446
15355,-29.18638248631774
15356,-1e+100
15357,-38.952615526277434
15358,-16.567499213015566
15359,-20.119364697655374
15360,-17.167166619693766
15361,-15.835861624578055
15362,-13.544113614535831
15363,-16.502459721291807
15364,-12.986514901004645
15365,-13.476680418154332
15366,-13.151744273315934
15367,-13.53189700508804
15368,-9.45841184850235
15369,-11.82853788435196
15370,-14.153629632839465
15371,-17.00208890551342
15372,-16.850870955403735
15381,-1e+100
15382,-1e+100
15383,-1e+100
15412,-1e+100
15413,-1e+100
15414,-1e+100
15415,-1e+100
15416,-27.328302166420816
15417,-37.60776421840134
15418,-21.393853586848035
15419,-21.393853586848035
15424,-21.592061717023256
15430,-35.06057790229423
15431,-35.06057790229423
15432,-35.06057790229423
15433,-34.378394147306025
15434,-34.378394147306025
15435,-34.378394147306025
15436,-37.20275730240657
15437,-37.20275730240657
15438,-37.20275730240657
15439,-35.750277989345676
15440,-35.750277989345676
15441,-35.750277989345676
15443,-1e+100
15478,-33.78641223203031
15479,-34.74485767596761
15480,-24.811275558463926
15481,-25.441751263720505
15490,-7.4478597885599225
15491,-7.4478597885599225
15492,-7.297276310487
15493,-7.297276310487
15497,-6.015227316288386
15511,-13.945373980873145
15512,-13.945373980873145
15514,-21.184355624759963
15515,-21.184355624759963
15517,-20.57763291077661
15518,-20.57763291077661
15520,-33.54583462780502
15521,-33.54583462780502
15523,-1e+100
15524,-1e+100
15526,-16.26702092391559
15527,-16.26702092391559
15529,-1e+100
15530,-1e+100
15532,-33.271858933513016
15533,-33.271858933513016
15553,-1e+100
15554,-1e+100
15555,-1e+100
15556,-1e+100
15557,-1e+100
15558,-1e+100
15559,-1e+100
15560,-1e+100
15561,-1e+100
15562,-1e+100
15563,-1e+100
15564,-1e+100
15565,-1e+100
15566,-1e+100
15567,-1e+100
15568,-1e+100
15569,-1e+100
15570,-1e+100
15571,-1e+100
15572,-1e+100
15573,-1e+100
15574,-1e+100
15576,-1e+100
15577,-1e+100
15578,-1e+100
15579,-1e+100
15580,-1e+100
15584,-1e+100
15585,-1e+100
15586,-1e+100
15589,-24.725635557740514
15594,-1e+100
15600,-16.66010747311637
15601,-16.66010747311637
15629,-1e+100
15630,-1e+100
15631,-1e+100
15632,-1e+100
15633,-11.248742609155531
15639,-1e+100
15640,-1e+100
15641,-1e+100
15642,-1e+100
15643,-11.248742609155531
15644,-1e+100
15645,-1e+100
15646,-1e+100
15647,-1e+100
15648,-11.248742609155531
15649,-1e+100
15650,-1e+100
15651,-1e+100
15652,-1e+100
15653,-11.248742609155531
15654,-1e+100
15655,-1e+100
15656,-1e+100
15657,-1e+100
15658,-11.248742609155531
15659,-1e+100
15660,-1e+100
15661,-1e+100
15662,-1e+100
15663,-11.248742609155531
15664,-1e+100
15665,-1e+100
15666,-1e+100
15668,-1e+100
15669,-1e+100
15670,-1e+100
15671,-22.65632645598789
15672,-1e+100
15673,-11.248742609155531
15674,-1e+100
15675,-1e+100
15676,-1e+100
15677,-1e+100
15680,-1e+100
15681,-1e+100
15682,-1e+100
15683,-1e+100
15684,-1e+100
15685,-1e+100
15686,-1e+100
15687,-1e+100
15688,-1e+100
15689,-1e+100
15690,-1e+100
15691,-1e+100
15725,-1e+100
15726,-1e+100
15727,-1e+100
15732,-1e+100
15733,-26.851393958166515
15734,-1e+100
15735,-1e+100
15736,-29.568466098926894
15737,-29.568466098926894
15738,-29.568466098926894
15739,-29.568466098926894
15740,-1e+100
15741,-1e+100
15742,-1e+100
15743,-1e+100
15744,-23.176609856779947
15745,-23.176609856779947
15746,-23.176609856779947
15747,-23.176609856779947
15751,-1e+100
15752,-1e+100
15753,-1e+100
15754,-1e+100
15755,-1e+100
15756,-1e+100
15757,-1e+100
15758,-34.81930657218642
15759,-34.81930657218642
15760,-34.81930657218642
15762,-1e+100
15771,-1e+100
15772,-34.950179752329035
15773,-22.47024601094919
15774,-35.593481293244366
15775,-34.950179752329035
15776,-34.950179752329035
15777,-34.950179752329035
15778,-34.950179752329035
15779,-1e+100
15780,-34.950179752329035
15781,-22.47024601094919
15782,-1e+100
15783,-35.593481293244366
15785,-10.043552036736239
15787,-9.83656792432668
15789,-9.703413593107483
15790,-9.83656792432668
15791,-9.83656792432668
15792,-9.83656792432668
15793,-1e+100
15794,-1e+100
15795,-1e+100
15796,-1e+100
15797,-1e+100
15798,-1e+100
15799,-1e+100
15800,-1e+100
15801,-1e+100
15810,-31.671384281065247
15811,-24.67945879367166
15812,-19.209355702673413
15813,-17.385046445723084
15814,-14.537409442020138
15815,-17.385046445723084
15816,-14.537409442020138
15821,-1e+100
15822,-1e+100
15823,-1e+100
15824,-18.844020942536194
15825,-18.844020942536194
15826,-18.844020942536194
15827,-31.516082042954014
15828,-31.516082042954014
15829,-31.516082042954014
15830,-14.058745261277572
15831,-14.058745261277572
15832,-14.058745261277572
15833,-1e+100
15834,-1e+100
15835,-27.352260866670097
15836,-37.29349380813418
15837,-1e+100
15838,-27.352260866670097
15839,-37.29349380813418
15846,-1e+100
15847,-35.767316700676425
15848,-1e+100
15849,-1e+100
15850,-35.767316700676425
15851,-1e+100
15852,-1e+100
15853,-1e+100
15854,-1e+100
15855,-1e+100
15856,-1e+100
15857,-1e+100
15858,-1e+100
15859,-1e+100
15860,-1e+100
15861,-1e+100
15862,-1e+100
15863,-1e+100
15864,-1e+100
15865,-1e+100
15866,-1e+100
15867,-1e+100
15868,-35.767316700676425
15869,-35.767316700676425
15870,-35.767316700676425
15871,-35.767316700676425
15872,-35.767316700676425
15873,-35.767316700676425
15874,-1e+100
15875,-1e+100
15876,-1e+100
15877,-1e+100
15878,-1e+100
15879,-1e+100
15880,-1e+100
15881,-1e+100
15882,-1e+100
15883,-1e+100
15884,-1e+100
15885,-1e+100
15886,-1e+100
15887,-1e+100
15888,-1e+100
15889,-1e+100
15890,-1e+100
15891,-1e+100
15892,-1e+100
15893,-1e+100
15894,-1e+100
15895,-1e+100
15896,-1e+100
15897,-1e+100
15898,-1e+100
15899,-1e+100
15900,-1e+100
15901,-1e+100
15902,-1e+100
15903,-1e+100
15904,-34.171476435525136
15905,-1e+100
15906,-1e+100
15907,-1e+100
15908,-1e+100
15909,-1e+100
15910,-1e+100
15911,-1e+100
15912,-1e+100
15913,-32.25778851033679
15914,-28.74384937369251
15915,-33.25649078459195
15916,-29.493049890225066
15917,-1e+100
15919,-1e+100
15921,-1e+100
15923,-1e+100
15924,-1e+100
15925,-1e+100
15937,-34.49749777848775
15938,-34.49749777848775
15939,-34.11394326207526
15940,-34.11394326207526
15941,-29.885017846856737
15942,-29.885017846856737
15943,-29.885017846856737
15944,-29.885017846856737
15945,-21.179495463725942
15946,-25.92880236503981
15947,-22.888650702881677
15948,-1e+100
15949,-21.179495463725942
15950,-25.92880236503981
15951,-22.888650702881677
15952,-1e+100
15957,-1e+100
15958,-36.51096526209361
15959,-1e+100
15960,-1e+100
15961,-1e+100
15967,-37.49406369153165
15968,-1e+100
15969,-1e+100
15973,-1e+100
15974,-1e+100
15975,-1e+100
15976,-1e+100
15977,-1e+100
15978,-35.41283954612247
15979,-1e+100
15980,-31.14499144815959
15981,-1e+100
15982,-31.14499144815959
15983,-1e+100
15984,-1e+100
15985,-1e+100
15986,-1e+100
15987,-31.14499144815959
15988,-31.14499144815959
15989,-31.14499144815959
15990,-31.14499144815959
15991,-1e+100
15992,-1e+100
15993,-37.205821235244734
15994,-29.509871118201758
15995,-29.350944698050828
15996,-29.509871118201758
15997,-29.350944698050828
15998,-30.679609953143473
16000,-30.679609953143473
16001,-1e+100
16002,-1e+100
16003,-1e+100
16004,-31.231544472467288
16005,-1e+100
16006,-37.84763881627837
16007,-1e+100
16011,-1e+100
16012,-1e+100
16013,-28.131710554528606
16014,-27.24519374199819
16015,-1e+100
16016,-1e+100
16017,-28.131710554528606
16018,-27.24519374199819
16019,-1e+100
16020,-1e+100
16021,-28.131710554528606
16022,-27.24519374199819
16023,-25.82031576808445
16024,-23.206689570980807
16025,-23.545455854808843
16026,-25.82031576808445
16027,-23.206689570980807
16028,-23.545455854808843
16029,-1e+100
16030,-31.026333017953046
16031,-35.96506100963194
16032,-31.026333017953046
16033,-35.96506100963194
16034,-31.026333017953046
16035,-35.96506100963194
16040,-29.14563612016764
16041,-29.630704240522668
16044,-1e+100
16045,-34.97762436016177
16046,-28.58278215003696
16047,-23.170276671893273
16048,-23.193980326410294
16051,-1e+100
16052,-1e+100
16053,-1e+100
16057,-26.81960015078384
16058,-29.545960667810153
16059,-27.578357836547884
16060,-28.97388612502187
16061,-27.578357836547884
16062,-28.97388612502187
16063,-27.578357836547884
16064,-28.97388612502187
16065,-1e+100
16066,-1e+100
16067,-1e+100
16068,-1e+100
16073,-1e+100
16074,-1e+100
16075,-1e+100
16076,-1e+100
16077,-1e+100
16078,-33.090030827884775
16079,-34.388521187266335
16080,-25.93404313939399
16081,-37.23873529146583
16082,-33.20587708865111
16083,-28.65746048473711
16084,-1e+100
16085,-24.62597246995453
16086,-37.23873529146583
16087,-33.20587708865111
16088,-28.65746048473711
16089,-1e+100
16090,-24.62597246995453
16091,-37.23873529146583
16092,-33.20587708865111
16093,-28.65746048473711
16094,-1e+100
16095,-24.62597246995453
16096,-37.23873529146583
16097,-33.20587708865111
16098,-28.65746048473711
16099,-1e+100
16100,-24.62597246995453
16101,-37.23873529146583
16102,-33.20587708865111
16103,-28.65746048473711
16104,-1e+100
16105,-24.62597246995453
16106,-29.36209705692915
16107,-29.36209705692915
16108,-29.36209705692915
16109,-29.36209705692915
16110,-29.36209705692915
16111,-29.177435961101622
16112,-29.177435961101622
16113,-29.177435961101622
16114,-29.177435961101622
16115,-29.177435961101622
16116,-1e+100
16117,-30.634170431596253
16118,-1e+100
16119,-30.064768850441155
16123,-34.37475892544678
16124,-33.893210170716955
16127,-34.37475892544678
16128,-33.893210170716955
16134,-1e+100
16135,-1e+100
16136,-1e+100
16137,-1e+100
16142,-1e+100
16143,-1e+100
16144,-1e+100
16145,-1e+100
16146,-1e+100
16147,-1e+100
16148,-1e+100
16149,-1e+100
16150,-1e+100
16151,-1e+100
16152,-33.690366258144614
16153,-33.690366258144614
16154,-33.690366258144614
16155,-1e+100
16169,-33.47818700254207
16170,-33.47818700254207
16171,-33.47818700254207
16172,-33.47818700254207
16173,-35.60013771381554
16174,-35.60013771381554
16175,-35.60013771381554
16176,-35.60013771381554
16177,-27.831179065848083
16178,-27.831179065848083
16179,-27.831179065848083
16180,-27.831179065848083
16181,-1e+100
16182,-1e+100
16183,-1e+100
16184,-1e+100
16185,-1e+100
16186,-1e+100
16196,-1e+100
16197,-1e+100
16199,-1e+100
16200,-1e+100
16201,-1e+100
16202,-1e+100
16203,-1e+100
16204,-1e+100
16205,-1e+100
16206,-1e+100
16207,-1e+100
16208,-1e+100
16209,-1e+100
16210,-1e+100
16211,-29.738309615051627
16212,-29.738309615051627
16213,-29.738309615051627
16214,-29.738309615051627
16215,-29.738309615051627
16216,-29.738309615051627
16217,-29.738309615051627
16218,-29.738309615051627
16219,-29.738309615051627
16220,-29.738309615051627
16221,-29.738309615051627
16222,-29.738309615051627
16223,-29.738309615051627
16224,-29.738309615051627
16225,-29.738309615051627
16226,-29.738309615051627
16227,-29.738309615051627
16228,-29.738309615051627
16229,-29.738309615051627
16230,-29.738309615051627
16231,-29.738309615051627
16232,-29.738309615051627
16233,-29.738309615051627
16234,-29.738309615051627
16235,-29.738309615051627
16236,-29.738309615051627
16237,-29.738309615051627
16238,-29.738309615051627
16239,-29.738309615051627
16240,-29.738309615051627
16241,-29.738309615051627
16242,-29.738309615051627
16243,-29.738309615051627
16244,-29.738309615051627
16245,-29.738309615051627
16246,-29.738309615051627
16247,-29.738309615051627
16248,-29.738309615051627
16249,-29.738309615051627
16250,-29.738309615051627
16251,-29.738309615051627
16252,-29.738309615051627
16253,-29.738309615051627
16254,-29.738309615051627
16255,-29.738309615051627
16256,-29.738309615051627
16257,-29.738309615051627
16258,-29.738309615051627
16259,-29.738309615051627
16260,-29.738309615051627
16261,-29.738309615051627
16262,-29.738309615051627
16263,-29.738309615051627
16264,-29.738309615051627
16265,-29.738309615051627
16266,-29.738309615051627
16267,-29.738309615051627
16268,-29.738309615051627
16269,-29.738309615051627
16270,-29.738309615051627
16271,-29.738309615051627
16272,-29.738309615051627
16273,-29.738309615051627
16274,-29.738309615051627
16275,-29.738309615051627
16276,-29.738309615051627
16277,-29.738309615051627
16278,-29.738309615051627
16279,-29.738309615051627
16280,-29.738309615051627
16281,-29.738309615051627
16282,-29.738309615051627
16283,-29.738309615051627
16284,-29.738309615051627
16285,-29.738309615051627
16286,-29.738309615051627
16287,-29.738309615051627
16288,-29.738309615051627
16289,-29.738309615051627
16290,-29.738309615051627
16291,-29.738309615051627
16292,-29.738309615051627
16293,-29.738309615051627
16294,-29.738309615051627
16295,-29.738309615051627
16296,-29.738309615051627
16297,-29.738309615051627
16298,-29.738309615051627
16299,-29.738309615051627
16300,-29.738309615051627
16301,-29.738309615051627
16302,-29.738309615051627
16303,-29.738309615051627
16304,-29.738309615051627
16305,-29.738309615051627
16306,-29.738309615051627
16307,-29.738309615051627
16308,-29.738309615051627
16309,-29.738309615051627
16310,-29.738309615051627
16311,-29.738309615051627
16312,-29.738309615051627
16313,-29.738309615051627
16314,-29.738309615051627
16315,-29.738309615051627
16316,-29.738309615051627
16317,-29.738309615051627
16318,-29.738309615051627
16319,-29.738309615051627
16320,-29.738309615051627
16321,-29.738309615051627
16322,-29.738309615051627
16323,-29.738309615051627
16324,-29.738309615051627
16325,-29.738309615051627
16326,-29.738309615051627
16327,-29.738309615051627
16328,-29.738309615051627
16329,-29.738309615051627
16330,-29.738309615051627
16331,-29.738309615051627
16332,-29.738309615051627
16333,-29.738309615051627
16334,-29.738309615051627
16335,-29.738309615051627
16336,-29.738309615051627
16337,-29.738309615051627
16338,-29.738309615051627
16339,-29.738309615051627
16340,-29.738309615051627
16341,-29.738309615051627
16342,-29.738309615051627
16343,-29.738309615051627
16344,-29.738309615051627
16345,-29.738309615051627
16346,-29.738309615051627
16347,-29.738309615051627
16348,-29.738309615051627
16349,-29.738309615051627
16350,-29.738309615051627
16351,-29.738309615051627
16352,-29.738309615051627
16353,-29.738309615051627
16354,-29.738309615051627
16355,-29.738309615051627
16356,-29.738309615051627
16357,-29.738309615051627
16358,-29.738309615051627
16359,-29.738309615051627
16360,-29.738309615051627
16361,-29.738309615051627
16362,-29.738309615051627
16363,-29.738309615051627
16364,-29.738309615051627
16365,-29.738309615051627
16366,-29.738309615051627
16367,-29.738309615051627
16368,-29.738309615051627
16369,-29.738309615051627
16370,-29.738309615051627
16371,-29.738309615051627
16372,-29.738309615051627
16373,-29.738309615051627
16374,-29.738309615051627
16375,-29.738309615051627
16376,-29.738309615051627
16377,-29.738309615051627
16378,-29.738309615051627
16379,-29.738309615051627
16380,-29.738309615051627
16381,-29.738309615051627
16382,-29.738309615051627
16383,-29.738309615051627
16384,-29.738309615051627
16385,-29.738309615051627
16386,-29.738309615051627
16387,-29.738309615051627
16388,-29.738309615051627
16389,-29.738309615051627
16390,-29.738309615051627
16391,-29.738309615051627
16392,-29.738309615051627
16393,-29.738309615051627
16394,-29.738309615051627
16395,-29.738309615051627
16396,-29.738309615051627
16397,-29.738309615051627
16398,-29.738309615051627
16399,-29.738309615051627
16400,-29.738309615051627
16401,-29.738309615051627
16402,-29.738309615051627
16403,-29.738309615051627
16404,-29.738309615051627
16405,-29.738309615051627
16406,-29.738309615051627
16407,-29.738309615051627
16408,-29.738309615051627
16409,-29.738309615051627
16410,-29.738309615051627
16411,-29.738309615051627
16412,-29.738309615051627
16413,-29.738309615051627
16414,-29.738309615051627
16415,-29.738309615051627
16416,-29.738309615051627
16417,-29.738309615051627
16418,-29.738309615051627
16419,-29.738309615051627
16420,-29.738309615051627
16421,-29.738309615051627
16422,-29.738309615051627
16423,-29.738309615051627
16424,-29.738309615051627
16425,-29.738309615051627
16426,-29.738309615051627
16427,-29.738309615051627
16428,-29.738309615051627
16429,-29.738309615051627
16430,-29.738309615051627
16431,-29.738309615051627
16432,-29.738309615051627
16433,-29.738309615051627
16434,-29.738309615051627
16435,-29.738309615051627
16436,-29.738309615051627
16437,-29.738309615051627
16438,-29.738309615051627
16439,-29.738309615051627
16440,-29.738309615051627
16441,-29.738309615051627
16442,-29.738309615051627
16443,-29.738309615051627
16444,-29.738309615051627
16445,-29.738309615051627
16446,-29.738309615051627
16447,-29.738309615051627
16448,-29.738309615051627
16449,-29.738309615051627
16450,-29.738309615051627
16451,-29.738309615051627
16452,-29.738309615051627
16453,-29.738309615051627
16454,-29.738309615051627
16455,-29.738309615051627
16456,-29.738309615051627
16457,-29.738309615051627
16458,-29.738309615051627
16459,-29.738309615051627
16460,-29.738309615051627
16461,-29.738309615051627
16462,-29.738309615051627
16463,-29.738309615051627
16464,-29.738309615051627
16465,-29.738309615051627
16466,-29.738309615051627
16467,-29.738309615051627
16468,-29.738309615051627
16469,-29.738309615051627
16470,-29.738309615051627
16471,-29.738309615051627
16472,-29.738309615051627
16473,-29.738309615051627
16474,-29.738309615051627
16475,-29.738309615051627
16476,-29.738309615051627
16477,-29.738309615051627
16478,-29.738309615051627
16479,-29.738309615051627
16480,-29.738309615051627
16481,-29.738309615051627
16482,-29.738309615051627
16483,-29.738309615051627
16484,-29.738309615051627
16485,-29.738309615051627
16486,-29.738309615051627
16487,-29.738309615051627
16488,-29.738309615051627
16489,-29.738309615051627
16490,-29.738309615051627
16491,-29.738309615051627
16492,-29.738309615051627
16493,-29.738309615051627
16494,-29.738309615051627
16495,-29.738309615051627
16496,-29.738309615051627
16497,-29.738309615051627
16498,-29.738309615051627
16499,-29.738309615051627
16500,-29.738309615051627
16501,-29.738309615051627
16502,-29.738309615051627
16503,-29.738309615051627
16504,-29.738309615051627
16505,-29.738309615051627
16506,-29.738309615051627
16507,-29.738309615051627
16508,-29.738309615051627
16509,-29.738309615051627
16510,-29.738309615051627
16511,-29.738309615051627
16512,-29.738309615051627
16513,-29.738309615051627
16514,-29.738309615051627
16515,-29.738309615051627
16516,-29.738309615051627
16517,-29.738309615051627
16518,-29.738309615051627
16519,-29.738309615051627
16520,-29.738309615051627
16521,-29.738309615051627
16522,-29.738309615051627
16523,-29.738309615051627
16524,-29.738309615051627
16525,-29.738309615051627
16526,-29.738309615051627
16527,-29.738309615051627
16528,-29.738309615051627
16529,-29.738309615051627
16530,-29.738309615051627
16531,-29.738309615051627
16532,-29.738309615051627
16533,-29.738309615051627
16534,-29.738309615051627
16535,-29.738309615051627
16536,-29.738309615051627
16537,-29.738309615051627
16538,-29.738309615051627
16539,-29.738309615051627
16540,-29.738309615051627
16541,-29.738309615051627
16542,-29.738309615051627
16543,-29.738309615051627
16544,-29.738309615051627
16545,-29.738309615051627
16547,-23.27631639867123
16568,-20.0197554432917
16569,-17.173837572000995
16570,-12.498353050864724
16571,-12.674064018745083
16572,-13.516639809159196
16573,-11.954847214501033
16574,-10.925840027716568
16601,-27.33966093593468
16615,-36.0041953123156
16616,-32.592837034204635
16617,-1e+100
16618,-35.84820395329981
16620,-26.54250634433778
16621,-17.87309787036854
16622,-11.714990062999817
16623,-14.229356852902587
16625,-8.801500641675707
16644,-13.577637442112591
16645,-35.96903779613463
16646,-32.63684456123942
16647,-27.353752594452157
16648,-18.720557199374547
16652,-16.862094060551527
16661,-34.27049076785149
16662,-34.27049076785149
16663,-34.27049076785149
16664,-34.27049076785149
16665,-34.27049076785149
16666,-34.27049076785149
16667,-34.27049076785149
16668,-34.27049076785149
16669,-34.27049076785149
16670,-31.258321920614694
16671,-31.258321920614694
16672,-31.258321920614694
16673,-31.258321920614694
16674,-31.258321920614694
16675,-31.258321920614694
16676,-31.258321920614694
16677,-31.258321920614694
16678,-31.258321920614694
16700,-1e+100
16701,-1e+100
16702,-1e+100
16703,-1e+100
16704,-1e+100
16705,-1e+100
16706,-1e+100
16707,-1e+100
16708,-30.869210646285868
16709,-30.869210646285868
16710,-30.869210646285868
16711,-30.869210646285868
16712,-30.869210646285868
16713,-30.869210646285868
16714,-30.869210646285868
16715,-30.869210646285868
16716,-30.869210646285868
16717,-30.869210646285868
16718,-30.869210646285868
16719,-30.869210646285868
16720,-30.869210646285868
16721,-30.869210646285868
16722,-30.869210646285868
16723,-28.037953431033102
16724,-28.037953431033102
16725,-28.037953431033102
16726,-28.037953431033102
16727,-28.037953431033102
16728,-28.037953431033102
16729,-28.037953431033102
16730,-28.037953431033102
16731,-28.037953431033102
16732,-28.037953431033102
16733,-28.037953431033102
16734,-28.037953431033102
16735,-28.037953431033102
16736,-28.037953431033102
16737,-28.037953431033102
16738,-26.137596817632808
16739,-26.137596817632808
16740,-26.137596817632808
16741,-26.137596817632808
16742,-26.137596817632808
16743,-26.137596817632808
16744,-26.137596817632808
16745,-26.137596817632808
16746,-26.137596817632808
16747,-26.137596817632808
16748,-26.137596817632808
16749,-26.137596817632808
16750,-26.137596817632808
16751,-26.137596817632808
16752,-26.137596817632808
16753,-30.264863229455113
16754,-30.264863229455113
16755,-30.264863229455113
16756,-30.264863229455113
16757,-30.264863229455113
16758,-30.264863229455113
16759,-30.264863229455113
16760,-30.264863229455113
16761,-30.264863229455113
16762,-30.264863229455113
16763,-30.264863229455113
16764,-30.264863229455113
16765,-30.264863229455113
16766,-30.264863229455113
16767,-30.264863229455113
16768,-25.50936774658746
16769,-25.50936774658746
16770,-25.50936774658746
16771,-25.50936774658746
16772,-25.50936774658746
16773,-25.50936774658746
16774,-25.50936774658746
16775,-25.50936774658746
16776,-25.50936774658746
16777,-25.50936774658746
16778,-28.721681994421715
16779,-28.721681994421715
16780,-28.721681994421715
16781,-28.721681994421715
16782,-22.026908463236264
16783,-22.026908463236264
16784,-22.026908463236264
16785,-22.026908463236264
16786,-24.088742089166587
16787,-24.088742089166587
16788,-24.088742089166587
16789,-24.088742089166587
16801,-26.996036593000948
16802,-27.58507663242153
16803,-29.109129598652444
16811,-1e+100
16812,-25.44089791134678
16813,-1e+100
16814,-25.44089791134678
16853,-39.38231712959069
16854,-39.38231712959069
16855,-39.38231712959069
16856,-39.38231712959069
16857,-39.38231712959069
16858,-39.38231712959069
16859,-39.38231712959069
16860,-39.38231712959069
16861,-39.38231712959069
16862,-39.38231712959069
16863,-39.38231712959069
16864,-39.38231712959069
16865,-17.168927724197033
16866,-29.768502970455817
16867,-1e+100
16868,-1e+100
16869,-1e+100
16870,-1e+100
16871,-1e+100
16872,-1e+100
16873,-4.28076404126559
16874,-3.5105884322272747
16875,-4.230734404781858
16876,-1e+100
16878,-1e+100
16879,-1e+100
16893,-1e+100
16906,-1e+100
16908,-1e+100
16972,-3.4490861694417845
16973,-3.4490861694417845
16974,-1e+100
16975,-1e+100
16976,-35.968449703378106
16977,-36.27952438304281
16978,-26.281266441453507
16979,-1e+100
16980,-38.3104075175268
16981,-37.45456392207158
16982,-37.27533242915251
16983,-1e+100
16984,-1e+100
16985,-35.968449703378106
16986,-36.27952438304281
16987,-26.281266441453507
16988,-1e+100
16989,-38.3104075175268
16990,-37.45456392207158
16991,-37.27533242915251
16992,-1e+100
16993,-23.729160460310464
16994,-1e+100
16995,-17.916666731648654
16996,-1e+100
16997,-25.434602743178644
16998,-1e+100
16999,-22.313889812832652
17000,-21.52301719073975
17001,-30.360638863496057
17002,-1e+100
17003,-1e+100
17004,-26.709803203117165
17005,-1e+100
17006,-1e+100
17007,-10.708592328604038
17008,-1e+100
17009,-22.762793796407575
17010,-24.834873461500436
17011,-38.68570054604513
17012,-1e+100
17013,-25.602111935484043
17014,-1e+100
17015,-33.72352437432023
17016,-32.757214740659045
17017,-1e+100
17018,-26.31070818853992
17019,-38.54700939358554
17022,-29.050341928446553
17023,-31.011034261030066
17030,-1e+100
17031,-1e+100
17032,-1e+100
17033,-1e+100
17034,-1e+100
17035,-1e+100
17044,-33.124473707122995
17045,-32.07997282181333
17046,-34.53025146951769
17047,-31.93278061718814
17048,-29.491772529193543
17049,-29.255144306670456
17050,-25.375467890412455
17051,-30.631573626464007
17052,-29.255144306670456
17053,-29.255144306670456
17054,-29.255144306670456
17055,-29.255144306670456
17056,-29.255144306670456
17057,-25.375467890412455
17058,-25.375467890412455
17059,-25.375467890412455
17060,-25.375467890412455
17061,-25.375467890412455
17070,-1e+100
17085,-1e+100
17091,-1e+100
17092,-30.040549433335247
17093,-1e+100
17096,-1e+100
17098,-1e+100
17099,-1e+100
17100,-1e+100
17101,-1e+100
17106,-1e+100
17107,-1e+100
17108,-1e+100
17131,-1e+100
17132,-1e+100
17141,-34.2175462852161
17142,-32.277008870629444
17143,-28.923879162384715
17144,-34.64503084631053
17145,-28.730274446341664
17157,-30.66558060415842
17158,-1e+100
17159,-28.921803249395694
17160,-1e+100
17161,-1e+100
17162,-24.36825162509677
17163,-31.51027315758077
17164,-1e+100
17165,-1e+100
17166,-24.39660818163035
17167,-26.306927898891225
17168,-1e+100
17169,-1e+100
17170,-1e+100
17171,-1e+100
17172,-1e+100
17173,-1e+100
17174,-1e+100
17175,-1e+100
17176,-1e+100
17177,-1e+100
17178,-1e+100
17179,-1e+100
17180,-1e+100
17181,-1e+100
17182,-1e+100
17183,-1e+100
17184,-1e+100
17185,-1e+100
17186,-1e+100
17187,-1e+100
17188,-1e+100
17189,-1e+100
17190,-1e+100
17191,-1e+100
17192,-1e+100
17193,-1e+100
17194,-1e+100
17195,-1e+100
17196,-1e+100
17197,-1e+100
17198,-1e+100
17199,-1e+100
17200,-1e+100
17201,-1e+100
17202,-1e+100
17203,-1e+100
17204,-1e+100
17205,-1e+100
17206,-1e+100
17207,-1e+100
17208,-1e+100
17209,-1e+100
17210,-1e+100
17211,-1e+100
17212,-1e+100
17213,-1e+100
17214,-1e+100
17215,-1e+100
17216,-1e+100
17217,-1e+100
17218,-1e+100
17219,-1e+100
17220,-1e+100
17221,-1e+100
17222,-1e+100
17223,-1e+100
17224,-1e+100
17225,-1e+100
17226,-1e+100
17227,-1e+100
17228,-1e+100
17229,-1e+100
17230,-1e+100
17231,-1e+100
17232,-1e+100
17233,-1e+100
17234,-1e+100
17235,-1e+100
17236,-1e+100
17237,-1e+100
17238,-1e+100
17239,-1e+100
17240,-1e+100
17241,-1e+100
17242,-1e+100
17243,-1e+100
17244,-1e+100
17245,-1e+100
17246,-1e+100
17247,-1e+100
17248,-1e+100
17249,-1e+100
17250,-1e+100
17251,-1e+100
17259,-1e+100
17274,-1e+100
17275,-1e+100
17276,-1e+100
17277,-33.648391791076875
17278,-1e+100
17279,-1e+100
17280,-1e+100
17288,-35.193875033050055
17289,-34.86448387723945
17290,-34.96425934895674
17291,-35.193875033050055
17292,-34.86448387723945
17293,-34.96425934895674
17294,-35.193875033050055
17295,-34.86448387723945
17296,-34.96425934895674
17297,-11.609488482974864
17298,-27.024468599323495
17299,-10.247650952966453
17300,-8.227979447584332
17301,-11.609488482974864
17302,-27.024468599323495
17303,-10.247650952966453
17304,-8.227979447584332
17305,-18.07649088460875
17306,-16.940055854617896
17307,-16.940055854617896
17318,-25.87148554335586
17319,-21.01654295710853
17320,-20.04741450545553
17331,-31.70475697726618
17332,-1e+100
17333,-19.771518984798874
17334,-1e+100
17335,-20.13445359947292
17336,-37.241867856829735
17365,-35.757264149976294
17366,-36.48900542359163
17367,-31.92039627345673
17368,-1e+100
17369,-31.269199832694277
17370,-29.93616135332723
17371,-32.40538277976435
17372,-37.39783259981152
17373,-1e+100
17374,-1e+100
17375,-36.840041666706455
17376,-34.38255446182786
17377,-33.444559793702815
17378,-28.88517697824636
17379,-32.101242189988
17380,-30.99355060769803
17381,-25.897013856945584
17382,-26.767201985098346
17383,-27.160067241881066
17384,-22.21871207201211
17385,-24.338217484481167
17406,-1e+100
17407,-3.4550047862528324
17411,-36.10910215047814
17412,-36.10910215047814
17413,-14.400764098453497
17414,-14.38783169825441
17415,-10.988988636892692
17416,-13.472069489450192
17417,-13.11655636599858
17418,-9.908818932079916
17419,-18.253140095896516
17424,-15.418694328438722
17425,-24.86976389045406
17426,-24.86976389045406
17427,-14.178921908326133
17464,-24.047412346370955
17465,-24.047412346370955
17466,-20.880131228221845
17467,-20.880131228221845
17474,-31.339762783861975
17544,-1e+100
17545,-1e+100
17546,-1e+100
17605,-21.192812370474904
17606,-10.35463721304112
17607,-34.93211230623316
17608,-13.102894835214544
17609,-8.427981075795705
17644,-1e+100
17645,-1e+100
17646,-1e+100
17647,-1e+100
17648,-1e+100
17674,-10.83991603269817
17675,-9.623175286431128
17695,-12.579128372249622
17696,-12.579128372249622
17698,-31.547204646560722
17699,-31.547204646560722
17700,-31.547204646560722
17702,-30.424585555110166
17703,-30.424585555110166
17704,-30.424585555110166
17706,-1e+100
17707,-1e+100
17709,-29.187872088127012
17710,-29.187872088127012
17711,-29.187872088127012
17870,-9.77209830324295
17871,-8.433587927329379
17898,-1e+100
17899,-18.623093075557996
17900,-18.544980998358387
17901,-13.3961241838088
17902,-1e+100
17903,-18.623093075557996
17904,-18.544980998358387
17905,-13.3961241838088
17906,-1e+100
17907,-18.623093075557996
17908,-18.544980998358387
17909,-13.3961241838088
17910,-1e+100
17911,-18.623093075557996
17912,-18.544980998358387
17913,-13.3961241838088
17914,-1e+100
17915,-18.623093075557996
17916,-18.544980998358387
17917,-13.3961241838088
17918,-36.42671509224336
17919,-36.80629184179403
17920,-32.843781906080025
17921,-33.66752837753227
17922,-28.389988946103355
17923,-28.198439808416943
17998,-1e+100
17999,-1e+100
18000,-1e+100
18001,-1e+100
18002,-1e+100
18003,-1e+100
18004,-1e+100
18005,-1e+100
18006,-1e+100
18007,-1e+100
18008,-1e+100
18009,-1e+100
18010,-1e+100
18011,-1e+100
18012,-1e+100
18013,-1e+100
18014,-1e+100
18015,-1e+100
18016,-1e+100
18017,-1e+100
18018,-1e+100
18019,-1e+100
18020,-1e+100
18021,-1e+100
18022,-1e+100
18023,-1e+100
18024,-1e+100
18025,-1e+100
18026,-1e+100
18027,-1e+100
18028,-1e+100
18029,-1e+100
18030,-1e+100
18031,-1e+100
18032,-1e+100
18033,-1e+100
18034,-1e+100
18035,-1e+100
18036,-1e+100
18037,-1e+100
18050,-1e+100
18051,-1e+100
18052,-1e+100
18083,-1e+100
18084,-1e+100
18086,-1e+100
18087,-1e+100
18088,-1e+100
18094,-1e+100
18095,-1e+100
18097,-1e+100
18193,-1e+100
18194,-1e+100
18195,-1e+100
18196,-1e+100
18197,-1e+100
18198,-1e+100
18199,-1e+100
18200,-1e+100
18202,-1e+100
18203,-1e+100
18204,-1e+100
18205,-1e+100
18206,-1e+100
18208,-1e+100
18209,-1e+100
18210,-1e+100
18211,-1e+100
18212,-1e+100
18214,-1e+100
18215,-1e+100
18216,-1e+100
18217,-34.66218885986565
18218,-34.66218885986565
18220,-34.66218885986565
18221,-34.66218885986565
18222,-34.66218885986565
18223,-36.91740426188986
18224,-36.91740426188986
18226,-36.91740426188986
18227,-36.91740426188986
18228,-36.91740426188986
18229,-1e+100
18230,-1e+100
18232,-1e+100
18233,-1e+100
18234,-1e+100
18235,-1e+100
18236,-1e+100
18238,-1e+100
18239,-1e+100
18240,-1e+100
18241,-30.544217354433652
18242,-30.544217354433652
18244,-30.544217354433652
18245,-30.544217354433652
18246,-30.544217354433652
18247,-26.064554017529268
18248,-26.064554017529268
18250,-26.064554017529268
18251,-26.064554017529268
18252,-26.064554017529268
18253,-24.92333551474015
18254,-24.92333551474015
18256,-24.92333551474015
18257,-24.92333551474015
18258,-24.92333551474015
18259,-24.85148416126689
18260,-24.85148416126689
18262,-24.85148416126689
18263,-24.85148416126689
18264,-24.85148416126689
18265,-1e+100
18266,-1e+100
18267,-1e+100
18268,-1e+100
18269,-34.66218885986565
18270,-36.91740426188986
18271,-1e+100
18272,-1e+100
18273,-30.544217354433652
18274,-26.064554017529268
18275,-24.92333551474015
18276,-24.85148416126689
18300,-1e+100
18301,-32.37273109308046
18302,-30.625815089206075
18303,-1e+100
18304,-31.88220816859987
18305,-29.249085464486136
18306,-30.037468720818694
18307,-27.597214018560663
18308,-26.8503524281917
18309,-24.734824942801712
18310,-24.22270688489449
18311,-22.39978649774602
18312,-22.014235890973975
18313,-20.556762693838
18314,-11.396593534355622
18315,-10.894770203382116
18316,-17.776469351334274
18317,-31.88220816859987
18318,-29.249085464486136
18319,-30.037468720818694
18320,-27.597214018560663
18321,-26.8503524281917
18322,-24.734824942801712
18323,-24.22270688489449
18324,-22.39978649774602
18325,-22.014235890973975
18326,-20.556762693838
18327,-11.396593534355622
18328,-10.894770203382116
18329,-17.776469351334274
18363,-1e+100
18364,-1e+100
18365,-1e+100
18366,-34.457237864762526
18367,-34.457237864762526
18368,-34.457237864762526
18369,-1e+100
18370,-34.457237864762526
18372,-1e+100
18382,-1e+100
18392,-1e+100
18402,-1e+100
18411,-1e+100
18414,-1e+100
18415,-1e+100
18416,-1e+100
18417,-1e+100
18418,-1e+100
18419,-1e+100
18420,-1e+100
18421,-1e+100
18422,-1e+100
18425,-33.60679642333796
18432,-30.71443365187389
18433,-1e+100
18434,-1e+100
18435,-1e+100
18436,-34.86358123161141
18437,-32.68250818236374
18438,-28.344161077398216
18439,-20.032847878124443
18440,-30.71443365187389
18441,-1e+100
18442,-33.60679642333796
18443,-1e+100
18444,-1e+100
18445,-34.86358123161141
18446,-20.032847878124443
18447,-30.71443365187389
18448,-1e+100
18449,-33.60679642333796
18450,-32.68250818236374
18451,-28.344161077398216
18452,-30.71443365187389
18453,-1e+100
18454,-33.60679642333796
18455,-1e+100
18456,-1e+100
18457,-34.86358123161141
18458,-32.68250818236374
18459,-28.344161077398216
18460,-20.032847878124443
18461,-30.71443365187389
18462,-1e+100
18463,-33.60679642333796
18464,-1e+100
18465,-1e+100
18466,-34.86358123161141
18467,-32.68250818236374
18468,-28.344161077398216
18469,-20.032847878124443
18470,-30.71443365187389
18471,-1e+100
18472,-30.71443365187389
18473,-1e+100
18474,-33.60679642333796
18490,-27.491146792472254
18491,-1e+100
18492,-1e+100
18493,-26.628581573803316
18518,-33.462769405450956
18528,-29.785568618623145
18548,-1e+100
18549,-1e+100
18550,-1e+100
18551,-1e+100
18552,-1e+100
18553,-1e+100
18554,-1e+100
18555,-1e+100
18564,-1e+100
18565,-1e+100
18566,-1e+100
18567,-1e+100
18568,-1e+100
18569,-1e+100
18570,-1e+100
18571,-1e+100
18611,-1e+100
18612,-26.102139824246056
18614,-21.468830149382043
18615,-16.170961147125727
18616,-1e+100
18619,-27.513579637528395
18621,-29.204671018206174
18622,-32.657799721221444
18624,-34.36975714691132
18628,-34.86939372156649
18630,-35.82975636587218
18649,-1e+100
18650,-1e+100
18651,-1e+100
18652,-1e+100
18654,-1e+100
18655,-1e+100
18660,-1e+100
18661,-1e+100
18668,-1e+100
18697,-12.733027411376817
18699,-6.5827898320380305
18700,-6.5827898320380305
18701,-6.5827898320380305
18702,-6.224622892296778
18703,-6.224622892296778
18704,-6.224622892296778
18705,-6.233821476985062
18706,-6.233821476985062
18707,-6.233821476985062
18708,-12.733027411376817
18709,-12.733027411376817
18710,-12.733027411376817
18711,-16.062807064798488
18712,-13.227646543333353
18713,-16.156593771304102
18714,-13.340846817149146
18715,-12.61593305123367
18716,-16.156593771304102
18717,-16.156593771304102
18718,-16.156593771304102
18719,-16.156593771304102
18721,-16.156593771304102
18723,-16.062807064798488
18724,-16.062807064798488
18725,-13.340846817149146
18726,-13.340846817149146
18727,-12.61593305123367
18728,-12.61593305123367
18747,-1e+100
18748,-1e+100
18749,-1e+100
18750,-1e+100
18751,-1e+100
18752,-1e+100
18777,-29.523129668061834
18778,-29.523129668061834
18779,-29.523129668061834
18780,-29.523129668061834
18782,-29.523129668061834
18783,-26.99323860924476
18784,-26.99323860924476
18785,-26.99323860924476
18786,-26.99323860924476
18788,-26.99323860924476
18789,-25.05197016087939
18790,-25.05197016087939
18791,-25.05197016087939
18792,-25.05197016087939
18794,-25.05197016087939
18795,-1e+100
18796,-1e+100
18797,-1e+100
18798,-1e+100
18800,-1e+100
18801,-18.228765329472477
18802,-18.228765329472477
18803,-18.228765329472477
18804,-18.228765329472477
18806,-18.228765329472477
18807,-29.523129668061834
18808,-26.99323860924476
18809,-25.05197016087939
18810,-1e+100
18811,-18.228765329472477
18986,-31.63957611368886
18987,-26.098025251224918
18988,-22.929011744263583
18989,-31.615168330885595
19053,-1e+100
19055,-31.455004876695234
19057,-1e+100
19059,-1e+100
19069,-1e+100
19072,-34.34038586188754
19073,-34.34038586188754
19079,-29.78475217373081
19084,-18.298376355593973
19085,-18.878547438257076
19086,-14.356612399588867
19087,-18.89363287335895
19088,-18.59891408465487
19108,-37.39399692767198
19109,-32.6829407177605
19110,-34.64552266858195
19112,-1e+100
19114,-38.99815131410481
19116,-32.8527170617034
19120,-38.99815131410481
19122,-32.8527170617034
19125,-33.18302353686993
19126,-35.42025495254176
19129,-1e+100
19130,-1e+100
19132,-26.753388904247288
19138,-33.18302353686993
19144,-23.58643715167493
19145,-26.753388904247288
19146,-22.947754684488444
19147,-22.55940138778319
19148,-23.621076357956994
19149,-22.84472167874624
19158,-24.81995824456014
19159,-32.84667747581161
19160,-21.700994269386076
19161,-26.14112265540827
19162,-26.966190861770443
19163,-27.780693377879306
19164,-31.11826898457944
19165,-28.55337359988635
19166,-28.18141759617069
19167,-18.553163956731883
19168,-24.014359694458687
19169,-17.430624415894826
19172,-32.261671397846605
19173,-34.825652239270184
19174,-34.80540099649196
19177,-21.31994663996354
19179,-19.445755133186772
19181,-32.52580413783194
19183,-31.466482386566582
19184,-21.94271112230895
19185,-25.23017645649358
19186,-1e+100
19187,-1e+100
19188,-1e+100
19189,-30.09084779769146
19190,-28.612401960800334
19191,-29.58985137305939
19192,-1e+100
19193,-27.717451699414365
19194,-32.895852179126514
19195,-35.761013412194245
19196,-36.938674518655496
19197,-35.78266443332149
19198,-21.770850518658083
19199,-20.521373296032227
19219,-1e+100
19220,-1e+100
19221,-1e+100
19222,-1e+100
19223,-1e+100
19224,-1e+100
19225,-1e+100
19226,-1e+100
19243,-9.6752851458199
19287,-18.27684548245685
19288,-18.278111352611905
19289,-18.211317017410465
19296,-23.30354416395761
19297,-23.298646013154272
19298,-23.297380827210716
19299,-31.160302402513466
19300,-1e+100
19301,-1e+100
19302,-14.678972608198517
19303,-14.832398476603968
19304,-14.908131529755382
19305,-22.775502467973663
19306,-22.262116682346583
19307,-21.59731582148063
19308,-1e+100
19309,-1e+100
19310,-1e+100
19311,-15.531648700686421
19312,-15.560613140790844
19313,-15.532874186101195
19314,-23.30354416395761
19315,-23.298646013154272
19316,-23.297380827210716
19317,-31.160302402513466
19318,-1e+100
19319,-1e+100
19320,-14.678972608198517
19321,-14.832398476603968
19322,-14.908131529755382
19325,-10.437120652092784
19328,-18.209702229246705
19388,-24.96850595883078
19389,-26.397666397582874
19390,-26.194005638877464
19391,-25.631070118367816
19392,-25.142300458718097
19393,-24.02553428587896
19394,-10.009224906507916
19395,-9.213386153915868
19396,-26.61980374071515
19397,-11.334982959090475
19412,-1e+100
19413,-32.22786810696321
19414,-1e+100
19415,-32.457723004018895
19416,-1e+100
19417,-1e+100
19418,-32.93445535400784
19419,-34.74272982277384
19420,-1e+100
19421,-17.472027736667982
19422,-16.501489262902425
19423,-21.16576592695011
19424,-19.937591642073496
19425,-26.534048747320515
19426,-32.15591388736633
19427,-30.187000391019623
19428,-22.0494377695329
19438,-1e+100
19444,-12.474265354970267
19466,-25.16031248089564
19467,-23.879903140881062
19468,-23.084305457536853
19469,-18.54660596631345
19470,-12.314420611284579
19471,-1e+100
19472,-1e+100
19473,-16.03465230590702
19474,-30.160768318912517
19475,-25.947832011462836
19476,-29.469717535344863
19477,-31.803362123749334
19478,-31.306149589795854
19479,-31.0262872900934
19480,-30.57879334319664
19481,-29.178542113094768
19482,-30.143801730375714
19483,-24.08282073719794
19484,-27.564987179443527
19485,-29.65450683978606
19486,-29.137803798021547
19487,-28.816825996146466
19492,-28.24390984772512
19494,-24.08282073719794
19510,-14.242872907152917
19517,-28.75663897981076
19518,-20.681089066811893
19519,-29.83415425349506
19520,-31.38618477139378
19521,-21.737287309180616
19522,-32.21287392374502
19523,-28.75663897981076
19524,-20.681089066811893
19525,-29.83415425349506
19526,-31.38618477139378
19527,-21.737287309180616
19528,-32.21287392374502
19529,-28.75663897981076
19530,-20.681089066811893
19531,-29.83415425349506
19532,-31.38618477139378
19533,-21.737287309180616
19534,-32.21287392374502
19535,-25.800942052509487
19536,-19.04544341765649
19537,-27.460301656382203
19538,-26.059427215355726
19539,-24.177437491746172
19540,-25.07531942917811
19541,-20.28163308559341
19542,-23.625002600612998
19543,-30.301519449337526
19544,-24.72733997533295
19545,-1e+100
19546,-29.763542171122015
19547,-37.432837270263626
19549,-27.071286617179116
19550,-27.071286617179116
19551,-27.071286617179116
19552,-27.071286617179116
19553,-27.071286617179116
19555,-27.077023190797323
19556,-27.077023190797323
19557,-27.077023190797323
19558,-27.077023190797323
19559,-27.077023190797323
19560,-19.342190547819936
19561,-19.39377278798736
19562,-15.004672984927893
19563,-15.006828541683847
19570,-7.580240423903094
19577,-7.580240423903094
19596,-1e+100
19603,-22.104972351778702
19604,-22.104972351778702
19606,-22.104972351778702
19607,-22.104972351778702
19608,-31.722333520926473
19609,-31.722333520926473
19611,-31.722333520926473
19612,-31.722333520926473
19613,-1e+100
19614,-1e+100
19616,-1e+100
19617,-1e+100
19618,-31.775600998968596
19619,-31.775600998968596
19621,-31.775600998968596
19622,-31.775600998968596
19623,-18.146228536094576
19624,-18.146228536094576
19626,-18.146228536094576
19627,-18.146228536094576
19633,-28.879330352406694
19634,-19.483096556311633
19638,-27.22134109247393
19639,-26.106830829029484
19640,-15.903900580972953
19641,-26.842355685330396
19656,-38.99815131410481
19657,-32.8527170617034
19676,-1e+100
19680,-1e+100
19684,-1e+100
19696,-4.9531030270648735
19697,-5.645064462948958
19698,-5.3854311940331225
19699,-18.13364879805364
19700,-6.7546271350334
19701,-24.367443140630474
19702,-5.3854311940331225
19703,-5.3854311940331225
19704,-5.3854311940331225
19710,-36.21286511335754
19721,-1e+100
19729,-1e+100
19730,-1e+100
19738,-1e+100
19739,-1e+100
19801,-1e+100
19802,-1e+100
19803,-1e+100
19804,-1e+100
19805,-1e+100
19806,-1e+100
19807,-1e+100
19808,-1e+100
19809,-1e+100
19810,-1e+100
19811,-1e+100
19812,-1e+100
19813,-1e+100
19814,-1e+100
19815,-1e+100
19816,-1e+100
19905,-33.05890539847159
19909,-29.31689920911947
19912,-23.490053581735417
19920,-28.23046260364123
19921,-28.23046260364123
19922,-28.23046260364123
19923,-28.23046260364123
19924,-28.23046260364123
19925,-28.23046260364123
19979,-39.54855272783685
19980,-31.07975747849214
19981,-31.07975747849214
19982,-31.07975747849214
19983,-31.07975747849214
19984,-31.07975747849214
19985,-31.07975747849214
19986,-31.07975747849214
19987,-31.07975747849214
19988,-31.07975747849214
19989,-31.07975747849214
19990,-31.07975747849214
19991,-31.07975747849214
19992,-36.669499853795394
19993,-36.669499853795394
19994,-36.669499853795394
19995,-36.669499853795394
19996,-36.669499853795394
19997,-36.669499853795394
19998,-36.669499853795394
19999,-36.669499853795394
20000,-36.669499853795394
20001,-36.669499853795394
20002,-36.669499853795394
20003,-36.669499853795394
20004,-1e+100
20005,-1e+100
20006,-1e+100
20007,-1e+100
20008,-1e+100
20009,-1e+100
20010,-1e+100
20011,-1e+100
20012,-1e+100
20013,-1e+100
20014,-1e+100
20015,-1e+100
20020,-34.733179303358604
20028,-17.415618184925627
20034,-11.828253870686297
20035,-10.514611095008583
20040,-8.534451974713148
20041,-7.479166881547956
20043,-12.686095705582447
20044,-1e+100
20045,-1e+100
20046,-23.05257609047944
20047,-19.23779412822087
20048,-10.514611095008583
20049,-1e+100
20050,-22.95881602090504
20051,-21.134899850873595
20052,-13.976400315444744
20053,-20.375779633451707
20054,-14.285191105470801
20064,-30.873889838591882
20071,-24.955923857218117
20072,-23.394507370866222
20073,-19.022046487798562
20074,-15.847735738182738
20097,-1e+100
20122,-34.30995361459991
20123,-14.642361162912685
20124,-34.30995361459991
20125,-14.642361162912685
20148,-1e+100
20149,-1e+100
20164,-1e+100
20169,-1e+100
20184,-12.57057349802745
20185,-12.57057349802745
20186,-12.57057349802745
20187,-9.032751715416149
20188,-9.032751715416149
20189,-9.032751715416149
20194,-21.04426950369091
20195,-14.559360791395445
20196,-11.644448983338737
20197,-36.3124837860957
20198,-31.89393058083025
20199,-25.142509505822566
20200,-23.14335548509051
20201,-30.66301559062133
20202,-25.269731105050017
20203,-32.96158224855545
20204,-27.60228084672967
20205,-28.180106772384928
20206,-28.180106772384928
20207,-28.180106772384928
20208,-28.180106772384928
20217,-37.213408997543745
20218,-33.70180095104865
20219,-31.834858778504266
20220,-31.901823510051905
20221,-28.318954309283324
20222,-25.12312675211102
20223,-22.862779018265897
20224,-21.533811816665796
20225,-21.690224338201666
20226,-19.5992549430903
20227,-37.19934887197849
20228,-33.75322383711955
20229,-31.84761107836558
20230,-31.915862968108584
20231,-28.313878936226082
20232,-25.437311976807756
20233,-23.152251244068083
20234,-21.80171105698283
20235,-21.83727834481389
20236,-19.690162981342198
