Tag,sum_of_log_probabilities
1,-8.204368214565482
2,-8.939744507565733
3,-2.668175872622407
4,-6.655040400213123
5,-6.655040400213123
6,-10.114592016992876
7,-10.114592016992876
8,-10.114592016992876
9,-10.114592016992876
10,-10.114592016992876
11,-7.087863331591797
12,-7.087863331591797
13,-7.087863331591797
14,-7.087863331591797
15,-7.087863331591797
16,-5.275672120874333
17,-5.275672120874333
18,-5.275672120874333
19,-5.275672120874333
20,-5.007634282050185
21,-5.007634282050185
22,-5.007634282050185
23,-5.007634282050185
24,-5.007634282050185
25,-5.798847334854501
26,-5.798847334854501
27,-5.798847334854501
28,-9.48556774862298
29,-7.713495971894498
30,-5.9257524644901824
31,-9.309329503010295
32,-8.637632981975154
33,-2.0618114329253974
34,-2.837610352938542
35,-4.139775153207187
36,-2.2689048816631248
37,-2.837610352938542
38,-2.0618114329253974
39,-4.139775153207187
40,-1.283946401506497
41,-2.2689048816631248
42,-2.837610352938542
43,-4.139775153207187
44,-1.283946401506497
45,-2.837610352938542
46,-4.139775153207187
47,-2.2689048816631248
48,-2.837610352938542
49,-2.0618114329253974
50,-4.139775153207187
51,-1.283946401506497
52,-2.2689048816631248
53,-2.837610352938542
54,-2.0618114329253974
55,-4.139775153207187
56,-1.283946401506497
57,-2.2689048816631248
58,-2.837610352938542
59,-2.0618114329253974
60,-4.139775153207187
61,-1.283946401506497
62,-2.2689048816631248
63,-2.837610352938542
64,-2.0618114329253974
65,-4.139775153207187
66,-1.283946401506497
67,-2.2689048816631248
68,-2.837610352938542
69,-2.0618114329253974
70,-4.139775153207187
71,-1.283946401506497
84,-9.335499157930823
85,-9.335499157930823
86,-9.335499157930823
87,-9.335499157930823
88,-9.335499157930823
89,-9.335499157930823
90,-9.335499157930823
91,-9.335499157930823
92,-8.885259224657261
93,-8.885259224657261
94,-8.885259224657261
95,-8.885259224657261
96,-8.885259224657261
97,-8.885259224657261
100,-18.802655434898217
101,-14.262027066706967
102,-13.306587055251223
103,-10.715485460585988
105,-14.378469880937626
106,-8.457400311148572
109,-12.569924831178376
110,-14.227056553450426
118,-1.203071186679466
120,-1.203071186679466
123,-1.203071186679466
164,-4.672748641493043
165,-5.179811667007774
166,-4.672748641493043
167,-5.179811667007774
168,-4.672748641493043
169,-5.179811667007774
170,-2.230710832609332
171,-2.1883107015948187
172,-2.507330246152273
173,-2.4502386531942912
174,-4.624490898533459
175,-1.9386713542793952
176,-2.248497166528759
177,-1.5530657644964203
178,-2.2502059248358606
179,-6.403076001410888
180,-1.8706581051270645
181,-1.8819484876057837
182,-3.5861537584677925
183,-7.713495971894498
184,-1.9960094253883889
186,-2.0909620110109284
187,-1.4848020496312035
188,-3.3441781438076226
189,-5.071153604035995
190,-21.28295112842934
191,-20.55119019920291
192,-9.82528569351539
193,-9.78608090679038
194,-8.570923835613733
195,-25.31150396097074
196,-25.31150396097074
197,-13.39073545647648
198,-13.39073545647648
199,-11.661527735536374
200,-11.661527735536374
201,-17.315339602153102
202,-3.94002902363251
203,-3.94002902363251
204,-7.957504038195349
205,-21.28295112842934
206,-21.28295112842934
207,-7.656352834618994
208,-2.2689048816631248
209,-2.2689048816631248
210,-4.125132969648686
211,-3.1002814662852014
212,-1.4951345120921917
213,-20.55119019920291
214,-14.779656952272148
215,-14.92362401001235
216,-14.518585021953475
217,-15.081528873911266
218,-15.206154883657142
219,-14.870682798314284
220,-14.779656952272148
221,-14.92362401001235
222,-14.518585021953475
223,-15.081528873911266
224,-15.206154883657142
225,-14.870682798314284
226,-14.779656952272148
227,-14.92362401001235
228,-14.518585021953475
229,-15.081528873911266
230,-15.206154883657142
231,-14.870682798314284
232,-14.779656952272148
233,-14.92362401001235
234,-14.518585021953475
235,-15.081528873911266
236,-15.206154883657142
237,-14.870682798314284
238,-14.779656952272148
239,-14.92362401001235
240,-14.518585021953475
241,-15.081528873911266
242,-15.206154883657142
243,-14.870682798314284
244,-14.779656952272148
245,-14.92362401001235
246,-14.518585021953475
247,-15.081528873911266
248,-15.206154883657142
249,-14.870682798314284
250,-14.779656952272148
251,-14.92362401001235
252,-14.518585021953475
253,-15.081528873911266
254,-15.206154883657142
255,-14.870682798314284
256,-14.518585021953475
257,-15.081528873911266
258,-15.206154883657142
259,-14.870682798314284
260,-14.779656952272148
261,-14.92362401001235
262,-14.518585021953475
263,-15.081528873911266
264,-15.206154883657142
265,-14.870682798314284
266,-15.206154883657142
267,-14.779656952272148
268,-14.92362401001235
269,-14.518585021953475
270,-15.081528873911266
271,-15.206154883657142
272,-14.870682798314284
273,-14.518585021953475
274,-15.081528873911266
275,-15.206154883657142
276,-14.870682798314284
277,-0.9139102904236014
278,-0.9139102904236014
279,-0.9139102904236014
280,-0.9139102904236014
281,-0.9139102904236014
282,-0.9139102904236014
283,-0.9139102904236014
284,-0.9139102904236014
285,-0.9139102904236014
286,-0.9139102904236014
287,-0.9139102904236014
288,-0.9139102904236014
289,-0.9139102904236014
290,-0.9139102904236014
291,-0.9139102904236014
292,-0.9139102904236014
293,-0.9139102904236014
294,-0.9139102904236014
295,-12.775054944850133
296,-12.775054944850133
297,-12.775054944850133
298,-12.775054944850133
299,-12.775054944850133
300,-12.775054944850133
301,-12.775054944850133
302,-12.775054944850133
303,-12.775054944850133
304,-6.979678693885264
305,-6.979678693885264
306,-6.979678693885264
307,-6.979678693885264
308,-6.979678693885264
315,-16.763378476224347
316,-16.763378476224347
317,-16.763378476224347
318,-16.763378476224347
319,-16.72138915177119
320,-16.72138915177119
321,-16.72138915177119
322,-16.72138915177119
323,-17.38018705876247
324,-17.38018705876247
325,-17.38018705876247
326,-16.763378476224347
327,-16.72138915177119
328,-17.38018705876247
329,-9.359065413540504
330,-4.049939195703255
331,-4.049939195703255
332,-4.049939195703255
333,-4.049939195703255
334,-4.049939195703255
335,-4.049939195703255
336,-4.049939195703255
337,-4.049939195703255
338,-4.049939195703255
339,-4.049939195703255
340,-4.049939195703255
341,-4.049939195703255
342,-4.049939195703255
343,-4.049939195703255
344,-4.049939195703255
345,-4.049939195703255
346,-4.049939195703255
347,-4.049939195703255
359,-4.184210629445707
360,-4.184210629445707
366,-2.803046181761501
368,-2.803046181761501
373,-2.742488113517683
374,-2.742488113517683
375,-2.742488113517683
379,-3.2151442615189234
380,-3.2151442615189234
381,-3.2151442615189234
382,-3.2151442615189234
455,-4.393628604088755
456,-10.407625738763695
457,-6.695224489248587
458,-6.8139245947616995
459,-7.350394580301828
460,-9.32576953648156
508,-4.490583003667389
511,-9.368546452749609
516,-9.368546452749609
521,-9.368546452749609
526,-9.368546452749609
543,-8.879329604561235
544,-8.879329604561235
545,-8.879329604561235
547,-9.262421764607964
548,-9.262421764607964
561,-25.511755140612426
562,-7.937008936022358
563,-10.154128973560836
564,-7.817803062536336
565,-16.351461498267778
566,-11.186637969785638
567,-10.802041631686876
568,-9.262421764607964
569,-8.152867774526696
570,-17.33413202683726
571,-7.181946021552634
572,-5.348703215319246
573,-4.522620607148579
574,-7.173005618404884
575,-5.41171134750733
576,-4.534666122099808
577,-10.855166270128374
578,-9.611622321375814
579,-8.42654420734388
580,-7.173005618404884
581,-7.173005618404884
582,-7.173005618404884
583,-7.173005618404884
584,-7.173005618404884
585,-6.0611014615583825
586,-6.0611014615583825
587,-6.0611014615583825
654,-0.9677179558384092
655,-0.9677179558384092
656,-0.9677179558384092
657,-0.9677179558384092
658,-0.9677179558384092
659,-0.9677179558384092
660,-0.9677179558384092
661,-0.9677179558384092
662,-5.198921176394743
663,-5.198921176394743
665,-5.198921176394743
666,-5.198921176394743
667,-5.198921176394743
668,-5.198921176394743
669,-5.198921176394743
670,-5.5879942882729345
672,-5.5879942882729345
673,-5.5879942882729345
674,-5.5879942882729345
675,-5.5879942882729345
676,-5.5879942882729345
677,-5.5879942882729345
678,-3.204943647785159
679,-3.204943647785159
681,-3.204943647785159
682,-3.204943647785159
683,-3.204943647785159
684,-3.204943647785159
685,-3.204943647785159
686,-5.456971330146429
687,-5.456971330146429
688,-5.456971330146429
689,-5.456971330146429
690,-5.456971330146429
691,-5.456971330146429
692,-5.456971330146429
693,-5.456971330146429
694,-5.456971330146429
695,-5.456971330146429
696,-1.5093408216976956
697,-1.5093408216976956
698,-1.5093408216976956
699,-1.5093408216976956
700,-1.5093408216976956
701,-1.5093408216976956
702,-1.5093408216976956
703,-1.5093408216976956
704,-1.5093408216976956
705,-1.5093408216976956
706,-1.7623221514723684
707,-1.7623221514723684
708,-1.7623221514723684
709,-1.7623221514723684
710,-1.7623221514723684
711,-1.7623221514723684
712,-1.7623221514723684
713,-1.7623221514723684
714,-1.7623221514723684
715,-1.7623221514723684
716,-2.604846295751938
717,-2.604846295751938
718,-2.604846295751938
719,-2.604846295751938
720,-2.604846295751938
721,-2.604846295751938
722,-2.604846295751938
723,-2.604846295751938
724,-2.604846295751938
725,-2.604846295751938
726,-2.604846295751938
727,-2.604846295751938
728,-2.604846295751938
729,-2.604846295751938
744,-5.275672120874333
745,-5.275672120874333
746,-5.275672120874333
747,-5.275672120874333
748,-5.275672120874333
749,-5.007634282050185
750,-5.007634282050185
751,-5.007634282050185
752,-5.007634282050185
753,-5.007634282050185
760,-3.798766513119026
777,-4.689208662347049
908,-10.114592016992876
909,-8.575317268345602
986,-7.287602582323457
987,-7.287602582323457
989,-7.287602582323457
990,-7.287602582323457
991,-7.287602582323457
1027,-2.0775120291334677
1028,-2.0775120291334677
1057,-8.408235248833272
1072,-12.44440709110094
1073,-12.44440709110094
1074,-12.44440709110094
1075,-12.44440709110094
1076,-12.44440709110094
1077,-12.44440709110094
1078,-12.44440709110094
1079,-12.44440709110094
1090,-13.125485486209048
1175,-3.4497535075332637
1193,-4.96509655756185
1196,-5.222197700716283
1197,-5.209034344714285
1200,-4.9237947596062055
1203,-4.815774147105049
1232,-5.650363954632951
1233,-5.650363954632951
1234,-5.637307954246071
1235,-5.637307954246071
1236,-5.637872232576085
1237,-5.637872232576085
1238,-5.097948144830898
1239,-5.097948144830898
1240,-3.9642143655194815
1241,-3.9642143655194815
1242,-5.035498916470921
1243,-5.035498916470921
1244,-6.053496003361949
1245,-6.053496003361949
1246,-6.196655216972234
1247,-6.196655216972234
1248,-5.904426099497421
1249,-5.904426099497421
1250,-5.15616478365903
1251,-5.15616478365903
1252,-5.568378023355567
1253,-5.568378023355567
1260,-5.091549526825823
1262,-4.432250633177945
1263,-4.432250633177945
1264,-4.432250633177945
1295,-9.542834003283861
1296,-5.295635882436219
1297,-15.474926004669262
1298,-6.2996165060262115
1300,-5.7906723042938975
1301,-5.7906723042938975
1302,-5.7906723042938975
1361,-2.1787915212526467
1362,-2.272248579264837
1363,-2.159957644145221
1364,-2.3518861773866924
1365,-2.29691357673157
1366,-2.276555975313011
1367,-2.2257407250052528
1368,-2.337600508469654
1369,-2.1787915212526467
1370,-2.272248579264837
1371,-2.159957644145221
1372,-2.3518861773866924
1373,-2.29691357673157
1374,-2.276555975313011
1375,-2.2257407250052528
1376,-2.337600508469654
1377,-2.1787915212526467
1378,-2.272248579264837
1379,-2.159957644145221
1380,-2.3518861773866924
1381,-2.29691357673157
1382,-2.276555975313011
1383,-2.2257407250052528
1384,-2.337600508469654
1385,-2.1787915212526467
1386,-2.272248579264837
1387,-2.159957644145221
1388,-2.3518861773866924
1389,-2.29691357673157
1390,-2.276555975313011
1391,-2.2257407250052528
1392,-2.337600508469654
1393,-2.1787915212526467
1394,-2.272248579264837
1395,-2.159957644145221
1396,-2.3518861773866924
1397,-2.29691357673157
1398,-2.276555975313011
1399,-2.2257407250052528
1400,-2.337600508469654
1401,-2.1787915212526467
1402,-2.272248579264837
1403,-2.159957644145221
1404,-2.3518861773866924
1405,-2.29691357673157
1406,-2.276555975313011
1407,-2.2257407250052528
1408,-2.337600508469654
1417,-2.1787915212526467
1418,-2.272248579264837
1419,-2.159957644145221
1420,-2.3518861773866924
1421,-2.29691357673157
1422,-2.276555975313011
1423,-2.2257407250052528
1424,-2.337600508469654
1425,-6.955425653313261
1426,-6.955425653313261
1427,-6.955425653313261
1428,-6.955425653313261
1429,-6.955425653313261
1430,-6.955425653313261
1431,-7.14373297204161
1432,-7.14373297204161
1433,-7.14373297204161
1434,-7.14373297204161
1488,-5.874110527546341
1497,-5.883521135454285
1528,-5.030847215381702
1532,-4.418821185405088
1537,-4.90334969839467
1538,-4.90334969839467
1582,-9.246039020336625
1605,-14.713380726004168
1606,-14.713380726004168
1607,-14.713380726004168
1608,-14.713380726004168
1614,-7.003640275023267
1615,-7.003640275023267
1616,-7.003640275023267
1617,-7.003640275023267
1629,-12.963151035444042
1630,-9.277200434859056
1631,-9.822037819886962
1632,-10.324631297511043
1633,-10.391726031931578
1634,-5.930779468536256
1635,-9.400018437402725
1636,-5.705301436542078
1637,-7.3171871685325325
1638,-11.621748214101103
1639,-7.0154118504052665
1640,-12.963151035444042
1641,-9.277200434859056
1642,-9.822037819886962
1643,-10.391726031931578
1644,-5.930779468536256
1645,-9.400018437402725
1646,-5.705301436542078
1647,-7.3171871685325325
1648,-11.621748214101103
1649,-7.0154118504052665
1650,-12.963151035444042
1651,-9.277200434859056
1652,-9.822037819886962
1653,-10.324631297511043
1654,-10.391726031931578
1655,-5.930779468536256
1656,-9.400018437402725
1657,-5.705301436542078
1658,-7.3171871685325325
1659,-11.621748214101103
1660,-7.0154118504052665
1661,-12.963151035444042
1662,-9.277200434859056
1663,-9.822037819886962
1664,-10.324631297511043
1665,-10.391726031931578
1666,-5.930779468536256
1667,-9.400018437402725
1668,-5.705301436542078
1669,-7.3171871685325325
1670,-11.621748214101103
1671,-7.0154118504052665
1687,-7.860798571133835
1688,-7.860798571133835
1689,-7.860798571133835
1690,-7.860798571133835
1691,-7.860798571133835
1692,-7.860798571133835
1693,-7.364248835141378
1694,-7.364248835141378
1695,-7.364248835141378
1696,-7.364248835141378
1697,-7.364248835141378
1698,-7.364248835141378
1699,-7.634109958917641
1700,-7.634109958917641
1701,-7.634109958917641
1702,-7.634109958917641
1703,-7.634109958917641
1704,-7.634109958917641
1705,-7.578394384823914
1706,-7.578394384823914
1707,-7.578394384823914
1708,-7.578394384823914
1709,-7.578394384823914
1710,-7.578394384823914
1711,-7.279358461205954
1712,-7.279358461205954
1713,-7.279358461205954
1714,-7.279358461205954
1715,-7.279358461205954
1716,-7.279358461205954
1717,-8.369884838869485
1718,-8.369884838869485
1719,-8.369884838869485
1720,-8.369884838869485
1721,-8.369884838869485
1722,-8.369884838869485
1723,-8.556280487393941
1724,-8.556280487393941
1725,-8.556280487393941
1726,-8.556280487393941
1727,-8.556280487393941
1728,-8.556280487393941
1729,-10.350787634955207
1730,-10.350787634955207
1731,-10.350787634955207
1732,-10.350787634955207
1733,-10.350787634955207
1734,-10.350787634955207
1735,-10.440151557531765
1736,-10.440151557531765
1737,-10.440151557531765
1738,-10.440151557531765
1739,-10.440151557531765
1740,-10.440151557531765
1741,-6.648054182325721
1742,-6.648054182325721
1743,-6.648054182325721
1744,-6.648054182325721
1745,-6.648054182325721
1747,-8.225516851614275
1748,-8.225516851614275
1749,-8.225516851614275
1750,-8.225516851614275
1751,-8.225516851614275
1753,-5.902360719114477
1754,-5.902360719114477
1755,-5.902360719114477
1756,-5.902360719114477
1757,-5.902360719114477
1759,-7.897894940266238
1760,-7.897894940266238
1761,-7.897894940266238
1762,-7.897894940266238
1763,-7.897894940266238
1765,-6.767274857178691
1766,-6.767274857178691
1767,-6.767274857178691
1768,-6.767274857178691
1769,-6.767274857178691
1771,-8.423652227968192
1772,-8.423652227968192
1773,-8.423652227968192
1774,-8.423652227968192
1775,-8.423652227968192
1777,-7.719437669968365
1778,-7.719437669968365
1779,-7.719437669968365
1780,-7.719437669968365
1781,-7.719437669968365
1783,-7.7256046576047535
1784,-7.7256046576047535
1785,-7.7256046576047535
1786,-7.7256046576047535
1787,-7.7256046576047535
1789,-14.320886588348
1790,-14.320886588348
1791,-14.320886588348
1792,-14.320886588348
1793,-14.320886588348
1795,-13.962306438231117
1796,-13.962306438231117
1797,-13.962306438231117
1798,-13.962306438231117
1799,-13.962306438231117
1804,-2.6497604655009943
1805,-2.7422746512042764
1806,-2.4045462596566747
1807,-2.6497604655009943
1808,-2.7422746512042764
1809,-2.4045462596566747
1835,-1.4223259699048552
1836,-1.4848020496312035
1837,-1.47711470452504
1838,-1.2138201576318988
1839,-1.23029001752317
1840,-1.291050094024237
1841,-2.122186479319507
1842,-1.4541273510107358
1843,-1.230510825944962
1844,-2.0447890289488067
1845,-1.8389953221245738
1846,-1.4223259699048552
1847,-1.4223259699048552
1848,-1.4223259699048552
1849,-1.4223259699048552
1850,-1.4223259699048552
1851,-1.4223259699048552
1852,-1.4848020496312035
1853,-1.4848020496312035
1854,-1.4848020496312035
1855,-1.4848020496312035
1856,-1.4848020496312035
1857,-1.4848020496312035
1858,-1.47711470452504
1859,-1.47711470452504
1860,-1.47711470452504
1861,-1.47711470452504
1862,-1.47711470452504
1863,-1.47711470452504
1864,-1.2138201576318988
1865,-1.2138201576318988
1866,-1.2138201576318988
1867,-1.2138201576318988
1868,-1.2138201576318988
1869,-1.2138201576318988
1870,-1.23029001752317
1871,-1.23029001752317
1872,-1.23029001752317
1873,-1.23029001752317
1874,-1.23029001752317
1875,-1.23029001752317
1876,-1.291050094024237
1877,-1.291050094024237
1878,-1.291050094024237
1879,-1.291050094024237
1880,-1.291050094024237
1881,-1.291050094024237
1882,-2.122186479319507
1883,-2.122186479319507
1884,-2.122186479319507
1885,-2.122186479319507
1886,-2.122186479319507
1887,-2.122186479319507
1888,-1.4541273510107358
1889,-1.4541273510107358
1890,-1.4541273510107358
1891,-1.4541273510107358
1892,-1.230510825944962
1893,-1.230510825944962
1894,-1.230510825944962
1895,-1.230510825944962
1896,-1.230510825944962
1897,-1.230510825944962
1898,-2.0447890289488067
1965,-25.74450463956896
1966,-13.929153149977482
1967,-5.773390557057205
1968,-6.299434313377037
1969,-8.667702301095149
1970,-9.670675625372459
1971,-15.212259656670712
1972,-13.80404521289653
1979,-4.028808709510509
1980,-4.882875835229053
1981,-4.564711219210826
1982,-2.140130713036157
1983,-2.120172132144556
1984,-8.6060172457383
1986,-4.606111425977709
1988,-5.318801964822665
1990,-6.504279740278819
1992,-3.3490763109794512
1995,-4.882875835229053
2114,-6.994729225877954
2115,-6.994729225877954
2117,-6.994729225877954
2118,-6.994729225877954
2119,-6.994729225877954
2120,-6.994729225877954
2121,-6.994729225877954
2122,-6.994729225877954
2123,-7.5870105723096195
2124,-7.5870105723096195
2126,-7.5870105723096195
2127,-7.5870105723096195
2128,-7.5870105723096195
2129,-7.5870105723096195
2130,-7.5870105723096195
2131,-7.5870105723096195
2132,-7.969626128001374
2133,-8.099259540502636
2134,-13.36009406502147
2135,-14.050576373760865
2136,-19.595065454433012
2137,-11.567705129353783
2139,-8.142184135153368
2149,-15.306584998766033
2227,-6.737932347166386
2234,-6.7764655100626054
2237,-5.110535499286004
2244,-3.570688781739909
2260,-4.465478301776706
2261,-3.4769764522566753
2262,-2.8130098851982286
2263,-4.294551606507514
2264,-3.357882870170249
2265,-2.448840360794664
2266,-3.0885219858779163
2267,-3.9137325756948096
2268,-4.249203338074726
2269,-2.6703828110300796
2270,-3.4613600705374643
2271,-3.514784976658727
2272,-3.3508666326991783
2273,-2.282486945171197
2274,-3.5216475422730733
2275,-2.1025353375065787
2276,-2.2602142479625225
2277,-2.7678567517590063
2278,-2.754591648621541
2279,-3.855681598538945
2280,-3.1693261482766015
2281,-4.465478301776706
2282,-3.4769764522566753
2283,-2.8130098851982286
2284,-4.294551606507514
2285,-3.357882870170249
2286,-2.448840360794664
2287,-3.0885219858779163
2288,-3.9137325756948096
2289,-4.249203338074726
2290,-2.6703828110300796
2291,-3.4613600705374643
2292,-3.514784976658727
2293,-3.3508666326991783
2294,-2.282486945171197
2295,-3.5216475422730733
2296,-2.1025353375065787
2297,-2.2602142479625225
2298,-2.7678567517590063
2299,-2.754591648621541
2300,-3.855681598538945
2301,-3.1693261482766015
2302,-4.465478301776706
2303,-3.4769764522566753
2304,-2.8130098851982286
2305,-4.294551606507514
2306,-3.357882870170249
2307,-2.448840360794664
2308,-3.0885219858779163
2309,-3.9137325756948096
2310,-4.249203338074726
2311,-2.6703828110300796
2312,-3.4613600705374643
2313,-3.514784976658727
2314,-3.3508666326991783
2315,-2.282486945171197
2316,-3.5216475422730733
2317,-2.1025353375065787
2318,-2.2602142479625225
2319,-2.7678567517590063
2320,-2.754591648621541
2321,-3.855681598538945
2322,-3.1693261482766015
2323,-4.465478301776706
2324,-3.4769764522566753
2325,-2.8130098851982286
2326,-4.294551606507514
2327,-3.357882870170249
2328,-2.448840360794664
2329,-3.0885219858779163
2330,-3.9137325756948096
2331,-4.249203338074726
2332,-2.6703828110300796
2333,-3.4613600705374643
2334,-3.514784976658727
2335,-3.3508666326991783
2336,-2.282486945171197
2337,-3.5216475422730733
2338,-2.1025353375065787
2339,-2.2602142479625225
2340,-2.7678567517590063
2341,-2.754591648621541
2342,-3.855681598538945
2343,-3.1693261482766015
2344,-4.465478301776706
2345,-3.4769764522566753
2346,-2.8130098851982286
2347,-4.294551606507514
2348,-3.357882870170249
2349,-2.448840360794664
2350,-3.0885219858779163
2351,-3.9137325756948096
2352,-4.249203338074726
2353,-2.6703828110300796
2354,-3.4613600705374643
2355,-3.514784976658727
2356,-3.3508666326991783
2357,-2.282486945171197
2358,-3.5216475422730733
2359,-2.1025353375065787
2360,-2.2602142479625225
2361,-2.7678567517590063
2362,-2.754591648621541
2363,-3.855681598538945
2364,-3.1693261482766015
2365,-4.465478301776706
2366,-3.4769764522566753
2367,-2.8130098851982286
2368,-4.294551606507514
2369,-3.357882870170249
2370,-2.448840360794664
2371,-3.0885219858779163
2372,-3.9137325756948096
2373,-4.249203338074726
2374,-2.6703828110300796
2375,-3.4613600705374643
2376,-3.514784976658727
2377,-3.3508666326991783
2378,-2.282486945171197
2379,-3.5216475422730733
2380,-2.1025353375065787
2381,-2.2602142479625225
2382,-2.7678567517590063
2383,-2.754591648621541
2384,-3.855681598538945
2385,-3.1693261482766015
2503,-10.603148305421987
2504,-16.798284752251007
2505,-8.819431117990456
2506,-11.915838690208165
2507,-8.902717053777328
2508,-7.736364168908482
2509,-5.914149110472186
2555,-3.7982225518805524
2556,-3.7982225518805524
2571,-16.584538807093555
2732,-7.344252862096167
2787,-9.723610884237093
2788,-9.723610884237093
2789,-9.723610884237093
2790,-9.723610884237093
2791,-9.723610884237093
2792,-9.723610884237093
2793,-9.723610884237093
2794,-9.723610884237093
2795,-9.723610884237093
2796,-9.723610884237093
2797,-9.723610884237093
2798,-9.723610884237093
2799,-4.125132969648686
2800,-4.125132969648686
2801,-4.125132969648686
2802,-4.125132969648686
2803,-4.125132969648686
2804,-4.125132969648686
2805,-4.125132969648686
2806,-4.125132969648686
2807,-4.125132969648686
2808,-4.125132969648686
2809,-4.152078513975486
2810,-4.152078513975486
2811,-4.152078513975486
2812,-4.152078513975486
2813,-4.152078513975486
2814,-4.152078513975486
2815,-4.152078513975486
2816,-4.152078513975486
2817,-4.152078513975486
2818,-4.152078513975486
2819,-4.152078513975486
2820,-4.152078513975486
2821,-4.152078513975486
2822,-4.152078513975486
2823,-4.152078513975486
2824,-4.152078513975486
2825,-4.152078513975486
2826,-4.152078513975486
2827,-4.152078513975486
2828,-4.152078513975486
2829,-4.152078513975486
2830,-4.152078513975486
2831,-4.360554121580401
2832,-4.360554121580401
2833,-4.360554121580401
2834,-4.360554121580401
2835,-4.360554121580401
2836,-4.360554121580401
2837,-4.360554121580401
2838,-4.360554121580401
2839,-4.360554121580401
2964,-7.874016197802249
2970,-7.353810643531535
2976,-6.115791294138576
2979,-5.584372242952437
2982,-6.129430167801717
2984,-4.975070488236773
2985,-4.975070488236773
2992,-5.718394560520434
2993,-5.718394560520434
2994,-5.718394560520434
2995,-5.718394560520434
2996,-5.718394560520434
3042,-5.882206364160653
3182,-1.9226258491358013
3186,-0.8696185172773864
3187,-1.5404592688723515
3210,-1.565143087495221
3215,-2.4664788636443022
3216,-1.9280411446946264
3226,-1.7615987429783597
3252,-1.2844098133975934
3253,-1.7108679657831656
3254,-1.2017295449378773
3274,-1.5630978266047686
3275,-1.5837750699168627
3283,-1.3444104237722216
3285,-1.3450156877549548
3290,-1.7251889599662469
3302,-1.8493936110706097
3304,-1.556051077774919
3334,-1.5440437184362044
3335,-1.4878143953269833
3368,-4.70914677473098
3405,-8.634066734316445
3407,-8.634066734316445
3413,-14.509891373602798
3415,-14.509891373602798
3466,-10.745909694900522
3467,-10.745909694900522
3468,-10.745909694900522
3469,-10.745909694900522
3470,-10.745909694900522
3471,-10.745909694900522
3490,-2.025410704984289
3491,-2.025410704984289
3492,-2.025410704984289
3493,-2.025410704984289
3494,-2.025410704984289
3495,-2.025410704984289
3496,-2.025410704984289
3497,-2.025410704984289
3498,-2.025410704984289
3499,-2.025410704984289
3500,-2.025410704984289
3632,-8.570923835613733
3637,-8.570923835613733
3662,-6.91280998954836
3663,-8.63581876069883
3664,-6.192967370624963
3665,-5.438979668735731
3666,-7.914195094340699
3667,-4.971950076233121
3668,-4.67340680251006
3669,-7.801427106447029
3670,-7.53936907981384
3671,-5.677118692679281
3672,-7.844276805631509
3673,-5.513168971747359
3674,-4.820669782055682
3675,-7.095748253169576
3676,-4.408074452418976
3677,-3.691405790918261
3678,-6.543141705824208
3679,-6.6178278278247795
3680,-6.248215756972143
3681,-2.5536049234013865
3682,-4.74298093249533
3683,-3.7826905802424102
3684,-4.274360355343852
3685,-4.237185595370139
3686,-2.425230345813617
3687,-3.9274145128182902
3688,-4.0364313497879625
3689,-4.461194743236918
3690,-3.047986400912599
3691,-5.710366085212682
3692,-2.6920851260752956
3723,-13.995489708723756
3724,-3.192009209456982
3725,-5.576832880251997
3726,-6.757811215524273
3727,-13.995489708723756
3728,-3.192009209456982
3729,-5.576832880251997
3730,-6.757811215524273
3731,-13.995489708723756
3732,-3.192009209456982
3733,-5.576832880251997
3734,-6.757811215524273
3791,-15.480094546236081
3792,-7.134397778298194
3793,-4.668985435457495
3794,-4.135476064808807
3795,-4.357508960936048
3796,-15.480094546236081
3797,-7.134397778298194
3798,-4.668985435457495
3799,-4.135476064808807
3800,-4.357508960936048
3801,-15.480094546236081
3802,-7.134397778298194
3803,-4.668985435457495
3804,-4.135476064808807
3805,-4.357508960936048
3859,-4.400900222310482
3860,-2.057800089985668
3861,-2.62166737732917
3862,-2.1919329374956877
3867,-4.400900222310482
3868,-2.057800089985668
3869,-2.62166737732917
3870,-2.1919329374956877
3876,-7.363784363679368
3877,-6.071692692690775
3878,-3.3177820380884793
3879,-2.775266233920247
3880,-2.882975246815313
3922,-9.173494722616578
3923,-9.173494722616578
3924,-9.173494722616578
3925,-9.173494722616578
3926,-9.173494722616578
3927,-9.173494722616578
3928,-9.173494722616578
3929,-9.173494722616578
3930,-8.951959972246069
3931,-8.951959972246069
3932,-8.951959972246069
3933,-8.951959972246069
3934,-8.951959972246069
3935,-8.951959972246069
3936,-8.951959972246069
3937,-8.951959972246069
3977,-2.0188439934264797
3978,-2.0188439934264797
3979,-2.0188439934264797
3980,-2.0188439934264797
3981,-2.0188439934264797
3982,-2.0188439934264797
3983,-2.0188439934264797
3985,-1.9968356252856583
3986,-1.9968356252856583
3987,-1.9968356252856583
3988,-1.9968356252856583
3989,-1.9968356252856583
3990,-1.9968356252856583
3991,-1.9968356252856583
3993,-2.245947673840628
3994,-2.245947673840628
3995,-2.245947673840628
3996,-2.245947673840628
3997,-2.245947673840628
3998,-2.245947673840628
3999,-2.245947673840628
4001,-2.045133742517425
4002,-2.045133742517425
4003,-2.045133742517425
4004,-2.045133742517425
4005,-2.045133742517425
4006,-2.045133742517425
4007,-2.045133742517425
4031,-3.468753173016264
4032,-2.3456894869713407
4037,-3.468753173016264
4038,-2.3456894869713407
4138,-7.572065415538146
4139,-7.268845436427427
4140,-7.397971442039461
4141,-7.745387137377088
4142,-8.351792330066687
4143,-4.771219325057563
4144,-5.939147216890147
4145,-6.092660522817311
4146,-5.32268685460797
4183,-6.714662741629604
4184,-6.714662741629604
4185,-6.714662741629604
4186,-6.714662741629604
4187,-6.714662741629604
4188,-6.714662741629604
4189,-6.714662741629604
4190,-6.714662741629604
4191,-6.714662741629604
4192,-6.714662741629604
4193,-4.864517075189468
4194,-4.864517075189468
4195,-4.864517075189468
4196,-4.864517075189468
4197,-4.864517075189468
4198,-4.864517075189468
4199,-4.864517075189468
4200,-4.864517075189468
4201,-4.864517075189468
4202,-4.864517075189468
4203,-5.403950113177435
4204,-5.403950113177435
4205,-5.403950113177435
4206,-5.403950113177435
4207,-5.403950113177435
4208,-5.403950113177435
4209,-5.403950113177435
4210,-5.403950113177435
4211,-5.403950113177435
4212,-5.403950113177435
4213,-6.267992023189764
4214,-6.267992023189764
4215,-6.267992023189764
4216,-6.267992023189764
4217,-6.267992023189764
4218,-6.267992023189764
4219,-6.267992023189764
4220,-6.267992023189764
4221,-6.267992023189764
4222,-6.267992023189764
4223,-7.579033869827688
4224,-7.579033869827688
4225,-7.579033869827688
4226,-7.579033869827688
4227,-7.579033869827688
4228,-7.579033869827688
4229,-7.579033869827688
4230,-7.579033869827688
4231,-7.579033869827688
4232,-7.579033869827688
4233,-6.714662741629604
4234,-4.864517075189468
4235,-5.403950113177435
4236,-6.267992023189764
4237,-7.579033869827688
4238,-6.714662741629604
4239,-4.864517075189468
4240,-5.403950113177435
4241,-6.267992023189764
4242,-7.579033869827688
4355,-3.7677327844700357
4356,-3.7677327844700357
4358,-3.7677327844700357
4359,-3.7677327844700357
4368,-3.6183782654928156
4374,-10.467075569937858
4375,-10.467075569937858
4376,-10.467075569937858
4377,-10.467075569937858
4378,-10.467075569937858
4379,-10.467075569937858
4380,-10.467075569937858
4381,-10.467075569937858
4382,-10.467075569937858
4383,-10.467075569937858
4384,-10.467075569937858
4385,-10.467075569937858
4431,-9.329263129998425
4432,-10.72206899952096
4433,-9.75887215409518
4434,-8.173810862978627
4435,-10.785650776073533
4436,-9.013479745344114
4444,-3.8645506713244036
4445,-3.8645506713244036
4447,-3.8645506713244036
4448,-3.8645506713244036
4598,-10.235306421952542
4599,-9.330436690878123
4600,-9.013737401710301
4601,-10.093725899679061
4602,-9.87478480490661
4603,-9.538004145948019
4604,-10.254900049051347
4605,-9.818428076585336
4606,-9.1833417732695
4607,-9.750472590594136
4625,-6.299087998404055
4639,-17.41894408457081
4647,-17.41894408457081
4648,-13.482381926079231
4649,-10.506588508534563
4650,-10.506588508534563
4651,-10.506588508534563
4652,-10.506588508534563
4653,-10.510599269004649
4654,-10.510599269004649
4655,-10.510599269004649
4656,-10.510599269004649
4657,-10.50241238731075
4658,-10.50241238731075
4659,-10.50241238731075
4660,-10.50241238731075
4661,-17.51471616324187
4684,-6.087093096971371
4685,-5.4742289550747385
4694,-7.518693068307096
4695,-7.518693068307096
4696,-7.518693068307096
4697,-7.518693068307096
4698,-7.518693068307096
4699,-7.518693068307096
4700,-7.518693068307096
4701,-8.397973057808393
4702,-8.397973057808393
4703,-8.397973057808393
4704,-8.397973057808393
4705,-8.397973057808393
4706,-8.397973057808393
4707,-8.397973057808393
4708,-11.343934726182455
4709,-2.260306817745718
4716,-2.260306817745718
4717,-2.260306817745718
4718,-2.260306817745718
4719,-2.260306817745718
4720,-2.260306817745718
4721,-2.260306817745718
4722,-2.260306817745718
4723,-2.260306817745718
4724,-2.260306817745718
4727,-20.827801312197952
4730,-8.293409876922315
4777,-5.621486413867375
4813,-6.590216776329224
4814,-6.590216776329224
4815,-6.590216776329224
4816,-6.590216776329224
4817,-6.590216776329224
4820,-4.483002353637092
4821,-4.483002353637092
4822,-4.483002353637092
4823,-4.483002353637092
4824,-4.483002353637092
4827,-3.638149967294277
4828,-3.638149967294277
4829,-3.638149967294277
4830,-3.638149967294277
4831,-3.638149967294277
4834,-4.621310844810347
4835,-4.621310844810347
4836,-4.621310844810347
4837,-4.621310844810347
4838,-4.621310844810347
4841,-3.61166475460456
4842,-3.61166475460456
4843,-3.61166475460456
4844,-3.61166475460456
4845,-3.61166475460456
4848,-4.015130428636983
4849,-4.015130428636983
4850,-4.015130428636983
4851,-4.015130428636983
4852,-4.015130428636983
4879,-9.658594359092806
4880,-9.658594359092806
4882,-9.658594359092806
4883,-9.658594359092806
4884,-9.658594359092806
4887,-9.658594359092806
4888,-9.658594359092806
4890,-6.371154795419578
4958,-10.195636109676553
4959,-11.214307878026936
4960,-11.214307878026936
4961,-11.214307878026936
4962,-11.214307878026936
4963,-11.214307878026936
4964,-11.214307878026936
4965,-11.214307878026936
4966,-11.214307878026936
4967,-11.214307878026936
4968,-11.214307878026936
4969,-11.214307878026936
4970,-11.214307878026936
4971,-11.214307878026936
4972,-11.214307878026936
4973,-8.15650529813572
4975,-8.15650529813572
4976,-8.15650529813572
4977,-8.15650529813572
4980,-8.15650529813572
4982,-8.15650529813572
4996,-7.3573711786787275
4997,-6.424093059346694
4998,-6.673309478824573
4999,-9.375856786788894
5000,-13.885453769409912
5001,-7.3573711786787275
5002,-6.424093059346694
5003,-6.673309478824573
5004,-9.375856786788894
5005,-13.885453769409912
5040,-7.208567464714779
5043,-7.208567464714779
5046,-7.208567464714779
5074,-3.3552790385725575
5143,-2.7260906999957255
5211,-3.952132424690461
5280,-8.851036813459409
5281,-8.851036813459409
5282,-8.851036813459409
5283,-8.851036813459409
5284,-8.851036813459409
5285,-8.851036813459409
5286,-8.851036813459409
5287,-8.851036813459409
5288,-8.851036813459409
5289,-8.851036813459409
5290,-8.851036813459409
5291,-8.851036813459409
5292,-8.851036813459409
5293,-8.851036813459409
5294,-8.851036813459409
5358,-6.382815249390163
5359,-6.382815249390163
5360,-6.382815249390163
5361,-6.382815249390163
5362,-6.382815249390163
5363,-6.382815249390163
5364,-6.382815249390163
5365,-6.382815249390163
5366,-6.382815249390163
5367,-6.382815249390163
5368,-7.707613071192696
5369,-7.707613071192696
5370,-7.707613071192696
5371,-7.707613071192696
5372,-7.707613071192696
5373,-7.707613071192696
5449,-5.905559228264475
5450,-5.905559228264475
5451,-5.905559228264475
5452,-5.905559228264475
5453,-5.905559228264475
5454,-5.905559228264475
5455,-5.905559228264475
5456,-5.905559228264475
5457,-5.905559228264475
5458,-5.905559228264475
5459,-5.905559228264475
5460,-5.905559228264475
5461,-5.905559228264475
5462,-5.905559228264475
5463,-3.7797178823886726
5464,-3.7797178823886726
5465,-3.7797178823886726
5466,-3.7797178823886726
5467,-3.7797178823886726
5468,-3.7797178823886726
5469,-3.7797178823886726
5470,-3.7797178823886726
5471,-3.7797178823886726
5472,-3.7797178823886726
5473,-3.7797178823886726
5474,-3.7797178823886726
5475,-3.7797178823886726
5476,-3.7797178823886726
5515,-20.177000166637445
5577,-9.008435311819847
5578,-9.008435311819847
5579,-9.008435311819847
5599,-2.2920063121027554
5600,-2.510973757348339
5601,-3.385376527441027
5602,-2.3062481540691233
5603,-2.5302468360956496
5604,-3.384527576312375
5605,-2.451078211886628
5606,-2.4069778260737515
5607,-3.2165220582768708
5608,-3.2051597058980374
5609,-2.2920063121027554
5610,-2.510973757348339
5611,-3.385376527441027
5612,-2.3062481540691233
5613,-2.5302468360956496
5614,-3.384527576312375
5615,-2.451078211886628
5616,-2.4069778260737515
5617,-3.2165220582768708
5618,-3.2051597058980374
5619,-2.2920063121027554
5620,-2.510973757348339
5621,-3.385376527441027
5622,-2.3062481540691233
5623,-2.5302468360956496
5624,-3.384527576312375
5625,-2.451078211886628
5626,-2.4069778260737515
5627,-3.2165220582768708
5628,-3.2051597058980374
5629,-2.2920063121027554
5630,-2.510973757348339
5631,-3.385376527441027
5632,-2.3062481540691233
5633,-2.5302468360956496
5634,-3.384527576312375
5635,-2.451078211886628
5636,-2.4069778260737515
5637,-3.2165220582768708
5638,-3.2051597058980374
5662,-5.343497692239472
5663,-11.385316724598088
5664,-2.557814230103263
5665,-2.5544695308663607
5672,-1.8398529104642882
5673,-1.834119688437276
5678,-2.354237368706411
5682,-2.1750824619471447
5684,-2.0459538089688993
5685,-1.993387815466256
5686,-1.8804662984328289
5687,-2.0175554079732705
5689,-2.1486665322607936
5691,-1.9641002423799478
5693,-2.28639864604802
5694,-2.3911154769798624
5697,-2.5078046281765185
5699,-2.457426460902036
5700,-1.6597346374196638
5701,-2.329638209128152
5702,-2.5805894316122515
5743,-6.405474536330337
5745,-6.405474536330337
5746,-6.405474536330337
5747,-6.405474536330337
5748,-6.405474536330337
5749,-6.405474536330337
5750,-6.405474536330337
5751,-6.405474536330337
5752,-6.405474536330337
5753,-6.405474536330337
5754,-6.405474536330337
5756,-6.405474536330337
5757,-6.405474536330337
5758,-6.405474536330337
5759,-6.405474536330337
5760,-6.405474536330337
5761,-6.405474536330337
5762,-6.405474536330337
5763,-6.405474536330337
5764,-4.481971018797939
5765,-4.481971018797939
5766,-4.481971018797939
5767,-4.481971018797939
5768,-4.481971018797939
5769,-4.481971018797939
5770,-4.481971018797939
5783,-10.426830921793425
5785,-10.426830921793425
5787,-10.426830921793425
5788,-10.426830921793425
5790,-4.332694349847527
5792,-4.332694349847527
5794,-4.332694349847527
5795,-4.332694349847527
5797,-8.094281683844976
5799,-8.094281683844976
5801,-8.094281683844976
5803,-7.022918813851192
5805,-7.022918813851192
5807,-7.022918813851192
5857,-18.247666695607844
5858,-18.247666695607844
5859,-18.247666695607844
5860,-18.247666695607844
5861,-18.247666695607844
5862,-18.247666695607844
5863,-18.247666695607844
5864,-18.247666695607844
5875,-14.428434511876343
5876,-14.428434511876343
5877,-14.428434511876343
5878,-14.428434511876343
5879,-14.428434511876343
5880,-14.428434511876343
5881,-14.428434511876343
5882,-14.428434511876343
5883,-14.428434511876343
5884,-14.428434511876343
5892,-3.774501174164458
5893,-3.774501174164458
5894,-3.774501174164458
5895,-3.774501174164458
5896,-3.774501174164458
5897,-3.774501174164458
5911,-2.798625487144948
5933,-6.0898562481141045
5934,-6.0898562481141045
5935,-6.0898562481141045
5936,-6.0898562481141045
5937,-6.0898562481141045
5938,-6.0898562481141045
5939,-6.0898562481141045
5940,-6.0898562481141045
5941,-6.0898562481141045
5942,-6.0898562481141045
5943,-6.0898562481141045
5944,-6.0898562481141045
5945,-6.0898562481141045
5946,-2.4823013538275487
5947,-2.4823013538275487
5948,-2.4823013538275487
5949,-2.4823013538275487
5950,-2.4823013538275487
5951,-2.4823013538275487
5952,-2.4823013538275487
5953,-2.4823013538275487
5954,-2.4823013538275487
5955,-2.4823013538275487
5956,-2.4823013538275487
5957,-2.3021256201288436
5958,-2.3021256201288436
5959,-2.3021256201288436
5960,-2.3021256201288436
5961,-2.3021256201288436
5962,-2.3021256201288436
5963,-2.3021256201288436
5964,-2.3021256201288436
5965,-2.3021256201288436
5966,-2.3021256201288436
5967,-2.3021256201288436
5968,-2.1965384065708324
5969,-2.1965384065708324
5970,-2.1965384065708324
5971,-2.1965384065708324
5972,-2.1965384065708324
5973,-2.1965384065708324
5974,-2.1965384065708324
5975,-2.1965384065708324
5976,-2.1965384065708324
5977,-2.1965384065708324
5978,-2.1965384065708324
6040,-4.504743393620074
6041,-4.504743393620074
6042,-4.504743393620074
6043,-4.504743393620074
6044,-4.504743393620074
6045,-4.504743393620074
6046,-2.250764714644901
6047,-2.250764714644901
6048,-2.250764714644901
6049,-2.250764714644901
6050,-2.250764714644901
6051,-2.250764714644901
6052,-2.250764714644901
6053,-2.250764714644901
6054,-2.250764714644901
6055,-2.250764714644901
6056,-2.250764714644901
6057,-2.250764714644901
6058,-2.250764714644901
6059,-2.250764714644901
6060,-2.250764714644901
6061,-2.250764714644901
6062,-2.250764714644901
6063,-2.250764714644901
6064,-2.250764714644901
6065,-2.250764714644901
6066,-2.250764714644901
6067,-2.250764714644901
6121,-2.73768350313427
6123,-2.640746032165307
6125,-2.435588476042579
6127,-3.1740283818676276
6206,-4.497681538459506
6207,-3.413065306549762
6208,-3.8661686821059496
6209,-2.885201956773553
6210,-4.497681538459506
6211,-3.413065306549762
6212,-3.8661686821059496
6213,-2.885201956773553
6214,-5.593066705515437
6215,-5.501559962894592
6216,-5.593066705515437
6217,-5.501559962894592
6218,-9.103715584372328
6219,-7.028477560730584
6220,-7.8641090329397105
6221,-6.87930815414858
6222,-9.103715584372328
6223,-7.028477560730584
6224,-7.8641090329397105
6225,-6.87930815414858
6226,-9.103715584372328
6227,-7.028477560730584
6228,-7.8641090329397105
6229,-6.87930815414858
6230,-9.103715584372328
6231,-7.028477560730584
6232,-7.8641090329397105
6233,-6.87930815414858
6248,-5.424892437157412
6249,-5.670384800755046
6259,-9.768045485979686
6260,-6.98290433855355
6261,-9.768045485979686
6262,-6.98290433855355
6263,-9.768045485979686
6264,-6.98290433855355
6265,-9.768045485979686
6266,-6.98290433855355
6267,-9.768045485979686
6268,-6.98290433855355
6270,-4.961995928218367
6271,-4.437478009548389
6272,-2.5278561523870904
6273,-4.380313622405344
6278,-6.31600087835349
6279,-4.7026213599307525
6280,-6.31600087835349
6281,-4.7026213599307525
6282,-5.663054595945608
6283,-4.4961003565982995
6284,-5.663054595945608
6285,-4.4961003565982995
6286,-3.551670396752006
6287,-4.220496709672406
6288,-3.8009062113880954
6289,-3.8804282796537546
6290,-3.898999049547629
6291,-3.8975480894611625
6292,-3.8123928994825405
6293,-4.688352471567298
6294,-3.8009062113880954
6295,-3.8804282796537546
6296,-3.898999049547629
6297,-3.8975480894611625
6298,-3.8123928994825405
6299,-4.688352471567298
6306,-4.538641297275279
6307,-4.6010120417384135
6308,-2.338775760032265
6309,-3.163284583927092
6310,-1.6911602060398052
6311,-2.277283580341855
6312,-4.538641297275279
6313,-4.6010120417384135
6314,-2.338775760032265
6315,-3.163284583927092
6316,-1.6911602060398052
6317,-2.277283580341855
6318,-4.538641297275279
6319,-4.6010120417384135
6320,-2.338775760032265
6321,-3.163284583927092
6351,-7.207728034741963
6352,-3.14597088061758
6353,-7.207728034741963
6354,-3.14597088061758
6355,-7.207728034741963
6356,-7.207728034741963
6357,-7.207728034741963
6358,-7.207728034741963
6359,-7.207728034741963
6360,-7.207728034741963
6361,-7.207728034741963
6362,-7.207728034741963
6363,-7.207728034741963
6364,-7.207728034741963
6365,-7.207728034741963
6366,-7.207728034741963
6367,-7.207728034741963
6368,-3.14597088061758
6369,-3.14597088061758
6370,-3.14597088061758
6371,-3.14597088061758
6372,-3.14597088061758
6373,-3.14597088061758
6374,-3.14597088061758
6375,-3.14597088061758
6376,-3.14597088061758
6377,-3.14597088061758
6378,-3.14597088061758
6379,-3.14597088061758
6380,-2.9846031551855865
6381,-2.9846031551855865
6382,-2.9846031551855865
6383,-2.9846031551855865
6384,-2.9846031551855865
6385,-2.9846031551855865
6401,-7.517183395454805
6402,-7.517183395454805
6403,-7.517183395454805
6404,-7.517183395454805
6405,-7.517183395454805
6406,-7.517183395454805
6407,-7.754874013758953
6408,-7.754874013758953
6409,-7.754874013758953
6410,-7.754874013758953
6411,-7.754874013758953
6412,-7.754874013758953
6416,-5.8416846520752905
6417,-5.8416846520752905
6418,-5.8416846520752905
6419,-5.8416846520752905
6421,-6.4624668666271505
6422,-6.4624668666271505
6423,-6.4624668666271505
6424,-6.4624668666271505
6426,-2.601389321728903
6427,-2.601389321728903
6428,-2.601389321728903
6429,-2.601389321728903
6430,-5.8416846520752905
6431,-6.4624668666271505
6432,-2.601389321728903
6440,-9.247604520765822
6445,-8.557297614201836
6446,-4.734792052870295
6447,-2.5203750968008727
6448,-1.6497046663544603
6459,-6.9657355740068585
6460,-6.9657355740068585
6461,-6.9657355740068585
6462,-6.302599204935508
6463,-6.302599204935508
6464,-6.302599204935508
6465,-5.241210462685787
6466,-5.241210462685787
6467,-5.241210462685787
6468,-3.48299336678419
6469,-3.48299336678419
6470,-3.48299336678419
6476,-9.278035142844034
6477,-4.203953671107353
6478,-6.016934007871688
6479,-9.359319493452075
6480,-6.000753022734455
6481,-10.145204932418672
6482,-6.000753022734455
6483,-10.145204932418672
6487,-3.232832645925502
6500,-3.0386505422292736
6501,-2.9165568492683613
6502,-3.0386505422292736
6503,-2.9165568492683613
6504,-11.993715923515254
6505,-6.049418874813479
6506,-3.1904920775177397
6507,-4.459671075508391
6508,-8.6060172457383
6509,-8.6060172457383
6510,-11.993715923515254
6511,-6.049418874813479
6512,-3.1904920775177397
6513,-4.459671075508391
6526,-3.3490763109794512
6536,-10.435105407947411
6537,-10.00997146329377
6538,-10.457741834894582
6539,-10.02218217574009
6540,-2.6760756798285144
6541,-4.483263815588348
6542,-2.6212535056120245
6543,-2.921340940851225
6548,-5.371429119790454
6549,-4.1656099775996
6550,-5.371429119790454
6551,-4.1656099775996
6552,-7.670116779834071
6553,-6.727547510422007
6554,-4.031983719572867
6555,-7.670116779834071
6556,-6.727547510422007
6557,-4.031983719572867
6558,-7.670116779834071
6559,-6.727547510422007
6560,-4.031983719572867
6561,-7.670116779834071
6562,-6.727547510422007
6563,-4.031983719572867
6564,-9.917241948373363
6565,-6.082410911470214
6566,-6.871619663258296
6567,-9.917241948373363
6568,-6.082410911470214
6569,-6.871619663258296
6571,-5.794363050695432
6590,-4.476259276509525
6591,-4.476259276509525
6614,-8.897163801572365
6621,-3.734430823482815
6622,-3.734430823482815
6623,-3.734430823482815
6624,-3.734430823482815
6625,-5.837490026573347
6627,-5.837490026573347
6628,-5.837490026573347
6629,-5.837490026573347
6630,-5.46080246639199
6632,-5.46080246639199
6633,-5.46080246639199
6634,-5.46080246639199
6635,-7.656751278717816
6636,-4.544161154299922
6637,-3.5179499399210785
6638,-3.08518219087109
6639,-8.530491815544487
6640,-7.656751278717816
6641,-4.544161154299922
6642,-3.5179499399210785
6643,-3.08518219087109
6644,-8.530491815544487
6645,-7.656751278717816
6646,-4.544161154299922
6647,-3.5179499399210785
6648,-3.08518219087109
6649,-8.530491815544487
6650,-7.656751278717816
6651,-4.544161154299922
6652,-3.5179499399210785
6653,-3.08518219087109
6654,-8.530491815544487
6655,-7.656751278717816
6656,-4.544161154299922
6657,-3.5179499399210785
6658,-3.08518219087109
6659,-8.530491815544487
6662,-8.004938686213178
6663,-8.004938686213178
6664,-8.004938686213178
6665,-8.004938686213178
6666,-8.004938686213178
6667,-7.555948589323935
6668,-7.555948589323935
6669,-7.555948589323935
6670,-7.555948589323935
6671,-7.555948589323935
6672,-5.128248212044513
6673,-5.128248212044513
6674,-5.128248212044513
6675,-5.128248212044513
6676,-5.128248212044513
6677,-3.6410398251532943
6678,-3.6410398251532943
6679,-3.6410398251532943
6680,-3.6410398251532943
6681,-3.6410398251532943
6682,-8.004938686213178
6683,-7.555948589323935
6684,-5.128248212044513
6685,-3.6410398251532943
6686,-8.004938686213178
6687,-7.555948589323935
6688,-5.128248212044513
6689,-3.6410398251532943
6704,-3.219011097815006
6705,-2.405318386301178
6706,-2.983412625659255
6707,-3.219011097815006
6708,-2.405318386301178
6709,-2.983412625659255
6713,-8.886054591648794
6714,-8.886054591648794
6716,-8.886054591648794
6717,-8.886969714607874
6718,-8.886969714607874
6720,-8.886969714607874
6729,-7.297493823915254
6731,-7.297493823915254
6732,-11.932420131971755
6733,-11.932420131971755
6738,-3.904450160481179
6739,-6.479945604016953
6740,-7.14272646601427
6741,-3.904450160481179
6742,-6.479945604016953
6743,-7.14272646601427
6747,-8.639557162704612
6748,-10.054447852999171
6749,-8.639557162704612
6750,-10.054447852999171
6751,-9.483542011452569
6752,-9.483542011452569
6753,-9.483542011452569
6754,-9.483542011452569
6755,-9.483542011452569
6756,-9.483542011452569
6757,-9.483542011452569
6758,-10.28746374683281
6759,-10.28746374683281
6760,-10.28746374683281
6761,-10.28746374683281
6762,-10.28746374683281
6763,-10.28746374683281
6764,-10.28746374683281
6765,-7.917265170880604
6766,-7.917265170880604
6767,-7.917265170880604
6768,-7.917265170880604
6769,-7.917265170880604
6770,-7.917265170880604
6771,-7.917265170880604
6779,-8.599600532469962
6780,-10.67619282263262
6781,-6.187208254759696
6782,-13.062702698237603
6783,-6.08280804490876
6784,-13.530162580908463
6785,-15.07737359958939
6786,-6.715229900429341
6788,-6.715229900429341
6789,-6.715229900429341
6790,-5.775000844011713
6792,-5.775000844011713
6793,-5.775000844011713
6794,-6.715229900429341
6795,-5.775000844011713
6798,-11.593589880678259
6800,-11.593589880678259
6801,-11.593589880678259
6802,-11.593589880678259
6803,-11.593589880678259
6804,-13.655002657304498
6806,-13.655002657304498
6807,-13.655002657304498
6808,-13.655002657304498
6809,-13.655002657304498
6851,-7.867235248767722
6856,-7.867235248767722
6877,-9.047887387293368
6878,-9.047887387293368
6880,-9.047887387293368
6881,-9.047887387293368
6882,-9.047887387293368
6886,-5.19727443384445
6887,-5.19727443384445
6888,-5.19727443384445
6890,-5.19727443384445
6891,-5.19727443384445
6893,-5.19727443384445
6896,-3.9046209861828096
6897,-3.9046209861828096
6898,-3.9046209861828096
6900,-3.9046209861828096
6901,-3.9046209861828096
6903,-3.9046209861828096
6904,-3.9046209861828096
6938,-16.941194354192014
6939,-16.941194354192014
6940,-16.941194354192014
6941,-16.941194354192014
6942,-5.925225254378953
6943,-5.925225254378953
6944,-5.925225254378953
6945,-5.925225254378953
6946,-12.182380720913539
6947,-12.182380720913539
6948,-12.182380720913539
6949,-12.182380720913539
6950,-4.325058769828283
6951,-4.325058769828283
6952,-4.325058769828283
6953,-4.325058769828283
6958,-8.056506933815633
6959,-7.7266748905034035
6960,-10.3859465128159
6961,-8.999563837722446
6962,-8.978145942093883
6963,-10.3859465128159
6964,-8.999563837722446
6965,-8.978145942093883
6990,-5.965300971258587
7008,-13.072971197583714
7009,-13.072971197583714
7011,-4.389091886900632
7012,-4.389091886900632
7013,-13.072971197583714
7014,-4.389091886900632
7028,-4.331427356052416
7029,-4.331427356052416
7030,-4.331427356052416
7031,-4.331427356052416
7032,-4.331427356052416
7033,-4.331427356052416
7034,-4.331427356052416
7035,-4.331427356052416
7036,-4.331427356052416
7037,-4.331427356052416
7038,-8.308021407608814
7039,-8.308021407608814
7040,-8.308021407608814
7041,-8.308021407608814
7042,-8.308021407608814
7043,-8.308021407608814
7045,-8.308021407608814
7046,-8.308021407608814
7047,-8.308021407608814
7048,-8.308021407608814
7050,-4.923903572381472
7051,-4.923903572381472
7052,-4.923903572381472
7053,-4.923903572381472
7054,-4.923903572381472
7055,-4.923903572381472
7056,-4.923903572381472
7058,-4.923903572381472
7059,-4.923903572381472
7060,-4.923903572381472
7061,-6.935295430107442
7062,-6.935295430107442
7063,-6.935295430107442
7064,-6.935295430107442
7065,-6.935295430107442
7066,-6.935295430107442
7067,-6.935295430107442
7069,-6.935295430107442
7070,-6.935295430107442
7071,-6.935295430107442
7072,-8.613781503065074
7073,-8.613781503065074
7074,-8.613781503065074
7075,-8.613781503065074
7076,-8.613781503065074
7077,-8.613781503065074
7078,-8.613781503065074
7079,-8.613781503065074
7081,-8.613781503065074
7082,-8.613781503065074
7103,-7.741266302599662
7104,-4.970317900592177
7105,-6.694064324240643
7106,-4.292133998479531
7107,-7.741266302599662
7108,-4.970317900592177
7109,-6.694064324240643
7110,-4.292133998479531
7124,-3.7277213575923716
7133,-9.762157069156599
7134,-4.837785857848736
7136,-12.4147586622638
7141,-14.045145498537607
7144,-8.727953600128462
7280,-3.82294119963517
7289,-3.3752981027212416
7290,-3.3752981027212416
7291,-3.3752981027212416
7292,-3.3752981027212416
7293,-3.3752981027212416
7294,-3.3752981027212416
7295,-3.3752981027212416
7296,-3.3752981027212416
7297,-3.3752981027212416
7298,-3.3752981027212416
7321,-2.6671134603315014
7322,-2.6671134603315014
7345,-7.393685591613024
7346,-7.393685591613024
7347,-7.393685591613024
7348,-7.393685591613024
7349,-7.393685591613024
7350,-7.393685591613024
7351,-7.393685591613024
7352,-7.393685591613024
7353,-7.393685591613024
7354,-7.393685591613024
7355,-7.393685591613024
7356,-7.393685591613024
7357,-7.393685591613024
7358,-7.393685591613024
7359,-7.529613912830263
7360,-7.529613912830263
7361,-7.529613912830263
7362,-7.529613912830263
7363,-7.529613912830263
7364,-7.529613912830263
7365,-7.529613912830263
7366,-7.529613912830263
7367,-7.529613912830263
7368,-7.529613912830263
7369,-7.529613912830263
7370,-7.529613912830263
7371,-7.529613912830263
7372,-7.529613912830263
7373,-7.0495409407633245
7374,-7.0495409407633245
7375,-7.0495409407633245
7376,-7.0495409407633245
7377,-7.0495409407633245
7378,-7.0495409407633245
7379,-7.0495409407633245
7380,-7.0495409407633245
7381,-7.0495409407633245
7382,-7.0495409407633245
7383,-7.0495409407633245
7384,-7.0495409407633245
7385,-7.0495409407633245
7386,-7.0495409407633245
7387,-7.1849305023339785
7388,-7.1849305023339785
7389,-7.1849305023339785
7390,-7.1849305023339785
7391,-7.1849305023339785
7392,-7.1849305023339785
7393,-7.1849305023339785
7394,-7.1849305023339785
7395,-7.1849305023339785
7396,-7.1849305023339785
7397,-7.1849305023339785
7398,-7.1849305023339785
7399,-7.1849305023339785
7400,-7.1849305023339785
7467,-1.2543465571257968
7468,-1.2543465571257968
7530,-2.960577722958771
7531,-2.960577722958771
7535,-4.2756566687982325
7537,-3.3940772674401423
7538,-3.3940772674401423
7542,-4.064933552773375
7543,-4.064933552773375
7544,-4.064933552773375
7546,-5.317664134421204
7548,-6.081168791998081
7551,-4.070411307141811
7552,-4.070411307141811
7553,-4.070411307141811
7555,-5.324026131798455
7557,-6.173512842315047
7559,-4.574511031875225
7560,-4.574511031875225
7561,-4.574511031875225
7563,-6.041810389741081
7566,-3.7031444481176248
7567,-3.7031444481176248
7569,-1.8175204367547386
7570,-1.6966959841418048
7571,-1.8642647926648541
7572,-1.7615515347617348
7573,-1.7980528959979165
7574,-1.671194876838777
7575,-1.6587514823545508
7576,-1.6668080507798233
7577,-1.8175204367547386
7578,-1.6966959841418048
7579,-1.8642647926648541
7580,-1.7615515347617348
7581,-1.7980528959979165
7582,-1.671194876838777
7583,-1.6587514823545508
7584,-1.6668080507798233
7629,-6.093617870628897
7631,-4.398903747901745
7632,-2.753132220039692
7636,-2.835376888280121
7652,-6.898619113259142
7653,-2.8174569102357165
7654,-2.8174569102357165
7679,-4.642540338833575
7685,-3.8603473500878955
7764,-6.249220885585121
7765,-3.3235774935603724
7766,-4.608814756171973
7767,-3.39496468980961
7768,-6.350875060343064
7769,-3.1310999074968064
7770,-5.399631595601951
7771,-3.063353120913448
7772,-5.213819155233233
7773,-8.65449974630205
7774,-4.003758766139065
7775,-4.35597413026465
7776,-5.035374819114835
7777,-5.66827703624458
7778,-3.473641904898476
7779,-3.9831913748779098
7780,-6.249220885585121
7781,-3.3235774935603724
7782,-4.608814756171973
7783,-3.39496468980961
7784,-6.350875060343064
7785,-3.1310999074968064
7786,-5.399631595601951
7787,-3.063353120913448
7788,-5.213819155233233
7789,-8.65449974630205
7790,-4.003758766139065
7791,-4.35597413026465
7792,-5.035374819114835
7793,-5.66827703624458
7794,-3.473641904898476
7795,-3.9831913748779098
7813,-3.3235774935603724
7814,-4.608814756171973
7815,-3.39496468980961
7816,-6.350875060343064
7817,-3.1310999074968064
7818,-5.399631595601951
7819,-3.063353120913448
7820,-5.213819155233233
7821,-8.65449974630205
7822,-4.003758766139065
7823,-4.35597413026465
7824,-5.035374819114835
7825,-5.66827703624458
7826,-3.473641904898476
7827,-3.9831913748779098
7828,-6.249220885585121
7829,-3.3235774935603724
7830,-4.608814756171973
7831,-3.39496468980961
7832,-6.350875060343064
7833,-3.1310999074968064
7834,-5.399631595601951
7835,-3.063353120913448
7836,-5.213819155233233
7837,-8.65449974630205
7838,-4.003758766139065
7839,-4.35597413026465
7840,-5.035374819114835
7841,-5.66827703624458
7842,-3.473641904898476
7843,-3.9831913748779098
7856,-3.646617257404533
7861,-4.293493237244212
7863,-4.293493237244212
7864,-4.293493237244212
7865,-4.293493237244212
7889,-11.555039206481757
7894,-11.555039206481757
7895,-11.555039206481757
7896,-11.555039206481757
7897,-11.555039206481757
7898,-11.168721986609475
7903,-11.168721986609475
7904,-11.168721986609475
7905,-11.168721986609475
7906,-11.168721986609475
7907,-11.555039206481757
7908,-11.168721986609475
7928,-2.8065576868139623
7937,-8.104601344291193
7938,-11.31430559915737
7939,-4.697535387873501
7940,-5.832168721388812
7941,-2.8065576868139623
7942,-3.597371333285328
7943,-3.4115724720836837
8143,-11.496109871657167
8153,-5.513929885431659
8154,-5.77601123337886
8155,-5.513929885431659
8156,-5.77601123337886
8157,-5.513929885431659
8158,-5.77601123337886
8159,-5.513929885431659
8160,-5.77601123337886
8165,-14.206039578846744
8166,-12.98356787240464
8167,-4.154155972672356
8168,-4.145978330453176
8169,-14.206039578846744
8170,-12.98356787240464
8171,-4.154155972672356
8172,-4.145978330453176
8173,-17.277408332305377
8174,-17.277408332305377
8175,-17.277408332305377
8177,-17.277408332305377
8178,-17.277408332305377
8179,-9.984303363493986
8180,-9.984303363493986
8181,-9.984303363493986
8183,-9.984303363493986
8184,-9.984303363493986
8185,-8.62823622864522
8186,-8.62823622864522
8187,-8.62823622864522
8189,-8.62823622864522
8190,-8.62823622864522
8242,-6.966078037189757
8243,-6.966078037189757
8244,-6.966078037189757
8245,-6.966078037189757
8246,-6.966078037189757
8247,-6.966078037189757
8248,-6.966078037189757
8249,-6.966078037189757
8250,-6.966078037189757
8251,-6.966078037189757
8283,-7.9927630662510785
8284,-7.9927630662510785
8290,-10.545458028689577
8291,-10.545458028689577
8292,-10.545458028689577
8294,-10.545458028689577
8295,-6.573544334395492
8296,-6.573544334395492
8297,-6.573544334395492
8299,-6.573544334395492
8300,-8.863368762210424
8301,-8.863368762210424
8302,-8.863368762210424
8304,-8.863368762210424
8305,-7.886320436810388
8306,-7.886320436810388
8307,-7.886320436810388
8309,-7.886320436810388
8310,-6.648772293053432
8311,-6.648772293053432
8312,-6.648772293053432
8314,-6.648772293053432
8315,-6.371143326975107
8316,-6.371143326975107
8317,-6.371143326975107
8319,-6.371143326975107
8320,-13.028016430899505
8321,-13.028016430899505
8322,-13.028016430899505
8324,-13.028016430899505
8325,-8.029664190759009
8326,-8.029664190759009
8327,-8.029664190759009
8329,-8.029664190759009
8330,-17.79980660631134
8331,-17.79980660631134
8332,-17.79980660631134
8334,-17.79980660631134
8335,-5.508293098732174
8336,-5.508293098732174
8337,-5.508293098732174
8339,-5.508293098732174
8417,-4.932782207468499
8418,-4.192357933579096
8419,-4.699728524533807
8420,-4.582591605516206
8421,-4.932782207468499
8422,-4.192357933579096
8423,-4.699728524533807
8424,-4.582591605516206
8426,-12.086224601359877
8427,-12.086224601359877
8428,-12.086224601359877
8430,-12.086224601359877
8431,-12.086224601359877
8432,-12.086224601359877
8435,-3.3655454784227885
8436,-3.3655454784227885
8437,-3.3655454784227885
8439,-3.3655454784227885
8440,-3.3655454784227885
8441,-3.3655454784227885
8444,-4.042019198454004
8445,-4.042019198454004
8446,-4.042019198454004
8448,-4.042019198454004
8449,-4.042019198454004
8450,-4.042019198454004
8453,-3.366501029146328
8454,-3.366501029146328
8455,-3.366501029146328
8457,-3.366501029146328
8458,-3.366501029146328
8459,-3.366501029146328
8463,-14.146149238362327
8464,-14.146149238362327
8468,-11.862694797014676
8469,-11.862694797014676
8473,-8.051220824799099
8474,-8.051220824799099
8557,-1.4621185969170045
8558,-1.4621185969170045
8559,-1.4621185969170045
8560,-1.4621185969170045
8561,-1.4621185969170045
8562,-1.4621185969170045
8580,-5.299360561602203
8581,-8.222606364189712
8582,-8.222606364189712
8585,-3.4407508940569302
8586,-3.4407508940569302
8587,-3.4407508940569302
8591,-4.557125298798464
8592,-4.557125298798464
8596,-4.143720629280644
8597,-4.143720629280644
8598,-14.122230370216224
8599,-8.113555350078954
8600,-5.97675683499474
8601,-9.951796331658322
8603,-12.863722153927622
8605,-13.162838658650418
8607,-12.40428333656364
8618,-7.327394431692997
8619,-6.417264273152207
8620,-4.087068104032476
8621,-3.8871994219749983
8622,-4.7987350947990475
8623,-15.002679933095132
8630,-7.327394431692997
8631,-7.327394431692997
8632,-7.327394431692997
8633,-7.327394431692997
8634,-7.327394431692997
8635,-7.327394431692997
8636,-7.327394431692997
8637,-7.327394431692997
8638,-7.327394431692997
8639,-7.327394431692997
8640,-6.417264273152207
8641,-6.417264273152207
8642,-6.417264273152207
8643,-6.417264273152207
8644,-6.417264273152207
8645,-6.417264273152207
8646,-6.417264273152207
8647,-6.417264273152207
8648,-6.417264273152207
8649,-6.417264273152207
8650,-4.087068104032476
8651,-4.087068104032476
8652,-4.087068104032476
8653,-4.087068104032476
8654,-4.087068104032476
8655,-4.087068104032476
8656,-4.087068104032476
8657,-4.087068104032476
8658,-4.087068104032476
8659,-4.087068104032476
8660,-3.8871994219749983
8661,-3.8871994219749983
8662,-3.8871994219749983
8663,-3.8871994219749983
8664,-3.8871994219749983
8665,-3.8871994219749983
8666,-3.8871994219749983
8667,-3.8871994219749983
8668,-3.8871994219749983
8669,-3.8871994219749983
8670,-4.7987350947990475
8671,-4.7987350947990475
8672,-4.7987350947990475
8673,-4.7987350947990475
8674,-4.7987350947990475
8675,-4.7987350947990475
8676,-4.7987350947990475
8677,-4.7987350947990475
8678,-4.7987350947990475
8679,-4.7987350947990475
8680,-15.002679933095132
8681,-15.002679933095132
8682,-15.002679933095132
8683,-15.002679933095132
8684,-15.002679933095132
8685,-15.002679933095132
8686,-15.002679933095132
8687,-15.002679933095132
8688,-15.002679933095132
8689,-15.002679933095132
8690,-9.279449860964066
8691,-9.279449860964066
8692,-9.279449860964066
8716,-4.983503786790381
8717,-4.983503786790381
8718,-4.983503786790381
8719,-4.983503786790381
8720,-4.983503786790381
8721,-4.983503786790381
8722,-4.983503786790381
8723,-4.983503786790381
8724,-4.983503786790381
8725,-4.983503786790381
8726,-4.983503786790381
8727,-4.983503786790381
8728,-4.983503786790381
8729,-4.983503786790381
8730,-4.983503786790381
8731,-4.983503786790381
8732,-4.983503786790381
8733,-4.983503786790381
8734,-4.983503786790381
8735,-4.170745824349557
8736,-4.170745824349557
8737,-4.170745824349557
8738,-4.170745824349557
8739,-4.170745824349557
8740,-4.170745824349557
8741,-4.170745824349557
8742,-4.170745824349557
8743,-4.170745824349557
8744,-4.170745824349557
8745,-4.170745824349557
8746,-4.170745824349557
8747,-4.170745824349557
8748,-4.170745824349557
8749,-4.170745824349557
8750,-4.170745824349557
8751,-4.170745824349557
8752,-4.170745824349557
8829,-6.0380930817455685
8830,-6.0380930817455685
8831,-6.0380930817455685
8832,-6.0380930817455685
8833,-6.0380930817455685
8834,-6.0380930817455685
8835,-6.0380930817455685
8836,-6.0380930817455685
8837,-6.0380930817455685
8838,-6.536678151695268
8839,-6.536678151695268
8840,-6.536678151695268
8841,-6.536678151695268
8842,-6.536678151695268
8843,-6.536678151695268
8844,-6.536678151695268
8845,-6.536678151695268
8846,-6.44248788197561
8847,-6.44248788197561
8848,-6.44248788197561
8849,-6.44248788197561
8850,-6.44248788197561
8851,-6.44248788197561
8852,-6.44248788197561
8853,-6.44248788197561
8854,-6.44248788197561
8855,-6.090812882985758
8856,-6.090812882985758
8857,-6.090812882985758
8858,-6.090812882985758
8859,-6.090812882985758
8860,-6.090812882985758
8861,-6.090812882985758
8862,-6.090812882985758
8863,-6.090812882985758
8864,-8.190336211903016
8865,-8.190336211903016
8866,-8.190336211903016
8867,-8.190336211903016
8868,-8.190336211903016
8869,-8.190336211903016
8870,-8.7314295811673
8871,-8.7314295811673
8872,-8.7314295811673
8873,-8.7314295811673
8874,-8.7314295811673
8875,-8.7314295811673
8876,-8.7314295811673
8877,-8.7314295811673
8878,-8.7314295811673
8879,-8.653591759045238
8880,-8.653591759045238
8881,-8.653591759045238
8882,-8.653591759045238
8883,-8.653591759045238
8884,-5.09699783988521
8885,-5.09699783988521
8886,-5.09699783988521
8887,-5.09699783988521
8888,-5.09699783988521
8889,-5.09699783988521
8890,-5.09699783988521
8891,-5.09699783988521
8892,-5.09699783988521
8893,-5.344483975004027
8894,-5.344483975004027
8895,-5.344483975004027
8896,-5.344483975004027
8897,-5.344483975004027
8898,-5.344483975004027
8899,-5.344483975004027
8900,-5.344483975004027
8901,-5.344483975004027
8902,-5.344483975004027
8903,-7.506016317540692
8904,-7.506016317540692
8905,-7.506016317540692
8906,-7.506016317540692
8907,-7.506016317540692
8915,-5.831645539770309
8916,-5.831645539770309
8917,-5.831645539770309
8918,-5.831645539770309
8919,-5.831645539770309
8920,-5.831645539770309
8921,-5.831645539770309
8922,-5.831645539770309
8923,-5.831645539770309
8924,-5.831645539770309
8925,-10.426830921793425
8926,-10.426830921793425
8927,-10.426830921793425
8928,-10.426830921793425
8929,-10.426830921793425
8930,-10.426830921793425
8931,-10.426830921793425
8932,-10.426830921793425
8933,-10.426830921793425
8934,-10.426830921793425
8935,-5.093387961389544
8936,-5.093387961389544
8937,-5.093387961389544
8938,-5.093387961389544
8939,-5.093387961389544
8940,-5.093387961389544
8941,-5.093387961389544
8942,-5.093387961389544
8943,-5.093387961389544
8944,-5.093387961389544
8945,-7.727673527354124
8946,-7.727673527354124
8947,-7.727673527354124
8948,-7.727673527354124
8949,-7.727673527354124
8950,-7.727673527354124
8951,-7.727673527354124
8952,-7.727673527354124
8953,-7.727673527354124
8954,-7.727673527354124
8955,-6.736507360328769
8956,-6.736507360328769
8957,-6.736507360328769
8958,-6.736507360328769
8959,-6.736507360328769
8960,-6.736507360328769
8961,-6.736507360328769
8962,-6.736507360328769
8963,-6.736507360328769
8964,-6.736507360328769
8984,-3.6206464100331712
8985,-3.6206464100331712
8986,-3.6206464100331712
8987,-3.6206464100331712
8988,-3.6206464100331712
8989,-4.292066764739159
8990,-4.292066764739159
8991,-4.292066764739159
8992,-4.292066764739159
8993,-4.292066764739159
9016,-5.914110511840125
9017,-3.7740392146282247
9018,-8.732514426323146
9019,-7.721957045070304
9020,-5.453324715864188
9021,-4.405614939729557
9022,-5.319851045569381
9023,-9.982081662109094
9024,-3.3542117230220505
9025,-5.914110511840125
9026,-3.7740392146282247
9027,-8.732514426323146
9028,-7.721957045070304
9029,-5.453324715864188
9030,-4.405614939729557
9031,-5.319851045569381
9032,-9.982081662109094
9033,-3.3542117230220505
9034,-5.914110511840125
9035,-3.7740392146282247
9036,-8.732514426323146
9037,-7.721957045070304
9038,-5.453324715864188
9039,-4.405614939729557
9040,-5.319851045569381
9041,-9.982081662109094
9042,-3.3542117230220505
9043,-5.914110511840125
9044,-3.7740392146282247
9045,-8.732514426323146
9046,-7.721957045070304
9047,-5.453324715864188
9048,-4.405614939729557
9049,-5.319851045569381
9050,-9.982081662109094
9051,-3.3542117230220505
9052,-10.603148305421987
9054,-10.603148305421987
9055,-10.603148305421987
9056,-16.798284752251007
9058,-16.798284752251007
9059,-16.798284752251007
9060,-8.819431117990456
9062,-8.819431117990456
9063,-8.819431117990456
9065,-11.915838690208165
9066,-11.915838690208165
9067,-8.902717053777328
9069,-8.902717053777328
9070,-8.902717053777328
9071,-7.736364168908482
9073,-7.736364168908482
9074,-7.736364168908482
9076,-5.914149110472186
9077,-5.914149110472186
9099,-2.5850277548495395
9100,-2.2920063121027554
9124,-17.10530844506103
9180,-1.9263715893215556
9211,-1.4736226528471548
9212,-1.4736226528471548
9213,-1.4736226528471548
9225,-4.057379772591094
9228,-3.9077511498540014
9229,-3.9077511498540014
9230,-3.9077511498540014
9231,-3.9077511498540014
9242,-3.8969187793571898
9248,-3.612119293441032
9250,-10.142013003405845
9251,-9.166753412869916
9252,-9.037356763291244
9253,-8.3280121957755
9254,-6.701166207246625
9255,-9.603892794622698
9256,-7.798742010719072
9257,-6.455832624770597
9258,-6.72670548930523
9259,-4.781440994403027
9260,-10.142013003405845
9261,-9.166753412869916
9262,-9.037356763291244
9263,-8.3280121957755
9264,-6.701166207246625
9265,-9.603892794622698
9266,-7.798742010719072
9267,-6.455832624770597
9268,-6.72670548930523
9269,-4.781440994403027
9270,-2.679591931414351
9271,-2.679591931414351
9272,-2.679591931414351
9273,-2.679591931414351
9274,-2.679591931414351
9275,-2.679591931414351
9276,-2.679591931414351
9277,-2.679591931414351
9278,-2.679591931414351
9279,-2.679591931414351
9280,-2.679591931414351
9281,-2.679591931414351
9282,-2.212479268667029
9283,-2.212479268667029
9284,-2.212479268667029
9285,-2.212479268667029
9286,-2.212479268667029
9287,-2.212479268667029
9288,-2.212479268667029
9289,-2.212479268667029
9290,-2.212479268667029
9291,-2.212479268667029
9292,-2.212479268667029
9293,-2.212479268667029
9301,-3.3704314355303584
9302,-8.646157724699194
9303,-7.551827229517125
9304,-8.76499352128945
9305,-10.151946714542452
9306,-7.825111914321917
9307,-7.869064591114009
9308,-9.226952683828728
9309,-10.514810234054934
9319,-10.59882409362914
9323,-9.687331205291954
9324,-9.687331205291954
9325,-9.687331205291954
9326,-9.687331205291954
9327,-9.687331205291954
9328,-8.849327668549707
9329,-8.849327668549707
9330,-8.849327668549707
9331,-8.849327668549707
9332,-8.849327668549707
9333,-8.570712305768215
9334,-8.570712305768215
9335,-8.570712305768215
9336,-8.570712305768215
9337,-9.637506633993759
9338,-9.637506633993759
9339,-9.637506633993759
9340,-9.637506633993759
9341,-9.637506633993759
9342,-10.66674089135585
9343,-10.66674089135585
9344,-10.66674089135585
9345,-10.66674089135585
9346,-10.66674089135585
9347,-10.332841464186735
9348,-10.332841464186735
9349,-10.332841464186735
9350,-10.332841464186735
9351,-10.332841464186735
9357,-1.0417163660871867
9360,-1.0078897588818816
9366,-1.5500128844836352
9369,-1.4175691124922518
9370,-6.105476770871708
9373,-6.105476770871708
9375,-6.105476770871708
9376,-6.105476770871708
9377,-6.105476770871708
9378,-6.105476770871708
9379,-5.4919726191391085
9380,-5.4919726191391085
9382,-5.4919726191391085
9383,-5.4919726191391085
9384,-5.4919726191391085
9385,-5.4919726191391085
9386,-5.4919726191391085
9387,-5.4919726191391085
9388,-4.459797168401542
9389,-4.459797168401542
9391,-4.459797168401542
9392,-4.459797168401542
9393,-4.459797168401542
9394,-4.459797168401542
9395,-4.459797168401542
9396,-4.459797168401542
9397,-5.662371814272828
9398,-5.662371814272828
9399,-5.662371814272828
9400,-5.662371814272828
9401,-5.662371814272828
9402,-5.662371814272828
9403,-5.662371814272828
9404,-5.662371814272828
9405,-5.662371814272828
9410,-14.088888205116431
9412,-10.097330831304385
9427,-6.035757531060968
9464,-7.216358683566245
9465,-5.4708571442899965
9466,-6.45821963692411
9467,-4.992136061087928
9468,-6.02840078166316
9469,-7.216358683566245
9470,-5.4708571442899965
9471,-6.45821963692411
9472,-4.992136061087928
9473,-6.02840078166316
9474,-7.216358683566245
9475,-5.4708571442899965
9476,-6.45821963692411
9477,-4.992136061087928
9478,-6.02840078166316
9479,-7.216358683566245
9480,-5.4708571442899965
9481,-6.45821963692411
9482,-4.992136061087928
9483,-6.02840078166316
9484,-7.216358683566245
9485,-5.4708571442899965
9486,-6.45821963692411
9487,-4.992136061087928
9488,-6.02840078166316
9489,-7.216358683566245
9490,-5.4708571442899965
9491,-6.45821963692411
9492,-4.992136061087928
9493,-6.02840078166316
9494,-7.216358683566245
9495,-5.4708571442899965
9496,-6.45821963692411
9497,-4.992136061087928
9498,-6.02840078166316
9499,-4.028540687429345
9500,-4.028540687429345
9501,-4.028540687429345
9502,-4.028540687429345
9503,-4.028540687429345
9504,-4.028540687429345
9505,-4.028540687429345
9506,-4.028540687429345
9507,-4.028540687429345
9508,-4.028540687429345
9509,-4.028540687429345
9510,-4.028540687429345
9511,-4.028540687429345
9512,-4.028540687429345
9530,-4.61492729767963
9531,-4.61492729767963
9532,-4.61492729767963
9533,-4.61492729767963
9534,-4.61492729767963
9535,-4.61492729767963
9536,-4.61492729767963
9537,-4.61492729767963
9561,-3.975068583867687
9562,-3.975068583867687
9563,-3.975068583867687
9564,-3.975068583867687
9565,-3.975068583867687
9566,-3.975068583867687
9691,-7.52626790250754
9697,-7.517540028338967
9698,-7.517540028338967
9699,-7.517540028338967
9700,-7.517540028338967
9701,-7.517540028338967
9702,-7.517540028338967
9703,-7.517540028338967
9704,-7.517540028338967
9705,-7.517540028338967
9724,-8.568137102598346
9728,-7.479737114758086
9731,-8.568137102598346
9736,-4.149221790656608
9737,-4.149221790656608
9738,-4.149221790656608
9739,-4.149221790656608
9740,-2.6902389277229246
9741,-2.6902389277229246
9742,-2.6902389277229246
9743,-2.6902389277229246
9775,-3.777227786154396
9785,-3.777227786154396
9789,-5.913296516679626
9790,-5.913296516679626
9791,-5.913296516679626
9792,-5.913296516679626
9793,-5.913296516679626
9794,-5.913296516679626
9795,-4.78713617121818
9796,-5.247615404705853
9797,-4.307730974804356
9854,-8.813140658069802
9855,-8.813140658069802
9856,-8.813140658069802
9857,-8.813140658069802
9858,-8.813140658069802
9859,-8.813140658069802
9860,-8.813140658069802
9861,-8.813140658069802
9862,-8.813140658069802
9863,-4.631904096509584
9864,-4.631904096509584
9865,-4.631904096509584
9866,-4.631904096509584
9867,-4.631904096509584
9868,-4.631904096509584
9869,-4.631904096509584
9870,-4.631904096509584
9871,-4.631904096509584
9872,-4.631904096509584
9873,-4.631904096509584
9874,-4.631904096509584
9875,-4.631904096509584
9876,-4.631904096509584
9877,-4.631904096509584
9878,-6.384715911358413
9879,-6.384715911358413
9880,-6.384715911358413
9881,-6.384715911358413
9882,-6.384715911358413
9883,-6.384715911358413
9884,-6.384715911358413
9885,-6.384715911358413
9886,-6.384715911358413
9887,-6.384715911358413
9888,-6.384715911358413
9889,-6.384715911358413
9896,-7.062890805483736
9905,-8.599906391305817
9912,-8.57508922996596
9919,-5.208262964491405
9920,-2.4551446470447695
9921,-2.4817698936856156
9923,-9.069027319297916
9925,-3.7036513678201244
9927,-5.784302971664583
9974,-7.6113090705329505
9975,-7.6113090705329505
9977,-5.240912257521378
9978,-5.240912257521378
9981,-6.082054984558237
9982,-6.082054984558237
9985,-5.049212499883218
9986,-5.049212499883218
9996,-5.159953608327443
9997,-5.0194776144955835
9998,-4.393146484551526
10008,-5.980510632416202
10009,-5.980510632416202
10011,-6.564107593613971
10023,-13.666328946155325
10024,-13.666328946155325
10028,-2.4167509067335464
10029,-2.4167509067335464
10030,-2.4167509067335464
10031,-2.4167509067335464
10032,-2.4167509067335464
10033,-2.4167509067335464
10034,-2.4167509067335464
10035,-2.4167509067335464
10036,-2.4167509067335464
10067,-4.569541863552047
10068,-4.569541863552047
10069,-4.569541863552047
10070,-4.569541863552047
10071,-4.569541863552047
10072,-4.569541863552047
10073,-4.569541863552047
10074,-3.9158404628583607
10075,-3.9158404628583607
10076,-3.9158404628583607
10077,-3.9158404628583607
10078,-3.9158404628583607
10079,-3.9158404628583607
10080,-3.9158404628583607
10081,-3.857601830553119
10082,-3.857601830553119
10083,-3.857601830553119
10084,-3.857601830553119
10085,-3.857601830553119
10086,-3.857601830553119
10087,-3.857601830553119
10088,-4.583908193215947
10089,-4.583908193215947
10090,-4.583908193215947
10091,-4.583908193215947
10092,-4.583908193215947
10093,-3.9378602694504754
10094,-3.9378602694504754
10095,-3.9378602694504754
10096,-3.9378602694504754
10097,-3.9378602694504754
10098,-3.8087039528755
10099,-3.8087039528755
10100,-3.8087039528755
10101,-3.8087039528755
10102,-3.8087039528755
10103,-8.767754484997285
10104,-6.094579595919787
10129,-3.5239423825037908
10130,-3.5239423825037908
10138,-2.607636489720074
10139,-2.607636489720074
10162,-5.6894884186298675
10163,-5.123073066201383
10164,-2.9161611798263745
10277,-3.8946467197900456
10278,-3.8946467197900456
10279,-3.8946467197900456
10280,-3.8946467197900456
10281,-3.8946467197900456
10282,-3.8946467197900456
10283,-3.8946467197900456
10284,-3.8946467197900456
10285,-2.6591015258915642
10286,-2.6591015258915642
10287,-2.6591015258915642
10288,-2.6591015258915642
10289,-2.6591015258915642
10290,-2.6591015258915642
10291,-2.6591015258915642
10292,-2.6591015258915642
10293,-2.9062261871028126
10294,-2.9062261871028126
10295,-2.9062261871028126
10296,-2.9062261871028126
10297,-2.9062261871028126
10298,-2.9062261871028126
10299,-2.9062261871028126
10300,-2.9062261871028126
10329,-32.52484514964954
10330,-32.52484514964954
10331,-32.52484514964954
10332,-32.52484514964954
10333,-32.52484514964954
10334,-32.52484514964954
10379,-5.246729515794029
10380,-4.312962864724817
10381,-6.812380733642822
10382,-5.189486786354417
10383,-3.4605945703092775
10384,-3.1440836937859062
10385,-6.133883463229516
10386,-6.133883463229516
10387,-6.133883463229516
10388,-6.133883463229516
10389,-6.133883463229516
10390,-6.133883463229516
10391,-6.133883463229516
10392,-6.133883463229516
10393,-6.133883463229516
10394,-6.864105962492933
10395,-6.864105962492933
10396,-6.864105962492933
10397,-6.864105962492933
10398,-6.864105962492933
10399,-6.864105962492933
10400,-6.864105962492933
10401,-6.864105962492933
10402,-6.864105962492933
10403,-4.945914842732183
10404,-4.945914842732183
10405,-4.945914842732183
10406,-4.945914842732183
10407,-4.945914842732183
10408,-4.945914842732183
10409,-4.945914842732183
10410,-4.7639825221821015
10411,-4.7639825221821015
10412,-4.7639825221821015
10413,-4.7639825221821015
10414,-4.7639825221821015
10415,-4.7639825221821015
10416,-4.7639825221821015
10417,-4.7639825221821015
10418,-4.7639825221821015
10419,-4.471966892851466
10420,-4.471966892851466
10421,-4.471966892851466
10422,-4.471966892851466
10423,-4.471966892851466
10424,-4.471966892851466
10425,-4.471966892851466
10426,-4.471966892851466
10427,-4.471966892851466
10428,-3.8019008622978725
10429,-3.8019008622978725
10430,-3.8019008622978725
10431,-3.8019008622978725
10432,-3.8019008622978725
10433,-3.8019008622978725
10434,-3.8019008622978725
10435,-3.8019008622978725
10436,-3.8019008622978725
10452,-12.604636564469013
10453,-12.604636564469013
10454,-12.604636564469013
10455,-12.604636564469013
10456,-12.604636564469013
10457,-12.604636564469013
10458,-12.604636564469013
10459,-12.604636564469013
10460,-12.604636564469013
10468,-4.131963082105925
10479,-5.826439697930182
10480,-5.826439697930182
10481,-5.826439697930182
10482,-5.826439697930182
10483,-5.826439697930182
10484,-5.826439697930182
10485,-5.826439697930182
10486,-5.826439697930182
10487,-5.826439697930182
10488,-5.826439697930182
10489,-5.715522328797677
10490,-5.715522328797677
10491,-5.715522328797677
10492,-5.715522328797677
10493,-5.715522328797677
10494,-5.715522328797677
10495,-5.715522328797677
10496,-5.715522328797677
10497,-5.715522328797677
10498,-5.715522328797677
10512,-6.605896200094502
10513,-5.229721520992268
10514,-3.743317433147018
10574,-3.417514059587032
10575,-3.417514059587032
10576,-3.417514059587032
10577,-3.417514059587032
10578,-3.417514059587032
10589,-2.5103233361082826
10590,-2.5103233361082826
10591,-2.5103233361082826
10592,-2.5103233361082826
10593,-2.5103233361082826
10604,-2.554286435711523
10605,-2.554286435711523
10606,-2.554286435711523
10607,-2.554286435711523
10608,-2.554286435711523
10609,-2.384316814981222
10610,-2.384316814981222
10611,-2.384316814981222
10612,-2.384316814981222
10613,-2.384316814981222
10624,-2.2816529262829155
10625,-2.2816529262829155
10626,-2.2816529262829155
10627,-2.2816529262829155
10628,-2.2816529262829155
10629,-2.135299083320005
10630,-2.135299083320005
10631,-2.135299083320005
10632,-2.135299083320005
10633,-2.135299083320005
10682,-3.6077478737562947
10683,-3.6795192664037435
10684,-3.534478218458804
10685,-3.455841652473979
10686,-3.5427584360679862
10687,-3.5970383496986225
10688,-3.4593610430290447
10689,-3.416383551609298
10690,-8.892875196259364
10691,-8.892875196259364
10692,-8.892875196259364
10693,-8.892875196259364
10694,-8.892875196259364
10695,-8.892875196259364
10696,-8.892875196259364
10697,-8.892875196259364
10698,-8.892875196259364
10699,-8.892875196259364
10700,-8.892875196259364
10701,-8.892875196259364
10702,-8.892875196259364
10703,-8.892875196259364
10704,-8.892875196259364
10705,-8.892875196259364
10706,-8.892875196259364
10707,-8.892875196259364
10708,-8.892875196259364
10709,-8.892875196259364
10710,-8.892875196259364
10711,-8.892875196259364
10712,-8.892875196259364
10713,-8.892875196259364
10714,-8.892875196259364
10715,-8.892875196259364
10716,-8.892875196259364
10717,-8.892875196259364
10718,-9.048730191788568
10719,-9.048730191788568
10720,-9.048730191788568
10721,-9.048730191788568
10722,-9.048730191788568
10723,-9.048730191788568
10724,-9.048730191788568
10725,-9.048730191788568
10726,-9.048730191788568
10727,-9.048730191788568
10728,-9.048730191788568
10729,-9.048730191788568
10730,-9.048730191788568
10731,-9.048730191788568
10732,-9.048730191788568
10733,-9.048730191788568
10734,-9.048730191788568
10735,-9.048730191788568
10736,-9.048730191788568
10737,-9.048730191788568
10738,-9.048730191788568
10739,-9.048730191788568
10740,-9.048730191788568
10741,-9.048730191788568
10742,-9.048730191788568
10743,-9.048730191788568
10744,-9.048730191788568
10745,-9.048730191788568
10746,-9.104306388574454
10747,-9.104306388574454
10748,-9.104306388574454
10749,-9.104306388574454
10750,-9.104306388574454
10751,-9.104306388574454
10752,-9.104306388574454
10753,-9.104306388574454
10754,-9.104306388574454
10755,-9.104306388574454
10756,-9.104306388574454
10757,-9.104306388574454
10758,-9.104306388574454
10759,-9.104306388574454
10760,-9.104306388574454
10761,-9.104306388574454
10762,-9.104306388574454
10763,-9.104306388574454
10764,-9.104306388574454
10765,-9.104306388574454
10766,-9.104306388574454
10767,-9.104306388574454
10768,-9.104306388574454
10769,-9.104306388574454
10770,-9.104306388574454
10771,-9.104306388574454
10772,-9.104306388574454
10773,-9.104306388574454
10828,-2.2208870141362884
10829,-2.2208870141362884
10830,-2.2208870141362884
10831,-2.2208870141362884
10832,-2.2208870141362884
10833,-2.2208870141362884
10834,-2.2208870141362884
10835,-2.2208870141362884
10836,-2.2214711057932
10837,-2.2214711057932
10838,-2.2214711057932
10839,-2.2214711057932
10840,-2.2214711057932
10841,-2.2214711057932
10842,-2.2214711057932
10843,-2.2214711057932
10878,-3.9119002383418655
10879,-3.9119002383418655
10882,-7.140483092758718
10883,-7.140483092758718
10884,-7.140483092758718
10885,-7.140483092758718
10886,-7.140483092758718
10887,-7.140483092758718
10888,-7.140483092758718
10889,-7.140483092758718
10890,-7.140483092758718
10891,-7.140483092758718
10892,-7.140483092758718
10893,-7.140483092758718
10894,-7.140483092758718
10895,-7.140483092758718
10896,-7.140483092758718
10897,-7.140483092758718
10898,-7.140483092758718
10899,-9.13751483786926
10900,-9.13751483786926
10901,-9.13751483786926
10902,-9.13751483786926
10903,-9.13751483786926
10904,-9.13751483786926
10905,-9.13751483786926
10906,-9.13751483786926
10907,-9.13751483786926
10908,-9.13751483786926
10909,-9.13751483786926
10910,-9.13751483786926
10911,-9.13751483786926
10912,-9.13751483786926
10913,-9.13751483786926
10914,-9.13751483786926
10915,-9.13751483786926
10916,-9.295423756449445
10917,-9.295423756449445
10918,-9.295423756449445
10919,-9.295423756449445
10920,-9.295423756449445
10921,-9.295423756449445
10922,-9.295423756449445
10923,-9.295423756449445
10924,-9.295423756449445
10925,-9.295423756449445
10926,-9.295423756449445
10927,-9.295423756449445
10928,-9.295423756449445
10929,-9.295423756449445
10930,-9.295423756449445
10931,-9.295423756449445
10932,-9.295423756449445
10933,-9.2337234529666
10934,-9.2337234529666
10935,-9.2337234529666
10936,-9.2337234529666
10937,-9.2337234529666
10938,-9.2337234529666
10939,-9.2337234529666
10940,-9.2337234529666
10941,-9.2337234529666
10942,-9.2337234529666
10943,-9.2337234529666
10944,-9.2337234529666
10945,-9.2337234529666
10946,-9.2337234529666
10947,-9.2337234529666
10948,-9.2337234529666
10949,-9.2337234529666
10950,-7.933071380889124
10951,-7.933071380889124
10952,-7.933071380889124
10953,-7.933071380889124
10954,-7.933071380889124
10955,-7.933071380889124
10956,-7.933071380889124
10957,-7.933071380889124
10958,-7.933071380889124
10959,-7.933071380889124
10960,-7.933071380889124
10961,-7.933071380889124
10962,-7.933071380889124
10963,-7.933071380889124
10964,-7.933071380889124
10965,-7.933071380889124
10966,-7.933071380889124
10967,-6.79019828691462
10968,-6.79019828691462
10969,-6.79019828691462
10970,-6.79019828691462
10971,-6.79019828691462
10972,-6.79019828691462
10973,-6.79019828691462
10974,-6.79019828691462
10975,-6.79019828691462
10976,-6.79019828691462
10977,-6.79019828691462
10978,-6.79019828691462
10979,-6.79019828691462
10980,-6.79019828691462
10981,-6.79019828691462
10982,-6.79019828691462
10983,-6.79019828691462
10985,-8.49717883457466
10987,-8.49717883457466
10988,-8.49717883457466
10991,-7.081130911029202
10993,-7.081130911029202
10994,-7.081130911029202
11013,-4.916692884633064
11029,-3.3822348074936697
11031,-3.3822348074936697
11068,-1.7756874635268
11069,-1.744312973022339
11070,-1.7952416350173714
11071,-1.7117619126121617
11072,-1.8206299571261373
11073,-1.8025956029546981
11074,-1.838643748540883
11075,-1.757735261595365
11076,-1.9210509419665849
11077,-1.9122995520345794
11078,-1.9098767012811133
11079,-1.837003488814023
11120,-3.0176570096182878
11133,-27.956470221160075
11165,-7.518693068307096
11166,-7.518693068307096
11167,-7.518693068307096
11168,-7.518693068307096
11169,-7.518693068307096
11170,-7.518693068307096
11171,-7.518693068307096
11177,-13.501926317036846
11178,-13.501926317036846
11180,-13.501926317036846
11181,-13.501926317036846
11182,-13.501926317036846
11183,-13.501926317036846
11186,-14.119317335614044
11187,-14.119317335614044
11189,-14.119317335614044
11190,-14.119317335614044
11191,-14.119317335614044
11192,-14.119317335614044
11195,-16.145990320452878
11196,-16.145990320452878
11198,-16.145990320452878
11199,-16.145990320452878
11200,-16.145990320452878
11201,-16.145990320452878
11204,-20.39231787623824
11205,-20.39231787623824
11207,-20.39231787623824
11208,-20.39231787623824
11209,-20.39231787623824
11210,-20.39231787623824
11212,-15.54208782018434
11213,-15.54208782018434
11214,-15.54208782018434
11215,-15.54208782018434
11216,-15.54208782018434
11217,-15.54208782018434
11218,-16.219395550341197
11224,-21.068760869461247
11230,-13.530134312336367
11236,-4.9373552547189306
11237,-4.9373552547189306
11238,-4.9373552547189306
11239,-4.9373552547189306
11240,-4.9373552547189306
11241,-4.9373552547189306
11242,-4.9373552547189306
11243,-4.9373552547189306
11244,-4.9373552547189306
11245,-4.9373552547189306
11246,-4.9373552547189306
11247,-4.9373552547189306
11248,-4.650065728235682
11249,-4.650065728235682
11250,-4.650065728235682
11251,-4.650065728235682
11252,-4.650065728235682
11253,-4.650065728235682
11254,-4.650065728235682
11255,-4.650065728235682
11256,-4.650065728235682
11257,-4.650065728235682
11258,-4.650065728235682
11259,-4.650065728235682
11260,-4.915257275017389
11261,-4.915257275017389
11262,-4.915257275017389
11263,-4.915257275017389
11264,-4.915257275017389
11265,-4.915257275017389
11266,-4.915257275017389
11267,-4.915257275017389
11268,-4.915257275017389
11269,-4.915257275017389
11270,-4.915257275017389
11271,-4.915257275017389
11272,-4.816477973253745
11273,-4.816477973253745
11274,-4.816477973253745
11275,-4.816477973253745
11276,-4.816477973253745
11277,-4.816477973253745
11278,-4.816477973253745
11279,-4.816477973253745
11280,-4.816477973253745
11281,-4.816477973253745
11282,-4.816477973253745
11283,-4.816477973253745
11284,-5.226839300837679
11285,-5.226839300837679
11286,-5.226839300837679
11287,-5.226839300837679
11288,-5.226839300837679
11289,-5.226839300837679
11290,-5.226839300837679
11291,-5.226839300837679
11292,-5.226839300837679
11293,-5.226839300837679
11294,-5.282958647463447
11295,-5.282958647463447
11296,-5.282958647463447
11297,-5.282958647463447
11298,-5.282958647463447
11299,-5.282958647463447
11300,-5.282958647463447
11301,-5.282958647463447
11302,-5.282958647463447
11303,-5.282958647463447
11304,-5.282958647463447
11305,-5.282958647463447
11306,-5.591819390278026
11307,-5.591819390278026
11308,-5.591819390278026
11309,-5.591819390278026
11310,-5.591819390278026
11311,-5.591819390278026
11312,-5.591819390278026
11313,-5.591819390278026
11314,-5.591819390278026
11315,-5.591819390278026
11316,-5.591819390278026
11317,-5.591819390278026
11318,-5.876747076549115
11319,-5.876747076549115
11320,-5.876747076549115
11321,-5.876747076549115
11322,-5.876747076549115
11323,-5.876747076549115
11324,-5.876747076549115
11325,-5.876747076549115
11326,-5.876747076549115
11327,-5.876747076549115
11328,-5.876747076549115
11329,-5.876747076549115
11330,-5.194522250017592
11331,-5.194522250017592
11332,-5.194522250017592
11333,-5.194522250017592
11334,-5.194522250017592
11335,-5.194522250017592
11336,-5.194522250017592
11337,-5.194522250017592
11338,-5.194522250017592
11339,-5.194522250017592
11340,-5.194522250017592
11341,-3.0945400529125195
11342,-3.0945400529125195
11343,-3.0945400529125195
11344,-3.0945400529125195
11345,-3.0945400529125195
11346,-3.0945400529125195
11347,-3.0945400529125195
11348,-3.0945400529125195
11349,-3.0945400529125195
11350,-2.489326493369906
11351,-2.489326493369906
11352,-2.489326493369906
11353,-2.489326493369906
11354,-2.489326493369906
11355,-2.5723019750079335
11356,-2.5723019750079335
11357,-2.5723019750079335
11358,-2.5723019750079335
11359,-2.5723019750079335
11399,-7.087505974915113
11400,-7.087505974915113
11401,-7.087505974915113
11402,-7.087505974915113
11403,-7.087505974915113
11404,-7.087505974915113
11405,-7.087505974915113
11420,-11.42249279016944
11421,-11.42249279016944
11422,-11.42249279016944
11423,-11.42249279016944
11424,-11.42249279016944
11425,-11.42249279016944
11426,-11.42249279016944
11427,-11.42249279016944
11444,-18.192782967615134
11448,-21.5716463561925
11451,-23.00864674638386
11456,-4.660756251311051
11457,-4.337413618043601
11458,-4.254162135449891
11459,-4.412671721882528
11460,-4.371392970981457
11461,-4.393664920292284
11462,-4.0382814782300125
11463,-4.146463488244584
11464,-4.942233319713082
11465,-4.910464258424938
11466,-4.606607345288087
11467,-4.573717566493866
11468,-4.445398250094193
11469,-4.545017219587092
11470,-4.856037565244042
11471,-4.744099649026995
11472,-4.293023052177467
11473,-4.185537678664183
11474,-4.900166357449031
11475,-4.763228644937117
11476,-4.720857670548727
11477,-4.506054394473523
11478,-4.174022828556107
11479,-4.4121582193381155
11480,-4.440143795372757
11481,-4.086647214032883
11482,-4.213781242823266
11483,-3.822359378926568
11484,-3.4857558625126517
11485,-3.594317507952548
11486,-4.2095111636204905
11487,-3.8574761711853762
11488,-4.088014104537984
11489,-3.9944576125185627
11490,-3.575749079132695
11491,-3.8868617844885254
11492,-8.349729540466017
11493,-8.349729540466017
11494,-8.349729540466017
11495,-8.349729540466017
11496,-8.349729540466017
11497,-8.349729540466017
11498,-8.349729540466017
11499,-8.349729540466017
11500,-8.349729540466017
11501,-8.349729540466017
11502,-8.349729540466017
11503,-3.5399342260764293
11504,-3.5399342260764293
11505,-3.5399342260764293
11506,-3.5399342260764293
11507,-3.5399342260764293
11508,-3.5399342260764293
11509,-3.5399342260764293
11510,-3.5399342260764293
11511,-3.189533847977353
11512,-3.189533847977353
11513,-3.189533847977353
11514,-3.189533847977353
11515,-3.189533847977353
11516,-3.189533847977353
11517,-3.189533847977353
11518,-3.189533847977353
11519,-3.613308751344813
11520,-3.613308751344813
11521,-3.613308751344813
11522,-3.613308751344813
11523,-3.613308751344813
11524,-3.613308751344813
11525,-3.613308751344813
11526,-3.613308751344813
11545,-10.269422215007651
11548,-10.269422215007651
11568,-5.229234860970436
11570,-4.47735591025694
11574,-3.0083971596215573
11577,-3.385881815522432
11580,-3.0261388691497872
11581,-6.563555844498079
11582,-5.308286365088479
11583,-7.216806930331521
11584,-11.134829936480596
11585,-11.134829936480596
11586,-11.134829936480596
11587,-11.134829936480596
11588,-11.134829936480596
11589,-11.134829936480596
11590,-11.134829936480596
11591,-11.134829936480596
11592,-11.134829936480596
11593,-11.134829936480596
11595,-13.96372049886736
11596,-13.96372049886736
11598,-13.96372049886736
11599,-13.96372049886736
11600,-13.96372049886736
11601,-13.96372049886736
11603,-13.96372049886736
11661,-1.995292048261781
11662,-1.995292048261781
11663,-1.995292048261781
11664,-1.995292048261781
11665,-1.995292048261781
11666,-1.995292048261781
11667,-1.995292048261781
11668,-1.995292048261781
11669,-1.995292048261781
11670,-1.995292048261781
11671,-1.995292048261781
11672,-1.995292048261781
11673,-1.995292048261781
11674,-1.995292048261781
11675,-1.995292048261781
11676,-1.995292048261781
11677,-1.995292048261781
11678,-1.995292048261781
11705,-12.910582944886805
11706,-11.793352770876506
11713,-8.214275416144996
11714,-8.214275416144996
11715,-8.214275416144996
11716,-8.214275416144996
11717,-8.214275416144996
11718,-8.214275416144996
11719,-8.214275416144996
11720,-8.214275416144996
11721,-2.2668652335456247
11722,-2.2668652335456247
11723,-2.2668652335456247
11724,-2.2589787927114147
11725,-2.2589787927114147
11726,-2.2589787927114147
11727,-2.1463759718568407
11728,-2.1463759718568407
11729,-2.1463759718568407
11730,-2.1528586950574877
11731,-2.1528586950574877
11732,-2.1528586950574877
11733,-2.1017079095140128
11734,-2.1017079095140128
11735,-2.1017079095140128
11736,-2.108722007476868
11737,-2.108722007476868
11738,-2.108722007476868
11739,-4.201200858708785
11740,-4.201200858708785
11759,-15.826648418467473
11821,-7.063833307059437
11834,-4.899958647782176
11835,-4.48239550071396
11871,-5.666761541243943
11872,-5.666761541243943
11873,-5.666761541243943
11876,-5.092386467419584
11877,-5.092386467419584
11878,-5.092386467419584
11881,-5.517357838821679
11882,-5.517357838821679
11883,-5.517357838821679
11901,-11.5591584196181
11902,-4.943653607434004
11903,-4.638261257186773
11904,-4.76472737925102
11905,-4.723910867548716
11906,-4.350163508783475
11907,-17.742893459693477
11933,-7.295715834400628
11935,-7.295715834400628
11936,-7.295715834400628
11937,-7.295715834400628
11939,-7.295715834400628
11949,-7.747295506827585
11951,-7.747295506827585
11952,-7.747295506827585
11953,-7.747295506827585
11955,-7.747295506827585
11989,-17.461653253115486
11998,-17.461653253115486
11999,-17.461653253115486
12000,-17.461653253115486
12001,-17.461653253115486
12002,-17.461653253115486
12003,-6.196738822498067
12004,-5.756057406815041
12021,-8.062297933936772
12022,-8.062297933936772
12025,-10.775254953949005
12026,-10.775254953949005
12027,-10.775254953949005
12028,-10.775254953949005
12029,-10.775254953949005
12030,-10.775254953949005
12031,-10.775254953949005
12032,-10.775254953949005
12033,-10.775254953949005
12034,-10.775254953949005
12035,-10.775254953949005
12036,-10.775254953949005
12037,-10.775254953949005
12038,-10.775254953949005
12039,-10.775254953949005
12040,-10.775254953949005
12041,-10.775254953949005
12042,-10.775254953949005
12043,-10.775254953949005
12044,-10.775254953949005
12045,-10.83017076319543
12046,-10.83017076319543
12047,-10.83017076319543
12048,-10.83017076319543
12049,-10.83017076319543
12050,-10.83017076319543
12051,-10.83017076319543
12052,-10.83017076319543
12053,-10.83017076319543
12054,-10.83017076319543
12055,-10.83017076319543
12056,-10.83017076319543
12057,-10.83017076319543
12058,-10.83017076319543
12059,-10.83017076319543
12060,-10.83017076319543
12061,-10.83017076319543
12062,-10.83017076319543
12063,-10.83017076319543
12064,-10.83017076319543
12065,-9.352889349846592
12066,-9.352889349846592
12067,-9.352889349846592
12068,-9.352889349846592
12069,-9.352889349846592
12070,-9.352889349846592
12071,-9.352889349846592
12072,-9.352889349846592
12073,-9.352889349846592
12074,-9.352889349846592
12075,-9.352889349846592
12076,-9.352889349846592
12077,-9.352889349846592
12078,-9.352889349846592
12079,-9.352889349846592
12080,-9.352889349846592
12081,-9.352889349846592
12082,-9.352889349846592
12083,-9.352889349846592
12084,-9.352889349846592
12116,-3.2346289663050696
12117,-3.2346289663050696
12118,-3.2346289663050696
12119,-3.2346289663050696
12124,-1.8966937943714899
12125,-1.8966937943714899
12126,-1.8966937943714899
12131,-7.509529182228645
12132,-7.509529182228645
12133,-7.509529182228645
12138,-1.7718754049564782
12139,-1.7718754049564782
12140,-1.7718754049564782
12141,-1.7718754049564782
12142,-1.7718754049564782
12143,-1.7718754049564782
12144,-1.7718754049564782
12145,-1.7718754049564782
12146,-1.7718754049564782
12147,-1.7718754049564782
12148,-1.7718754049564782
12149,-1.7718754049564782
12150,-1.7718754049564782
12151,-1.7718754049564782
12152,-1.7718754049564782
12153,-1.7718754049564782
12154,-1.7718754049564782
12162,-2.9181382545262435
12170,-6.608436141852389
12171,-6.608436141852389
12186,-5.50648352709103
12187,-5.50648352709103
12202,-5.930076723229115
12203,-5.930076723229115
12245,-6.845986328618356
12246,-6.845986328618356
12247,-6.845986328618356
12248,-6.845986328618356
12249,-7.676127609944419
12250,-11.797599509023405
12251,-11.797599509023405
12252,-11.797599509023405
12253,-11.797599509023405
12254,-11.797599509023405
12255,-11.797599509023405
12256,-11.797599509023405
12257,-11.797599509023405
12258,-11.797599509023405
12259,-11.797599509023405
12260,-11.797599509023405
12261,-11.797599509023405
12262,-11.797599509023405
12263,-11.797599509023405
12264,-11.797599509023405
12265,-11.797599509023405
12370,-5.808938037043621
12371,-5.71438389131792
12372,-13.455791128948432
12373,-9.37734739104186
12374,-9.138987494749772
12375,-5.9523839438563515
12376,-10.891612501228328
12377,-2.9631843329459127
12378,-2.835458396275877
12379,-2.87275783216461
12380,-2.7019875378064944
12381,-2.658508596075359
12382,-2.659108401699391
12383,-2.732604467357499
12384,-2.791925293443876
12385,-2.828688469880019
12386,-2.5527599958341063
12387,-2.5984340040413825
12388,-2.644925466730161
12389,-2.4021585679397996
12390,-2.6187562953856247
12391,-2.7766773353446013
12392,-2.8008829033780946
12393,-2.726078672085473
12397,-4.642540338833575
12399,-3.8603473500878955
12402,-3.5830421676569317
12406,-4.7861789764316045
12410,-5.481371835434289
12411,-11.393314738088508
12461,-6.618078084538775
12462,-6.618078084538775
12463,-6.618078084538775
12465,-6.618078084538775
12467,-6.618078084538775
12470,-7.219154706245498
12471,-7.219154706245498
12474,-7.219154706245498
12480,-10.734175984905411
12481,-10.734175984905411
12482,-10.734175984905411
12494,-10.4643761638861
12495,-9.53928934082542
12496,-17.425994251214327
12497,-7.54769466942158
12498,-6.672813555353693
12499,-6.640180672717659
12500,-5.3640563293103805
12501,-8.752575211788256
12502,-8.419314814419028
12503,-8.419314814419028
12504,-8.419314814419028
12505,-8.419314814419028
12506,-8.419314814419028
12507,-8.419314814419028
12508,-8.419314814419028
12509,-8.419314814419028
12510,-8.419314814419028
12522,-5.4215148535318995
12523,-4.747801965225602
12524,-3.2569099851005046
12525,-4.032781132942463
12526,-3.219780082343089
12527,-1.971067142928072
12565,-3.6205360424860658
12566,-4.99139645106489
12567,-4.862831116270038
12568,-4.989482443121377
12569,-13.723017594958723
12570,-10.712419258012687
12571,-5.554235196651744
12572,-5.27204550947072
12573,-4.946645692793507
12574,-5.014365232543265
12575,-4.678321821896473
12576,-4.499025975498883
12577,-5.291335763223889
12578,-5.257553220832521
12579,-5.223216070099081
12580,-5.197121945653553
12581,-7.155735257659568
12588,-2.2701120351448356
12595,-4.107296194187645
12602,-3.445262155091167
12609,-2.1773855388154155
12727,-15.052039419149455
12728,-15.052039419149455
12746,-3.029328698684899
12747,-2.903718682049588
12748,-18.09916734352368
12749,-9.314890353100235
12750,-6.405876760912655
12751,-3.237024215374108
12752,-3.029328698684899
12753,-2.903718682049588
12754,-18.09916734352368
12755,-9.314890353100235
12756,-6.405876760912655
12757,-3.237024215374108
12758,-3.029328698684899
12759,-2.903718682049588
12769,-2.3572754390483643
12771,-2.3572754390483643
12772,-1.875608792300314
12773,-1.875608792300314
12774,-1.875608792300314
12802,-2.6681606657333177
12805,-2.6681606657333177
12817,-15.077757654563637
12818,-16.97745003500162
12819,-10.454520817837704
12820,-6.648866502642349
12821,-9.272134650684583
12822,-15.35534992332695
12823,-9.946605792729901
12824,-12.095227493784888
12830,-1.575943719710812
12832,-1.5391272113335042
12839,-4.011996665783389
12840,-2.951385923540549
12841,-2.4370235887256384
12842,-3.4805019519313527
12844,-2.567020887715568
12848,-2.951385923540549
12850,-3.4805019519313527
12855,-8.206762495400852
12856,-8.206762495400852
12857,-8.206762495400852
12858,-8.206762495400852
12879,-11.591827004000095
12881,-11.591827004000095
12889,-8.774655754094422
12891,-8.774655754094422
12918,-3.9275234105496346
12922,-2.3025731969512875
12926,-2.6708775577926196
12930,-2.85395537811233
12934,-2.624246648856085
12938,-2.9590230465808482
12942,-2.20701856278457
12946,-2.0246335415781984
12950,-2.062745235368496
12952,-2.08612067961462
12954,-2.08612067961462
12967,-3.934459939880056
12968,-4.043648225170192
12969,-5.011708309229168
12970,-5.198581492181372
12971,-10.665689084451959
12972,-4.331493980873367
12979,-5.686333344562257
12980,-7.703704033797102
12981,-6.421905658356337
12982,-5.8726902274702955
12983,-5.8726902274702955
12984,-5.8726902274702955
12985,-5.8726902274702955
12986,-5.8726902274702955
12987,-5.8726902274702955
12988,-5.8726902274702955
12989,-5.8726902274702955
12990,-5.8726902274702955
12991,-5.8726902274702955
12992,-5.8726902274702955
12993,-5.8726902274702955
12995,-8.094281683844976
12997,-8.094281683844976
12998,-8.094281683844976
12999,-8.094281683844976
13001,-10.075298887178109
13003,-10.075298887178109
13004,-10.075298887178109
13005,-10.075298887178109
13007,-7.022918813851192
13009,-7.022918813851192
13010,-7.022918813851192
13011,-7.022918813851192
13015,-8.084696036392657
13016,-10.904024615784504
13022,-4.451911788412164
13023,-7.133544708849945
13024,-8.506378262290788
13025,-8.52583883648046
13026,-9.111560151216178
13027,-6.398569506667101
13033,-12.930207331029683
13038,-9.281518739112357
13042,-10.904024615784504
13048,-4.451911788412164
13049,-7.133544708849945
13050,-8.506378262290788
13051,-8.52583883648046
13052,-9.111560151216178
13054,-16.77519580319974
13084,-9.209958280426687
13085,-9.085060744452866
13086,-3.758661030733317
13087,-3.1245509191876666
13088,-3.152385317089853
13089,-2.8464660956981493
13090,-3.277143106477046
13091,-3.2764945964217005
13092,-2.8129248115983607
13093,-2.823520710253478
13094,-2.751785616375016
13095,-3.5981977398651757
13096,-3.570755064614842
13097,-5.0953340010102295
13098,-7.2058411984434505
13099,-7.2058411984434505
13100,-7.2058411984434505
13101,-7.2058411984434505
13102,-7.2058411984434505
13103,-7.2058411984434505
13104,-7.2058411984434505
13105,-7.2058411984434505
13106,-7.2058411984434505
13107,-7.2058411984434505
13108,-7.2058411984434505
13109,-7.2058411984434505
13110,-7.2058411984434505
13111,-7.2058411984434505
13112,-7.2058411984434505
13123,-29.046504251787887
13126,-29.046504251787887
13127,-29.046504251787887
13128,-29.046504251787887
13129,-29.046504251787887
13130,-16.81701514443836
13131,-16.81701514443836
13132,-16.81701514443836
13133,-1.9142148551894105
13134,-1.3497002600329546
13135,-1.4120317674690703
13136,-1.1569045397052573
13147,-2.5658767023754034
13148,-2.6191894607662523
13149,-2.45073105214876
13150,-2.52502814135914
13151,-2.4158156203927343
13152,-2.337833652333667
13153,-2.4313035052988177
13154,-2.3184198038616337
13155,-2.3959508167346133
13156,-2.285337590481223
13157,-2.326324956046114
13158,-2.255818021280512
13159,-2.2131451926783363
13160,-2.2687135330712973
13175,-5.628505449540926
13176,-5.190222438344998
13180,-5.118053191684334
13181,-5.118053191684334
13182,-5.118053191684334
13183,-5.118053191684334
13184,-5.118053191684334
13185,-5.118053191684334
13186,-5.118053191684334
13187,-5.118053191684334
13188,-5.118053191684334
13189,-5.118053191684334
13202,-21.244522724322334
13216,-4.39295730266447
13219,-4.39295730266447
13251,-4.583968594623713
13252,-2.334185440598579
13253,-3.5100210079102157
13254,-5.528744219778073
13255,-4.392050744750896
13256,-3.6612994881411396
13281,-2.6083780238101166
13282,-2.6083780238101166
13283,-2.6083780238101166
13284,-2.6083780238101166
13285,-2.6083780238101166
13286,-2.6083780238101166
13287,-2.6083780238101166
13288,-2.6083780238101166
13289,-2.6083780238101166
13295,-10.45492894794475
13296,-10.45492894794475
13297,-10.45492894794475
13298,-10.45492894794475
13323,-9.047225338236446
13326,-9.335499157930823
13327,-9.335499157930823
13328,-9.335499157930823
13329,-9.335499157930823
13330,-9.335499157930823
13331,-9.335499157930823
13332,-9.335499157930823
13333,-9.335499157930823
13334,-9.335499157930823
13335,-9.335499157930823
13336,-6.428301210823873
13337,-6.428301210823873
13338,-6.428301210823873
13339,-6.428301210823873
13340,-6.428301210823873
13341,-6.428301210823873
13342,-6.428301210823873
13343,-6.428301210823873
13344,-6.428301210823873
13345,-6.428301210823873
13346,-4.963141674146851
13347,-4.963141674146851
13348,-4.963141674146851
13349,-4.963141674146851
13350,-4.963141674146851
13351,-4.963141674146851
13352,-4.963141674146851
13353,-4.963141674146851
13354,-4.963141674146851
13355,-4.963141674146851
13356,-6.355001450033463
13357,-6.355001450033463
13358,-6.355001450033463
13359,-6.355001450033463
13360,-6.355001450033463
13361,-6.355001450033463
13362,-6.355001450033463
13363,-6.355001450033463
13364,-6.355001450033463
13365,-6.355001450033463
13366,-4.897252004133939
13367,-4.897252004133939
13368,-4.897252004133939
13369,-4.897252004133939
13370,-4.897252004133939
13371,-4.897252004133939
13372,-4.897252004133939
13373,-4.897252004133939
13374,-4.897252004133939
13375,-4.897252004133939
13502,-3.0100512708465916
13507,-2.8172285475710104
13508,-2.8172285475710104
13509,-2.8172285475710104
13510,-2.8172285475710104
13511,-2.8172285475710104
13512,-2.8172285475710104
13513,-2.8172285475710104
13514,-2.8172285475710104
13515,-2.8172285475710104
13516,-2.8172285475710104
13517,-2.8172285475710104
13518,-2.8172285475710104
13519,-2.8172285475710104
13520,-3.2320851936622867
13521,-3.2320851936622867
13522,-3.2320851936622867
13523,-3.2320851936622867
13524,-3.2320851936622867
13525,-3.2320851936622867
13526,-3.2320851936622867
13527,-3.2320851936622867
13528,-3.2320851936622867
13529,-3.2320851936622867
13530,-3.2320851936622867
13531,-3.2320851936622867
13532,-3.2320851936622867
13533,-3.8250796966517995
13534,-3.8250796966517995
13535,-3.8250796966517995
13536,-3.8250796966517995
13537,-3.8250796966517995
13538,-3.8250796966517995
13539,-3.8250796966517995
13540,-3.8250796966517995
13541,-3.8250796966517995
13542,-3.8250796966517995
13543,-3.8250796966517995
13544,-3.8250796966517995
13545,-3.8250796966517995
13643,-8.685631707521761
13644,-4.043307979024281
13645,-8.34337157155413
13646,-4.58098474506812
13647,-3.696930927509489
13648,-3.4025356947568293
13649,-3.4025356947568293
13650,-3.4025356947568293
13651,-3.4025356947568293
13652,-3.4025356947568293
13653,-3.4025356947568293
13654,-3.4025356947568293
13655,-3.4025356947568293
13656,-3.4025356947568293
13657,-3.4025356947568293
13658,-3.4025356947568293
13659,-3.4025356947568293
13660,-3.4025356947568293
13661,-3.4025356947568293
13662,-3.4025356947568293
13663,-8.458805834954939
13664,-8.458805834954939
13665,-6.074805136356754
13666,-6.074805136356754
13667,-9.078869555921104
13668,-9.078869555921104
13669,-6.915910907383517
13670,-6.915910907383517
13671,-2.508919565321765
13672,-2.508919565321765
13673,-2.5428874280203413
13674,-2.5428874280203413
13675,-2.4852091098496896
13676,-2.4852091098496896
13677,-2.5452906103652175
13678,-2.5452906103652175
13679,-2.4613838796780385
13680,-2.4613838796780385
13687,-4.841249704651959
13688,-4.841249704651959
13689,-4.841249704651959
13690,-4.841249704651959
13692,-5.566093878299419
13693,-6.875895222824527
13694,-5.690629350209697
13695,-5.690629350209697
13696,-5.690629350209697
13697,-5.690629350209697
13699,-8.867620040584193
13700,-8.867620040584193
13701,-8.867620040584193
13702,-8.867620040584193
13704,-6.76655033187458
13705,-6.76655033187458
13706,-6.76655033187458
13707,-6.76655033187458
13709,-6.729606111205843
13710,-6.729606111205843
13711,-6.729606111205843
13712,-6.729606111205843
13714,-4.841249704651959
13715,-5.566093878299419
13716,-6.875895222824527
13717,-5.690629350209697
13718,-8.867620040584193
13719,-6.76655033187458
13720,-6.729606111205843
13744,-3.535164185682963
13745,-3.273249274443945
13746,-3.535164185682963
13747,-3.273249274443945
13748,-3.2687850450815326
13749,-3.008926582562121
13750,-3.2004392675133646
13751,-3.231020717868649
13752,-3.045582036349235
13753,-2.993744221953466
13759,-5.261096003707077
13760,-5.261096003707077
13761,-5.261096003707077
13762,-5.261096003707077
13763,-5.261096003707077
13764,-5.261096003707077
13765,-5.261096003707077
13766,-5.261096003707077
13767,-5.261096003707077
13768,-5.261096003707077
13769,-5.261096003707077
13770,-5.261096003707077
13771,-7.0276539168472745
13772,-7.0276539168472745
13773,-7.0276539168472745
13774,-7.0276539168472745
13775,-7.0276539168472745
13776,-7.0276539168472745
13777,-7.0276539168472745
13778,-7.0276539168472745
13779,-7.0276539168472745
13780,-7.0276539168472745
13781,-7.0276539168472745
13782,-7.0276539168472745
13783,-3.2527568039210886
13784,-3.2527568039210886
13801,-9.053707188174469
13802,-7.531970319402642
13803,-6.62648876010745
13804,-5.387268877753506
13863,-2.499121454824065
13864,-1.7873883332785856
13865,-1.8222351009128046
13866,-1.787992339682259
13867,-4.831461483332472
13868,-4.729018036665047
13869,-4.581961862448276
13870,-4.456150849220578
13871,-4.170412010332689
13872,-4.1791638662082935
13873,-4.06340357520461
13874,-3.903947739869464
13875,-4.041253824280732
13876,-4.341798726972815
13877,-4.513612812752786
13878,-5.10008756513067
13879,-4.065101643309564
13880,-5.586904842572959
13881,-5.126934780645057
13882,-4.831461483332472
13883,-4.729018036665047
13884,-4.581961862448276
13885,-4.456150849220578
13886,-4.170412010332689
13887,-4.1791638662082935
13888,-4.06340357520461
13889,-5.586904842572959
13890,-5.126934780645057
13940,-6.216534486635936
13996,-13.138800059535857
13997,-5.629972005904608
13998,-6.336942873378437
13999,-6.7781746155506815
14000,-5.221298469642609
14001,-5.461215007723721
14046,-6.567885697912797
14047,-6.567885697912797
14048,-6.567885697912797
14049,-6.567885697912797
14050,-7.847753560336122
14051,-7.847753560336122
14052,-7.847753560336122
14053,-7.847753560336122
14060,-13.824248462015237
14061,-13.824248462015237
14119,-8.68917407512828
14120,-5.469687670244837
14121,-6.662203450148662
14170,-7.775077716537791
14178,-6.588263465578322
14179,-6.588263465578322
14180,-6.588263465578322
14181,-6.588263465578322
14182,-6.588263465578322
14183,-6.522489068308147
14184,-6.522489068308147
14185,-6.522489068308147
14186,-6.522489068308147
14187,-6.522489068308147
14192,-4.093679223209885
14193,-4.093679223209885
14194,-4.093679223209885
14195,-4.093679223209885
14196,-4.093679223209885
14197,-4.093679223209885
14198,-4.093679223209885
14199,-4.093679223209885
14200,-4.093679223209885
14207,-5.229536523923599
14208,-5.517848997114018
14209,-4.249427982260324
14210,-3.9786739020322415
14220,-11.027327181166992
14221,-11.027327181166992
14222,-11.027327181166992
14223,-11.027327181166992
14224,-11.027327181166992
14233,-6.179007489820373
14234,-6.179007489820373
14253,-12.36235968150638
14254,-21.170212892483335
14255,-27.250914095287744
14256,-19.9080760471255
14257,-6.156710050548738
14258,-15.983513245365046
14301,-12.36235968150638
14302,-21.170212892483335
14303,-27.250914095287744
14304,-19.9080760471255
14305,-6.156710050548738
14306,-15.983513245365046
14310,-2.1293020233706077
14311,-1.6720445582757235
14312,-1.597338452204149
14351,-3.510459257781097
14352,-2.9444977963035512
14353,-2.9444977963035512
14354,-2.9444977963035512
14355,-2.9444977963035512
14356,-2.9444977963035512
14357,-2.9444977963035512
14358,-2.9444977963035512
14359,-2.9444977963035512
14360,-2.9444977963035512
14361,-2.9444977963035512
14362,-2.9444977963035512
14363,-2.9444977963035512
14364,-8.414737099753323
14374,-8.423762625439206
14375,-8.538430800779892
14376,-8.37805547571267
14377,-8.530615518720357
14405,-1.3626534008523719
14406,-1.3580570848308973
14408,-6.6934137343965165
14409,-6.6934137343965165
14410,-6.6934137343965165
14411,-6.6934137343965165
14412,-6.6934137343965165
14413,-6.6934137343965165
14414,-6.6934137343965165
14415,-6.6934137343965165
14416,-6.6934137343965165
14417,-6.6934137343965165
14418,-6.6934137343965165
14419,-6.6934137343965165
14420,-6.6934137343965165
14421,-6.6934137343965165
14422,-6.6934137343965165
14423,-3.655558886433266
14434,-8.595972366624515
14436,-7.637669058844037
14441,-5.2468828706958135
14442,-5.2468828706958135
14443,-5.2468828706958135
14444,-5.2468828706958135
14445,-5.2468828706958135
14446,-5.2468828706958135
14447,-5.2468828706958135
14448,-2.9467617119562655
14449,-2.9467617119562655
14450,-2.9467617119562655
14451,-2.9467617119562655
14452,-2.9467617119562655
14453,-2.9467617119562655
14454,-2.9467617119562655
14455,-8.831486917698513
14456,-4.548482356562561
14500,-3.988820795498503
14501,-3.988820795498503
14502,-3.988820795498503
14503,-3.988820795498503
14504,-3.908792116021191
14509,-1.8819454307277483
14512,-1.3796941680614587
14513,-6.434591982051211
14514,-6.434591982051211
14515,-6.434591982051211
14516,-6.434591982051211
14517,-6.434591982051211
14525,-6.663960986487217
14526,-6.334644650379818
14527,-5.2849919461450305
14548,-5.682520499563988
14549,-5.682520499563988
14550,-5.682520499563988
14551,-5.682520499563988
14552,-5.682520499563988
14553,-5.682520499563988
14554,-5.682520499563988
14555,-5.682520499563988
14556,-5.682520499563988
14557,-5.682520499563988
14558,-6.949936229638718
14559,-6.949936229638718
14560,-6.949936229638718
14561,-6.949936229638718
14562,-6.949936229638718
14563,-6.949936229638718
14564,-6.949936229638718
14565,-6.949936229638718
14566,-6.949936229638718
14567,-6.949936229638718
14568,-3.8053305440134357
14569,-3.8053305440134357
14570,-3.8053305440134357
14571,-3.8053305440134357
14572,-3.8053305440134357
14573,-3.8053305440134357
14574,-3.8053305440134357
14575,-3.8053305440134357
14576,-3.8053305440134357
14577,-3.8053305440134357
14578,-4.731247128884503
14579,-4.731247128884503
14580,-4.731247128884503
14581,-4.731247128884503
14582,-4.731247128884503
14583,-4.731247128884503
14584,-4.731247128884503
14585,-4.731247128884503
14586,-4.731247128884503
14587,-4.731247128884503
14588,-4.065633756449674
14589,-4.065633756449674
14590,-4.065633756449674
14591,-4.065633756449674
14592,-4.065633756449674
14593,-4.065633756449674
14594,-4.065633756449674
14595,-4.065633756449674
14596,-4.065633756449674
14597,-4.065633756449674
14598,-3.090303231600622
14599,-3.090303231600622
14600,-3.090303231600622
14601,-3.090303231600622
14602,-3.090303231600622
14603,-3.090303231600622
14604,-3.090303231600622
14605,-3.090303231600622
14606,-3.090303231600622
14607,-3.090303231600622
14608,-3.406849985769575
14609,-3.406849985769575
14610,-3.406849985769575
14611,-3.406849985769575
14612,-3.406849985769575
14613,-3.406849985769575
14614,-3.406849985769575
14615,-3.406849985769575
14616,-3.406849985769575
14617,-3.406849985769575
14634,-6.235280583223362
14635,-6.07814422509123
14636,-6.39517236466231
14637,-6.396182282850955
14638,-5.786499840659179
14639,-5.827923049472297
14640,-6.7562620399707285
14641,-6.439121178041402
14642,-6.441285567623499
14643,-5.1489465470745595
14644,-6.156156445246375
14645,-5.645830912418608
14646,-4.247343607472038
14647,-5.558458663250352
14648,-6.39517236466231
14649,-6.39517236466231
14650,-6.39517236466231
14651,-6.39517236466231
14652,-6.39517236466231
14689,-3.4089684587923945
14690,-3.4089684587923945
14691,-3.4089684587923945
14692,-3.4089684587923945
14693,-3.4089684587923945
14694,-3.4089684587923945
14695,-3.4089684587923945
14696,-3.4089684587923945
14697,-3.4089684587923945
14698,-3.4089684587923945
14699,-3.4089684587923945
14700,-3.4089684587923945
14701,-3.4089684587923945
14712,-6.444922432059467
14713,-6.444922432059467
14714,-6.444922432059467
14715,-6.444922432059467
14716,-6.444922432059467
14717,-6.444922432059467
14718,-6.444922432059467
14719,-6.444922432059467
14720,-6.444922432059467
14721,-6.444922432059467
14722,-6.444922432059467
14723,-6.444922432059467
14724,-6.444922432059467
14725,-6.444922432059467
14726,-6.444922432059467
14727,-6.444922432059467
14728,-6.444922432059467
14729,-6.444922432059467
14730,-6.444922432059467
14731,-6.444922432059467
14732,-8.119107103627384
14733,-6.672012418660931
14734,-7.950770995475663
14735,-6.400115866735996
14736,-8.119107103627384
14737,-6.672012418660931
14738,-7.950770995475663
14739,-6.400115866735996
14740,-7.926311037233191
14741,-9.082743174660077
14742,-7.743616142444442
14743,-8.862834255772539
14744,-7.922309875094255
14745,-9.070363935513127
14746,-6.944065915324463
14747,-6.79293648933122
14748,-6.875810261277275
14754,-1.585246349949454
14755,-1.7098178591449618
14756,-1.103542122539046
14757,-1.0494964058570657
14758,-0.8316282808038116
14759,-1.585246349949454
14760,-1.7098178591449618
14761,-1.103542122539046
14762,-1.0494964058570657
14763,-0.8316282808038116
14766,-5.475652875768358
14789,-8.965628099042918
14790,-9.422352760132691
14791,-8.076924534794122
14792,-6.395459035298698
14793,-8.965628099042918
14794,-9.422352760132691
14795,-8.076924534794122
14796,-6.395459035298698
14810,-1.1614599550322615
14811,-1.5041523694671115
14812,-1.7211533758364006
14813,-1.622458885052495
14814,-2.618315401434323
14815,-1.8684506688950901
14816,-1.1614599550322615
14817,-1.5041523694671115
14818,-1.7211533758364006
14819,-1.622458885052495
14820,-2.618315401434323
14821,-1.8684506688950901
14841,-6.0060951343359426
14842,-6.744071600659094
14843,-8.066504731987514
14844,-9.378711253143893
14845,-9.30600880436969
14846,-8.800818584632953
14847,-7.50623153985668
14848,-7.862734782903539
14849,-7.490761256901958
14850,-6.649455188371863
14851,-5.95101193821652
14852,-5.095573870800025
14853,-7.17232424071544
14854,-9.30600880436969
14855,-8.800818584632953
14856,-7.50623153985668
14857,-7.862734782903539
14858,-7.490761256901958
14859,-6.649455188371863
14860,-5.95101193821652
14861,-5.095573870800025
14862,-7.17232424071544
14892,-3.0365037522377416
14893,-3.3640589745231866
14894,-3.0565252330603747
14895,-3.0365037522377416
14896,-3.3640589745231866
14897,-3.0565252330603747
14898,-7.356020508290158
14899,-7.356020508290158
14900,-7.356020508290158
14901,-7.356020508290158
14902,-7.356020508290158
14903,-7.356020508290158
14904,-10.237339040292536
14905,-10.237339040292536
14906,-10.237339040292536
14907,-10.237339040292536
14908,-10.237339040292536
14909,-10.237339040292536
14910,-5.25476551090958
14911,-5.031725680814532
14912,-4.767212790312078
14913,-6.0898562481141045
14914,-5.25476551090958
14915,-5.031725680814532
14916,-4.767212790312078
14917,-6.0898562481141045
14918,-5.25476551090958
14919,-5.031725680814532
14920,-4.767212790312078
14921,-6.0898562481141045
14922,-5.25476551090958
14923,-5.031725680814532
14924,-4.767212790312078
14925,-6.0898562481141045
14926,-5.25476551090958
14927,-5.031725680814532
14928,-4.767212790312078
14929,-6.0898562481141045
14950,-3.583100624285148
14951,-2.9898336403590426
14952,-3.583100624285148
14953,-2.9898336403590426
14956,-8.35723781990051
14957,-5.817288367438328
14958,-4.531984324143085
14959,-4.355288178642748
14960,-4.532741339076657
14961,-8.35723781990051
14962,-5.817288367438328
14963,-4.531984324143085
14964,-4.355288178642748
14965,-4.532741339076657
14967,-4.623308136068985
14969,-3.0365759713721525
14971,-3.57870844295425
14973,-2.987011292365305
15024,-8.624465731025026
15029,-8.624465731025026
15030,-9.523954926815533
15031,-9.523954926815533
15032,-9.523954926815533
15033,-9.523954926815533
15034,-9.523954926815533
15035,-9.523954926815533
15036,-9.523954926815533
15037,-9.523954926815533
15049,-5.570600959630117
15050,-5.948062781272354
15069,-8.171366634279876
15070,-8.673153888112848
15071,-8.171366634279876
15072,-8.673153888112848
15084,-7.062016933506494
15087,-7.062016933506494
15089,-6.2910160371816115
15090,-4.773602527116631
15092,-6.485055670566565
15099,-6.371465593460373
15100,-6.658180106414747
15102,-6.412032306920098
15154,-10.209609543234873
15155,-10.209609543234873
15156,-10.209609543234873
15157,-10.209609543234873
15158,-10.209609543234873
15159,-10.209609543234873
15160,-10.209609543234873
15161,-10.209609543234873
15162,-10.209609543234873
15163,-10.209609543234873
15164,-9.379650811719987
15165,-9.379650811719987
15166,-9.379650811719987
15167,-9.379650811719987
15168,-9.379650811719987
15169,-9.379650811719987
15170,-9.379650811719987
15171,-9.379650811719987
15172,-9.379650811719987
15173,-9.379650811719987
15174,-9.099171346176304
15175,-9.099171346176304
15176,-9.099171346176304
15177,-9.099171346176304
15178,-9.099171346176304
15179,-9.099171346176304
15180,-9.099171346176304
15181,-9.099171346176304
15182,-9.099171346176304
15183,-9.099171346176304
15184,-6.411703604468251
15185,-4.938432997984548
15186,-5.210842162932883
15187,-5.210842162932883
15188,-5.210842162932883
15189,-5.210842162932883
15190,-5.281598053254368
15191,-5.281598053254368
15192,-5.281598053254368
15193,-5.281598053254368
15194,-5.399087326113158
15195,-5.399087326113158
15196,-5.399087326113158
15197,-5.399087326113158
15198,-5.601976455544346
15199,-5.601976455544346
15200,-5.601976455544346
15201,-5.601976455544346
15202,-5.009593224238613
15203,-5.009593224238613
15204,-5.009593224238613
15205,-5.009593224238613
15206,-5.063782848287648
15207,-5.063782848287648
15208,-5.063782848287648
15209,-5.063782848287648
15216,-8.272324002654987
15217,-8.272324002654987
15218,-8.272324002654987
15223,-5.04955216820937
15224,-5.04955216820937
15225,-5.04955216820937
15230,-6.817648567400302
15231,-6.817648567400302
15232,-6.817648567400302
15237,-4.629929611182175
15238,-4.629929611182175
15239,-4.629929611182175
15245,-5.533240938518075
15246,-4.703492795181772
15247,-5.295237980249847
15248,-4.092182973271014
15253,-2.2116684669037694
15254,-2.2116684669037694
15255,-2.2116684669037694
15256,-2.2116684669037694
15257,-2.2116684669037694
15258,-2.2116684669037694
15259,-2.2116684669037694
15260,-2.2116684669037694
15261,-6.939755230190605
15262,-7.571708534907541
15263,-7.1789943972284025
15264,-7.1789943972284025
15265,-7.1789943972284025
15266,-7.1789943972284025
15267,-7.1789943972284025
15268,-7.404467933545242
15269,-7.404467933545242
15270,-7.404467933545242
15271,-7.404467933545242
15272,-7.404467933545242
15292,-2.2556141020649316
15293,-3.0006491387981464
15294,-3.8007534568199413
15345,-8.41904407600595
15346,-5.640739458427857
15347,-7.888315195338128
15348,-3.574032587716185
15349,-3.8060589507082785
15350,-3.53450411108644
15351,-4.338307403375493
15352,-3.745123899231607
15353,-3.212507324462128
15354,-2.87452422671534
15355,-5.463780092573536
15356,-8.153705980112154
15357,-8.55830068680269
15358,-2.4091837180751
15359,-3.330614907415595
15360,-2.6462453668895085
15361,-2.840818393166264
15362,-2.42726266171068
15363,-3.0485378906558163
15364,-2.379198583980274
15365,-2.650729700453034
15366,-2.47126793509892
15367,-2.1500649850927394
15368,-2.865304373974041
15369,-1.8983373217340613
15370,-2.5772253619674435
15371,-2.5357160202945264
15372,-2.5505399533699906
15381,-9.557619366494471
15382,-6.598227069842561
15383,-6.339879669898755
15412,-4.781260633201841
15413,-5.5318603505338855
15414,-6.6958615113448285
15415,-8.159874865197152
15416,-3.7956810295646464
15417,-4.885062110259987
15418,-4.384362451952349
15419,-4.384362451952349
15424,-2.532143319666268
15430,-4.440617917370142
15431,-4.440617917370142
15432,-4.440617917370142
15433,-4.5153826967164985
15434,-4.5153826967164985
15435,-4.5153826967164985
15436,-4.798367067261571
15437,-4.798367067261571
15438,-4.798367067261571
15439,-4.525668125174351
15440,-4.525668125174351
15441,-4.525668125174351
15443,-11.569308166646804
15478,-4.0526678366055044
15479,-4.309498228052627
15480,-2.2611899230356878
15481,-2.3893033359524263
15490,-1.6132043981276174
15491,-1.6132043981276174
15492,-1.7875209204452327
15493,-1.7875209204452327
15497,-1.5945698769369914
15511,-2.5688778319906875
15512,-2.5688778319906875
15514,-2.5343962624961685
15515,-2.5343962624961685
15517,-1.5169078958797435
15518,-1.5169078958797435
15520,-2.167270015791284
15521,-2.167270015791284
15523,-5.7630071569122165
15524,-5.7630071569122165
15526,-2.9554768725694798
15527,-2.9554768725694798
15529,-5.511515896286664
15530,-5.511515896286664
15532,-1.9025491247502186
15533,-1.9025491247502186
15553,-7.797999418542386
15554,-6.633003849685007
15555,-12.608721585774818
15556,-12.101648141977785
15557,-11.816053374112956
15558,-9.275576620285147
15559,-9.12517056180801
15560,-6.2450936669746
15561,-6.2450936669746
15562,-10.930745437241459
15563,-9.806282810608705
15564,-10.087640272574367
15565,-9.103414186721114
15566,-7.608211905419177
15567,-8.29295464537967
15568,-9.03026779061604
15569,-9.338568266804886
15570,-7.517183395454805
15571,-7.517183395454805
15572,-7.517183395454805
15573,-7.517183395454805
15574,-7.517183395454805
15576,-7.754874013758953
15577,-7.754874013758953
15578,-7.754874013758953
15579,-7.754874013758953
15580,-7.754874013758953
15584,-4.905120476950108
15585,-4.905120476950108
15586,-4.905120476950108
15589,-2.595908742745161
15594,-2.471344735928298
15600,-3.048287322883958
15601,-3.048287322883958
15629,-6.154477373453664
15630,-10.070087011033065
15631,-5.931958008271633
15632,-4.96705343467114
15633,-3.1399525763813267
15639,-6.154477373453664
15640,-10.070087011033065
15641,-5.931958008271633
15642,-4.96705343467114
15643,-3.1399525763813267
15644,-6.154477373453664
15645,-10.070087011033065
15646,-5.931958008271633
15647,-4.96705343467114
15648,-3.1399525763813267
15649,-6.154477373453664
15650,-10.070087011033065
15651,-5.931958008271633
15652,-4.96705343467114
15653,-3.1399525763813267
15654,-6.154477373453664
15655,-10.070087011033065
15656,-5.931958008271633
15657,-4.96705343467114
15658,-3.1399525763813267
15659,-6.154477373453664
15660,-10.070087011033065
15661,-5.931958008271633
15662,-4.96705343467114
15663,-3.1399525763813267
15664,-6.154477373453664
15665,-10.070087011033065
15666,-5.931958008271633
15668,-6.154477373453664
15669,-10.070087011033065
15670,-5.931958008271633
15671,-4.377807971164137
15672,-4.96705343467114
15673,-3.1399525763813267
15674,-8.994026855351674
15675,-7.645449488475385
15676,-6.919500954838503
15677,-8.689252679986332
15680,-8.689252679986332
15681,-8.689252679986332
15682,-8.689252679986332
15683,-8.689252679986332
15684,-7.560354471270138
15685,-7.560354471270138
15686,-7.560354471270138
15687,-7.560354471270138
15688,-5.1747630280065735
15689,-5.1747630280065735
15690,-5.1747630280065735
15691,-5.1747630280065735
15725,-4.497681538459506
15726,-4.497681538459506
15727,-4.497681538459506
15732,-7.7571213707352875
15733,-3.9583651119583347
15734,-6.718617113111951
15735,-7.822169078278181
15736,-3.6861921683963708
15737,-3.6861921683963708
15738,-3.6861921683963708
15739,-3.6861921683963708
15740,-6.61667933996998
15741,-6.61667933996998
15742,-6.61667933996998
15743,-6.61667933996998
15744,-3.071686405154429
15745,-3.071686405154429
15746,-3.071686405154429
15747,-3.071686405154429
15751,-7.830150294709009
15752,-6.774954049104825
15753,-6.718617113111951
15754,-5.226236768061968
15755,-7.686064476028895
15756,-7.686064476028895
15757,-7.686064476028895
15758,-5.710688183159887
15759,-5.710688183159887
15760,-5.710688183159887
15762,-7.862660996522847
15771,-7.862660996522847
15772,-5.225194709231254
15773,-3.578127947161623
15774,-5.795623207694919
15775,-5.225194709231254
15776,-5.225194709231254
15777,-5.225194709231254
15778,-5.225194709231254
15779,-5.988103293326021
15780,-5.225194709231254
15781,-3.578127947161623
15782,-7.686064476028895
15783,-5.795623207694919
15785,-2.866754820121208
15787,-2.8666359749484664
15789,-2.7680595568545723
15790,-2.8666359749484664
15791,-2.8666359749484664
15792,-2.8666359749484664
15793,-5.455409106012811
15794,-5.455409106012811
15795,-5.455409106012811
15796,-5.569937157483488
15797,-5.569937157483488
15798,-5.569937157483488
15799,-5.8265302257139115
15800,-5.8265302257139115
15801,-5.8265302257139115
15810,-4.801106152853995
15811,-4.016830763344354
15812,-3.522232955050336
15813,-1.9785434068293926
15814,-1.7633533865860271
15815,-1.9785434068293926
15816,-1.7633533865860271
15821,-4.70956653422178
15822,-4.70956653422178
15823,-4.70956653422178
15824,-2.6050653960203536
15825,-2.6050653960203536
15826,-2.6050653960203536
15827,-3.684976772856498
15828,-3.684976772856498
15829,-3.684976772856498
15830,-2.2469930217531653
15831,-2.2469930217531653
15832,-2.2469930217531653
15833,-7.686064476028895
15834,-5.988103293326021
15835,-3.7933287934886577
15836,-5.519239790484362
15837,-5.988103293326021
15838,-3.7933287934886577
15839,-5.519239790484362
15846,-6.711129835798222
15847,-3.819525491627952
15848,-5.677423845630896
15849,-4.054558591655592
15850,-3.819525491627952
15851,-4.830216602760735
15852,-6.799985394805783
15853,-6.711129835798222
15854,-5.677423845630896
15855,-5.677423845630896
15856,-5.677423845630896
15857,-5.677423845630896
15858,-5.677423845630896
15859,-5.677423845630896
15860,-5.677423845630896
15861,-4.054558591655592
15862,-4.054558591655592
15863,-4.054558591655592
15864,-4.054558591655592
15865,-4.054558591655592
15866,-4.054558591655592
15867,-4.054558591655592
15868,-3.819525491627952
15869,-3.819525491627952
15870,-3.819525491627952
15871,-3.819525491627952
15872,-3.819525491627952
15873,-3.819525491627952
15874,-4.830216602760735
15875,-4.830216602760735
15876,-4.830216602760735
15877,-4.830216602760735
15878,-4.830216602760735
15879,-4.830216602760735
15880,-4.830216602760735
15881,-6.799985394805783
15882,-6.799985394805783
15883,-6.799985394805783
15884,-6.799985394805783
15885,-6.799985394805783
15886,-6.799985394805783
15887,-6.799985394805783
15888,-6.711129835798222
15889,-6.711129835798222
15890,-6.711129835798222
15891,-6.711129835798222
15892,-6.711129835798222
15893,-6.711129835798222
15894,-6.394143728615312
15895,-6.886746607519078
15896,-5.7664531097940515
15897,-6.394143728615312
15898,-6.886746607519078
15899,-5.7664531097940515
15900,-6.394143728615312
15901,-6.886746607519078
15902,-5.7664531097940515
15903,-5.663575970446698
15904,-4.8139094667856765
15905,-7.54831702807124
15906,-6.308451893464697
15907,-6.0920993631663185
15908,-7.295545704676404
15909,-6.0920993631663185
15910,-6.0920993631663185
15911,-7.295545704676404
15912,-7.295545704676404
15913,-5.15279312524707
15914,-3.724041001754718
15915,-5.183383838357137
15916,-3.8936927650266075
15917,-5.5758495619609425
15919,-8.329416461616667
15921,-8.953468150163294
15923,-5.5758495619609425
15924,-8.329416461616667
15925,-8.953468150163294
15937,-5.757495516744676
15938,-5.757495516744676
15939,-5.631849443957528
15940,-5.631849443957528
15941,-3.6701578022978083
15942,-3.6701578022978083
15943,-3.6701578022978083
15944,-3.6701578022978083
15945,-3.3469429223851312
15946,-3.730688940474507
15947,-3.6954978523609823
15948,-7.8589519768158596
15949,-3.3469429223851312
15950,-3.730688940474507
15951,-3.6954978523609823
15952,-7.8589519768158596
15957,-5.230413136948382
15958,-4.664018633646775
15959,-5.022318338642375
15960,-8.362322174580417
15961,-6.178280666553304
15967,-4.7848096834596285
15968,-5.128381095109962
15969,-5.5459695098025055
15973,-4.865477655636668
15974,-8.47688443426373
15975,-9.795602126677895
15976,-5.464214750985512
15977,-4.137465916185489
15978,-3.517096588147781
15979,-7.556485178767084
15980,-4.092207619963495
15981,-7.556485178767084
15982,-4.092207619963495
15983,-7.556485178767084
15984,-7.556485178767084
15985,-7.556485178767084
15986,-7.556485178767084
15987,-4.092207619963495
15988,-4.092207619963495
15989,-4.092207619963495
15990,-4.092207619963495
15991,-5.533240938518075
15992,-5.321028922892796
15993,-5.089333070687764
15994,-3.4997966421778113
15995,-3.4639619663280783
15996,-3.4997966421778113
15997,-3.4639619663280783
15998,-4.352512663923035
16000,-4.352512663923035
16001,-6.942798035630777
16002,-6.942798035630777
16003,-6.942798035630777
16004,-3.155959507118726
16005,-7.16780825095762
16006,-5.91818806430607
16007,-5.580204236316575
16011,-6.16339161424623
16012,-6.069655144741667
16013,-4.122208482947706
16014,-4.0623242327837445
16015,-6.16339161424623
16016,-6.069655144741667
16017,-4.122208482947706
16018,-4.0623242327837445
16019,-6.16339161424623
16020,-6.069655144741667
16021,-4.122208482947706
16022,-4.0623242327837445
16023,-2.6327763107223485
16024,-2.436593939611455
16025,-2.330925519007179
16026,-2.6327763107223485
16027,-2.436593939611455
16028,-2.330925519007179
16029,-10.595603715721383
16030,-4.606235767027404
16031,-5.314555392358071
16032,-4.606235767027404
16033,-5.314555392358071
16034,-4.606235767027404
16035,-5.314555392358071
16040,-4.691661649375841
16041,-4.785712138698235
16044,-7.287923719555969
16045,-4.932426025072817
16046,-3.7197426254563277
16047,-3.101680272850624
16048,-3.106269348258824
16051,-5.401727284416673
16052,-6.956480495721192
16053,-10.870794493854014
16057,-4.538345974437934
16058,-5.132906278346235
16059,-3.7193031542071564
16060,-3.7662371792912643
16061,-3.7193031542071564
16062,-3.7662371792912643
16063,-3.7193031542071564
16064,-3.7662371792912643
16065,-7.666549490732402
16066,-7.54831702807124
16067,-7.895328458111645
16068,-6.54696327207232
16073,-5.271296514024483
16074,-4.972818742702179
16075,-5.128686016798151
16076,-5.642341036052693
16077,-4.497681538459506
16078,-3.413065306549762
16079,-3.8661686821059496
16080,-2.885201956773553
16081,-5.608294572873925
16082,-5.071543896378553
16083,-3.628900561553497
16084,-7.848846879269442
16085,-3.1794161788925237
16086,-5.608294572873925
16087,-5.071543896378553
16088,-3.628900561553497
16089,-7.848846879269442
16090,-3.1794161788925237
16091,-5.608294572873925
16092,-5.071543896378553
16093,-3.628900561553497
16094,-7.848846879269442
16095,-3.1794161788925237
16096,-5.608294572873925
16097,-5.071543896378553
16098,-3.628900561553497
16099,-7.848846879269442
16100,-3.1794161788925237
16101,-5.608294572873925
16102,-5.071543896378553
16103,-3.628900561553497
16104,-7.848846879269442
16105,-3.1794161788925237
16106,-2.4712632910385457
16107,-2.4712632910385457
16108,-2.4712632910385457
16109,-2.4712632910385457
16110,-2.4712632910385457
16111,-2.411403309256336
16112,-2.411403309256336
16113,-2.411403309256336
16114,-2.411403309256336
16115,-2.411403309256336
16116,-6.805577969588792
16117,-3.911779242309641
16118,-6.021764720196849
16119,-4.2819388632704225
16123,-4.334605740855794
16124,-4.381743967534827
16127,-4.334605740855794
16128,-4.381743967534827
16134,-6.058102854821327
16135,-6.058102854821327
16136,-6.058102854821327
16137,-7.1119957960493885
16142,-5.960756065457888
16143,-5.960756065457888
16144,-5.960756065457888
16145,-5.599059211259952
16146,-5.599059211259952
16147,-5.599059211259952
16148,-7.1119957960493885
16149,-5.371429119790454
16150,-5.371429119790454
16151,-5.371429119790454
16152,-4.1656099775996
16153,-4.1656099775996
16154,-4.1656099775996
16155,-7.971057717465475
16169,-4.579984833466221
16170,-4.579984833466221
16171,-4.579984833466221
16172,-4.579984833466221
16173,-5.263136257158574
16174,-5.263136257158574
16175,-5.263136257158574
16176,-5.263136257158574
16177,-4.222073772261257
16178,-4.222073772261257
16179,-4.222073772261257
16180,-4.222073772261257
16181,-5.444742872524903
16182,-5.444742872524903
16183,-7.067850148380285
16184,-7.067850148380285
16185,-10.177308608646305
16186,-10.177308608646305
16196,-8.12920834038691
16197,-8.12920834038691
16199,-8.638274484256563
16200,-8.638274484256563
16201,-6.636718090225885
16202,-6.636718090225885
16203,-6.636718090225885
16204,-6.598166293819667
16205,-6.598166293819667
16206,-6.598166293819667
16207,-5.063188531716382
16208,-8.12920834038691
16209,-8.638274484256563
16210,-5.063188531716382
16211,-4.596367425082729
16212,-4.596367425082729
16213,-4.596367425082729
16214,-4.596367425082729
16215,-4.596367425082729
16216,-4.596367425082729
16217,-4.596367425082729
16218,-4.596367425082729
16219,-4.596367425082729
16220,-4.596367425082729
16221,-4.596367425082729
16222,-4.596367425082729
16223,-4.596367425082729
16224,-4.596367425082729
16225,-4.596367425082729
16226,-4.596367425082729
16227,-4.596367425082729
16228,-4.596367425082729
16229,-4.596367425082729
16230,-4.596367425082729
16231,-4.596367425082729
16232,-4.596367425082729
16233,-4.596367425082729
16234,-4.596367425082729
16235,-4.596367425082729
16236,-4.596367425082729
16237,-4.596367425082729
16238,-4.596367425082729
16239,-4.596367425082729
16240,-4.596367425082729
16241,-4.596367425082729
16242,-4.596367425082729
16243,-4.596367425082729
16244,-4.596367425082729
16245,-4.596367425082729
16246,-4.596367425082729
16247,-4.596367425082729
16248,-4.596367425082729
16249,-4.596367425082729
16250,-4.596367425082729
16251,-4.596367425082729
16252,-4.596367425082729
16253,-4.596367425082729
16254,-4.596367425082729
16255,-4.596367425082729
16256,-4.596367425082729
16257,-4.596367425082729
16258,-4.596367425082729
16259,-4.596367425082729
16260,-4.596367425082729
16261,-4.596367425082729
16262,-4.596367425082729
16263,-4.596367425082729
16264,-4.596367425082729
16265,-4.596367425082729
16266,-4.596367425082729
16267,-4.596367425082729
16268,-4.596367425082729
16269,-4.596367425082729
16270,-4.596367425082729
16271,-4.596367425082729
16272,-4.596367425082729
16273,-4.596367425082729
16274,-4.596367425082729
16275,-4.596367425082729
16276,-4.596367425082729
16277,-4.596367425082729
16278,-4.596367425082729
16279,-4.596367425082729
16280,-4.596367425082729
16281,-4.596367425082729
16282,-4.596367425082729
16283,-4.596367425082729
16284,-4.596367425082729
16285,-4.596367425082729
16286,-4.596367425082729
16287,-4.596367425082729
16288,-4.596367425082729
16289,-4.596367425082729
16290,-4.596367425082729
16291,-4.596367425082729
16292,-4.596367425082729
16293,-4.596367425082729
16294,-4.596367425082729
16295,-4.596367425082729
16296,-4.596367425082729
16297,-4.596367425082729
16298,-4.596367425082729
16299,-4.596367425082729
16300,-4.596367425082729
16301,-4.596367425082729
16302,-4.596367425082729
16303,-4.596367425082729
16304,-4.596367425082729
16305,-4.596367425082729
16306,-4.596367425082729
16307,-4.596367425082729
16308,-4.596367425082729
16309,-4.596367425082729
16310,-4.596367425082729
16311,-4.596367425082729
16312,-4.596367425082729
16313,-4.596367425082729
16314,-4.596367425082729
16315,-4.596367425082729
16316,-4.596367425082729
16317,-4.596367425082729
16318,-4.596367425082729
16319,-4.596367425082729
16320,-4.596367425082729
16321,-4.596367425082729
16322,-4.596367425082729
16323,-4.596367425082729
16324,-4.596367425082729
16325,-4.596367425082729
16326,-4.596367425082729
16327,-4.596367425082729
16328,-4.596367425082729
16329,-4.596367425082729
16330,-4.596367425082729
16331,-4.596367425082729
16332,-4.596367425082729
16333,-4.596367425082729
16334,-4.596367425082729
16335,-4.596367425082729
16336,-4.596367425082729
16337,-4.596367425082729
16338,-4.596367425082729
16339,-4.596367425082729
16340,-4.596367425082729
16341,-4.596367425082729
16342,-4.596367425082729
16343,-4.596367425082729
16344,-4.596367425082729
16345,-4.596367425082729
16346,-4.596367425082729
16347,-4.596367425082729
16348,-4.596367425082729
16349,-4.596367425082729
16350,-4.596367425082729
16351,-4.596367425082729
16352,-4.596367425082729
16353,-4.596367425082729
16354,-4.596367425082729
16355,-4.596367425082729
16356,-4.596367425082729
16357,-4.596367425082729
16358,-4.596367425082729
16359,-4.596367425082729
16360,-4.596367425082729
16361,-4.596367425082729
16362,-4.596367425082729
16363,-4.596367425082729
16364,-4.596367425082729
16365,-4.596367425082729
16366,-4.596367425082729
16367,-4.596367425082729
16368,-4.596367425082729
16369,-4.596367425082729
16370,-4.596367425082729
16371,-4.596367425082729
16372,-4.596367425082729
16373,-4.596367425082729
16374,-4.596367425082729
16375,-4.596367425082729
16376,-4.596367425082729
16377,-4.596367425082729
16378,-4.596367425082729
16379,-4.596367425082729
16380,-4.596367425082729
16381,-4.596367425082729
16382,-4.596367425082729
16383,-4.596367425082729
16384,-4.596367425082729
16385,-4.596367425082729
16386,-4.596367425082729
16387,-4.596367425082729
16388,-4.596367425082729
16389,-4.596367425082729
16390,-4.596367425082729
16391,-4.596367425082729
16392,-4.596367425082729
16393,-4.596367425082729
16394,-4.596367425082729
16395,-4.596367425082729
16396,-4.596367425082729
16397,-4.596367425082729
16398,-4.596367425082729
16399,-4.596367425082729
16400,-4.596367425082729
16401,-4.596367425082729
16402,-4.596367425082729
16403,-4.596367425082729
16404,-4.596367425082729
16405,-4.596367425082729
16406,-4.596367425082729
16407,-4.596367425082729
16408,-4.596367425082729
16409,-4.596367425082729
16410,-4.596367425082729
16411,-4.596367425082729
16412,-4.596367425082729
16413,-4.596367425082729
16414,-4.596367425082729
16415,-4.596367425082729
16416,-4.596367425082729
16417,-4.596367425082729
16418,-4.596367425082729
16419,-4.596367425082729
16420,-4.596367425082729
16421,-4.596367425082729
16422,-4.596367425082729
16423,-4.596367425082729
16424,-4.596367425082729
16425,-4.596367425082729
16426,-4.596367425082729
16427,-4.596367425082729
16428,-4.596367425082729
16429,-4.596367425082729
16430,-4.596367425082729
16431,-4.596367425082729
16432,-4.596367425082729
16433,-4.596367425082729
16434,-4.596367425082729
16435,-4.596367425082729
16436,-4.596367425082729
16437,-4.596367425082729
16438,-4.596367425082729
16439,-4.596367425082729
16440,-4.596367425082729
16441,-4.596367425082729
16442,-4.596367425082729
16443,-4.596367425082729
16444,-4.596367425082729
16445,-4.596367425082729
16446,-4.596367425082729
16447,-4.596367425082729
16448,-4.596367425082729
16449,-4.596367425082729
16450,-4.596367425082729
16451,-4.596367425082729
16452,-4.596367425082729
16453,-4.596367425082729
16454,-4.596367425082729
16455,-4.596367425082729
16456,-4.596367425082729
16457,-4.596367425082729
16458,-4.596367425082729
16459,-4.596367425082729
16460,-4.596367425082729
16461,-4.596367425082729
16462,-4.596367425082729
16463,-4.596367425082729
16464,-4.596367425082729
16465,-4.596367425082729
16466,-4.596367425082729
16467,-4.596367425082729
16468,-4.596367425082729
16469,-4.596367425082729
16470,-4.596367425082729
16471,-4.596367425082729
16472,-4.596367425082729
16473,-4.596367425082729
16474,-4.596367425082729
16475,-4.596367425082729
16476,-4.596367425082729
16477,-4.596367425082729
16478,-4.596367425082729
16479,-4.596367425082729
16480,-4.596367425082729
16481,-4.596367425082729
16482,-4.596367425082729
16483,-4.596367425082729
16484,-4.596367425082729
16485,-4.596367425082729
16486,-4.596367425082729
16487,-4.596367425082729
16488,-4.596367425082729
16489,-4.596367425082729
16490,-4.596367425082729
16491,-4.596367425082729
16492,-4.596367425082729
16493,-4.596367425082729
16494,-4.596367425082729
16495,-4.596367425082729
16496,-4.596367425082729
16497,-4.596367425082729
16498,-4.596367425082729
16499,-4.596367425082729
16500,-4.596367425082729
16501,-4.596367425082729
16502,-4.596367425082729
16503,-4.596367425082729
16504,-4.596367425082729
16505,-4.596367425082729
16506,-4.596367425082729
16507,-4.596367425082729
16508,-4.596367425082729
16509,-4.596367425082729
16510,-4.596367425082729
16511,-4.596367425082729
16512,-4.596367425082729
16513,-4.596367425082729
16514,-4.596367425082729
16515,-4.596367425082729
16516,-4.596367425082729
16517,-4.596367425082729
16518,-4.596367425082729
16519,-4.596367425082729
16520,-4.596367425082729
16521,-4.596367425082729
16522,-4.596367425082729
16523,-4.596367425082729
16524,-4.596367425082729
16525,-4.596367425082729
16526,-4.596367425082729
16527,-4.596367425082729
16528,-4.596367425082729
16529,-4.596367425082729
16530,-4.596367425082729
16531,-4.596367425082729
16532,-4.596367425082729
16533,-4.596367425082729
16534,-4.596367425082729
16535,-4.596367425082729
16536,-4.596367425082729
16537,-4.596367425082729
16538,-4.596367425082729
16539,-4.596367425082729
16540,-4.596367425082729
16541,-4.596367425082729
16542,-4.596367425082729
16543,-4.596367425082729
16544,-4.596367425082729
16545,-4.596367425082729
16547,-3.2899839097743993
16568,-2.4365868734266676
16569,-2.0371593406869697
16570,-1.7138474706845153
16571,-1.6531169260761471
16572,-1.7167953509535494
16573,-1.604676641639247
16574,-1.583024619865666
16601,-1.769905128094138
16615,-4.047179464055779
16616,-3.27098113114892
16617,-5.568592327230725
16618,-4.993524323893703
16620,-2.36261932771684
16621,-2.4473107545619364
16622,-2.0458545980910703
16623,-2.4199617746657824
16625,-1.8060436992233249
16644,-2.15105127919744
16645,-4.896915393057849
16646,-4.637011280961825
16647,-4.201623630793172
16648,-2.649918061219585
16652,-1.695354247844469
16661,-4.869353585952684
16662,-4.869353585952684
16663,-4.869353585952684
16664,-4.869353585952684
16665,-4.869353585952684
16666,-4.869353585952684
16667,-4.869353585952684
16668,-4.869353585952684
16669,-4.869353585952684
16670,-4.158360984495318
16671,-4.158360984495318
16672,-4.158360984495318
16673,-4.158360984495318
16674,-4.158360984495318
16675,-4.158360984495318
16676,-4.158360984495318
16677,-4.158360984495318
16678,-4.158360984495318
16700,-8.8188749253633
16701,-8.8188749253633
16702,-8.8188749253633
16703,-8.8188749253633
16704,-8.8188749253633
16705,-8.8188749253633
16706,-8.8188749253633
16707,-8.8188749253633
16708,-5.100220859063753
16709,-5.100220859063753
16710,-5.100220859063753
16711,-5.100220859063753
16712,-5.100220859063753
16713,-5.100220859063753
16714,-5.100220859063753
16715,-5.100220859063753
16716,-5.100220859063753
16717,-5.100220859063753
16718,-5.100220859063753
16719,-5.100220859063753
16720,-5.100220859063753
16721,-5.100220859063753
16722,-5.100220859063753
16723,-3.903954355541146
16724,-3.903954355541146
16725,-3.903954355541146
16726,-3.903954355541146
16727,-3.903954355541146
16728,-3.903954355541146
16729,-3.903954355541146
16730,-3.903954355541146
16731,-3.903954355541146
16732,-3.903954355541146
16733,-3.903954355541146
16734,-3.903954355541146
16735,-3.903954355541146
16736,-3.903954355541146
16737,-3.903954355541146
16738,-4.226703805950544
16739,-4.226703805950544
16740,-4.226703805950544
16741,-4.226703805950544
16742,-4.226703805950544
16743,-4.226703805950544
16744,-4.226703805950544
16745,-4.226703805950544
16746,-4.226703805950544
16747,-4.226703805950544
16748,-4.226703805950544
16749,-4.226703805950544
16750,-4.226703805950544
16751,-4.226703805950544
16752,-4.226703805950544
16753,-4.81296635103021
16754,-4.81296635103021
16755,-4.81296635103021
16756,-4.81296635103021
16757,-4.81296635103021
16758,-4.81296635103021
16759,-4.81296635103021
16760,-4.81296635103021
16761,-4.81296635103021
16762,-4.81296635103021
16763,-4.81296635103021
16764,-4.81296635103021
16765,-4.81296635103021
16766,-4.81296635103021
16767,-4.81296635103021
16768,-3.4709430265831083
16769,-3.4709430265831083
16770,-3.4709430265831083
16771,-3.4709430265831083
16772,-3.4709430265831083
16773,-3.4709430265831083
16774,-3.4709430265831083
16775,-3.4709430265831083
16776,-3.4709430265831083
16777,-3.4709430265831083
16778,-5.823455918940798
16779,-5.823455918940798
16780,-5.823455918940798
16781,-5.823455918940798
16782,-4.3533740277497746
16783,-4.3533740277497746
16784,-4.3533740277497746
16785,-4.3533740277497746
16786,-4.60724547706605
16787,-4.60724547706605
16788,-4.60724547706605
16789,-4.60724547706605
16801,-3.177154365347519
16802,-3.3397693174145564
16803,-3.7585596002545003
16811,-9.03485867999368
16812,-2.7054415212825518
16813,-9.03485867999368
16814,-2.7054415212825518
16853,-7.854145618978617
16854,-7.854145618978617
16855,-7.854145618978617
16856,-7.854145618978617
16857,-7.854145618978617
16858,-7.854145618978617
16859,-7.854145618978617
16860,-7.854145618978617
16861,-7.854145618978617
16862,-7.854145618978617
16863,-7.854145618978617
16864,-7.854145618978617
16865,-6.23293346842014
16866,-9.91889643282161
16867,-13.815881644359697
16868,-15.623965303336089
16869,-16.221614099412207
16870,-16.120980389860406
16871,-15.518361533131303
16872,-15.111297678730566
16873,-2.4100677109977147
16874,-2.4889496906937705
16875,-2.4120562601187534
16876,-4.093835040408475
16878,-4.093835040408475
16879,-4.093835040408475
16893,-6.064513940243646
16906,-5.326555943709183
16908,-5.326555943709183
16972,-2.5183008022962285
16973,-2.5183008022962285
16974,-10.38560855247909
16975,-9.136140990193825
16976,-8.118966962465741
16977,-8.089896566077758
16978,-5.75009392311928
16979,-9.707100412185511
16980,-9.234284057247523
16981,-8.941210795118923
16982,-8.846742102310499
16983,-11.029485805332992
16984,-9.136140990193825
16985,-8.118966962465741
16986,-8.089896566077758
16987,-5.75009392311928
16988,-9.707100412185511
16989,-9.234284057247523
16990,-8.941210795118923
16991,-8.846742102310499
16992,-11.029485805332992
16993,-7.833451076382342
16994,-16.798379387494318
16995,-5.923348206019531
16996,-15.858776540995345
16997,-8.232104131201263
16998,-13.481583478996402
16999,-7.2241678630929576
17000,-7.15250499270973
17001,-9.254667576361019
17002,-13.87402969175706
17003,-12.99303931236231
17004,-7.637788803920053
17005,-14.437536892439656
17006,-14.32920901633809
17007,-3.123602102069695
17008,-10.306329958767773
17009,-6.61302353336329
17010,-7.992625055557491
17011,-11.057864160672702
17012,-10.778197822326083
17013,-6.998600711489252
17014,-11.826070814671564
17015,-9.790745875406534
17016,-9.713258139055002
17017,-12.475679600986064
17018,-7.715403512524736
17019,-9.625965618586516
17022,-3.5978348248055565
17023,-4.309506104531336
17030,-7.993462357211829
17031,-8.061820646953603
17032,-7.766020847180961
17033,-8.028605272734254
17034,-8.172413524899401
17035,-8.136547445663604
17044,-4.151634077506158
17045,-4.654944752837579
17046,-4.510890873988741
17047,-5.057916802594539
17048,-4.767368946521691
17049,-3.1704509842991717
17050,-2.89453206984937
17051,-4.015214305850665
17052,-3.1704509842991717
17053,-3.1704509842991717
17054,-3.1704509842991717
17055,-3.1704509842991717
17056,-3.1704509842991717
17057,-2.89453206984937
17058,-2.89453206984937
17059,-2.89453206984937
17060,-2.89453206984937
17061,-2.89453206984937
17070,-10.35639925623626
17085,-7.867650873599562
17091,-5.944384653816469
17092,-4.782568029607952
17093,-5.944384653816469
17096,-8.379941121609509
17098,-8.368821962955542
17099,-7.927936264272242
17100,-8.379941121609509
17101,-6.419047206618748
17106,-9.820337949135249
17107,-9.820337949135249
17108,-9.820337949135249
17131,-8.092685764481566
17132,-7.80415740201566
17141,-5.7351138626906835
17142,-5.353032866857836
17143,-4.841479256531304
17144,-5.4704536627805185
17145,-4.147030851373582
17157,-5.386923380438476
17158,-15.177164425085165
17159,-4.081024912268387
17160,-16.167979104372606
17161,-11.778053421090155
17162,-3.785387037893134
17163,-5.777386131348721
17164,-6.291188139070577
17165,-7.52860390718829
17166,-2.8596406712500912
17167,-3.3373322967348495
17168,-9.580933974681223
17169,-9.580933974681223
17170,-9.580933974681223
17171,-9.580933974681223
17172,-9.580933974681223
17173,-9.580933974681223
17174,-9.580933974681223
17175,-9.580933974681223
17176,-9.580933974681223
17177,-9.580933974681223
17178,-9.580933974681223
17179,-9.580933974681223
17180,-10.618128439698147
17181,-10.618128439698147
17182,-10.618128439698147
17183,-10.618128439698147
17184,-10.618128439698147
17185,-10.618128439698147
17186,-10.618128439698147
17187,-10.618128439698147
17188,-10.618128439698147
17189,-10.618128439698147
17190,-10.618128439698147
17191,-10.618128439698147
17192,-14.12397623346242
17193,-14.12397623346242
17194,-14.12397623346242
17195,-14.12397623346242
17196,-14.12397623346242
17197,-14.12397623346242
17198,-14.12397623346242
17199,-14.12397623346242
17200,-14.12397623346242
17201,-14.12397623346242
17202,-14.12397623346242
17203,-14.12397623346242
17204,-15.330891425643273
17205,-15.330891425643273
17206,-15.330891425643273
17207,-15.330891425643273
17208,-15.330891425643273
17209,-15.330891425643273
17210,-15.330891425643273
17211,-15.330891425643273
17212,-15.330891425643273
17213,-15.330891425643273
17214,-15.330891425643273
17215,-15.330891425643273
17216,-8.738152118434847
17217,-8.738152118434847
17218,-8.738152118434847
17219,-8.738152118434847
17220,-8.738152118434847
17221,-8.738152118434847
17222,-8.738152118434847
17223,-8.738152118434847
17224,-8.738152118434847
17225,-8.738152118434847
17226,-8.738152118434847
17227,-8.738152118434847
17228,-8.88667326511962
17229,-8.88667326511962
17230,-8.88667326511962
17231,-8.88667326511962
17232,-8.88667326511962
17233,-8.88667326511962
17234,-8.88667326511962
17235,-8.88667326511962
17236,-8.88667326511962
17237,-8.88667326511962
17238,-8.88667326511962
17239,-8.88667326511962
17240,-6.712561920835891
17241,-6.712561920835891
17242,-6.712561920835891
17243,-6.712561920835891
17244,-6.712561920835891
17245,-6.712561920835891
17246,-6.712561920835891
17247,-6.712561920835891
17248,-6.712561920835891
17249,-6.712561920835891
17250,-6.712561920835891
17251,-6.712561920835891
17259,-7.277661374604814
17274,-7.115515676856397
17275,-10.018561849774363
17276,-13.782013761283386
17277,-5.146655530975422
17278,-12.120000078273778
17279,-10.71603748455566
17280,-12.307385951198668
17288,-6.077577332053771
17289,-6.722026982417369
17290,-7.13275982793373
17291,-6.077577332053771
17292,-6.722026982417369
17293,-7.13275982793373
17294,-6.077577332053771
17295,-6.722026982417369
17296,-7.13275982793373
17297,-2.556354860625031
17298,-3.5735233012801197
17299,-2.3219757109851638
17300,-1.6926659133732294
17301,-2.556354860625031
17302,-3.5735233012801197
17303,-2.3219757109851638
17304,-1.6926659133732294
17305,-3.5272734258695815
17306,-3.0707601030574105
17307,-3.0707601030574105
17318,-3.6164766564120385
17319,-2.699802061979702
17320,-3.167494029659401
17331,-2.222298761082701
17332,-1.7938634034142393
17333,-2.6083901563439964
17334,-3.289862085594008
17335,-2.661204130604225
17336,-2.9141475329910698
17365,-3.3052351481074362
17366,-3.5405418948143375
17367,-3.450127410596524
17368,-4.145064513680129
17369,-3.9019757901428775
17370,-3.5456697897828633
17371,-2.891424030565597
17372,-3.174192692968969
17373,-3.9322662116082614
17374,-3.48212272767337
17375,-3.32593843207848
17376,-3.213755923527737
17377,-2.939354766602033
17378,-3.2823214440710657
17379,-3.055145731967553
17380,-2.881295266052263
17381,-2.2822559590915286
17382,-4.0096579207413665
17383,-4.353766282803532
17384,-3.5131218263283777
17385,-3.823008979806051
17406,-2.0812473108260083
17407,-2.5311035892050415
17411,-1.0114691264280162
17412,-1.0114691264280162
17413,-2.2985701360149693
17414,-2.201581673125993
17415,-1.8042526311320457
17416,-2.1218322956446345
17417,-1.871465506522478
17418,-1.6437406850572054
17419,-2.8140450580040675
17424,-2.561299845395872
17425,-3.1732769571316046
17426,-3.1732769571316046
17427,-2.2429575124333754
17464,-3.0943483764317925
17465,-3.0943483764317925
17466,-2.7218326585958144
17467,-2.7218326585958144
17474,-4.201588255198285
17544,-3.470705417470983
17545,-3.470705417470983
17546,-3.470705417470983
17605,-1.8989919801383826
17606,-1.1974118765171413
17607,-3.442364604973168
17608,-1.2053784581754694
17609,-1.2441848193382323
17644,-13.002461821782978
17645,-13.002461821782978
17646,-13.002461821782978
17647,-13.002461821782978
17648,-13.002461821782978
17674,-1.1491093877293868
17675,-1.1768086849271064
17695,-1.905513358896747
17696,-1.905513358896747
17698,-3.424765759901632
17699,-3.424765759901632
17700,-3.424765759901632
17702,-3.875236005947932
17703,-3.875236005947932
17704,-3.875236005947932
17706,-5.89235332783215
17707,-5.89235332783215
17709,-4.720412872687874
17710,-4.720412872687874
17711,-4.720412872687874
17870,-1.2635367151129901
17871,-1.310667232425803
17898,-1.8901935376732264
17899,-1.3620281937636038
17900,-1.377227884697921
17901,-1.1522486757328405
17902,-1.8901935376732264
17903,-1.3620281937636038
17904,-1.377227884697921
17905,-1.1522486757328405
17906,-1.8901935376732264
17907,-1.3620281937636038
17908,-1.377227884697921
17909,-1.1522486757328405
17910,-1.8901935376732264
17911,-1.3620281937636038
17912,-1.377227884697921
17913,-1.1522486757328405
17914,-1.8901935376732264
17915,-1.3620281937636038
17916,-1.377227884697921
17917,-1.1522486757328405
17918,-6.3203324113259045
17919,-6.425143708102295
17920,-4.539399395771028
17921,-4.851863594806822
17922,-4.174647675794275
17923,-4.076206194518059
17998,-5.928973163050011
17999,-6.954054228623671
18000,-4.616801663996592
18001,-5.654465633864401
18002,-5.716335069434779
18003,-8.909026408692121
18004,-8.072106219977663
18005,-6.561328084437357
18006,-4.825140339331849
18007,-7.934667141704552
18008,-5.928973163050011
18009,-6.954054228623671
18010,-4.616801663996592
18011,-5.654465633864401
18012,-5.716335069434779
18013,-8.909026408692121
18014,-8.072106219977663
18015,-6.561328084437357
18016,-4.825140339331849
18017,-7.934667141704552
18018,-5.928973163050011
18019,-6.954054228623671
18020,-4.616801663996592
18021,-5.654465633864401
18022,-5.716335069434779
18023,-8.909026408692121
18024,-8.072106219977663
18025,-6.561328084437357
18026,-4.825140339331849
18027,-7.934667141704552
18028,-5.928973163050011
18029,-6.954054228623671
18030,-4.616801663996592
18031,-5.654465633864401
18032,-5.716335069434779
18033,-8.909026408692121
18034,-8.072106219977663
18035,-6.561328084437357
18036,-4.825140339331849
18037,-7.934667141704552
18050,-15.63859814228887
18051,-15.63859814228887
18052,-13.773010383598901
18083,-10.452268479841415
18084,-10.452268479841415
18086,-10.452268479841415
18087,-10.452268479841415
18088,-10.452268479841415
18094,-15.63859814228887
18095,-15.63859814228887
18097,-15.63859814228887
18193,-9.595681003597697
18194,-9.595681003597697
18195,-9.595681003597697
18196,-9.595681003597697
18197,-9.595681003597697
18198,-9.595681003597697
18199,-9.360810973770848
18200,-9.360810973770848
18202,-9.360810973770848
18203,-9.360810973770848
18204,-9.360810973770848
18205,-5.763144107063049
18206,-5.763144107063049
18208,-5.763144107063049
18209,-5.763144107063049
18210,-5.763144107063049
18211,-5.0376938798311794
18212,-5.0376938798311794
18214,-5.0376938798311794
18215,-5.0376938798311794
18216,-5.0376938798311794
18217,-4.109598808415142
18218,-4.109598808415142
18220,-4.109598808415142
18221,-4.109598808415142
18222,-4.109598808415142
18223,-4.2693074492426915
18224,-4.2693074492426915
18226,-4.2693074492426915
18227,-4.2693074492426915
18228,-4.2693074492426915
18229,-10.473961289095794
18230,-10.473961289095794
18232,-10.473961289095794
18233,-10.473961289095794
18234,-10.473961289095794
18235,-8.481573800368448
18236,-8.481573800368448
18238,-8.481573800368448
18239,-8.481573800368448
18240,-8.481573800368448
18241,-4.819177900306476
18242,-4.819177900306476
18244,-4.819177900306476
18245,-4.819177900306476
18246,-4.819177900306476
18247,-3.561144252568237
18248,-3.561144252568237
18250,-3.561144252568237
18251,-3.561144252568237
18252,-3.561144252568237
18253,-3.511588490586874
18254,-3.511588490586874
18256,-3.511588490586874
18257,-3.511588490586874
18258,-3.511588490586874
18259,-3.2207521206069534
18260,-3.2207521206069534
18262,-3.2207521206069534
18263,-3.2207521206069534
18264,-3.2207521206069534
18265,-9.595681003597697
18266,-9.360810973770848
18267,-5.763144107063049
18268,-5.0376938798311794
18269,-4.109598808415142
18270,-4.2693074492426915
18271,-10.473961289095794
18272,-8.481573800368448
18273,-4.819177900306476
18274,-3.561144252568237
18275,-3.511588490586874
18276,-3.2207521206069534
18300,-8.742696122424308
18301,-6.822816634858936
18302,-6.195564966627293
18303,-9.616107882774735
18304,-7.6005513647726675
18305,-6.459277185566208
18306,-7.18942770115736
18307,-6.143204119732863
18308,-6.495461683824188
18309,-5.617193158452213
18310,-5.947630961984144
18311,-5.219059427037507
18312,-5.508662573713923
18313,-4.854083527860664
18314,-3.015041195422958
18315,-2.8087205596348275
18316,-4.377595377722052
18317,-7.6005513647726675
18318,-6.459277185566208
18319,-7.18942770115736
18320,-6.143204119732863
18321,-6.495461683824188
18322,-5.617193158452213
18323,-5.947630961984144
18324,-5.219059427037507
18325,-5.508662573713923
18326,-4.854083527860664
18327,-3.015041195422958
18328,-2.8087205596348275
18329,-4.377595377722052
18363,-5.404046101031849
18364,-5.404046101031849
18365,-5.404046101031849
18366,-3.83835439886591
18367,-3.83835439886591
18368,-3.83835439886591
18369,-5.404046101031849
18370,-3.83835439886591
18372,-6.781896070684125
18382,-6.781896070684125
18392,-6.781896070684125
18402,-6.781896070684125
18411,-6.781896070684125
18414,-7.7392963489460325
18415,-11.50842444521005
18416,-5.735167700631187
18417,-14.715728906977127
18418,-16.135379844222395
18419,-14.471639699794947
18420,-7.3641520551641575
18421,-6.21833104187759
18422,-19.3661365550723
18425,-4.682705973380003
18432,-5.008529378853785
18433,-7.321227639847512
18434,-8.767871476562787
18435,-8.267137630925161
18436,-6.564098233349462
18437,-5.62875208299455
18438,-4.505299440402054
18439,-3.7207297433031505
18440,-5.008529378853785
18441,-7.321227639847512
18442,-4.682705973380003
18443,-8.767871476562787
18444,-8.267137630925161
18445,-6.564098233349462
18446,-3.7207297433031505
18447,-5.008529378853785
18448,-7.321227639847512
18449,-4.682705973380003
18450,-5.62875208299455
18451,-4.505299440402054
18452,-5.008529378853785
18453,-7.321227639847512
18454,-4.682705973380003
18455,-8.767871476562787
18456,-8.267137630925161
18457,-6.564098233349462
18458,-5.62875208299455
18459,-4.505299440402054
18460,-3.7207297433031505
18461,-5.008529378853785
18462,-7.321227639847512
18463,-4.682705973380003
18464,-8.767871476562787
18465,-8.267137630925161
18466,-6.564098233349462
18467,-5.62875208299455
18468,-4.505299440402054
18469,-3.7207297433031505
18470,-5.008529378853785
18471,-7.321227639847512
18472,-5.008529378853785
18473,-7.321227639847512
18474,-4.682705973380003
18490,-2.385464751172374
18491,-3.715857928103091
18492,-3.1226549824958325
18493,-2.6823866323355823
18518,-6.74083047075049
18528,-4.783720621387341
18548,-5.745230583076718
18549,-3.6160055029577327
18550,-7.484776331674321
18551,-3.909250717064376
18552,-5.880538056973982
18553,-3.6977652407317168
18554,-4.8284026474422195
18555,-4.8579207057511375
18564,-5.745230583076718
18565,-3.6160055029577327
18566,-7.484776331674321
18567,-3.909250717064376
18568,-5.880538056973982
18569,-3.6977652407317168
18570,-4.8284026474422195
18571,-4.8579207057511375
18611,-6.10301179490925
18612,-4.175464296561123
18614,-4.05156046404351
18615,-3.3676538102362596
18616,-6.484740721560817
18619,-4.430438182928858
18621,-5.588833589361585
18622,-4.1732092098317395
18624,-6.161622337469318
18628,-5.107402138128718
18630,-6.649946515025629
18649,-14.140541957939766
18650,-13.598407581961874
18651,-9.185084043119454
18652,-9.185084043119454
18654,-9.185084043119454
18655,-9.185084043119454
18660,-6.313634818185935
18661,-6.313634818185935
18668,-6.093405013248077
18697,-1.8816968404932806
18699,-1.8474848388665035
18700,-1.8474848388665035
18701,-1.8474848388665035
18702,-1.9525458357090355
18703,-1.9525458357090355
18704,-1.9525458357090355
18705,-1.7875799730638495
18706,-1.7875799730638495
18707,-1.7875799730638495
18708,-1.8816968404932806
18709,-1.8816968404932806
18710,-1.8816968404932806
18711,-2.0939394090046584
18712,-1.8434459359717867
18713,-2.14106129167748
18714,-1.9971181189604787
18715,-1.9461256625239665
18716,-2.14106129167748
18717,-2.14106129167748
18718,-2.14106129167748
18719,-2.14106129167748
18721,-2.14106129167748
18723,-2.0939394090046584
18724,-2.0939394090046584
18725,-1.9971181189604787
18726,-1.9971181189604787
18727,-1.9461256625239665
18728,-1.9461256625239665
18747,-6.480204531559252
18748,-6.480204531559252
18749,-6.480204531559252
18750,-6.480204531559252
18751,-6.480204531559252
18752,-6.480204531559252
18777,-4.154024166902191
18778,-4.154024166902191
18779,-4.154024166902191
18780,-4.154024166902191
18782,-4.154024166902191
18783,-3.6611070687855145
18784,-3.6611070687855145
18785,-3.6611070687855145
18786,-3.6611070687855145
18788,-3.6611070687855145
18789,-3.461827863944903
18790,-3.461827863944903
18791,-3.461827863944903
18792,-3.461827863944903
18794,-3.461827863944903
18795,-5.263931541874132
18796,-5.263931541874132
18797,-5.263931541874132
18798,-5.263931541874132
18800,-5.263931541874132
18801,-3.0556918499251484
18802,-3.0556918499251484
18803,-3.0556918499251484
18804,-3.0556918499251484
18806,-3.0556918499251484
18807,-4.154024166902191
18808,-3.6611070687855145
18809,-3.461827863944903
18810,-5.263931541874132
18811,-3.0556918499251484
18986,-5.363533320967431
18987,-4.002221128963728
18988,-3.693981683181927
18989,-4.952336627327573
19053,-10.239142200239666
19055,-4.414153442090102
19057,-5.766160505570086
19059,-6.177782074634257
19069,-5.85818748645389
19072,-5.691558658852715
19073,-5.691558658852715
19079,-2.2844797872337317
19084,-4.070745621761907
19085,-4.261763879921383
19086,-3.737583083034627
19087,-4.268454320339504
19088,-4.165097559467865
19108,-5.325234365044517
19109,-4.4940052546470195
19110,-5.136812536243578
19112,-8.0884334286882
19114,-4.243570551188145
19116,-3.1201814611438716
19120,-4.243570551188145
19122,-3.1201814611438716
19125,-4.421179821804223
19126,-4.798065845749804
19129,-3.9687255429700925
19130,-4.768201221430174
19132,-2.9237275889477163
19138,-4.421179821804223
19144,-2.4410228123854667
19145,-2.9237275889477163
19146,-2.476171163893561
19147,-2.3966357921399624
19148,-2.5899102035595734
19149,-2.4655900534694464
19158,-4.767340971924101
19159,-6.075539402524249
19160,-3.813284247955446
19161,-4.209186194096043
19162,-3.5686629649035626
19163,-3.6165993008015445
19164,-4.694641589066188
19165,-4.3900120315561075
19166,-4.564425661707185
19167,-2.6197734162348807
19168,-3.634066620425714
19169,-3.1552045206658472
19172,-3.721805288195382
19173,-4.186863898171316
19174,-4.838045048687433
19177,-2.5752101463660217
19179,-3.2593930736677983
19181,-4.253869532815435
19183,-4.178361817299018
19184,-2.8230294466556245
19185,-3.0327686995699086
19186,-7.1299707218614605
19187,-6.718121026538246
19188,-6.763727079338452
19189,-5.437232619527663
19190,-4.957699090852634
19191,-5.165073972849015
19192,-7.161722983691355
19193,-4.847182922611829
19194,-3.9903714165152353
19195,-4.698274370162491
19196,-5.777120926715027
19197,-5.6441712435331155
19198,-2.6810238318918973
19199,-3.5455879754657973
19219,-13.38870753700625
19220,-16.724142606520758
19221,-12.802054279807694
19222,-19.900410045106675
19223,-18.786968405026506
19224,-19.642196605140267
19225,-12.320196065212858
19226,-12.843913282090924
19243,-2.0827338872693417
19287,-3.8700218567290685
19288,-3.870427293968156
19289,-3.8394036056828265
19296,-3.1060105023147564
19297,-3.1049911854208
19298,-3.1050742305107075
19299,-3.1035431779343936
19300,-3.6742725455825944
19301,-3.6469290983228486
19302,-2.3764111589467465
19303,-2.407079841107396
19304,-2.4183152850835414
19305,-2.8303613833584698
19306,-2.7266271468512273
19307,-2.636792062630646
19308,-3.097941554759946
19309,-3.3774216078069452
19310,-3.36181630866885
19311,-2.5220417642730677
19312,-2.5429702371044325
19313,-2.5216840681663166
19314,-3.1060105023147564
19315,-3.1049911854208
19316,-3.1050742305107075
19317,-3.1035431779343936
19318,-3.6742725455825944
19319,-3.6469290983228486
19320,-2.3764111589467465
19321,-2.407079841107396
19322,-2.4183152850835414
19325,-1.0226309471218644
19328,-2.5919116188467792
19388,-3.7477297181009317
19389,-4.008288667773976
19390,-4.2460843070715715
19391,-4.173412495817262
19392,-3.9889083233319855
19393,-4.361138863670121
19394,-2.1421355792711694
19395,-1.9551652019512455
19396,-4.310730917840079
19397,-2.350721810442791
19412,-9.363683064688702
19413,-6.114987036491419
19414,-10.188514902007793
19415,-5.098907920445537
19416,-6.707359400029403
19417,-6.239594792515846
19418,-5.352380226269328
19419,-4.723326932979914
19420,-7.28532279901248
19421,-2.1904938389722606
19422,-2.162221493783857
19423,-2.8366520112450555
19424,-2.7800774528299677
19425,-3.178465582018579
19426,-4.3765050287441705
19427,-3.949852360053994
19428,-2.7061910334920327
19438,-10.783669682524273
19444,-2.420495078186809
19466,-3.7903502843386923
19467,-4.016039185657135
19468,-3.50354581650845
19469,-3.113032922927058
19470,-2.523130369571007
19471,-4.340387182653073
19472,-7.0576368313255
19473,-2.7421704834089744
19474,-3.9249972837602307
19475,-3.240917195905152
19476,-3.709185807365154
19477,-4.260611829774969
19478,-4.120304532517353
19479,-4.353046500660282
19480,-4.403320833765505
19481,-4.3270887462132475
19482,-3.9907586017075216
19483,-2.9334739575024966
19484,-3.3718238040905053
19485,-3.8045152265647593
19486,-3.904178529432386
19487,-3.97393481794624
19492,-3.631172639902722
19494,-2.9334739575024966
19510,-2.9339603137401373
19517,-3.5544882916158596
19518,-2.6257536146476523
19519,-2.8244041486036853
19520,-3.97161496832895
19521,-2.5155477011070513
19522,-3.167062028827532
19523,-3.5544882916158596
19524,-2.6257536146476523
19525,-2.8244041486036853
19526,-3.97161496832895
19527,-2.5155477011070513
19528,-3.167062028827532
19529,-3.5544882916158596
19530,-2.6257536146476523
19531,-2.8244041486036853
19532,-3.97161496832895
19533,-2.5155477011070513
19534,-3.167062028827532
19535,-3.870947492016382
19536,-3.052006895957133
19537,-4.982019002276592
19538,-4.745609893219992
19539,-4.541722714218601
19540,-4.622168924562722
19541,-3.7759802949113705
19542,-3.6728998796412524
19543,-5.204748138113677
19544,-4.249186300715809
19545,-9.724522864420532
19546,-5.653255184644401
19547,-6.722793011619831
19549,-3.0056583709451146
19550,-3.0056583709451146
19551,-3.0056583709451146
19552,-3.0056583709451146
19553,-3.0056583709451146
19555,-3.0071458009984093
19556,-3.0071458009984093
19557,-3.0071458009984093
19558,-3.0071458009984093
19559,-3.0071458009984093
19560,-2.0657589632982005
19561,-2.0696713040517043
19562,-3.0801309320409547
19563,-3.0809060956451106
19570,-1.9505921622667217
19577,-1.9505921622667217
19596,-11.0377037817077
19603,-2.650189800581883
19604,-2.650189800581883
19606,-2.650189800581883
19607,-2.650189800581883
19608,-3.091958449334242
19609,-3.091958449334242
19611,-3.091958449334242
19612,-3.091958449334242
19613,-5.722009275291244
19614,-5.722009275291244
19616,-5.722009275291244
19617,-5.722009275291244
19618,-3.6269238038637717
19619,-3.6269238038637717
19621,-3.6269238038637717
19622,-3.6269238038637717
19623,-2.060296454891098
19624,-2.060296454891098
19626,-2.060296454891098
19627,-2.060296454891098
19633,-4.04408675214353
19634,-2.7863619706634974
19638,-4.187048027064364
19639,-4.793680594943902
19640,-2.6892505999919614
19641,-3.237289275694667
19656,-4.243570551188145
19657,-3.1201814611438716
19676,-13.467165581011395
19680,-17.277483783069
19684,-9.219112793835926
19696,-1.6438784905341721
19697,-1.7631290756927172
19698,-1.7063809339069682
19699,-3.197137285451606
19700,-1.6426521603736943
19701,-2.524982331172434
19702,-1.7063809339069682
19703,-1.7063809339069682
19704,-1.7063809339069682
19710,-6.047711349797435
19721,-10.518971425556057
19729,-21.28295112842934
19730,-23.00864674638386
19738,-21.28295112842934
19739,-23.00864674638386
19801,-9.31500118080506
19802,-8.169959852381577
19803,-10.542848231696325
19804,-6.8414015157861385
19805,-8.478600173077444
19806,-6.336991894280269
19807,-6.528399707656467
19808,-8.928147954980288
19809,-5.510363971868375
19810,-6.929505734886789
19811,-6.473769752164689
19812,-6.8069050091328025
19813,-7.776603710930539
19814,-6.217023775003223
19815,-7.714926161938104
19816,-14.648409918899022
19905,-3.8589633932682066
19909,-4.348834694190677
19912,-4.958870278990712
19920,-5.485064538643754
19921,-5.485064538643754
19922,-5.485064538643754
19923,-5.485064538643754
19924,-5.485064538643754
19925,-5.485064538643754
19979,-6.530754693794485
19980,-4.209202205859813
19981,-4.209202205859813
19982,-4.209202205859813
19983,-4.209202205859813
19984,-4.209202205859813
19985,-4.209202205859813
19986,-4.209202205859813
19987,-4.209202205859813
19988,-4.209202205859813
19989,-4.209202205859813
19990,-4.209202205859813
19991,-4.209202205859813
19992,-5.058708280168707
19993,-5.058708280168707
19994,-5.058708280168707
19995,-5.058708280168707
19996,-5.058708280168707
19997,-5.058708280168707
19998,-5.058708280168707
19999,-5.058708280168707
20000,-5.058708280168707
20001,-5.058708280168707
20002,-5.058708280168707
20003,-5.058708280168707
20004,-5.682428799974575
20005,-5.682428799974575
20006,-5.682428799974575
20007,-5.682428799974575
20008,-5.682428799974575
20009,-5.682428799974575
20010,-5.682428799974575
20011,-5.682428799974575
20012,-5.682428799974575
20013,-5.682428799974575
20014,-5.682428799974575
20015,-5.682428799974575
20020,-4.168036251352241
20028,-3.702860769167274
20034,-2.0547708758367382
20035,-2.0656161202450503
20040,-1.641378349215438
20041,-1.68294787404591
20043,-2.064692736439423
20044,-4.347696935245305
20045,-9.086092340940734
20046,-3.66887358227588
20047,-3.244838684372621
20048,-2.0656161202450503
20049,-7.804442879191366
20050,-3.7347329793983106
20051,-3.4809336546401406
20052,-2.518083490596604
20053,-3.373835500627541
20054,-2.445452829407003
20064,-4.985591571280062
20071,-4.103875011279198
20072,-2.862214389645233
20073,-2.2067235447952074
20074,-2.7898018582534316
20097,-4.14801270143106
20122,-6.889996614543422
20123,-2.596297093744818
20124,-6.889996614543422
20125,-2.596297093744818
20148,-9.67214239896949
20149,-8.460220769686295
20164,-5.67097374480725
20169,-5.532932184188352
20184,-1.6790573579850523
20185,-1.6790573579850523
20186,-1.6790573579850523
20187,-1.4984417016783282
20188,-1.4984417016783282
20189,-1.4984417016783282
20194,-3.157998112087941
20195,-2.2479313845627447
20196,-1.9756692672380454
20197,-6.1696652872083995
20198,-5.577262801505822
20199,-4.777769434271643
20200,-4.492832228059539
20201,-5.254777626760162
20202,-2.767531843274128
20203,-3.164802144712643
20204,-3.4543782876573355
20205,-5.017685238351244
20206,-5.017685238351244
20207,-5.017685238351244
20208,-5.017685238351244
20217,-5.554251140001843
20218,-4.37363204177827
20219,-3.7514722219936036
20220,-3.7659370900736393
20221,-2.9909207744365847
20222,-3.0124200621092365
20223,-2.4445143469603288
20224,-2.172384881267669
20225,-2.1861773568021965
20226,-1.8364978845333115
20227,-5.577731104818113
20228,-4.396391325303705
20229,-3.7718484330298585
20230,-3.7859497709087915
20231,-3.010591769163847
20232,-3.114310068041299
20233,-2.512034320576733
20234,-2.2280559601860643
20235,-2.2307718024130727
20236,-1.8665356828458024
